Pollutant,SBET,VTotal,Dp,C,O,H,N,Dosage,Initial concentration,Temperature,Initial pH,Adsorption amount,Adsorption capacity,MW,E,S,A,B,V,pKa1,pKa2,pKa3,Kow,Reference
Sulfadiazine,1267.3,0.7095,2.239406612,62.67,19.98,1.1,0,0.05,10,298,5,128.01179,294.12,250.28,2.08,2.55,0.65,1.37,1.7225,6.36,,,-0.34,"Sun, Y., Zheng, L., Zheng, X., Xiao, D., Yang, Y., Zhang, Z., Ai, B., Sheng, Z. 2022. Adsorption of Sulfonamides in Aqueous Solution on Reusable Coconut-Shell Biochar Modified by Alkaline Activation and Magnetization. FRONTIERS IN CHEMISTRY, 9."
Sulfadiazine,1267.3,0.7095,2.239406612,62.67,19.98,1.1,0,0.05,20,298,5,205.32683,294.12,250.28,2.08,2.55,0.65,1.37,1.7225,6.36,,,-0.34,"Sun, Y., Zheng, L., Zheng, X., Xiao, D., Yang, Y., Zhang, Z., Ai, B., Sheng, Z. 2022. Adsorption of Sulfonamides in Aqueous Solution on Reusable Coconut-Shell Biochar Modified by Alkaline Activation and Magnetization. FRONTIERS IN CHEMISTRY, 9."
Sulfadiazine,1267.3,0.7095,2.239406612,62.67,19.98,1.1,0,0.05,30,298,5,238.91977,294.12,250.28,2.08,2.55,0.65,1.37,1.7225,6.36,,,-0.34,"Sun, Y., Zheng, L., Zheng, X., Xiao, D., Yang, Y., Zhang, Z., Ai, B., Sheng, Z. 2022. Adsorption of Sulfonamides in Aqueous Solution on Reusable Coconut-Shell Biochar Modified by Alkaline Activation and Magnetization. FRONTIERS IN CHEMISTRY, 9."
Sulfadiazine,1267.3,0.7095,2.239406612,62.67,19.98,1.1,0,0.05,40,298,5,259.56276,294.12,250.28,2.08,2.55,0.65,1.37,1.7225,6.36,,,-0.34,"Sun, Y., Zheng, L., Zheng, X., Xiao, D., Yang, Y., Zhang, Z., Ai, B., Sheng, Z. 2022. Adsorption of Sulfonamides in Aqueous Solution on Reusable Coconut-Shell Biochar Modified by Alkaline Activation and Magnetization. FRONTIERS IN CHEMISTRY, 9."
Sulfadiazine,1267.3,0.7095,2.239406612,62.67,19.98,1.1,0,0.05,50,298,5,269.17906,294.12,250.28,2.08,2.55,0.65,1.37,1.7225,6.36,,,-0.34,"Sun, Y., Zheng, L., Zheng, X., Xiao, D., Yang, Y., Zhang, Z., Ai, B., Sheng, Z. 2022. Adsorption of Sulfonamides in Aqueous Solution on Reusable Coconut-Shell Biochar Modified by Alkaline Activation and Magnetization. FRONTIERS IN CHEMISTRY, 9."
Sulfadiazine,1267.3,0.7095,2.239406612,62.67,19.98,1.1,0,0.05,60,298,5,270.2048,294.12,250.28,2.08,2.55,0.65,1.37,1.7225,6.36,,,-0.34,"Sun, Y., Zheng, L., Zheng, X., Xiao, D., Yang, Y., Zhang, Z., Ai, B., Sheng, Z. 2022. Adsorption of Sulfonamides in Aqueous Solution on Reusable Coconut-Shell Biochar Modified by Alkaline Activation and Magnetization. FRONTIERS IN CHEMISTRY, 9."
Sulfadiazine,1267.3,0.7095,2.239406612,62.67,19.98,1.1,0,0.05,70,298,5,280.71862,294.12,250.28,2.08,2.55,0.65,1.37,1.7225,6.36,,,-0.34,"Sun, Y., Zheng, L., Zheng, X., Xiao, D., Yang, Y., Zhang, Z., Ai, B., Sheng, Z. 2022. Adsorption of Sulfonamides in Aqueous Solution on Reusable Coconut-Shell Biochar Modified by Alkaline Activation and Magnetization. FRONTIERS IN CHEMISTRY, 9."
Sulfadiazine,1267.3,0.7095,2.239406612,62.67,19.98,1.1,0,0.05,80,298,5,287.51413,294.12,250.28,2.08,2.55,0.65,1.37,1.7225,6.36,,,-0.34,"Sun, Y., Zheng, L., Zheng, X., Xiao, D., Yang, Y., Zhang, Z., Ai, B., Sheng, Z. 2022. Adsorption of Sulfonamides in Aqueous Solution on Reusable Coconut-Shell Biochar Modified by Alkaline Activation and Magnetization. FRONTIERS IN CHEMISTRY, 9."
Sulfadiazine,1267.3,0.7095,2.239406612,62.67,19.98,1.1,0,0.05,90,298,5,285.078,294.12,250.28,2.08,2.55,0.65,1.37,1.7225,6.36,,,-0.34,"Sun, Y., Zheng, L., Zheng, X., Xiao, D., Yang, Y., Zhang, Z., Ai, B., Sheng, Z. 2022. Adsorption of Sulfonamides in Aqueous Solution on Reusable Coconut-Shell Biochar Modified by Alkaline Activation and Magnetization. FRONTIERS IN CHEMISTRY, 9."
Sulfadiazine,1267.3,0.7095,2.239406612,62.67,19.98,1.1,0,0.05,100,298,5,285.078,391.39,250.28,2.08,2.55,0.65,1.37,1.7225,6.36,,,-0.34,"Sun, Y., Zheng, L., Zheng, X., Xiao, D., Yang, Y., Zhang, Z., Ai, B., Sheng, Z. 2022. Adsorption of Sulfonamides in Aqueous Solution on Reusable Coconut-Shell Biochar Modified by Alkaline Activation and Magnetization. FRONTIERS IN CHEMISTRY, 9."
Sulfamethazine,1267.3,0.7095,2.239406612,62.67,19.98,1.1,0,0.05,10,298,5,164.93837,391.39,278.33,2.13,2.53,0.59,1.53,2.0043,2.65,7.49,,0.76,"Sun, Y., Zheng, L., Zheng, X., Xiao, D., Yang, Y., Zhang, Z., Ai, B., Sheng, Z. 2022. Adsorption of Sulfonamides in Aqueous Solution on Reusable Coconut-Shell Biochar Modified by Alkaline Activation and Magnetization. FRONTIERS IN CHEMISTRY, 9."
Sulfamethazine,1267.3,0.7095,2.239406612,62.67,19.98,1.1,0,0.05,20,298,5,249.56181,391.39,278.33,2.13,2.53,0.59,1.53,2.0043,2.65,7.49,,0.76,"Sun, Y., Zheng, L., Zheng, X., Xiao, D., Yang, Y., Zhang, Z., Ai, B., Sheng, Z. 2022. Adsorption of Sulfonamides in Aqueous Solution on Reusable Coconut-Shell Biochar Modified by Alkaline Activation and Magnetization. FRONTIERS IN CHEMISTRY, 9."
Sulfamethazine,1267.3,0.7095,2.239406612,62.67,19.98,1.1,0,0.05,30,298,5,305.20812,391.39,278.33,2.13,2.53,0.59,1.53,2.0043,2.65,7.49,,0.76,"Sun, Y., Zheng, L., Zheng, X., Xiao, D., Yang, Y., Zhang, Z., Ai, B., Sheng, Z. 2022. Adsorption of Sulfonamides in Aqueous Solution on Reusable Coconut-Shell Biochar Modified by Alkaline Activation and Magnetization. FRONTIERS IN CHEMISTRY, 9."
Sulfamethazine,1267.3,0.7095,2.239406612,62.67,19.98,1.1,0,0.05,40,298,5,318.28629,391.39,278.33,2.13,2.53,0.59,1.53,2.0043,2.65,7.49,,0.76,"Sun, Y., Zheng, L., Zheng, X., Xiao, D., Yang, Y., Zhang, Z., Ai, B., Sheng, Z. 2022. Adsorption of Sulfonamides in Aqueous Solution on Reusable Coconut-Shell Biochar Modified by Alkaline Activation and Magnetization. FRONTIERS IN CHEMISTRY, 9."
Sulfamethazine,1267.3,0.7095,2.239406612,62.67,19.98,1.1,0,0.05,50,298,5,359.0594,391.39,278.33,2.13,2.53,0.59,1.53,2.0043,2.65,7.49,,0.76,"Sun, Y., Zheng, L., Zheng, X., Xiao, D., Yang, Y., Zhang, Z., Ai, B., Sheng, Z. 2022. Adsorption of Sulfonamides in Aqueous Solution on Reusable Coconut-Shell Biochar Modified by Alkaline Activation and Magnetization. FRONTIERS IN CHEMISTRY, 9."
Sulfamethazine,1267.3,0.7095,2.239406612,62.67,19.98,1.1,0,0.05,60,298,5,372.52222,391.39,278.33,2.13,2.53,0.59,1.53,2.0043,2.65,7.49,,0.76,"Sun, Y., Zheng, L., Zheng, X., Xiao, D., Yang, Y., Zhang, Z., Ai, B., Sheng, Z. 2022. Adsorption of Sulfonamides in Aqueous Solution on Reusable Coconut-Shell Biochar Modified by Alkaline Activation and Magnetization. FRONTIERS IN CHEMISTRY, 9."
Sulfamethazine,1267.3,0.7095,2.239406612,62.67,19.98,1.1,0,0.05,70,298,5,385.47217,391.39,278.33,2.13,2.53,0.59,1.53,2.0043,2.65,7.49,,0.76,"Sun, Y., Zheng, L., Zheng, X., Xiao, D., Yang, Y., Zhang, Z., Ai, B., Sheng, Z. 2022. Adsorption of Sulfonamides in Aqueous Solution on Reusable Coconut-Shell Biochar Modified by Alkaline Activation and Magnetization. FRONTIERS IN CHEMISTRY, 9."
Sulfamethazine,1267.3,0.7095,2.239406612,62.67,19.98,1.1,0,0.05,80,298,5,374.95835,391.39,278.33,2.13,2.53,0.59,1.53,2.0043,2.65,7.49,,0.76,"Sun, Y., Zheng, L., Zheng, X., Xiao, D., Yang, Y., Zhang, Z., Ai, B., Sheng, Z. 2022. Adsorption of Sulfonamides in Aqueous Solution on Reusable Coconut-Shell Biochar Modified by Alkaline Activation and Magnetization. FRONTIERS IN CHEMISTRY, 9."
Sulfamethazine,1267.3,0.7095,2.239406612,62.67,19.98,1.1,0,0.05,90,298,5,377.77913,391.39,278.33,2.13,2.53,0.59,1.53,2.0043,2.65,7.49,,0.76,"Sun, Y., Zheng, L., Zheng, X., Xiao, D., Yang, Y., Zhang, Z., Ai, B., Sheng, Z. 2022. Adsorption of Sulfonamides in Aqueous Solution on Reusable Coconut-Shell Biochar Modified by Alkaline Activation and Magnetization. FRONTIERS IN CHEMISTRY, 9."
Sulfamethazine,1267.3,0.7095,2.239406612,62.67,19.98,1.1,0,0.05,100,298,5,390.34443,391.39,278.33,2.13,2.53,0.59,1.53,2.0043,2.65,7.49,,0.76,"Sun, Y., Zheng, L., Zheng, X., Xiao, D., Yang, Y., Zhang, Z., Ai, B., Sheng, Z. 2022. Adsorption of Sulfonamides in Aqueous Solution on Reusable Coconut-Shell Biochar Modified by Alkaline Activation and Magnetization. FRONTIERS IN CHEMISTRY, 9."
Sulfamethoxazole,1267.3,0.7095,2.239406612,62.67,19.98,1.1,0,0.05,10,298,5,187.11997,453.34,253.28,1.89,2.23,0.58,1.29,1.7244,1.6,5.7,,0.48,"Sun, Y., Zheng, L., Zheng, X., Xiao, D., Yang, Y., Zhang, Z., Ai, B., Sheng, Z. 2022. Adsorption of Sulfonamides in Aqueous Solution on Reusable Coconut-Shell Biochar Modified by Alkaline Activation and Magnetization. FRONTIERS IN CHEMISTRY, 9."
Sulfamethoxazole,1267.3,0.7095,2.239406612,62.67,19.98,1.1,0,0.05,20,298,5,344.69906,453.34,253.28,1.89,2.23,0.58,1.29,1.7244,1.6,5.7,,0.48,"Sun, Y., Zheng, L., Zheng, X., Xiao, D., Yang, Y., Zhang, Z., Ai, B., Sheng, Z. 2022. Adsorption of Sulfonamides in Aqueous Solution on Reusable Coconut-Shell Biochar Modified by Alkaline Activation and Magnetization. FRONTIERS IN CHEMISTRY, 9."
Sulfamethoxazole,1267.3,0.7095,2.239406612,62.67,19.98,1.1,0,0.05,30,298,5,365.34205,453.34,253.28,1.89,2.23,0.58,1.29,1.7244,1.6,5.7,,0.48,"Sun, Y., Zheng, L., Zheng, X., Xiao, D., Yang, Y., Zhang, Z., Ai, B., Sheng, Z. 2022. Adsorption of Sulfonamides in Aqueous Solution on Reusable Coconut-Shell Biochar Modified by Alkaline Activation and Magnetization. FRONTIERS IN CHEMISTRY, 9."
Sulfamethoxazole,1267.3,0.7095,2.239406612,62.67,19.98,1.1,0,0.05,40,298,5,399.44786,453.34,253.28,1.89,2.23,0.58,1.29,1.7244,1.6,5.7,,0.48,"Sun, Y., Zheng, L., Zheng, X., Xiao, D., Yang, Y., Zhang, Z., Ai, B., Sheng, Z. 2022. Adsorption of Sulfonamides in Aqueous Solution on Reusable Coconut-Shell Biochar Modified by Alkaline Activation and Magnetization. FRONTIERS IN CHEMISTRY, 9."
Sulfamethoxazole,1267.3,0.7095,2.239406612,62.67,19.98,1.1,0,0.05,50,298,5,426.37349,453.34,253.28,1.89,2.23,0.58,1.29,1.7244,1.6,5.7,,0.48,"Sun, Y., Zheng, L., Zheng, X., Xiao, D., Yang, Y., Zhang, Z., Ai, B., Sheng, Z. 2022. Adsorption of Sulfonamides in Aqueous Solution on Reusable Coconut-Shell Biochar Modified by Alkaline Activation and Magnetization. FRONTIERS IN CHEMISTRY, 9."
Sulfamethoxazole,1267.3,0.7095,2.239406612,62.67,19.98,1.1,0,0.05,60,298,5,426.75814,453.34,253.28,1.89,2.23,0.58,1.29,1.7244,1.6,5.7,,0.48,"Sun, Y., Zheng, L., Zheng, X., Xiao, D., Yang, Y., Zhang, Z., Ai, B., Sheng, Z. 2022. Adsorption of Sulfonamides in Aqueous Solution on Reusable Coconut-Shell Biochar Modified by Alkaline Activation and Magnetization. FRONTIERS IN CHEMISTRY, 9."
Sulfamethoxazole,1267.3,0.7095,2.239406612,62.67,19.98,1.1,0,0.05,70,298,5,442.14422,453.34,253.28,1.89,2.23,0.58,1.29,1.7244,1.6,5.7,,0.48,"Sun, Y., Zheng, L., Zheng, X., Xiao, D., Yang, Y., Zhang, Z., Ai, B., Sheng, Z. 2022. Adsorption of Sulfonamides in Aqueous Solution on Reusable Coconut-Shell Biochar Modified by Alkaline Activation and Magnetization. FRONTIERS IN CHEMISTRY, 9."
Sulfamethoxazole,1267.3,0.7095,2.239406612,62.67,19.98,1.1,0,0.05,80,298,5,452.27339,453.34,253.28,1.89,2.23,0.58,1.29,1.7244,1.6,5.7,,0.48,"Sun, Y., Zheng, L., Zheng, X., Xiao, D., Yang, Y., Zhang, Z., Ai, B., Sheng, Z. 2022. Adsorption of Sulfonamides in Aqueous Solution on Reusable Coconut-Shell Biochar Modified by Alkaline Activation and Magnetization. FRONTIERS IN CHEMISTRY, 9."
Sulfamethoxazole,1267.3,0.7095,2.239406612,62.67,19.98,1.1,0,0.05,90,298,5,441.63135,453.34,253.28,1.89,2.23,0.58,1.29,1.7244,1.6,5.7,,0.48,"Sun, Y., Zheng, L., Zheng, X., Xiao, D., Yang, Y., Zhang, Z., Ai, B., Sheng, Z. 2022. Adsorption of Sulfonamides in Aqueous Solution on Reusable Coconut-Shell Biochar Modified by Alkaline Activation and Magnetization. FRONTIERS IN CHEMISTRY, 9."
Sulfamethoxazole,1267.3,0.7095,2.239406612,62.67,19.98,1.1,0,0.05,100,298,5,441.2467,453.34,253.28,1.89,2.23,0.58,1.29,1.7244,1.6,5.7,,0.48,"Sun, Y., Zheng, L., Zheng, X., Xiao, D., Yang, Y., Zhang, Z., Ai, B., Sheng, Z. 2022. Adsorption of Sulfonamides in Aqueous Solution on Reusable Coconut-Shell Biochar Modified by Alkaline Activation and Magnetization. FRONTIERS IN CHEMISTRY, 9."
Sulfapyridine,16.9,0.056,13.2,65.22,12.4,1.77,1.72,1,9.07502,298,3.9,2.47258,9.25,249.29,2.04,2.23,0.59,1.48,1.7636,8.43,,,0.53,"Tang, W., Zanli, B.L.G.L., Chen, J. 2021. O/N/P-doped biochar induced to enhance adsorption of sulfonamide with coexisting Cu<SUP>2+</SUP>/Cr (VI) by air pre-oxidation. BIORESOURCE TECHNOLOGY, 341."
Sulfapyridine,16.9,0.056,13.2,65.22,12.4,1.77,1.72,1,17.94564,298,4,3.62091,9.25,249.29,2.04,2.23,0.59,1.48,1.7636,8.43,,,0.53,"Tang, W., Zanli, B.L.G.L., Chen, J. 2021. O/N/P-doped biochar induced to enhance adsorption of sulfonamide with coexisting Cu<SUP>2+</SUP>/Cr (VI) by air pre-oxidation. BIORESOURCE TECHNOLOGY, 341."
Sulfapyridine,16.9,0.056,13.2,65.22,12.4,1.77,1.72,1,36.67421,298,3.7,5.00076,9.25,249.29,2.04,2.23,0.59,1.48,1.7636,8.43,,,0.53,"Tang, W., Zanli, B.L.G.L., Chen, J. 2021. O/N/P-doped biochar induced to enhance adsorption of sulfonamide with coexisting Cu<SUP>2+</SUP>/Cr (VI) by air pre-oxidation. BIORESOURCE TECHNOLOGY, 341."
Sulfapyridine,16.9,0.056,13.2,65.22,12.4,1.77,1.72,1,71.91448,298,4.4,6.38987,9.25,249.29,2.04,2.23,0.59,1.48,1.7636,8.43,,,0.53,"Tang, W., Zanli, B.L.G.L., Chen, J. 2021. O/N/P-doped biochar induced to enhance adsorption of sulfonamide with coexisting Cu<SUP>2+</SUP>/Cr (VI) by air pre-oxidation. BIORESOURCE TECHNOLOGY, 341."
Sulfapyridine,16.9,0.056,13.2,65.22,12.4,1.77,1.72,1,91.11356,298,4.6,7.28816,9.25,249.29,2.04,2.23,0.59,1.48,1.7636,8.43,,,0.53,"Tang, W., Zanli, B.L.G.L., Chen, J. 2021. O/N/P-doped biochar induced to enhance adsorption of sulfonamide with coexisting Cu<SUP>2+</SUP>/Cr (VI) by air pre-oxidation. BIORESOURCE TECHNOLOGY, 341."
Sulfapyridine,16.9,0.056,13.2,65.22,12.4,1.77,1.72,1,146.87182,298,5.4,8.03828,9.25,249.29,2.04,2.23,0.59,1.48,1.7636,8.43,,,0.53,"Tang, W., Zanli, B.L.G.L., Chen, J. 2021. O/N/P-doped biochar induced to enhance adsorption of sulfonamide with coexisting Cu<SUP>2+</SUP>/Cr (VI) by air pre-oxidation. BIORESOURCE TECHNOLOGY, 341."
Sulfapyridine,15.1,0.024,6.3,60.22,17.96,4.53,2.29,1,9.18511,298,4.9,2.02516,11.6,249.29,2.04,2.23,0.59,1.48,1.7636,8.43,,,0.53,"Tang, W., Zanli, B.L.G.L., Chen, J. 2021. O/N/P-doped biochar induced to enhance adsorption of sulfonamide with coexisting Cu<SUP>2+</SUP>/Cr (VI) by air pre-oxidation. BIORESOURCE TECHNOLOGY, 341."
Sulfapyridine,15.1,0.024,6.3,60.22,17.96,4.53,2.29,1,18.11732,298,4,2.82934,11.6,249.29,2.04,2.23,0.59,1.48,1.7636,8.43,,,0.53,"Tang, W., Zanli, B.L.G.L., Chen, J. 2021. O/N/P-doped biochar induced to enhance adsorption of sulfonamide with coexisting Cu<SUP>2+</SUP>/Cr (VI) by air pre-oxidation. BIORESOURCE TECHNOLOGY, 341."
Sulfapyridine,15.1,0.024,6.3,60.22,17.96,4.53,2.29,1,36.66537,298,4.1,4.27686,11.6,249.29,2.04,2.23,0.59,1.48,1.7636,8.43,,,0.53,"Tang, W., Zanli, B.L.G.L., Chen, J. 2021. O/N/P-doped biochar induced to enhance adsorption of sulfonamide with coexisting Cu<SUP>2+</SUP>/Cr (VI) by air pre-oxidation. BIORESOURCE TECHNOLOGY, 341."
Sulfapyridine,15.1,0.024,6.3,60.22,17.96,4.53,2.29,1,72.892,298,5.6,5.98574,11.6,249.29,2.04,2.23,0.59,1.48,1.7636,8.43,,,0.53,"Tang, W., Zanli, B.L.G.L., Chen, J. 2021. O/N/P-doped biochar induced to enhance adsorption of sulfonamide with coexisting Cu<SUP>2+</SUP>/Cr (VI) by air pre-oxidation. BIORESOURCE TECHNOLOGY, 341."
Sulfapyridine,15.1,0.024,6.3,60.22,17.96,4.53,2.29,1,90.74642,298,5,6.95075,11.6,249.29,2.04,2.23,0.59,1.48,1.7636,8.43,,,0.53,"Tang, W., Zanli, B.L.G.L., Chen, J. 2021. O/N/P-doped biochar induced to enhance adsorption of sulfonamide with coexisting Cu<SUP>2+</SUP>/Cr (VI) by air pre-oxidation. BIORESOURCE TECHNOLOGY, 341."
Sulfapyridine,15.1,0.024,6.3,60.22,17.96,4.53,2.29,1,146.87844,298,5.4,8.50885,11.6,249.29,2.04,2.23,0.59,1.48,1.7636,8.43,,,0.53,"Tang, W., Zanli, B.L.G.L., Chen, J. 2021. O/N/P-doped biochar induced to enhance adsorption of sulfonamide with coexisting Cu<SUP>2+</SUP>/Cr (VI) by air pre-oxidation. BIORESOURCE TECHNOLOGY, 341."
Sulfapyridine,81.6,0.139,6.8,40.11,31.95,1.86,3.38,1,36.57795,298,4.8,35.08289,89.55,249.29,2.04,2.23,0.59,1.48,1.7636,8.43,,,0.53,"Tang, W., Zanli, B.L.G.L., Chen, J. 2021. O/N/P-doped biochar induced to enhance adsorption of sulfonamide with coexisting Cu<SUP>2+</SUP>/Cr (VI) by air pre-oxidation. BIORESOURCE TECHNOLOGY, 341."
Sulfapyridine,81.6,0.139,6.8,40.11,31.95,1.86,3.38,1,72.10164,298,5.4,64.17809,89.55,249.29,2.04,2.23,0.59,1.48,1.7636,8.43,,,0.53,"Tang, W., Zanli, B.L.G.L., Chen, J. 2021. O/N/P-doped biochar induced to enhance adsorption of sulfonamide with coexisting Cu<SUP>2+</SUP>/Cr (VI) by air pre-oxidation. BIORESOURCE TECHNOLOGY, 341."
Sulfapyridine,81.6,0.139,6.8,40.11,31.95,1.86,3.38,1,90.65413,298,6.4,73.29748,89.55,249.29,2.04,2.23,0.59,1.48,1.7636,8.43,,,0.53,"Tang, W., Zanli, B.L.G.L., Chen, J. 2021. O/N/P-doped biochar induced to enhance adsorption of sulfonamide with coexisting Cu<SUP>2+</SUP>/Cr (VI) by air pre-oxidation. BIORESOURCE TECHNOLOGY, 341."
Sulfapyridine,81.6,0.139,6.8,40.11,31.95,1.86,3.38,1,147.099,298,5.8,85.02242,89.55,249.29,2.04,2.23,0.59,1.48,1.7636,8.43,,,0.53,"Tang, W., Zanli, B.L.G.L., Chen, J. 2021. O/N/P-doped biochar induced to enhance adsorption of sulfonamide with coexisting Cu<SUP>2+</SUP>/Cr (VI) by air pre-oxidation. BIORESOURCE TECHNOLOGY, 341."
Sulfapyridine,81.6,0.139,6.8,40.11,31.95,1.86,3.38,1,181.24024,298,6.2,89.88609,89.55,249.29,2.04,2.23,0.59,1.48,1.7636,8.43,,,0.53,"Tang, W., Zanli, B.L.G.L., Chen, J. 2021. O/N/P-doped biochar induced to enhance adsorption of sulfonamide with coexisting Cu<SUP>2+</SUP>/Cr (VI) by air pre-oxidation. BIORESOURCE TECHNOLOGY, 341."
Sulfapyridine,43.9,0.316,28.8,39.78,33.64,3.82,6.16,1,17.16553,298,3.9,11.43398,40.29,249.29,2.04,2.23,0.59,1.48,1.7636,8.43,,,0.53,"Tang, W., Zanli, B.L.G.L., Chen, J. 2021. O/N/P-doped biochar induced to enhance adsorption of sulfonamide with coexisting Cu<SUP>2+</SUP>/Cr (VI) by air pre-oxidation. BIORESOURCE TECHNOLOGY, 341."
Sulfapyridine,43.9,0.316,28.8,39.78,33.64,3.82,6.16,1,36.65799,298,4.1,19.38821,40.29,249.29,2.04,2.23,0.59,1.48,1.7636,8.43,,,0.53,"Tang, W., Zanli, B.L.G.L., Chen, J. 2021. O/N/P-doped biochar induced to enhance adsorption of sulfonamide with coexisting Cu<SUP>2+</SUP>/Cr (VI) by air pre-oxidation. BIORESOURCE TECHNOLOGY, 341."
Sulfapyridine,43.9,0.316,28.8,39.78,33.64,3.82,6.16,1,72.09009,298,6.04,25.91873,40.29,249.29,2.04,2.23,0.59,1.48,1.7636,8.43,,,0.53,"Tang, W., Zanli, B.L.G.L., Chen, J. 2021. O/N/P-doped biochar induced to enhance adsorption of sulfonamide with coexisting Cu<SUP>2+</SUP>/Cr (VI) by air pre-oxidation. BIORESOURCE TECHNOLOGY, 341."
Sulfapyridine,43.9,0.316,28.8,39.78,33.64,3.82,6.16,1,90.41706,298,6.08,29.57087,40.29,249.29,2.04,2.23,0.59,1.48,1.7636,8.43,,,0.53,"Tang, W., Zanli, B.L.G.L., Chen, J. 2021. O/N/P-doped biochar induced to enhance adsorption of sulfonamide with coexisting Cu<SUP>2+</SUP>/Cr (VI) by air pre-oxidation. BIORESOURCE TECHNOLOGY, 341."
Sulfapyridine,43.9,0.316,28.8,39.78,33.64,3.82,6.16,1,146.59094,298,5.8,35.11097,40.29,249.29,2.04,2.23,0.59,1.48,1.7636,8.43,,,0.53,"Tang, W., Zanli, B.L.G.L., Chen, J. 2021. O/N/P-doped biochar induced to enhance adsorption of sulfonamide with coexisting Cu<SUP>2+</SUP>/Cr (VI) by air pre-oxidation. BIORESOURCE TECHNOLOGY, 341."
Sulfapyridine,43.9,0.316,28.8,39.78,33.64,3.82,6.16,1,181.33659,298,6.2,37.37035,40.29,249.29,2.04,2.23,0.59,1.48,1.7636,8.43,,,0.53,"Tang, W., Zanli, B.L.G.L., Chen, J. 2021. O/N/P-doped biochar induced to enhance adsorption of sulfonamide with coexisting Cu<SUP>2+</SUP>/Cr (VI) by air pre-oxidation. BIORESOURCE TECHNOLOGY, 341."
Sulfapyridine,34.9,1.334,153.2,31.19,41.16,2.62,5.03,1,36.04707,298,3.7,31.75215,76.99,249.29,2.04,2.23,0.59,1.48,1.7636,8.43,,,0.53,"Tang, W., Zanli, B.L.G.L., Chen, J. 2021. O/N/P-doped biochar induced to enhance adsorption of sulfonamide with coexisting Cu<SUP>2+</SUP>/Cr (VI) by air pre-oxidation. BIORESOURCE TECHNOLOGY, 341."
Sulfapyridine,34.9,1.334,153.2,31.19,41.16,2.62,5.03,1,72.22614,298,4.4,54.09167,76.99,249.29,2.04,2.23,0.59,1.48,1.7636,8.43,,,0.53,"Tang, W., Zanli, B.L.G.L., Chen, J. 2021. O/N/P-doped biochar induced to enhance adsorption of sulfonamide with coexisting Cu<SUP>2+</SUP>/Cr (VI) by air pre-oxidation. BIORESOURCE TECHNOLOGY, 341."
Sulfapyridine,34.9,1.334,153.2,31.19,41.16,2.62,5.03,1,89.90487,298,4.2,61.16817,76.99,249.29,2.04,2.23,0.59,1.48,1.7636,8.43,,,0.53,"Tang, W., Zanli, B.L.G.L., Chen, J. 2021. O/N/P-doped biochar induced to enhance adsorption of sulfonamide with coexisting Cu<SUP>2+</SUP>/Cr (VI) by air pre-oxidation. BIORESOURCE TECHNOLOGY, 341."
Sulfapyridine,34.9,1.334,153.2,31.19,41.16,2.62,5.03,1,145.95773,298,4.6,71.57478,76.99,249.29,2.04,2.23,0.59,1.48,1.7636,8.43,,,0.53,"Tang, W., Zanli, B.L.G.L., Chen, J. 2021. O/N/P-doped biochar induced to enhance adsorption of sulfonamide with coexisting Cu<SUP>2+</SUP>/Cr (VI) by air pre-oxidation. BIORESOURCE TECHNOLOGY, 341."
Sulfapyridine,34.9,1.334,153.2,31.19,41.16,2.62,5.03,1,180.30828,298,4.6,74.2805,76.99,249.29,2.04,2.23,0.59,1.48,1.7636,8.43,,,0.53,"Tang, W., Zanli, B.L.G.L., Chen, J. 2021. O/N/P-doped biochar induced to enhance adsorption of sulfonamide with coexisting Cu<SUP>2+</SUP>/Cr (VI) by air pre-oxidation. BIORESOURCE TECHNOLOGY, 341."
Sulfapyridine,36.7,0.683,74.6,25.99,47.13,2.96,6.42,1,36.80416,298,3.7,26.42534,62.33,249.29,2.04,2.23,0.59,1.48,1.7636,8.43,,,0.53,"Tang, W., Zanli, B.L.G.L., Chen, J. 2021. O/N/P-doped biochar induced to enhance adsorption of sulfonamide with coexisting Cu<SUP>2+</SUP>/Cr (VI) by air pre-oxidation. BIORESOURCE TECHNOLOGY, 341."
Sulfapyridine,36.7,0.683,74.6,25.99,47.13,2.96,6.42,1,72.41793,298,4.68,39.68366,62.33,249.29,2.04,2.23,0.59,1.48,1.7636,8.43,,,0.53,"Tang, W., Zanli, B.L.G.L., Chen, J. 2021. O/N/P-doped biochar induced to enhance adsorption of sulfonamide with coexisting Cu<SUP>2+</SUP>/Cr (VI) by air pre-oxidation. BIORESOURCE TECHNOLOGY, 341."
Sulfapyridine,36.7,0.683,74.6,25.99,47.13,2.96,6.42,1,90.94694,298,5.56,46.93515,62.33,249.29,2.04,2.23,0.59,1.48,1.7636,8.43,,,0.53,"Tang, W., Zanli, B.L.G.L., Chen, J. 2021. O/N/P-doped biochar induced to enhance adsorption of sulfonamide with coexisting Cu<SUP>2+</SUP>/Cr (VI) by air pre-oxidation. BIORESOURCE TECHNOLOGY, 341."
Sulfapyridine,36.7,0.683,74.6,25.99,47.13,2.96,6.42,1,147.1888,298,5.4,54.67368,62.33,249.29,2.04,2.23,0.59,1.48,1.7636,8.43,,,0.53,"Tang, W., Zanli, B.L.G.L., Chen, J. 2021. O/N/P-doped biochar induced to enhance adsorption of sulfonamide with coexisting Cu<SUP>2+</SUP>/Cr (VI) by air pre-oxidation. BIORESOURCE TECHNOLOGY, 341."
Sulfapyridine,36.7,0.683,74.6,25.99,47.13,2.96,6.42,1,180.53351,298,5.4,57.37946,62.33,249.29,2.04,2.23,0.59,1.48,1.7636,8.43,,,0.53,"Tang, W., Zanli, B.L.G.L., Chen, J. 2021. O/N/P-doped biochar induced to enhance adsorption of sulfonamide with coexisting Cu<SUP>2+</SUP>/Cr (VI) by air pre-oxidation. BIORESOURCE TECHNOLOGY, 341."
Sulfamethoxazole,496.03,0.23,1.79,89.57,7.13,2.4,0.9,0.2,10.366828,298,5,24.87864,35.428,253.28,1.89,2.23,0.58,1.29,1.7244,1.6,5.7,,0.48,"Zhang, R., Zheng, X., Chen, B., Ma, J., Niu, X., Zhang, D., Lin, Z., Fu, M., Zhou, S. 2020a. Enhanced adsorption of sulfamethoxazole from aqueous solution by Fe-impregnated graphited biochar. JOURNAL OF CLEANER PRODUCTION, 256."
Sulfamethoxazole,496.03,0.23,1.79,89.57,7.13,2.4,0.9,0.2,31.13543,298,5,32.6064,35.428,253.28,1.89,2.23,0.58,1.29,1.7244,1.6,5.7,,0.48,"Zhang, R., Zheng, X., Chen, B., Ma, J., Niu, X., Zhang, D., Lin, Z., Fu, M., Zhou, S. 2020a. Enhanced adsorption of sulfamethoxazole from aqueous solution by Fe-impregnated graphited biochar. JOURNAL OF CLEANER PRODUCTION, 256."
Sulfamethoxazole,496.03,0.23,1.79,89.57,7.13,2.4,0.9,0.2,51.258634,298,5,30.54937,35.428,253.28,1.89,2.23,0.58,1.29,1.7244,1.6,5.7,,0.48,"Zhang, R., Zheng, X., Chen, B., Ma, J., Niu, X., Zhang, D., Lin, Z., Fu, M., Zhou, S. 2020a. Enhanced adsorption of sulfamethoxazole from aqueous solution by Fe-impregnated graphited biochar. JOURNAL OF CLEANER PRODUCTION, 256."
Sulfamethoxazole,496.03,0.23,1.79,89.57,7.13,2.4,0.9,0.2,61.15425,298,5,33.8295,35.428,253.28,1.89,2.23,0.58,1.29,1.7244,1.6,5.7,,0.48,"Zhang, R., Zheng, X., Chen, B., Ma, J., Niu, X., Zhang, D., Lin, Z., Fu, M., Zhou, S. 2020a. Enhanced adsorption of sulfamethoxazole from aqueous solution by Fe-impregnated graphited biochar. JOURNAL OF CLEANER PRODUCTION, 256."
Sulfamethoxazole,496.03,0.23,1.79,89.57,7.13,2.4,0.9,0.2,71.749876,298,5,34.05188,35.428,253.28,1.89,2.23,0.58,1.29,1.7244,1.6,5.7,,0.48,"Zhang, R., Zheng, X., Chen, B., Ma, J., Niu, X., Zhang, D., Lin, Z., Fu, M., Zhou, S. 2020a. Enhanced adsorption of sulfamethoxazole from aqueous solution by Fe-impregnated graphited biochar. JOURNAL OF CLEANER PRODUCTION, 256."
Sulfamethoxazole,496.03,0.23,1.79,89.57,7.13,2.4,0.9,0.2,80.901456,298,5,32.82878,35.428,253.28,1.89,2.23,0.58,1.29,1.7244,1.6,5.7,,0.48,"Zhang, R., Zheng, X., Chen, B., Ma, J., Niu, X., Zhang, D., Lin, Z., Fu, M., Zhou, S. 2020a. Enhanced adsorption of sulfamethoxazole from aqueous solution by Fe-impregnated graphited biochar. JOURNAL OF CLEANER PRODUCTION, 256."
Sulfamethoxazole,398.74,0.18,1.73,81.94,14.03,2.79,1.23,0.2,10.395382,298,5,1.13941,7.504,253.28,1.89,2.23,0.58,1.29,1.7244,1.6,5.7,,0.48,"Zhang, R., Zheng, X., Chen, B., Ma, J., Niu, X., Zhang, D., Lin, Z., Fu, M., Zhou, S. 2020a. Enhanced adsorption of sulfamethoxazole from aqueous solution by Fe-impregnated graphited biochar. JOURNAL OF CLEANER PRODUCTION, 256."
Sulfamethoxazole,398.74,0.18,1.73,81.94,14.03,2.79,1.23,0.2,31.013934,298,5,3.41882,7.504,253.28,1.89,2.23,0.58,1.29,1.7244,1.6,5.7,,0.48,"Zhang, R., Zheng, X., Chen, B., Ma, J., Niu, X., Zhang, D., Lin, Z., Fu, M., Zhou, S. 2020a. Enhanced adsorption of sulfamethoxazole from aqueous solution by Fe-impregnated graphited biochar. JOURNAL OF CLEANER PRODUCTION, 256."
Sulfamethoxazole,398.74,0.18,1.73,81.94,14.03,2.79,1.23,0.2,51.476828,298,5,4.91989,7.504,253.28,1.89,2.23,0.58,1.29,1.7244,1.6,5.7,,0.48,"Zhang, R., Zheng, X., Chen, B., Ma, J., Niu, X., Zhang, D., Lin, Z., Fu, M., Zhou, S. 2020a. Enhanced adsorption of sulfamethoxazole from aqueous solution by Fe-impregnated graphited biochar. JOURNAL OF CLEANER PRODUCTION, 256."
Sulfamethoxazole,398.74,0.18,1.73,81.94,14.03,2.79,1.23,0.2,61.043406,298,5,5.08668,7.504,253.28,1.89,2.23,0.58,1.29,1.7244,1.6,5.7,,0.48,"Zhang, R., Zheng, X., Chen, B., Ma, J., Niu, X., Zhang, D., Lin, Z., Fu, M., Zhou, S. 2020a. Enhanced adsorption of sulfamethoxazole from aqueous solution by Fe-impregnated graphited biochar. JOURNAL OF CLEANER PRODUCTION, 256."
Sulfamethoxazole,398.74,0.18,1.73,81.94,14.03,2.79,1.23,0.2,71.424168,298,5,4.91989,7.504,253.28,1.89,2.23,0.58,1.29,1.7244,1.6,5.7,,0.48,"Zhang, R., Zheng, X., Chen, B., Ma, J., Niu, X., Zhang, D., Lin, Z., Fu, M., Zhou, S. 2020a. Enhanced adsorption of sulfamethoxazole from aqueous solution by Fe-impregnated graphited biochar. JOURNAL OF CLEANER PRODUCTION, 256."
Sulfamethoxazole,398.74,0.18,1.73,81.94,14.03,2.79,1.23,0.2,80.820368,298,5,4.91989,7.504,253.28,1.89,2.23,0.58,1.29,1.7244,1.6,5.7,,0.48,"Zhang, R., Zheng, X., Chen, B., Ma, J., Niu, X., Zhang, D., Lin, Z., Fu, M., Zhou, S. 2020a. Enhanced adsorption of sulfamethoxazole from aqueous solution by Fe-impregnated graphited biochar. JOURNAL OF CLEANER PRODUCTION, 256."
Sulfamethoxazole,558.12,0.25,1.73,74.86,21.28,2.89,0.97,0.2,31.324042,298,5,115.27676,122.844,253.28,1.89,2.23,0.58,1.29,1.7244,1.6,5.7,,0.48,"Zhang, R., Zheng, X., Chen, B., Ma, J., Niu, X., Zhang, D., Lin, Z., Fu, M., Zhou, S. 2020a. Enhanced adsorption of sulfamethoxazole from aqueous solution by Fe-impregnated graphited biochar. JOURNAL OF CLEANER PRODUCTION, 256."
Sulfamethoxazole,558.12,0.25,1.73,74.86,21.28,2.89,0.97,0.2,51.272058,298,5,126.34024,122.844,253.28,1.89,2.23,0.58,1.29,1.7244,1.6,5.7,,0.48,"Zhang, R., Zheng, X., Chen, B., Ma, J., Niu, X., Zhang, D., Lin, Z., Fu, M., Zhou, S. 2020a. Enhanced adsorption of sulfamethoxazole from aqueous solution by Fe-impregnated graphited biochar. JOURNAL OF CLEANER PRODUCTION, 256."
Sulfamethoxazole,558.12,0.25,1.73,74.86,21.28,2.89,0.97,0.2,61.065084,298,5,126.56262,122.844,253.28,1.89,2.23,0.58,1.29,1.7244,1.6,5.7,,0.48,"Zhang, R., Zheng, X., Chen, B., Ma, J., Niu, X., Zhang, D., Lin, Z., Fu, M., Zhou, S. 2020a. Enhanced adsorption of sulfamethoxazole from aqueous solution by Fe-impregnated graphited biochar. JOURNAL OF CLEANER PRODUCTION, 256."
Sulfamethoxazole,558.12,0.25,1.73,74.86,21.28,2.89,0.97,0.2,71.442222,298,5,120.11356,122.844,253.28,1.89,2.23,0.58,1.29,1.7244,1.6,5.7,,0.48,"Zhang, R., Zheng, X., Chen, B., Ma, J., Niu, X., Zhang, D., Lin, Z., Fu, M., Zhou, S. 2020a. Enhanced adsorption of sulfamethoxazole from aqueous solution by Fe-impregnated graphited biochar. JOURNAL OF CLEANER PRODUCTION, 256."
Sulfamethoxazole,558.12,0.25,1.73,74.86,21.28,2.89,0.97,0.2,80.921898,298,5,122.78214,122.844,253.28,1.89,2.23,0.58,1.29,1.7244,1.6,5.7,,0.48,"Zhang, R., Zheng, X., Chen, B., Ma, J., Niu, X., Zhang, D., Lin, Z., Fu, M., Zhou, S. 2020a. Enhanced adsorption of sulfamethoxazole from aqueous solution by Fe-impregnated graphited biochar. JOURNAL OF CLEANER PRODUCTION, 256."
Sulfamethoxazole,613.87,0.29,1.73,75.58,21.74,1.87,0.8,0.2,31.041802,298,5,140.68386,187.313,253.28,1.89,2.23,0.58,1.29,1.7244,1.6,5.7,,0.48,"Zhang, R., Zheng, X., Chen, B., Ma, J., Niu, X., Zhang, D., Lin, Z., Fu, M., Zhou, S. 2020a. Enhanced adsorption of sulfamethoxazole from aqueous solution by Fe-impregnated graphited biochar. JOURNAL OF CLEANER PRODUCTION, 256."
Sulfamethoxazole,613.87,0.29,1.73,75.58,21.74,1.87,0.8,0.2,51.64503,298,5,183.6035,187.313,253.28,1.89,2.23,0.58,1.29,1.7244,1.6,5.7,,0.48,"Zhang, R., Zheng, X., Chen, B., Ma, J., Niu, X., Zhang, D., Lin, Z., Fu, M., Zhou, S. 2020a. Enhanced adsorption of sulfamethoxazole from aqueous solution by Fe-impregnated graphited biochar. JOURNAL OF CLEANER PRODUCTION, 256."
Sulfamethoxazole,613.87,0.29,1.73,75.58,21.74,1.87,0.8,0.2,61.379326,298,5,183.82588,187.313,253.28,1.89,2.23,0.58,1.29,1.7244,1.6,5.7,,0.48,"Zhang, R., Zheng, X., Chen, B., Ma, J., Niu, X., Zhang, D., Lin, Z., Fu, M., Zhou, S. 2020a. Enhanced adsorption of sulfamethoxazole from aqueous solution by Fe-impregnated graphited biochar. JOURNAL OF CLEANER PRODUCTION, 256."
Sulfamethoxazole,613.87,0.29,1.73,75.58,21.74,1.87,0.8,0.2,71.464408,298,5,180.71254,187.313,253.28,1.89,2.23,0.58,1.29,1.7244,1.6,5.7,,0.48,"Zhang, R., Zheng, X., Chen, B., Ma, J., Niu, X., Zhang, D., Lin, Z., Fu, M., Zhou, S. 2020a. Enhanced adsorption of sulfamethoxazole from aqueous solution by Fe-impregnated graphited biochar. JOURNAL OF CLEANER PRODUCTION, 256."
Sulfamethoxazole,613.87,0.29,1.73,75.58,21.74,1.87,0.8,0.2,81.191232,298,5,187.16161,187.313,253.28,1.89,2.23,0.58,1.29,1.7244,1.6,5.7,,0.48,"Zhang, R., Zheng, X., Chen, B., Ma, J., Niu, X., Zhang, D., Lin, Z., Fu, M., Zhou, S. 2020a. Enhanced adsorption of sulfamethoxazole from aqueous solution by Fe-impregnated graphited biochar. JOURNAL OF CLEANER PRODUCTION, 256."
Sulfamethoxazole,605.59,0.31,1.73,73.86,21.77,3.41,0.96,0.2,31.210162,298,5,144.85351,205,253.28,1.89,2.23,0.58,1.29,1.7244,1.6,5.7,,0.48,"Zhang, R., Zheng, X., Chen, B., Ma, J., Niu, X., Zhang, D., Lin, Z., Fu, M., Zhou, S. 2020a. Enhanced adsorption of sulfamethoxazole from aqueous solution by Fe-impregnated graphited biochar. JOURNAL OF CLEANER PRODUCTION, 256."
Sulfamethoxazole,605.59,0.31,1.73,73.86,21.77,3.41,0.96,0.2,51.390224,298,5,181.54647,205,253.28,1.89,2.23,0.58,1.29,1.7244,1.6,5.7,,0.48,"Zhang, R., Zheng, X., Chen, B., Ma, J., Niu, X., Zhang, D., Lin, Z., Fu, M., Zhou, S. 2020a. Enhanced adsorption of sulfamethoxazole from aqueous solution by Fe-impregnated graphited biochar. JOURNAL OF CLEANER PRODUCTION, 256."
Sulfamethoxazole,605.59,0.31,1.73,73.86,21.77,3.41,0.96,0.2,61.403652,298,5,193.83306,205,253.28,1.89,2.23,0.58,1.29,1.7244,1.6,5.7,,0.48,"Zhang, R., Zheng, X., Chen, B., Ma, J., Niu, X., Zhang, D., Lin, Z., Fu, M., Zhou, S. 2020a. Enhanced adsorption of sulfamethoxazole from aqueous solution by Fe-impregnated graphited biochar. JOURNAL OF CLEANER PRODUCTION, 256."
Sulfamethoxazole,605.59,0.31,1.73,73.86,21.77,3.41,0.96,0.2,71.630356,298,5,203.17308,205,253.28,1.89,2.23,0.58,1.29,1.7244,1.6,5.7,,0.48,"Zhang, R., Zheng, X., Chen, B., Ma, J., Niu, X., Zhang, D., Lin, Z., Fu, M., Zhou, S. 2020a. Enhanced adsorption of sulfamethoxazole from aqueous solution by Fe-impregnated graphited biochar. JOURNAL OF CLEANER PRODUCTION, 256."
Sulfamethoxazole,605.59,0.31,1.73,73.86,21.77,3.41,0.96,0.2,80.79914,298,5,196.9464,205,253.28,1.89,2.23,0.58,1.29,1.7244,1.6,5.7,,0.48,"Zhang, R., Zheng, X., Chen, B., Ma, J., Niu, X., Zhang, D., Lin, Z., Fu, M., Zhou, S. 2020a. Enhanced adsorption of sulfamethoxazole from aqueous solution by Fe-impregnated graphited biochar. JOURNAL OF CLEANER PRODUCTION, 256."
Sulfamethoxazole,29.6,0.069,9.324324324,55.95,37.99,1.52,1.62,2.5,5,298,6,1.51646272,3.65,253.28,1.89,2.23,0.58,1.29,1.7244,1.6,5.7,,0.48,"Li, T., Han, X., Liang, C., Shohag, M.J.I., Yang, X. 2015. Sorption of sulphamethoxazole by the biochars derived from rice straw and alligator flag. ENVIRONMENTAL TECHNOLOGY, 36(2), 245-253."
Sulfamethoxazole,29.6,0.069,9.324324324,55.95,37.99,1.52,1.62,2.5,10,298,6,1.79369182,3.65,253.28,1.89,2.23,0.58,1.29,1.7244,1.6,5.7,,0.48,"Li, T., Han, X., Liang, C., Shohag, M.J.I., Yang, X. 2015. Sorption of sulphamethoxazole by the biochars derived from rice straw and alligator flag. ENVIRONMENTAL TECHNOLOGY, 36(2), 245-253."
Sulfamethoxazole,29.6,0.069,9.324324324,55.95,37.99,1.52,1.62,2.5,20,298,6,2.0519798,3.65,253.28,1.89,2.23,0.58,1.29,1.7244,1.6,5.7,,0.48,"Li, T., Han, X., Liang, C., Shohag, M.J.I., Yang, X. 2015. Sorption of sulphamethoxazole by the biochars derived from rice straw and alligator flag. ENVIRONMENTAL TECHNOLOGY, 36(2), 245-253."
Sulfamethoxazole,29.6,0.069,9.324324324,55.95,37.99,1.52,1.62,2.5,40,298,6,2.88366709,3.65,253.28,1.89,2.23,0.58,1.29,1.7244,1.6,5.7,,0.48,"Li, T., Han, X., Liang, C., Shohag, M.J.I., Yang, X. 2015. Sorption of sulphamethoxazole by the biochars derived from rice straw and alligator flag. ENVIRONMENTAL TECHNOLOGY, 36(2), 245-253."
Sulfamethoxazole,29.6,0.069,9.324324324,55.95,37.99,1.52,1.62,2.5,80,298,6,3.55349392,3.65,253.28,1.89,2.23,0.58,1.29,1.7244,1.6,5.7,,0.48,"Li, T., Han, X., Liang, C., Shohag, M.J.I., Yang, X. 2015. Sorption of sulphamethoxazole by the biochars derived from rice straw and alligator flag. ENVIRONMENTAL TECHNOLOGY, 36(2), 245-253."
Sulfamethoxazole,29.6,0.069,9.324324324,55.95,37.99,1.52,1.62,2.5,100,298,6,3.21944147,3.65,253.28,1.89,2.23,0.58,1.29,1.7244,1.6,5.7,,0.48,"Li, T., Han, X., Liang, C., Shohag, M.J.I., Yang, X. 2015. Sorption of sulphamethoxazole by the biochars derived from rice straw and alligator flag. ENVIRONMENTAL TECHNOLOGY, 36(2), 245-253."
Sulfamethoxazole,29.6,0.069,9.324324324,55.95,37.99,1.52,1.62,2.5,200,298,6,3.8117819,3.65,253.28,1.89,2.23,0.58,1.29,1.7244,1.6,5.7,,0.48,"Li, T., Han, X., Liang, C., Shohag, M.J.I., Yang, X. 2015. Sorption of sulphamethoxazole by the biochars derived from rice straw and alligator flag. ENVIRONMENTAL TECHNOLOGY, 36(2), 245-253."
Sulfamethoxazole,7.1,0.039,21.97183099,59.36,34.39,1.23,1.81,2.5,5,298,6,0.99299908,1.963,253.28,1.89,2.23,0.58,1.29,1.7244,1.6,5.7,,0.48,"Li, T., Han, X., Liang, C., Shohag, M.J.I., Yang, X. 2015. Sorption of sulphamethoxazole by the biochars derived from rice straw and alligator flag. ENVIRONMENTAL TECHNOLOGY, 36(2), 245-253."
Sulfamethoxazole,7.1,0.039,21.97183099,59.36,34.39,1.23,1.81,2.5,10,298,6,1.19962947,1.963,253.28,1.89,2.23,0.58,1.29,1.7244,1.6,5.7,,0.48,"Li, T., Han, X., Liang, C., Shohag, M.J.I., Yang, X. 2015. Sorption of sulphamethoxazole by the biochars derived from rice straw and alligator flag. ENVIRONMENTAL TECHNOLOGY, 36(2), 245-253."
Sulfamethoxazole,7.1,0.039,21.97183099,59.36,34.39,1.23,1.81,2.5,20,298,6,1.23234594,1.963,253.28,1.89,2.23,0.58,1.29,1.7244,1.6,5.7,,0.48,"Li, T., Han, X., Liang, C., Shohag, M.J.I., Yang, X. 2015. Sorption of sulphamethoxazole by the biochars derived from rice straw and alligator flag. ENVIRONMENTAL TECHNOLOGY, 36(2), 245-253."
Sulfamethoxazole,7.1,0.039,21.97183099,59.36,34.39,1.23,1.81,2.5,40,298,6,1.59911487,1.963,253.28,1.89,2.23,0.58,1.29,1.7244,1.6,5.7,,0.48,"Li, T., Han, X., Liang, C., Shohag, M.J.I., Yang, X. 2015. Sorption of sulphamethoxazole by the biochars derived from rice straw and alligator flag. ENVIRONMENTAL TECHNOLOGY, 36(2), 245-253."
Sulfamethoxazole,7.1,0.039,21.97183099,59.36,34.39,1.23,1.81,2.5,80,298,6,1.59394912,1.963,253.28,1.89,2.23,0.58,1.29,1.7244,1.6,5.7,,0.48,"Li, T., Han, X., Liang, C., Shohag, M.J.I., Yang, X. 2015. Sorption of sulphamethoxazole by the biochars derived from rice straw and alligator flag. ENVIRONMENTAL TECHNOLOGY, 36(2), 245-253."
Sulfamethoxazole,7.1,0.039,21.97183099,59.36,34.39,1.23,1.81,2.5,100,298,6,2.04509212,1.963,253.28,1.89,2.23,0.58,1.29,1.7244,1.6,5.7,,0.48,"Li, T., Han, X., Liang, C., Shohag, M.J.I., Yang, X. 2015. Sorption of sulphamethoxazole by the biochars derived from rice straw and alligator flag. ENVIRONMENTAL TECHNOLOGY, 36(2), 245-253."
Sulfamethoxazole,7.1,0.039,21.97183099,59.36,34.39,1.23,1.81,2.5,200,298,6,2.20523067,1.963,253.28,1.89,2.23,0.58,1.29,1.7244,1.6,5.7,,0.48,"Li, T., Han, X., Liang, C., Shohag, M.J.I., Yang, X. 2015. Sorption of sulphamethoxazole by the biochars derived from rice straw and alligator flag. ENVIRONMENTAL TECHNOLOGY, 36(2), 245-253."
Sulfadiazine,1400,0.742,2.12,57.37,33.63,3.2,0.44,0.1,3,298,8,28.65884,98.1,250.28,2.08,2.55,0.65,1.37,1.7225,6.36,,,-0.34,"Zeng, X.-Y., Wang, Y., Li, R.-X., Cao, H.-L., Li, Y.-F., Lu, J. 2022. Impacts of temperatures and phosphoric-acid modification to the physicochemical properties of biochar for excellent sulfadiazine adsorption. BIOCHAR, 4(1)."
Sulfadiazine,1400,0.742,2.12,57.37,17.992,3.2,0.44,0.1,5,298,6.9,44.57991,98.1,250.28,2.08,2.55,0.65,1.37,1.7225,6.36,,,-0.34,"Zeng, X.-Y., Wang, Y., Li, R.-X., Cao, H.-L., Li, Y.-F., Lu, J. 2022. Impacts of temperatures and phosphoric-acid modification to the physicochemical properties of biochar for excellent sulfadiazine adsorption. BIOCHAR, 4(2)."
Sulfadiazine,1400,0.742,2.12,57.37,11.232,3.2,0.44,0.1,7,298,6.9,59.30504,98.1,250.28,2.08,2.55,0.65,1.37,1.7225,6.36,,,-0.34,"Zeng, X.-Y., Wang, Y., Li, R.-X., Cao, H.-L., Li, Y.-F., Lu, J. 2022. Impacts of temperatures and phosphoric-acid modification to the physicochemical properties of biochar for excellent sulfadiazine adsorption. BIOCHAR, 4(3)."
Sulfadiazine,1400,0.742,2.12,57.37,11.232,3.2,0.44,0.1,10,298,5.2,78.66448,98.1,250.28,2.08,2.55,0.65,1.37,1.7225,6.36,,,-0.34,"Zeng, X.-Y., Wang, Y., Li, R.-X., Cao, H.-L., Li, Y.-F., Lu, J. 2022. Impacts of temperatures and phosphoric-acid modification to the physicochemical properties of biochar for excellent sulfadiazine adsorption. BIOCHAR, 4(4)."
Sulfadiazine,1400,0.742,2.12,57.37,11.8,3.2,0.44,0.1,15,298,4.4,85.46644,98.1,250.28,2.08,2.55,0.65,1.37,1.7225,6.36,,,-0.34,"Zeng, X.-Y., Wang, Y., Li, R.-X., Cao, H.-L., Li, Y.-F., Lu, J. 2022. Impacts of temperatures and phosphoric-acid modification to the physicochemical properties of biochar for excellent sulfadiazine adsorption. BIOCHAR, 4(5)."
Sulfadiazine,1400,0.742,2.12,57.37,11.004,3.2,0.44,0.1,20,298,4.6,86.66239,98.1,250.28,2.08,2.55,0.65,1.37,1.7225,6.36,,,-0.34,"Zeng, X.-Y., Wang, Y., Li, R.-X., Cao, H.-L., Li, Y.-F., Lu, J. 2022. Impacts of temperatures and phosphoric-acid modification to the physicochemical properties of biochar for excellent sulfadiazine adsorption. BIOCHAR, 4(6)."
Sulfadiazine,832,0.563,2.706730769,51.99,40.514,3.62,0.97,0.1,3,298,8,28.65884,69.6,250.28,2.08,2.55,0.65,1.37,1.7225,6.36,,,-0.34,"Zeng, X.-Y., Wang, Y., Li, R.-X., Cao, H.-L., Li, Y.-F., Lu, J. 2022. Impacts of temperatures and phosphoric-acid modification to the physicochemical properties of biochar for excellent sulfadiazine adsorption. BIOCHAR, 4(7)."
Sulfadiazine,832,0.563,2.706730769,51.99,42.51,3.62,0.97,0.1,5,298,6.9,39.42238,69.6,250.28,2.08,2.55,0.65,1.37,1.7225,6.36,,,-0.34,"Zeng, X.-Y., Wang, Y., Li, R.-X., Cao, H.-L., Li, Y.-F., Lu, J. 2022. Impacts of temperatures and phosphoric-acid modification to the physicochemical properties of biochar for excellent sulfadiazine adsorption. BIOCHAR, 4(8)."
Sulfadiazine,832,0.563,2.706730769,51.99,43.972,3.62,0.97,0.1,7,298,6.9,52.42833,69.6,250.28,2.08,2.55,0.65,1.37,1.7225,6.36,,,-0.34,"Zeng, X.-Y., Wang, Y., Li, R.-X., Cao, H.-L., Li, Y.-F., Lu, J. 2022. Impacts of temperatures and phosphoric-acid modification to the physicochemical properties of biochar for excellent sulfadiazine adsorption. BIOCHAR, 4(9)."
Sulfadiazine,832,0.563,2.706730769,51.99,41.044,3.62,0.97,0.1,10,298,5.3,60.3515,69.6,250.28,2.08,2.55,0.65,1.37,1.7225,6.36,,,-0.34,"Zeng, X.-Y., Wang, Y., Li, R.-X., Cao, H.-L., Li, Y.-F., Lu, J. 2022. Impacts of temperatures and phosphoric-acid modification to the physicochemical properties of biochar for excellent sulfadiazine adsorption. BIOCHAR, 4(10)."
Sulfadiazine,832,0.563,2.706730769,51.99,24.892,3.62,0.97,0.1,15,298,4.6,65.50903,69.6,250.28,2.08,2.55,0.65,1.37,1.7225,6.36,,,-0.34,"Zeng, X.-Y., Wang, Y., Li, R.-X., Cao, H.-L., Li, Y.-F., Lu, J. 2022. Impacts of temperatures and phosphoric-acid modification to the physicochemical properties of biochar for excellent sulfadiazine adsorption. BIOCHAR, 4(11)."
Sulfadiazine,832,0.563,2.706730769,51.99,24.892,3.62,0.97,0.1,20,298,4.6,67.07871,69.6,250.28,2.08,2.55,0.65,1.37,1.7225,6.36,,,-0.34,"Zeng, X.-Y., Wang, Y., Li, R.-X., Cao, H.-L., Li, Y.-F., Lu, J. 2022. Impacts of temperatures and phosphoric-acid modification to the physicochemical properties of biochar for excellent sulfadiazine adsorption. BIOCHAR, 4(12)."
Sulfadiazine,1253,0.682,2.177174781,70.51,22.1,2.46,0.3,0.1,3,298,8,26.26694,127.2,250.28,2.08,2.55,0.65,1.37,1.7225,6.36,,,-0.34,"Zeng, X.-Y., Wang, Y., Li, R.-X., Cao, H.-L., Li, Y.-F., Lu, J. 2022. Impacts of temperatures and phosphoric-acid modification to the physicochemical properties of biochar for excellent sulfadiazine adsorption. BIOCHAR, 4(13)."
Sulfadiazine,1253,0.682,2.177174781,70.51,21.642,2.46,0.3,0.1,5,298,6.9,43.23447,127.2,250.28,2.08,2.55,0.65,1.37,1.7225,6.36,,,-0.34,"Zeng, X.-Y., Wang, Y., Li, R.-X., Cao, H.-L., Li, Y.-F., Lu, J. 2022. Impacts of temperatures and phosphoric-acid modification to the physicochemical properties of biochar for excellent sulfadiazine adsorption. BIOCHAR, 4(14)."
Sulfadiazine,1253,0.682,2.177174781,70.51,21.31,2.46,0.3,0.1,7,298,6.9,57.06264,127.2,250.28,2.08,2.55,0.65,1.37,1.7225,6.36,,,-0.34,"Zeng, X.-Y., Wang, Y., Li, R.-X., Cao, H.-L., Li, Y.-F., Lu, J. 2022. Impacts of temperatures and phosphoric-acid modification to the physicochemical properties of biochar for excellent sulfadiazine adsorption. BIOCHAR, 4(15)."
Sulfadiazine,1253,0.682,2.177174781,70.51,20.012,2.46,0.3,0.1,10,298,4.5,84.41998,127.2,250.28,2.08,2.55,0.65,1.37,1.7225,6.36,,,-0.34,"Zeng, X.-Y., Wang, Y., Li, R.-X., Cao, H.-L., Li, Y.-F., Lu, J. 2022. Impacts of temperatures and phosphoric-acid modification to the physicochemical properties of biochar for excellent sulfadiazine adsorption. BIOCHAR, 4(16)."
Sulfadiazine,1253,0.682,2.177174781,70.51,22.1,2.46,0.3,0.1,15,298,4.4,94.43606,127.2,250.28,2.08,2.55,0.65,1.37,1.7225,6.36,,,-0.34,"Zeng, X.-Y., Wang, Y., Li, R.-X., Cao, H.-L., Li, Y.-F., Lu, J. 2022. Impacts of temperatures and phosphoric-acid modification to the physicochemical properties of biochar for excellent sulfadiazine adsorption. BIOCHAR, 4(17)."
Sulfadiazine,1253,0.682,2.177174781,70.51,15.254,2.46,0.3,0.1,20,298,4.4,116.41163,127.2,250.28,2.08,2.55,0.65,1.37,1.7225,6.36,,,-0.34,"Zeng, X.-Y., Wang, Y., Li, R.-X., Cao, H.-L., Li, Y.-F., Lu, J. 2022. Impacts of temperatures and phosphoric-acid modification to the physicochemical properties of biochar for excellent sulfadiazine adsorption. BIOCHAR, 4(18)."
Sulfadiazine,1411,0.744,2.109142452,59.58,11.232,3.05,0.43,0.1,3,298,8,25.06447,101.7,250.28,2.08,2.55,0.65,1.37,1.7225,6.36,,,-0.34,"Zeng, X.-Y., Wang, Y., Li, R.-X., Cao, H.-L., Li, Y.-F., Lu, J. 2022. Impacts of temperatures and phosphoric-acid modification to the physicochemical properties of biochar for excellent sulfadiazine adsorption. BIOCHAR, 4(19)."
Sulfadiazine,1411,0.744,2.109142452,59.58,11.232,3.05,0.43,0.1,5,298,6.9,45.22968,101.7,250.28,2.08,2.55,0.65,1.37,1.7225,6.36,,,-0.34,"Zeng, X.-Y., Wang, Y., Li, R.-X., Cao, H.-L., Li, Y.-F., Lu, J. 2022. Impacts of temperatures and phosphoric-acid modification to the physicochemical properties of biochar for excellent sulfadiazine adsorption. BIOCHAR, 4(20)."
Sulfadiazine,1411,0.744,2.109142452,59.58,11.232,3.05,0.43,0.1,7,298,5.3,62.30335,101.7,250.28,2.08,2.55,0.65,1.37,1.7225,6.36,,,-0.34,"Zeng, X.-Y., Wang, Y., Li, R.-X., Cao, H.-L., Li, Y.-F., Lu, J. 2022. Impacts of temperatures and phosphoric-acid modification to the physicochemical properties of biochar for excellent sulfadiazine adsorption. BIOCHAR, 4(21)."
Sulfadiazine,1411,0.744,2.109142452,59.58,11.232,3.05,0.43,0.1,10,298,5.2,82.89013,101.7,250.28,2.08,2.55,0.65,1.37,1.7225,6.36,,,-0.34,"Zeng, X.-Y., Wang, Y., Li, R.-X., Cao, H.-L., Li, Y.-F., Lu, J. 2022. Impacts of temperatures and phosphoric-acid modification to the physicochemical properties of biochar for excellent sulfadiazine adsorption. BIOCHAR, 4(22)."
Sulfadiazine,1411,0.744,2.109142452,59.58,4.472,3.05,0.43,0.1,15,298,4.6,91.67288,101.7,250.28,2.08,2.55,0.65,1.37,1.7225,6.36,,,-0.34,"Zeng, X.-Y., Wang, Y., Li, R.-X., Cao, H.-L., Li, Y.-F., Lu, J. 2022. Impacts of temperatures and phosphoric-acid modification to the physicochemical properties of biochar for excellent sulfadiazine adsorption. BIOCHAR, 4(23)."
Sulfadiazine,1411,0.744,2.109142452,59.58,5.072,3.05,0.43,0.1,20,298,4.6,93.14839,101.7,250.28,2.08,2.55,0.65,1.37,1.7225,6.36,,,-0.34,"Zeng, X.-Y., Wang, Y., Li, R.-X., Cao, H.-L., Li, Y.-F., Lu, J. 2022. Impacts of temperatures and phosphoric-acid modification to the physicochemical properties of biochar for excellent sulfadiazine adsorption. BIOCHAR, 4(24)."
Sulfadiazine,1006,0.529,2.103379722,61.86,12.258,3.17,1.21,0.1,3,298,8,30.26386,88.5,250.28,2.08,2.55,0.65,1.37,1.7225,6.36,,,-0.34,"Zeng, X.-Y., Wang, Y., Li, R.-X., Cao, H.-L., Li, Y.-F., Lu, J. 2022. Impacts of temperatures and phosphoric-acid modification to the physicochemical properties of biochar for excellent sulfadiazine adsorption. BIOCHAR, 4(25)."
Sulfadiazine,1006,0.529,2.103379722,61.86,8.87,3.17,1.21,0.1,5,298,6.9,47.12675,88.5,250.28,2.08,2.55,0.65,1.37,1.7225,6.36,,,-0.34,"Zeng, X.-Y., Wang, Y., Li, R.-X., Cao, H.-L., Li, Y.-F., Lu, J. 2022. Impacts of temperatures and phosphoric-acid modification to the physicochemical properties of biochar for excellent sulfadiazine adsorption. BIOCHAR, 4(26)."
Sulfadiazine,1006,0.529,2.103379722,61.86,8.87,3.17,1.21,0.1,7,298,5.5,66.51907,88.5,250.28,2.08,2.55,0.65,1.37,1.7225,6.36,,,-0.34,"Zeng, X.-Y., Wang, Y., Li, R.-X., Cao, H.-L., Li, Y.-F., Lu, J. 2022. Impacts of temperatures and phosphoric-acid modification to the physicochemical properties of biochar for excellent sulfadiazine adsorption. BIOCHAR, 4(27)."
Sulfadiazine,1006,0.529,2.103379722,61.86,8.87,3.17,1.21,0.1,10,298,4.8,81.48489,88.5,250.28,2.08,2.55,0.65,1.37,1.7225,6.36,,,-0.34,"Zeng, X.-Y., Wang, Y., Li, R.-X., Cao, H.-L., Li, Y.-F., Lu, J. 2022. Impacts of temperatures and phosphoric-acid modification to the physicochemical properties of biochar for excellent sulfadiazine adsorption. BIOCHAR, 4(28)."
Sulfadiazine,1006,0.529,2.103379722,61.86,1.1,3.17,1.21,0.1,15,298,4.6,87.94899,88.5,250.28,2.08,2.55,0.65,1.37,1.7225,6.36,,,-0.34,"Zeng, X.-Y., Wang, Y., Li, R.-X., Cao, H.-L., Li, Y.-F., Lu, J. 2022. Impacts of temperatures and phosphoric-acid modification to the physicochemical properties of biochar for excellent sulfadiazine adsorption. BIOCHAR, 4(29)."
Sulfadiazine,1006,0.529,2.103379722,61.86,5.072,3.17,1.21,0.1,20,298,4.6,89.07319,88.5,250.28,2.08,2.55,0.65,1.37,1.7225,6.36,,,-0.34,"Zeng, X.-Y., Wang, Y., Li, R.-X., Cao, H.-L., Li, Y.-F., Lu, J. 2022. Impacts of temperatures and phosphoric-acid modification to the physicochemical properties of biochar for excellent sulfadiazine adsorption. BIOCHAR, 4(30)."
Sulfadiazine,1365,0.72,2.10989011,76.43,14.258,2.4,1.15,0.1,3,298,8,27.17233,139.2,250.28,2.08,2.55,0.65,1.37,1.7225,6.36,,,-0.34,"Zeng, X.-Y., Wang, Y., Li, R.-X., Cao, H.-L., Li, Y.-F., Lu, J. 2022. Impacts of temperatures and phosphoric-acid modification to the physicochemical properties of biochar for excellent sulfadiazine adsorption. BIOCHAR, 4(31)."
Sulfadiazine,1365,0.72,2.10989011,76.43,12.436,2.4,1.15,0.1,5,298,6.9,47.33754,139.2,250.28,2.08,2.55,0.65,1.37,1.7225,6.36,,,-0.34,"Zeng, X.-Y., Wang, Y., Li, R.-X., Cao, H.-L., Li, Y.-F., Lu, J. 2022. Impacts of temperatures and phosphoric-acid modification to the physicochemical properties of biochar for excellent sulfadiazine adsorption. BIOCHAR, 4(32)."
Sulfadiazine,1365,0.72,2.10989011,76.43,12.436,2.4,1.15,0.1,7,298,6.9,65.67593,139.2,250.28,2.08,2.55,0.65,1.37,1.7225,6.36,,,-0.34,"Zeng, X.-Y., Wang, Y., Li, R.-X., Cao, H.-L., Li, Y.-F., Lu, J. 2022. Impacts of temperatures and phosphoric-acid modification to the physicochemical properties of biochar for excellent sulfadiazine adsorption. BIOCHAR, 4(33)."
Sulfadiazine,1365,0.72,2.10989011,76.43,12.782,2.4,1.15,0.1,10,298,4.5,90.75948,139.2,250.28,2.08,2.55,0.65,1.37,1.7225,6.36,,,-0.34,"Zeng, X.-Y., Wang, Y., Li, R.-X., Cao, H.-L., Li, Y.-F., Lu, J. 2022. Impacts of temperatures and phosphoric-acid modification to the physicochemical properties of biochar for excellent sulfadiazine adsorption. BIOCHAR, 4(34)."
Sulfadiazine,1365,0.72,2.10989011,76.43,11.754,2.4,1.15,0.1,15,298,4.4,114.15673,139.2,250.28,2.08,2.55,0.65,1.37,1.7225,6.36,,,-0.34,"Zeng, X.-Y., Wang, Y., Li, R.-X., Cao, H.-L., Li, Y.-F., Lu, J. 2022. Impacts of temperatures and phosphoric-acid modification to the physicochemical properties of biochar for excellent sulfadiazine adsorption. BIOCHAR, 4(35)."
Sulfadiazine,1365,0.72,2.10989011,76.43,12.168,2.4,1.15,0.1,20,298,4.6,130.38726,139.2,250.28,2.08,2.55,0.65,1.37,1.7225,6.36,,,-0.34,"Zeng, X.-Y., Wang, Y., Li, R.-X., Cao, H.-L., Li, Y.-F., Lu, J. 2022. Impacts of temperatures and phosphoric-acid modification to the physicochemical properties of biochar for excellent sulfadiazine adsorption. BIOCHAR, 4(36)."
Sulfamethoxazole,1044.41,1.26,2.63,75.9,15.36,4.23,0.19,0.5,50,300,4.9,83.01964,379.851,253.28,1.89,2.23,0.58,1.29,1.7244,1.6,5.7,,0.48,"Wang, W., Kang, R., Yin, Y., Tu, S., Ye, L. 2022. Two-step pyrolysis biochar derived from agro-waste for antibiotics removal: Mechanisms and stability. CHEMOSPHERE, 292."
Sulfamethoxazole,1044.41,1.26,2.63,75.9,15.36,4.23,0.19,0.5,100,298,4.6,147.74959,379.851,253.28,1.89,2.23,0.58,1.29,1.7244,1.6,5.7,,0.48,"Wang, W., Kang, R., Yin, Y., Tu, S., Ye, L. 2022. Two-step pyrolysis biochar derived from agro-waste for antibiotics removal: Mechanisms and stability. CHEMOSPHERE, 292."
Sulfamethoxazole,1044.41,1.26,2.63,75.9,15.36,4.23,0.19,0.5,150,298,5.4,197.77687,379.851,253.28,1.89,2.23,0.58,1.29,1.7244,1.6,5.7,,0.48,"Wang, W., Kang, R., Yin, Y., Tu, S., Ye, L. 2022. Two-step pyrolysis biochar derived from agro-waste for antibiotics removal: Mechanisms and stability. CHEMOSPHERE, 292."
Sulfamethoxazole,1044.41,1.26,2.63,75.9,15.36,4.23,0.19,0.5,200,295,5.8,246.65848,379.851,253.28,1.89,2.23,0.58,1.29,1.7244,1.6,5.7,,0.48,"Wang, W., Kang, R., Yin, Y., Tu, S., Ye, L. 2022. Two-step pyrolysis biochar derived from agro-waste for antibiotics removal: Mechanisms and stability. CHEMOSPHERE, 292."
Sulfamethoxazole,1044.41,1.26,2.63,75.9,15.36,4.23,0.19,0.5,250,292,6.2,272.05401,379.851,253.28,1.89,2.23,0.58,1.29,1.7244,1.6,5.7,,0.48,"Wang, W., Kang, R., Yin, Y., Tu, S., Ye, L. 2022. Two-step pyrolysis biochar derived from agro-waste for antibiotics removal: Mechanisms and stability. CHEMOSPHERE, 292."
Sulfamethoxazole,1044.41,1.26,2.63,75.9,15.36,4.23,0.19,0.5,300,292,5.8,294.77632,379.851,253.28,1.89,2.23,0.58,1.29,1.7244,1.6,5.7,,0.48,"Wang, W., Kang, R., Yin, Y., Tu, S., Ye, L. 2022. Two-step pyrolysis biochar derived from agro-waste for antibiotics removal: Mechanisms and stability. CHEMOSPHERE, 292."
Sulfamethoxazole,1044.41,1.26,2.63,75.9,15.36,4.23,0.19,0.5,350,294,5.8,312.72504,379.851,253.28,1.89,2.23,0.58,1.29,1.7244,1.6,5.7,,0.48,"Wang, W., Kang, R., Yin, Y., Tu, S., Ye, L. 2022. Two-step pyrolysis biochar derived from agro-waste for antibiotics removal: Mechanisms and stability. CHEMOSPHERE, 292."
Sulfamethoxazole,1119.53,1.36,3.09,57.41,37,6.36,0.49,0.5,50,300,4.9,85.05747,415.023,253.28,1.89,2.23,0.58,1.29,1.7244,1.6,5.7,,0.48,"Wang, W., Kang, R., Yin, Y., Tu, S., Ye, L. 2022. Two-step pyrolysis biochar derived from agro-waste for antibiotics removal: Mechanisms and stability. CHEMOSPHERE, 292."
Sulfamethoxazole,1119.53,1.36,3.09,57.41,37,6.36,0.49,0.5,100,298,6.2,154.63875,415.023,253.28,1.89,2.23,0.58,1.29,1.7244,1.6,5.7,,0.48,"Wang, W., Kang, R., Yin, Y., Tu, S., Ye, L. 2022. Two-step pyrolysis biochar derived from agro-waste for antibiotics removal: Mechanisms and stability. CHEMOSPHERE, 292."
Sulfamethoxazole,1119.53,1.36,3.09,57.41,37,6.36,0.49,0.5,150,298.03,5.8,222.78325,415.023,253.28,1.89,2.23,0.58,1.29,1.7244,1.6,5.7,,0.48,"Wang, W., Kang, R., Yin, Y., Tu, S., Ye, L. 2022. Two-step pyrolysis biochar derived from agro-waste for antibiotics removal: Mechanisms and stability. CHEMOSPHERE, 292."
Sulfamethoxazole,1119.53,1.36,3.09,57.41,37,6.36,0.49,0.5,200,298,5.8,276.14943,415.023,253.28,1.89,2.23,0.58,1.29,1.7244,1.6,5.7,,0.48,"Wang, W., Kang, R., Yin, Y., Tu, S., Ye, L. 2022. Two-step pyrolysis biochar derived from agro-waste for antibiotics removal: Mechanisms and stability. CHEMOSPHERE, 292."
Sulfamethoxazole,1119.53,1.36,3.09,57.41,37,6.36,0.49,0.5,250,295,6.2,303.85878,415.023,253.28,1.89,2.23,0.58,1.29,1.7244,1.6,5.7,,0.48,"Wang, W., Kang, R., Yin, Y., Tu, S., Ye, L. 2022. Two-step pyrolysis biochar derived from agro-waste for antibiotics removal: Mechanisms and stability. CHEMOSPHERE, 292."
Sulfamethoxazole,1119.53,1.36,3.09,57.41,37,6.36,0.49,0.5,300,292,5.8,327.87356,415.023,253.28,1.89,2.23,0.58,1.29,1.7244,1.6,5.7,,0.48,"Wang, W., Kang, R., Yin, Y., Tu, S., Ye, L. 2022. Two-step pyrolysis biochar derived from agro-waste for antibiotics removal: Mechanisms and stability. CHEMOSPHERE, 292."
Sulfamethoxazole,1119.53,1.36,3.09,57.41,37,6.36,0.49,0.5,350,295,5.8,337.52053,415.023,253.28,1.89,2.23,0.58,1.29,1.7244,1.6,5.7,,0.48,"Wang, W., Kang, R., Yin, Y., Tu, S., Ye, L. 2022. Two-step pyrolysis biochar derived from agro-waste for antibiotics removal: Mechanisms and stability. CHEMOSPHERE, 292."
Sulfadiazine,1.46,0.003648,10.01,76.36,14.43,3.2,3.59,3.33,0.05,298,8,0.02499293,0.2219,250.28,2.08,2.55,0.65,1.37,1.7225,6.36,,,-0.34,"Zhang, X., Zhang, Y., Ngo, H.H., Guo, W., Wen, H., Zhang, D., Li, C., Qi, L. 2020b. Characterization and sulfonamide antibiotics adsorption capacity of spent coffee grounds based biochar and hydrochar. SCIENCE OF THE TOTAL ENVIRONMENT, 716."
Sulfadiazine,1.46,0.003648,10.01,76.36,14.43,3.2,3.59,3.33,0.1,298,8,0.0421337,0.2219,250.28,2.08,2.55,0.65,1.37,1.7225,6.36,,,-0.34,"Zhang, X., Zhang, Y., Ngo, H.H., Guo, W., Wen, H., Zhang, D., Li, C., Qi, L. 2020b. Characterization and sulfonamide antibiotics adsorption capacity of spent coffee grounds based biochar and hydrochar. SCIENCE OF THE TOTAL ENVIRONMENT, 716."
Sulfadiazine,1.46,0.003648,10.01,76.36,14.43,3.2,3.59,3.33,0.5,298,8,0.1214541,0.2219,250.28,2.08,2.55,0.65,1.37,1.7225,6.36,,,-0.34,"Zhang, X., Zhang, Y., Ngo, H.H., Guo, W., Wen, H., Zhang, D., Li, C., Qi, L. 2020b. Characterization and sulfonamide antibiotics adsorption capacity of spent coffee grounds based biochar and hydrochar. SCIENCE OF THE TOTAL ENVIRONMENT, 716."
Sulfadiazine,1.46,0.003648,10.01,76.36,14.43,3.2,3.59,3.33,1,298,8,0.1543171,0.2219,250.28,2.08,2.55,0.65,1.37,1.7225,6.36,,,-0.34,"Zhang, X., Zhang, Y., Ngo, H.H., Guo, W., Wen, H., Zhang, D., Li, C., Qi, L. 2020b. Characterization and sulfonamide antibiotics adsorption capacity of spent coffee grounds based biochar and hydrochar. SCIENCE OF THE TOTAL ENVIRONMENT, 716."
Sulfadiazine,1.46,0.003648,10.01,76.36,14.43,3.2,3.59,3.33,2,298,6.9,0.20621227,0.2219,250.28,2.08,2.55,0.65,1.37,1.7225,6.36,,,-0.34,"Zhang, X., Zhang, Y., Ngo, H.H., Guo, W., Wen, H., Zhang, D., Li, C., Qi, L. 2020b. Characterization and sulfonamide antibiotics adsorption capacity of spent coffee grounds based biochar and hydrochar. SCIENCE OF THE TOTAL ENVIRONMENT, 716."
Sulfamethoxazole,2.29,0.005641,9.87,75.39,15.09,4.81,3.48,3.33,0.05,298,8,0.03019427,0.4816,253.28,1.89,2.23,0.58,1.29,1.7244,1.6,5.7,,0.48,"Zhang, X., Zhang, Y., Ngo, H.H., Guo, W., Wen, H., Zhang, D., Li, C., Qi, L. 2020b. Characterization and sulfonamide antibiotics adsorption capacity of spent coffee grounds based biochar and hydrochar. SCIENCE OF THE TOTAL ENVIRONMENT, 716."
Sulfamethoxazole,2.29,0.005641,9.87,75.39,15.09,4.81,3.48,3.33,0.1,298,8,0.05478241,0.4816,253.28,1.89,2.23,0.58,1.29,1.7244,1.6,5.7,,0.48,"Zhang, X., Zhang, Y., Ngo, H.H., Guo, W., Wen, H., Zhang, D., Li, C., Qi, L. 2020b. Characterization and sulfonamide antibiotics adsorption capacity of spent coffee grounds based biochar and hydrochar. SCIENCE OF THE TOTAL ENVIRONMENT, 716."
Sulfamethoxazole,2.29,0.005641,9.87,75.39,15.09,4.81,3.48,3.33,0.5,298,8,0.13102929,0.4816,253.28,1.89,2.23,0.58,1.29,1.7244,1.6,5.7,,0.48,"Zhang, X., Zhang, Y., Ngo, H.H., Guo, W., Wen, H., Zhang, D., Li, C., Qi, L. 2020b. Characterization and sulfonamide antibiotics adsorption capacity of spent coffee grounds based biochar and hydrochar. SCIENCE OF THE TOTAL ENVIRONMENT, 716."
Sulfamethoxazole,2.29,0.005641,9.87,75.39,15.09,4.81,3.48,3.33,1,298,8,0.19734635,0.4816,253.28,1.89,2.23,0.58,1.29,1.7244,1.6,5.7,,0.48,"Zhang, X., Zhang, Y., Ngo, H.H., Guo, W., Wen, H., Zhang, D., Li, C., Qi, L. 2020b. Characterization and sulfonamide antibiotics adsorption capacity of spent coffee grounds based biochar and hydrochar. SCIENCE OF THE TOTAL ENVIRONMENT, 716."
Sulfamethoxazole,2.29,0.005641,9.87,75.39,15.09,4.81,3.48,3.33,2,298,6.9,0.3467666,0.4816,253.28,1.89,2.23,0.58,1.29,1.7244,1.6,5.7,,0.48,"Zhang, X., Zhang, Y., Ngo, H.H., Guo, W., Wen, H., Zhang, D., Li, C., Qi, L. 2020b. Characterization and sulfonamide antibiotics adsorption capacity of spent coffee grounds based biochar and hydrochar. SCIENCE OF THE TOTAL ENVIRONMENT, 716."
Sulfamethoxazole,326.5,0.216,2.6,66.4,29.2,2.439583778,3.6,0.5,21.24907055,298,7,31.3699611,49.3,253.28,1.89,2.23,0.58,1.29,1.7244,1.6,5.7,,0.48,"Yang, Y., Ling, Y., Wang, L., Sun, P., Zhao, L., Wang, H. 2023. Mechanism of sulfamethoxazole adsorption on wastewater-sludge-based biochar: Sludge type and modification improvement. KOREAN JOURNAL OF CHEMICAL ENGINEERING, 40(5), 1094-1102."
Sulfamethoxazole,326.5,0.216,2.6,66.4,29.2,2.439583778,3.6,0.5,46.70779853,298,7,46.35733706,49.3,253.28,1.89,2.23,0.58,1.29,1.7244,1.6,5.7,,0.48,"Yang, Y., Ling, Y., Wang, L., Sun, P., Zhao, L., Wang, H. 2023. Mechanism of sulfamethoxazole adsorption on wastewater-sludge-based biochar: Sludge type and modification improvement. KOREAN JOURNAL OF CHEMICAL ENGINEERING, 40(5), 1094-1102."
Sulfamethoxazole,326.5,0.216,2.6,66.4,29.2,2.439583778,3.6,0.5,69.74971991,298,7,47.45459982,49.3,253.28,1.89,2.23,0.58,1.29,1.7244,1.6,5.7,,0.48,"Yang, Y., Ling, Y., Wang, L., Sun, P., Zhao, L., Wang, H. 2023. Mechanism of sulfamethoxazole adsorption on wastewater-sludge-based biochar: Sludge type and modification improvement. KOREAN JOURNAL OF CHEMICAL ENGINEERING, 40(5), 1094-1102."
Sulfamethoxazole,105.5,0.19,7.2,49.3,45.3,1.879158974,4.3,0.5,10.25078555,298,7,5.052311093,6.1,253.28,1.89,2.23,0.58,1.29,1.7244,1.6,5.7,,0.48,"Yang, Y., Ling, Y., Wang, L., Sun, P., Zhao, L., Wang, H. 2023. Mechanism of sulfamethoxazole adsorption on wastewater-sludge-based biochar: Sludge type and modification improvement. KOREAN JOURNAL OF CHEMICAL ENGINEERING, 40(5), 1094-1102."
Sulfamethoxazole,105.5,0.19,7.2,49.3,45.3,1.879158974,4.3,0.5,24.26946455,298,7,5.594569103,6.1,253.28,1.89,2.23,0.58,1.29,1.7244,1.6,5.7,,0.48,"Yang, Y., Ling, Y., Wang, L., Sun, P., Zhao, L., Wang, H. 2023. Mechanism of sulfamethoxazole adsorption on wastewater-sludge-based biochar: Sludge type and modification improvement. KOREAN JOURNAL OF CHEMICAL ENGINEERING, 40(5), 1094-1102."
Sulfamethoxazole,83.1,0.15,7.2,52.4,42.4,2.170041084,3.5,0.5,2.964048979,298,7,2.347017958,5.1,253.28,1.89,2.23,0.58,1.29,1.7244,1.6,5.7,,0.48,"Yang, Y., Ling, Y., Wang, L., Sun, P., Zhao, L., Wang, H. 2023. Mechanism of sulfamethoxazole adsorption on wastewater-sludge-based biochar: Sludge type and modification improvement. KOREAN JOURNAL OF CHEMICAL ENGINEERING, 40(5), 1094-1102."
Sulfamethoxazole,83.1,0.15,7.2,52.4,42.4,2.170041084,3.5,0.5,9.698169096,298,7,3.828698193,5.1,253.28,1.89,2.23,0.58,1.29,1.7244,1.6,5.7,,0.48,"Yang, Y., Ling, Y., Wang, L., Sun, P., Zhao, L., Wang, H. 2023. Mechanism of sulfamethoxazole adsorption on wastewater-sludge-based biochar: Sludge type and modification improvement. KOREAN JOURNAL OF CHEMICAL ENGINEERING, 40(5), 1094-1102."
Sulfamethoxazole,83.1,0.15,7.2,52.4,42.4,2.170041084,3.5,0.5,24.24657437,298,7,4.779288735,5.1,253.28,1.89,2.23,0.58,1.29,1.7244,1.6,5.7,,0.48,"Yang, Y., Ling, Y., Wang, L., Sun, P., Zhao, L., Wang, H. 2023. Mechanism of sulfamethoxazole adsorption on wastewater-sludge-based biochar: Sludge type and modification improvement. KOREAN JOURNAL OF CHEMICAL ENGINEERING, 40(5), 1094-1102."
Sulfamethoxazole,97.3,0.146,6,58.4,34.9,2.467891216,4.3,0.5,3.149767129,298,7,1.712174257,4.3,253.28,1.89,2.23,0.58,1.29,1.7244,1.6,5.7,,0.48,"Yang, Y., Ling, Y., Wang, L., Sun, P., Zhao, L., Wang, H. 2023. Mechanism of sulfamethoxazole adsorption on wastewater-sludge-based biochar: Sludge type and modification improvement. KOREAN JOURNAL OF CHEMICAL ENGINEERING, 40(5), 1094-1102."
Sulfamethoxazole,97.3,0.146,6,58.4,34.9,2.467891216,4.3,0.5,9.581471394,298,7,2.707402788,4.3,253.28,1.89,2.23,0.58,1.29,1.7244,1.6,5.7,,0.48,"Yang, Y., Ling, Y., Wang, L., Sun, P., Zhao, L., Wang, H. 2023. Mechanism of sulfamethoxazole adsorption on wastewater-sludge-based biochar: Sludge type and modification improvement. KOREAN JOURNAL OF CHEMICAL ENGINEERING, 40(5), 1094-1102."
Sulfamethoxazole,97.3,0.146,6,58.4,34.9,2.467891216,4.3,0.5,24.19058971,298,7,3.779419416,4.3,253.28,1.89,2.23,0.58,1.29,1.7244,1.6,5.7,,0.48,"Yang, Y., Ling, Y., Wang, L., Sun, P., Zhao, L., Wang, H. 2023. Mechanism of sulfamethoxazole adsorption on wastewater-sludge-based biochar: Sludge type and modification improvement. KOREAN JOURNAL OF CHEMICAL ENGINEERING, 40(5), 1094-1102."
Sulfamethoxazole,535.9,0.077,2.118,74.11,7.9,2.66,0.99,0.4,130,278,5.4,280.8958,404.3,253.28,1.89,2.23,0.58,1.29,1.7244,1.6,5.7,,0.48,"Hu, W., Niu, Y., Shen, T., Dong, K., Wang, D. 2024. Magnetic biochar prepared by a dry process for the removal of sulfonamides antibiotics from aqueous solution. JOURNAL OF MOLECULAR LIQUIDS, 400."
Sulfamethoxazole,535.9,0.077,2.118,74.11,7.9,2.66,0.99,0.4,170,278,6.2,356.86999,404.3,253.28,1.89,2.23,0.58,1.29,1.7244,1.6,5.7,,0.48,"Hu, W., Niu, Y., Shen, T., Dong, K., Wang, D. 2024. Magnetic biochar prepared by a dry process for the removal of sulfonamides antibiotics from aqueous solution. JOURNAL OF MOLECULAR LIQUIDS, 400."
Sulfamethoxazole,535.9,0.077,2.118,74.11,7.9,2.66,0.99,0.4,200,278,5.8,370.9043,404.3,253.28,1.89,2.23,0.58,1.29,1.7244,1.6,5.7,,0.48,"Hu, W., Niu, Y., Shen, T., Dong, K., Wang, D. 2024. Magnetic biochar prepared by a dry process for the removal of sulfonamides antibiotics from aqueous solution. JOURNAL OF MOLECULAR LIQUIDS, 400."
Sulfamethoxazole,535.9,0.077,2.118,74.11,7.9,2.66,0.99,0.4,250,278,6.2,385.2085,404.3,253.28,1.89,2.23,0.58,1.29,1.7244,1.6,5.7,,0.48,"Hu, W., Niu, Y., Shen, T., Dong, K., Wang, D. 2024. Magnetic biochar prepared by a dry process for the removal of sulfonamides antibiotics from aqueous solution. JOURNAL OF MOLECULAR LIQUIDS, 400."
Sulfamethoxazole,535.9,0.077,2.118,74.11,7.9,2.66,0.99,0.4,300,278,5.8,388.31225,404.3,253.28,1.89,2.23,0.58,1.29,1.7244,1.6,5.7,,0.48,"Hu, W., Niu, Y., Shen, T., Dong, K., Wang, D. 2024. Magnetic biochar prepared by a dry process for the removal of sulfonamides antibiotics from aqueous solution. JOURNAL OF MOLECULAR LIQUIDS, 400."
Sulfamethoxazole,535.9,0.077,2.118,74.11,7.9,2.66,0.99,0.4,130,293,5.4,290.34197,414.2,253.28,1.89,2.23,0.58,1.29,1.7244,1.6,5.7,,0.48,"Hu, W., Niu, Y., Shen, T., Dong, K., Wang, D. 2024. Magnetic biochar prepared by a dry process for the removal of sulfonamides antibiotics from aqueous solution. JOURNAL OF MOLECULAR LIQUIDS, 400."
Sulfamethoxazole,535.9,0.077,2.118,74.11,7.9,2.66,0.99,0.4,170,293,6.2,362.5377,414.2,253.28,1.89,2.23,0.58,1.29,1.7244,1.6,5.7,,0.48,"Hu, W., Niu, Y., Shen, T., Dong, K., Wang, D. 2024. Magnetic biochar prepared by a dry process for the removal of sulfonamides antibiotics from aqueous solution. JOURNAL OF MOLECULAR LIQUIDS, 400."
Sulfamethoxazole,535.9,0.077,2.118,74.11,7.9,2.66,0.99,0.4,200,293,5.8,378.86608,414.2,253.28,1.89,2.23,0.58,1.29,1.7244,1.6,5.7,,0.48,"Hu, W., Niu, Y., Shen, T., Dong, K., Wang, D. 2024. Magnetic biochar prepared by a dry process for the removal of sulfonamides antibiotics from aqueous solution. JOURNAL OF MOLECULAR LIQUIDS, 400."
Sulfamethoxazole,535.9,0.077,2.118,74.11,7.9,2.66,0.99,0.4,250,293,6.2,390.47137,414.2,253.28,1.89,2.23,0.58,1.29,1.7244,1.6,5.7,,0.48,"Hu, W., Niu, Y., Shen, T., Dong, K., Wang, D. 2024. Magnetic biochar prepared by a dry process for the removal of sulfonamides antibiotics from aqueous solution. JOURNAL OF MOLECULAR LIQUIDS, 400."
Sulfamethoxazole,535.9,0.077,2.118,74.11,7.9,2.66,0.99,0.4,300,293,5.8,396.00413,414.2,253.28,1.89,2.23,0.58,1.29,1.7244,1.6,5.7,,0.48,"Hu, W., Niu, Y., Shen, T., Dong, K., Wang, D. 2024. Magnetic biochar prepared by a dry process for the removal of sulfonamides antibiotics from aqueous solution. JOURNAL OF MOLECULAR LIQUIDS, 400."
Sulfamethoxazole,535.9,0.077,2.118,74.11,7.9,2.66,0.99,0.4,130,308,5.4,297.35912,419.8,253.28,1.89,2.23,0.58,1.29,1.7244,1.6,5.7,,0.48,"Hu, W., Niu, Y., Shen, T., Dong, K., Wang, D. 2024. Magnetic biochar prepared by a dry process for the removal of sulfonamides antibiotics from aqueous solution. JOURNAL OF MOLECULAR LIQUIDS, 400."
Sulfamethoxazole,535.9,0.077,2.118,74.11,7.9,2.66,0.99,0.4,170,308,6.2,371.17419,419.8,253.28,1.89,2.23,0.58,1.29,1.7244,1.6,5.7,,0.48,"Hu, W., Niu, Y., Shen, T., Dong, K., Wang, D. 2024. Magnetic biochar prepared by a dry process for the removal of sulfonamides antibiotics from aqueous solution. JOURNAL OF MOLECULAR LIQUIDS, 400."
Sulfamethoxazole,535.9,0.077,2.118,74.11,7.9,2.66,0.99,0.4,200,308,5.8,387.63752,419.8,253.28,1.89,2.23,0.58,1.29,1.7244,1.6,5.7,,0.48,"Hu, W., Niu, Y., Shen, T., Dong, K., Wang, D. 2024. Magnetic biochar prepared by a dry process for the removal of sulfonamides antibiotics from aqueous solution. JOURNAL OF MOLECULAR LIQUIDS, 400."
Sulfamethoxazole,535.9,0.077,2.118,74.11,7.9,2.66,0.99,0.4,250,308,6.2,416.51581,419.8,253.28,1.89,2.23,0.58,1.29,1.7244,1.6,5.7,,0.48,"Hu, W., Niu, Y., Shen, T., Dong, K., Wang, D. 2024. Magnetic biochar prepared by a dry process for the removal of sulfonamides antibiotics from aqueous solution. JOURNAL OF MOLECULAR LIQUIDS, 400."
Sulfamethoxazole,535.9,0.077,2.118,74.11,7.9,2.66,0.99,0.4,300,308,5.8,416.51581,419.8,253.28,1.89,2.23,0.58,1.29,1.7244,1.6,5.7,,0.48,"Hu, W., Niu, Y., Shen, T., Dong, K., Wang, D. 2024. Magnetic biochar prepared by a dry process for the removal of sulfonamides antibiotics from aqueous solution. JOURNAL OF MOLECULAR LIQUIDS, 400."
Sulfonamide,74.307,0.0078,7.268,73.56,9.85,2.93,9.86,0.5,15,300,5,14.86047,28.31,172.2,1.5,1.82,0.41,1.19,1.1969,10.43,,,-0.55,"Diao, Y., Shan, R., Li, M., Gu, J., Yuan, H., Chen, Y. 2023. Efficient Adsorption of a Sulfonamide Antibiotic in Aqueous Solutions with N-doped Magnetic Biochar: Performance, Mechanism, and Reusability. ACS OMEGA, 8(1), 879-892."
Sulfonamide,74.307,0.0078,7.268,73.56,9.85,2.93,9.86,0.5,20,300.03,5,15.52896,28.31,172.2,1.5,1.82,0.41,1.19,1.1969,10.43,,,-0.55,"Diao, Y., Shan, R., Li, M., Gu, J., Yuan, H., Chen, Y. 2023. Efficient Adsorption of a Sulfonamide Antibiotic in Aqueous Solutions with N-doped Magnetic Biochar: Performance, Mechanism, and Reusability. ACS OMEGA, 8(1), 879-892."
Sulfonamide,74.307,0.0078,7.268,73.56,9.85,2.93,9.86,0.5,30,300,5,25.63658,28.31,172.2,1.5,1.82,0.41,1.19,1.1969,10.43,,,-0.55,"Diao, Y., Shan, R., Li, M., Gu, J., Yuan, H., Chen, Y. 2023. Efficient Adsorption of a Sulfonamide Antibiotic in Aqueous Solutions with N-doped Magnetic Biochar: Performance, Mechanism, and Reusability. ACS OMEGA, 8(1), 879-892."
Sulfonamide,74.307,0.0078,7.268,73.56,9.85,2.93,9.86,0.5,40,299,5,28.2036,28.31,172.2,1.5,1.82,0.41,1.19,1.1969,10.43,,,-0.55,"Diao, Y., Shan, R., Li, M., Gu, J., Yuan, H., Chen, Y. 2023. Efficient Adsorption of a Sulfonamide Antibiotic in Aqueous Solutions with N-doped Magnetic Biochar: Performance, Mechanism, and Reusability. ACS OMEGA, 8(1), 879-892."
Sulfonamide,287.614,0.136,1.89,82.23,10.72,3.2,0.45,0.5,15,300,5,14.03154,33.31,172.2,1.5,1.82,0.41,1.19,1.1969,10.43,,,-0.55,"Diao, Y., Shan, R., Li, M., Gu, J., Yuan, H., Chen, Y. 2023. Efficient Adsorption of a Sulfonamide Antibiotic in Aqueous Solutions with N-doped Magnetic Biochar: Performance, Mechanism, and Reusability. ACS OMEGA, 8(1), 879-892."
Sulfonamide,287.614,0.136,1.89,82.23,10.72,3.2,0.45,0.5,20,300.03,5,16.67877,33.31,172.2,1.5,1.82,0.41,1.19,1.1969,10.43,,,-0.55,"Diao, Y., Shan, R., Li, M., Gu, J., Yuan, H., Chen, Y. 2023. Efficient Adsorption of a Sulfonamide Antibiotic in Aqueous Solutions with N-doped Magnetic Biochar: Performance, Mechanism, and Reusability. ACS OMEGA, 8(1), 879-892."
Sulfonamide,287.614,0.136,1.89,82.23,10.72,3.2,0.45,0.5,30,300,5,28.09664,33.31,172.2,1.5,1.82,0.41,1.19,1.1969,10.43,,,-0.55,"Diao, Y., Shan, R., Li, M., Gu, J., Yuan, H., Chen, Y. 2023. Efficient Adsorption of a Sulfonamide Antibiotic in Aqueous Solutions with N-doped Magnetic Biochar: Performance, Mechanism, and Reusability. ACS OMEGA, 8(1), 879-892."
Sulfonamide,287.614,0.136,1.89,82.23,10.72,3.2,0.45,0.5,40,300,5,33.36437,33.31,172.2,1.5,1.82,0.41,1.19,1.1969,10.43,,,-0.55,"Diao, Y., Shan, R., Li, M., Gu, J., Yuan, H., Chen, Y. 2023. Efficient Adsorption of a Sulfonamide Antibiotic in Aqueous Solutions with N-doped Magnetic Biochar: Performance, Mechanism, and Reusability. ACS OMEGA, 8(1), 879-892."
Sulfonamide,288.063,0.161,2.475,18.7,25.69,0.93,0.27,0.5,15,300,5,19.11209,34.78,172.2,1.5,1.82,0.41,1.19,1.1969,10.43,,,-0.55,"Diao, Y., Shan, R., Li, M., Gu, J., Yuan, H., Chen, Y. 2023. Efficient Adsorption of a Sulfonamide Antibiotic in Aqueous Solutions with N-doped Magnetic Biochar: Performance, Mechanism, and Reusability. ACS OMEGA, 8(1), 879-892."
Sulfonamide,288.063,0.161,2.475,18.7,25.69,0.93,0.27,0.5,20,300.03,5,21.35822,34.78,172.2,1.5,1.82,0.41,1.19,1.1969,10.43,,,-0.55,"Diao, Y., Shan, R., Li, M., Gu, J., Yuan, H., Chen, Y. 2023. Efficient Adsorption of a Sulfonamide Antibiotic in Aqueous Solutions with N-doped Magnetic Biochar: Performance, Mechanism, and Reusability. ACS OMEGA, 8(1), 879-892."
Sulfonamide,288.063,0.161,2.475,18.7,25.69,0.93,0.27,0.5,30,300,5,29.19297,34.78,172.2,1.5,1.82,0.41,1.19,1.1969,10.43,,,-0.55,"Diao, Y., Shan, R., Li, M., Gu, J., Yuan, H., Chen, Y. 2023. Efficient Adsorption of a Sulfonamide Antibiotic in Aqueous Solutions with N-doped Magnetic Biochar: Performance, Mechanism, and Reusability. ACS OMEGA, 8(1), 879-892."
Sulfonamide,288.063,0.161,2.475,18.7,25.69,0.93,0.27,0.5,40,300,5,34.75483,34.78,172.2,1.5,1.82,0.41,1.19,1.1969,10.43,,,-0.55,"Diao, Y., Shan, R., Li, M., Gu, J., Yuan, H., Chen, Y. 2023. Efficient Adsorption of a Sulfonamide Antibiotic in Aqueous Solutions with N-doped Magnetic Biochar: Performance, Mechanism, and Reusability. ACS OMEGA, 8(1), 879-892."
Sulfonamide,318.203,0.149,1.473,31.95,34.31,1.67,5.08,0.5,15,301,5,19.67362,42.9,172.2,1.5,1.82,0.41,1.19,1.1969,10.43,,,-0.55,"Diao, Y., Shan, R., Li, M., Gu, J., Yuan, H., Chen, Y. 2023. Efficient Adsorption of a Sulfonamide Antibiotic in Aqueous Solutions with N-doped Magnetic Biochar: Performance, Mechanism, and Reusability. ACS OMEGA, 8(1), 879-892."
Sulfonamide,318.203,0.149,1.473,31.95,34.31,1.67,5.08,0.5,20,300.03,5,38.231,42.9,172.2,1.5,1.82,0.41,1.19,1.1969,10.43,,,-0.55,"Diao, Y., Shan, R., Li, M., Gu, J., Yuan, H., Chen, Y. 2023. Efficient Adsorption of a Sulfonamide Antibiotic in Aqueous Solutions with N-doped Magnetic Biochar: Performance, Mechanism, and Reusability. ACS OMEGA, 8(1), 879-892."
Sulfonamide,318.203,0.149,1.473,31.95,34.31,1.67,5.08,0.5,30,300,5,40.87823,42.9,172.2,1.5,1.82,0.41,1.19,1.1969,10.43,,,-0.55,"Diao, Y., Shan, R., Li, M., Gu, J., Yuan, H., Chen, Y. 2023. Efficient Adsorption of a Sulfonamide Antibiotic in Aqueous Solutions with N-doped Magnetic Biochar: Performance, Mechanism, and Reusability. ACS OMEGA, 8(1), 879-892."
Sulfonamide,318.203,0.149,1.473,31.95,34.31,1.67,5.08,0.5,40,300,5,42.99067,42.9,172.2,1.5,1.82,0.41,1.19,1.1969,10.43,,,-0.55,"Diao, Y., Shan, R., Li, M., Gu, J., Yuan, H., Chen, Y. 2023. Efficient Adsorption of a Sulfonamide Antibiotic in Aqueous Solutions with N-doped Magnetic Biochar: Performance, Mechanism, and Reusability. ACS OMEGA, 8(1), 879-892."
Sulfadiazine,69.02,0.1,3.938,14.63,4.4,0.65,0.27,1,10,308,7.4,2.40402,5.27,250.28,2.08,2.55,0.65,1.37,1.7225,6.36,,,-0.34,"Fan, Y., Huang, L., Wu, L., Zhang, C., Zhu, S., Xiao, X., Li, M., Zou, X. 2021. Adsorption of sulfonamides on biochars derived from waste residues and its mechanism. JOURNAL OF HAZARDOUS MATERIALS, 406."
Sulfadiazine,69.02,0.1,3.938,14.63,4.4,0.65,0.27,1,20,308,6.4,2.64168,5.27,250.28,2.08,2.55,0.65,1.37,1.7225,6.36,,,-0.34,"Fan, Y., Huang, L., Wu, L., Zhang, C., Zhu, S., Xiao, X., Li, M., Zou, X. 2021. Adsorption of sulfonamides on biochars derived from waste residues and its mechanism. JOURNAL OF HAZARDOUS MATERIALS, 406."
Sulfadiazine,69.02,0.1,3.938,14.63,4.4,0.65,0.27,1,30,308,6.4,3.08573,5.27,250.28,2.08,2.55,0.65,1.37,1.7225,6.36,,,-0.34,"Fan, Y., Huang, L., Wu, L., Zhang, C., Zhu, S., Xiao, X., Li, M., Zou, X. 2021. Adsorption of sulfonamides on biochars derived from waste residues and its mechanism. JOURNAL OF HAZARDOUS MATERIALS, 406."
Sulfadiazine,69.02,0.1,3.938,14.63,4.4,0.65,0.27,1,40,308,6,3.52352,5.27,250.28,2.08,2.55,0.65,1.37,1.7225,6.36,,,-0.34,"Fan, Y., Huang, L., Wu, L., Zhang, C., Zhu, S., Xiao, X., Li, M., Zou, X. 2021. Adsorption of sulfonamides on biochars derived from waste residues and its mechanism. JOURNAL OF HAZARDOUS MATERIALS, 406."
Sulfadiazine,69.02,0.1,3.938,14.63,4.4,0.65,0.27,1,50,308,6.6,4.22086,5.27,250.28,2.08,2.55,0.65,1.37,1.7225,6.36,,,-0.34,"Fan, Y., Huang, L., Wu, L., Zhang, C., Zhu, S., Xiao, X., Li, M., Zou, X. 2021. Adsorption of sulfonamides on biochars derived from waste residues and its mechanism. JOURNAL OF HAZARDOUS MATERIALS, 406."
Sulfadiazine,69.02,0.1,3.938,14.63,4.4,0.65,0.27,1,60,308,6.6,4.58361,5.27,250.28,2.08,2.55,0.65,1.37,1.7225,6.36,,,-0.34,"Fan, Y., Huang, L., Wu, L., Zhang, C., Zhu, S., Xiao, X., Li, M., Zou, X. 2021. Adsorption of sulfonamides on biochars derived from waste residues and its mechanism. JOURNAL OF HAZARDOUS MATERIALS, 406."
Sulfadiazine,69.02,0.1,3.938,14.63,4.4,0.65,0.27,1,70,308,6.6,4.86192,5.27,250.28,2.08,2.55,0.65,1.37,1.7225,6.36,,,-0.34,"Fan, Y., Huang, L., Wu, L., Zhang, C., Zhu, S., Xiao, X., Li, M., Zou, X. 2021. Adsorption of sulfonamides on biochars derived from waste residues and its mechanism. JOURNAL OF HAZARDOUS MATERIALS, 406."
Sulfadiazine,69.02,0.1,3.938,14.63,4.4,0.65,0.27,1,10,298,5.5,2.65731,5.36,250.28,2.08,2.55,0.65,1.37,1.7225,6.36,,,-0.34,"Fan, Y., Huang, L., Wu, L., Zhang, C., Zhu, S., Xiao, X., Li, M., Zou, X. 2021. Adsorption of sulfonamides on biochars derived from waste residues and its mechanism. JOURNAL OF HAZARDOUS MATERIALS, 406."
Sulfadiazine,69.02,0.1,3.938,14.63,4.4,0.65,0.27,1,20,298,5.2,2.76363,5.36,250.28,2.08,2.55,0.65,1.37,1.7225,6.36,,,-0.34,"Fan, Y., Huang, L., Wu, L., Zhang, C., Zhu, S., Xiao, X., Li, M., Zou, X. 2021. Adsorption of sulfonamides on biochars derived from waste residues and its mechanism. JOURNAL OF HAZARDOUS MATERIALS, 406."
Sulfadiazine,69.02,0.1,3.938,14.63,4.4,0.65,0.27,1,30,298,5.1,3.50788,5.36,250.28,2.08,2.55,0.65,1.37,1.7225,6.36,,,-0.34,"Fan, Y., Huang, L., Wu, L., Zhang, C., Zhu, S., Xiao, X., Li, M., Zou, X. 2021. Adsorption of sulfonamides on biochars derived from waste residues and its mechanism. JOURNAL OF HAZARDOUS MATERIALS, 406."
Sulfadiazine,69.02,0.1,3.938,14.63,4.4,0.65,0.27,1,40,298,5.7,3.98946,5.36,250.28,2.08,2.55,0.65,1.37,1.7225,6.36,,,-0.34,"Fan, Y., Huang, L., Wu, L., Zhang, C., Zhu, S., Xiao, X., Li, M., Zou, X. 2021. Adsorption of sulfonamides on biochars derived from waste residues and its mechanism. JOURNAL OF HAZARDOUS MATERIALS, 406."
Sulfadiazine,69.02,0.1,3.938,14.63,4.4,0.65,0.27,1,50,298,5.3,4.39598,5.36,250.28,2.08,2.55,0.65,1.37,1.7225,6.36,,,-0.34,"Fan, Y., Huang, L., Wu, L., Zhang, C., Zhu, S., Xiao, X., Li, M., Zou, X. 2021. Adsorption of sulfonamides on biochars derived from waste residues and its mechanism. JOURNAL OF HAZARDOUS MATERIALS, 406."
Sulfadiazine,69.02,0.1,3.938,14.63,4.4,0.65,0.27,1,60,298,6,4.73996,5.36,250.28,2.08,2.55,0.65,1.37,1.7225,6.36,,,-0.34,"Fan, Y., Huang, L., Wu, L., Zhang, C., Zhu, S., Xiao, X., Li, M., Zou, X. 2021. Adsorption of sulfonamides on biochars derived from waste residues and its mechanism. JOURNAL OF HAZARDOUS MATERIALS, 406."
Sulfadiazine,69.02,0.1,3.938,14.63,4.4,0.65,0.27,1,70,298,7,5.03704,5.36,250.28,2.08,2.55,0.65,1.37,1.7225,6.36,,,-0.34,"Fan, Y., Huang, L., Wu, L., Zhang, C., Zhu, S., Xiao, X., Li, M., Zou, X. 2021. Adsorption of sulfonamides on biochars derived from waste residues and its mechanism. JOURNAL OF HAZARDOUS MATERIALS, 406."
Sulfadiazine,69.02,0.1,3.938,14.63,4.4,0.65,0.27,1,10,288,8.2,2.70109,7.61,250.28,2.08,2.55,0.65,1.37,1.7225,6.36,,,-0.34,"Fan, Y., Huang, L., Wu, L., Zhang, C., Zhu, S., Xiao, X., Li, M., Zou, X. 2021. Adsorption of sulfonamides on biochars derived from waste residues and its mechanism. JOURNAL OF HAZARDOUS MATERIALS, 406."
Sulfadiazine,69.02,0.1,3.938,14.63,4.4,0.65,0.27,1,20,288,5.8,3.14827,7.61,250.28,2.08,2.55,0.65,1.37,1.7225,6.36,,,-0.34,"Fan, Y., Huang, L., Wu, L., Zhang, C., Zhu, S., Xiao, X., Li, M., Zou, X. 2021. Adsorption of sulfonamides on biochars derived from waste residues and its mechanism. JOURNAL OF HAZARDOUS MATERIALS, 406."
Sulfadiazine,69.02,0.1,3.938,14.63,4.4,0.65,0.27,1,30,288,5.1,4.23025,7.61,250.28,2.08,2.55,0.65,1.37,1.7225,6.36,,,-0.34,"Fan, Y., Huang, L., Wu, L., Zhang, C., Zhu, S., Xiao, X., Li, M., Zou, X. 2021. Adsorption of sulfonamides on biochars derived from waste residues and its mechanism. JOURNAL OF HAZARDOUS MATERIALS, 406."
Sulfadiazine,69.02,0.1,3.938,14.63,4.4,0.65,0.27,1,40,288,5.7,5.11834,7.61,250.28,2.08,2.55,0.65,1.37,1.7225,6.36,,,-0.34,"Fan, Y., Huang, L., Wu, L., Zhang, C., Zhu, S., Xiao, X., Li, M., Zou, X. 2021. Adsorption of sulfonamides on biochars derived from waste residues and its mechanism. JOURNAL OF HAZARDOUS MATERIALS, 406."
Sulfadiazine,69.02,0.1,3.938,14.63,4.4,0.65,0.27,1,50,288,5.7,5.66871,7.61,250.28,2.08,2.55,0.65,1.37,1.7225,6.36,,,-0.34,"Fan, Y., Huang, L., Wu, L., Zhang, C., Zhu, S., Xiao, X., Li, M., Zou, X. 2021. Adsorption of sulfonamides on biochars derived from waste residues and its mechanism. JOURNAL OF HAZARDOUS MATERIALS, 406."
Sulfadiazine,69.02,0.1,3.938,14.63,4.4,0.65,0.27,1,60,288,6,5.96266,7.61,250.28,2.08,2.55,0.65,1.37,1.7225,6.36,,,-0.34,"Fan, Y., Huang, L., Wu, L., Zhang, C., Zhu, S., Xiao, X., Li, M., Zou, X. 2021. Adsorption of sulfonamides on biochars derived from waste residues and its mechanism. JOURNAL OF HAZARDOUS MATERIALS, 406."
Sulfadiazine,69.02,0.1,3.938,14.63,4.4,0.65,0.27,1,70,288,7,6.03459,7.61,250.28,2.08,2.55,0.65,1.37,1.7225,6.36,,,-0.34,"Fan, Y., Huang, L., Wu, L., Zhang, C., Zhu, S., Xiao, X., Li, M., Zou, X. 2021. Adsorption of sulfonamides on biochars derived from waste residues and its mechanism. JOURNAL OF HAZARDOUS MATERIALS, 406."
Sulfadiazine,417.3,0.082,3.71,64.36,4.1,1.29,0.79,1,20,288,4.4,14.1259,20.03,250.28,2.08,2.55,0.65,1.37,1.7225,6.36,,,-0.34,"Fan, Y., Huang, L., Wu, L., Zhang, C., Zhu, S., Xiao, X., Li, M., Zou, X. 2021. Adsorption of sulfonamides on biochars derived from waste residues and its mechanism. JOURNAL OF HAZARDOUS MATERIALS, 406."
Sulfadiazine,417.3,0.082,3.71,64.36,4.1,1.29,0.79,1,30,288,4.4,19.18806,20.03,250.28,2.08,2.55,0.65,1.37,1.7225,6.36,,,-0.34,"Fan, Y., Huang, L., Wu, L., Zhang, C., Zhu, S., Xiao, X., Li, M., Zou, X. 2021. Adsorption of sulfonamides on biochars derived from waste residues and its mechanism. JOURNAL OF HAZARDOUS MATERIALS, 406."
Sulfadiazine,417.3,0.082,3.71,64.36,4.1,1.29,0.79,1,40,288,4.4,19.37343,20.03,250.28,2.08,2.55,0.65,1.37,1.7225,6.36,,,-0.34,"Fan, Y., Huang, L., Wu, L., Zhang, C., Zhu, S., Xiao, X., Li, M., Zou, X. 2021. Adsorption of sulfonamides on biochars derived from waste residues and its mechanism. JOURNAL OF HAZARDOUS MATERIALS, 406."
Sulfadiazine,417.3,0.082,3.71,64.36,4.1,1.29,0.79,1,50,288,4.4,20.38586,20.03,250.28,2.08,2.55,0.65,1.37,1.7225,6.36,,,-0.34,"Fan, Y., Huang, L., Wu, L., Zhang, C., Zhu, S., Xiao, X., Li, M., Zou, X. 2021. Adsorption of sulfonamides on biochars derived from waste residues and its mechanism. JOURNAL OF HAZARDOUS MATERIALS, 406."
Sulfadiazine,417.3,0.082,3.71,64.36,4.1,1.29,0.79,1,60,288,4.6,21.36977,20.03,250.28,2.08,2.55,0.65,1.37,1.7225,6.36,,,-0.34,"Fan, Y., Huang, L., Wu, L., Zhang, C., Zhu, S., Xiao, X., Li, M., Zou, X. 2021. Adsorption of sulfonamides on biochars derived from waste residues and its mechanism. JOURNAL OF HAZARDOUS MATERIALS, 406."
Sulfadiazine,417.3,0.082,3.71,64.36,4.1,1.29,0.79,1,70,288,5,21.9972,20.03,250.28,2.08,2.55,0.65,1.37,1.7225,6.36,,,-0.34,"Fan, Y., Huang, L., Wu, L., Zhang, C., Zhu, S., Xiao, X., Li, M., Zou, X. 2021. Adsorption of sulfonamides on biochars derived from waste residues and its mechanism. JOURNAL OF HAZARDOUS MATERIALS, 406."
Sulfadiazine,417.3,0.082,3.71,64.36,4.1,1.29,0.79,1,20,298,4.6,16.64985,21.95,250.28,2.08,2.55,0.65,1.37,1.7225,6.36,,,-0.34,"Fan, Y., Huang, L., Wu, L., Zhang, C., Zhu, S., Xiao, X., Li, M., Zou, X. 2021. Adsorption of sulfonamides on biochars derived from waste residues and its mechanism. JOURNAL OF HAZARDOUS MATERIALS, 406."
Sulfadiazine,417.3,0.082,3.71,64.36,4.1,1.29,0.79,1,30,298,4.6,21.28422,21.95,250.28,2.08,2.55,0.65,1.37,1.7225,6.36,,,-0.34,"Fan, Y., Huang, L., Wu, L., Zhang, C., Zhu, S., Xiao, X., Li, M., Zou, X. 2021. Adsorption of sulfonamides on biochars derived from waste residues and its mechanism. JOURNAL OF HAZARDOUS MATERIALS, 406."
Sulfadiazine,417.3,0.082,3.71,64.36,4.1,1.29,0.79,1,40,298,4.5,22.80999,21.95,250.28,2.08,2.55,0.65,1.37,1.7225,6.36,,,-0.34,"Fan, Y., Huang, L., Wu, L., Zhang, C., Zhu, S., Xiao, X., Li, M., Zou, X. 2021. Adsorption of sulfonamides on biochars derived from waste residues and its mechanism. JOURNAL OF HAZARDOUS MATERIALS, 406."
Sulfadiazine,417.3,0.082,3.71,64.36,4.1,1.29,0.79,1,50,298,4.9,24.1504,21.95,250.28,2.08,2.55,0.65,1.37,1.7225,6.36,,,-0.34,"Fan, Y., Huang, L., Wu, L., Zhang, C., Zhu, S., Xiao, X., Li, M., Zou, X. 2021. Adsorption of sulfonamides on biochars derived from waste residues and its mechanism. JOURNAL OF HAZARDOUS MATERIALS, 406."
Sulfadiazine,417.3,0.082,3.71,64.36,4.1,1.29,0.79,1,60,298,5,25.33394,21.95,250.28,2.08,2.55,0.65,1.37,1.7225,6.36,,,-0.34,"Fan, Y., Huang, L., Wu, L., Zhang, C., Zhu, S., Xiao, X., Li, M., Zou, X. 2021. Adsorption of sulfonamides on biochars derived from waste residues and its mechanism. JOURNAL OF HAZARDOUS MATERIALS, 406."
Sulfadiazine,417.3,0.082,3.71,64.36,4.1,1.29,0.79,1,70,298,5.4,26.11822,21.95,250.28,2.08,2.55,0.65,1.37,1.7225,6.36,,,-0.34,"Fan, Y., Huang, L., Wu, L., Zhang, C., Zhu, S., Xiao, X., Li, M., Zou, X. 2021. Adsorption of sulfonamides on biochars derived from waste residues and its mechanism. JOURNAL OF HAZARDOUS MATERIALS, 406."
Sulfadiazine,417.3,0.082,3.71,64.36,4.1,1.29,0.79,1,20,308,5.7,17.5482,23.16,250.28,2.08,2.55,0.65,1.37,1.7225,6.36,,,-0.34,"Fan, Y., Huang, L., Wu, L., Zhang, C., Zhu, S., Xiao, X., Li, M., Zou, X. 2021. Adsorption of sulfonamides on biochars derived from waste residues and its mechanism. JOURNAL OF HAZARDOUS MATERIALS, 406."
Sulfadiazine,417.3,0.082,3.71,64.36,4.1,1.29,0.79,1,30,308,5.7,23.43742,23.16,250.28,2.08,2.55,0.65,1.37,1.7225,6.36,,,-0.34,"Fan, Y., Huang, L., Wu, L., Zhang, C., Zhu, S., Xiao, X., Li, M., Zou, X. 2021. Adsorption of sulfonamides on biochars derived from waste residues and its mechanism. JOURNAL OF HAZARDOUS MATERIALS, 406."
Sulfadiazine,417.3,0.082,3.71,64.36,4.1,1.29,0.79,1,40,308,5.7,24.49263,23.16,250.28,2.08,2.55,0.65,1.37,1.7225,6.36,,,-0.34,"Fan, Y., Huang, L., Wu, L., Zhang, C., Zhu, S., Xiao, X., Li, M., Zou, X. 2021. Adsorption of sulfonamides on biochars derived from waste residues and its mechanism. JOURNAL OF HAZARDOUS MATERIALS, 406."
Sulfadiazine,417.3,0.082,3.71,64.36,4.1,1.29,0.79,1,50,308,5.2,25.60488,23.16,250.28,2.08,2.55,0.65,1.37,1.7225,6.36,,,-0.34,"Fan, Y., Huang, L., Wu, L., Zhang, C., Zhu, S., Xiao, X., Li, M., Zou, X. 2021. Adsorption of sulfonamides on biochars derived from waste residues and its mechanism. JOURNAL OF HAZARDOUS MATERIALS, 406."
Sulfadiazine,417.3,0.082,3.71,64.36,4.1,1.29,0.79,1,60,308,5,26.67434,23.16,250.28,2.08,2.55,0.65,1.37,1.7225,6.36,,,-0.34,"Fan, Y., Huang, L., Wu, L., Zhang, C., Zhu, S., Xiao, X., Li, M., Zou, X. 2021. Adsorption of sulfonamides on biochars derived from waste residues and its mechanism. JOURNAL OF HAZARDOUS MATERIALS, 406."
Sulfadiazine,417.3,0.082,3.71,64.36,4.1,1.29,0.79,1,70,308,5.4,27.51566,23.16,250.28,2.08,2.55,0.65,1.37,1.7225,6.36,,,-0.34,"Fan, Y., Huang, L., Wu, L., Zhang, C., Zhu, S., Xiao, X., Li, M., Zou, X. 2021. Adsorption of sulfonamides on biochars derived from waste residues and its mechanism. JOURNAL OF HAZARDOUS MATERIALS, 406."
Sulfadiazine,374.7,0.127,3.722,50.59,2.05,1.43,0.01,1,20,288,4.6,14.98147,20.03,250.28,2.08,2.55,0.65,1.37,1.7225,6.36,,,-0.34,"Fan, Y., Huang, L., Wu, L., Zhang, C., Zhu, S., Xiao, X., Li, M., Zou, X. 2021. Adsorption of sulfonamides on biochars derived from waste residues and its mechanism. JOURNAL OF HAZARDOUS MATERIALS, 406."
Sulfadiazine,374.7,0.127,3.722,50.59,2.05,1.43,0.01,1,30,288,5,17.19171,20.03,250.28,2.08,2.55,0.65,1.37,1.7225,6.36,,,-0.34,"Fan, Y., Huang, L., Wu, L., Zhang, C., Zhu, S., Xiao, X., Li, M., Zou, X. 2021. Adsorption of sulfonamides on biochars derived from waste residues and its mechanism. JOURNAL OF HAZARDOUS MATERIALS, 406."
Sulfadiazine,374.7,0.127,3.722,50.59,2.05,1.43,0.01,1,40,288,4.6,20.15771,20.03,250.28,2.08,2.55,0.65,1.37,1.7225,6.36,,,-0.34,"Fan, Y., Huang, L., Wu, L., Zhang, C., Zhu, S., Xiao, X., Li, M., Zou, X. 2021. Adsorption of sulfonamides on biochars derived from waste residues and its mechanism. JOURNAL OF HAZARDOUS MATERIALS, 406."
Sulfadiazine,374.7,0.127,3.722,50.59,2.05,1.43,0.01,1,50,288,5.4,21.31274,20.03,250.28,2.08,2.55,0.65,1.37,1.7225,6.36,,,-0.34,"Fan, Y., Huang, L., Wu, L., Zhang, C., Zhu, S., Xiao, X., Li, M., Zou, X. 2021. Adsorption of sulfonamides on biochars derived from waste residues and its mechanism. JOURNAL OF HAZARDOUS MATERIALS, 406."
Sulfadiazine,374.7,0.127,3.722,50.59,2.05,1.43,0.01,1,60,288,5,22.51054,20.03,250.28,2.08,2.55,0.65,1.37,1.7225,6.36,,,-0.34,"Fan, Y., Huang, L., Wu, L., Zhang, C., Zhu, S., Xiao, X., Li, M., Zou, X. 2021. Adsorption of sulfonamides on biochars derived from waste residues and its mechanism. JOURNAL OF HAZARDOUS MATERIALS, 406."
Sulfadiazine,374.7,0.127,3.722,50.59,2.05,1.43,0.01,1,70,288,5.2,23.65131,20.03,250.28,2.08,2.55,0.65,1.37,1.7225,6.36,,,-0.34,"Fan, Y., Huang, L., Wu, L., Zhang, C., Zhu, S., Xiao, X., Li, M., Zou, X. 2021. Adsorption of sulfonamides on biochars derived from waste residues and its mechanism. JOURNAL OF HAZARDOUS MATERIALS, 406."
Sulfadiazine,374.7,0.127,3.722,50.59,2.05,1.43,0.01,1,20,298,4.4,16.07946,23.67,250.28,2.08,2.55,0.65,1.37,1.7225,6.36,,,-0.34,"Fan, Y., Huang, L., Wu, L., Zhang, C., Zhu, S., Xiao, X., Li, M., Zou, X. 2021. Adsorption of sulfonamides on biochars derived from waste residues and its mechanism. JOURNAL OF HAZARDOUS MATERIALS, 406."
Sulfadiazine,374.7,0.127,3.722,50.59,2.05,1.43,0.01,1,30,298,4.3,18.87434,23.67,250.28,2.08,2.55,0.65,1.37,1.7225,6.36,,,-0.34,"Fan, Y., Huang, L., Wu, L., Zhang, C., Zhu, S., Xiao, X., Li, M., Zou, X. 2021. Adsorption of sulfonamides on biochars derived from waste residues and its mechanism. JOURNAL OF HAZARDOUS MATERIALS, 406."
Sulfadiazine,374.7,0.127,3.722,50.59,2.05,1.43,0.01,1,40,298,4.3,21.84034,23.67,250.28,2.08,2.55,0.65,1.37,1.7225,6.36,,,-0.34,"Fan, Y., Huang, L., Wu, L., Zhang, C., Zhu, S., Xiao, X., Li, M., Zou, X. 2021. Adsorption of sulfonamides on biochars derived from waste residues and its mechanism. JOURNAL OF HAZARDOUS MATERIALS, 406."
Sulfadiazine,374.7,0.127,3.722,50.59,2.05,1.43,0.01,1,50,298,4.9,22.23961,23.67,250.28,2.08,2.55,0.65,1.37,1.7225,6.36,,,-0.34,"Fan, Y., Huang, L., Wu, L., Zhang, C., Zhu, S., Xiao, X., Li, M., Zou, X. 2021. Adsorption of sulfonamides on biochars derived from waste residues and its mechanism. JOURNAL OF HAZARDOUS MATERIALS, 406."
Sulfadiazine,374.7,0.127,3.722,50.59,2.05,1.43,0.01,1,60,298,4.6,23.39464,23.67,250.28,2.08,2.55,0.65,1.37,1.7225,6.36,,,-0.34,"Fan, Y., Huang, L., Wu, L., Zhang, C., Zhu, S., Xiao, X., Li, M., Zou, X. 2021. Adsorption of sulfonamides on biochars derived from waste residues and its mechanism. JOURNAL OF HAZARDOUS MATERIALS, 406."
Sulfadiazine,374.7,0.127,3.722,50.59,2.05,1.43,0.01,1,70,298,5.2,24.49263,23.67,250.28,2.08,2.55,0.65,1.37,1.7225,6.36,,,-0.34,"Fan, Y., Huang, L., Wu, L., Zhang, C., Zhu, S., Xiao, X., Li, M., Zou, X. 2021. Adsorption of sulfonamides on biochars derived from waste residues and its mechanism. JOURNAL OF HAZARDOUS MATERIALS, 406."
Sulfadiazine,374.7,0.127,3.722,50.59,2.05,1.43,0.01,1,20,308,4.6,16.63559,24.74,250.28,2.08,2.55,0.65,1.37,1.7225,6.36,,,-0.34,"Fan, Y., Huang, L., Wu, L., Zhang, C., Zhu, S., Xiao, X., Li, M., Zou, X. 2021. Adsorption of sulfonamides on biochars derived from waste residues and its mechanism. JOURNAL OF HAZARDOUS MATERIALS, 406."
Sulfadiazine,374.7,0.127,3.722,50.59,2.05,1.43,0.01,1,30,308,5,19.74418,24.74,250.28,2.08,2.55,0.65,1.37,1.7225,6.36,,,-0.34,"Fan, Y., Huang, L., Wu, L., Zhang, C., Zhu, S., Xiao, X., Li, M., Zou, X. 2021. Adsorption of sulfonamides on biochars derived from waste residues and its mechanism. JOURNAL OF HAZARDOUS MATERIALS, 406."
Sulfadiazine,374.7,0.127,3.722,50.59,2.05,1.43,0.01,1,40,308,4.6,22.5961,24.74,250.28,2.08,2.55,0.65,1.37,1.7225,6.36,,,-0.34,"Fan, Y., Huang, L., Wu, L., Zhang, C., Zhu, S., Xiao, X., Li, M., Zou, X. 2021. Adsorption of sulfonamides on biochars derived from waste residues and its mechanism. JOURNAL OF HAZARDOUS MATERIALS, 406."
Sulfadiazine,374.7,0.127,3.722,50.59,2.05,1.43,0.01,1,50,308,5.4,23.66557,24.74,250.28,2.08,2.55,0.65,1.37,1.7225,6.36,,,-0.34,"Fan, Y., Huang, L., Wu, L., Zhang, C., Zhu, S., Xiao, X., Li, M., Zou, X. 2021. Adsorption of sulfonamides on biochars derived from waste residues and its mechanism. JOURNAL OF HAZARDOUS MATERIALS, 406."
Sulfadiazine,374.7,0.127,3.722,50.59,2.05,1.43,0.01,1,60,308,5,24.79208,24.74,250.28,2.08,2.55,0.65,1.37,1.7225,6.36,,,-0.34,"Fan, Y., Huang, L., Wu, L., Zhang, C., Zhu, S., Xiao, X., Li, M., Zou, X. 2021. Adsorption of sulfonamides on biochars derived from waste residues and its mechanism. JOURNAL OF HAZARDOUS MATERIALS, 406."
Sulfadiazine,374.7,0.127,3.722,50.59,2.05,1.43,0.01,1,70,308,5.2,26.04692,24.74,250.28,2.08,2.55,0.65,1.37,1.7225,6.36,,,-0.34,"Fan, Y., Huang, L., Wu, L., Zhang, C., Zhu, S., Xiao, X., Li, M., Zou, X. 2021. Adsorption of sulfonamides on biochars derived from waste residues and its mechanism. JOURNAL OF HAZARDOUS MATERIALS, 406."
Sulfathiazole,69.02,0.1,3.938,14.63,4.4,0.65,0.27,1,10,308,7.4,3.66237,5.74,255.32,2.11,2.5,0.68,1.4,1.6883,2.2,7.24,,0.72,"Fan, Y., Huang, L., Wu, L., Zhang, C., Zhu, S., Xiao, X., Li, M., Zou, X. 2021. Adsorption of sulfonamides on biochars derived from waste residues and its mechanism. JOURNAL OF HAZARDOUS MATERIALS, 406."
Sulfathiazole,69.02,0.1,3.938,14.63,4.4,0.65,0.27,1,20,308,6.4,3.88237,5.74,255.32,2.11,2.5,0.68,1.4,1.6883,2.2,7.24,,0.72,"Fan, Y., Huang, L., Wu, L., Zhang, C., Zhu, S., Xiao, X., Li, M., Zou, X. 2021. Adsorption of sulfonamides on biochars derived from waste residues and its mechanism. JOURNAL OF HAZARDOUS MATERIALS, 406."
Sulfathiazole,69.02,0.1,3.938,14.63,4.4,0.65,0.27,1,30,308,6.4,4.66461,5.74,255.32,2.11,2.5,0.68,1.4,1.6883,2.2,7.24,,0.72,"Fan, Y., Huang, L., Wu, L., Zhang, C., Zhu, S., Xiao, X., Li, M., Zou, X. 2021. Adsorption of sulfonamides on biochars derived from waste residues and its mechanism. JOURNAL OF HAZARDOUS MATERIALS, 406."
Sulfathiazole,69.02,0.1,3.938,14.63,4.4,0.65,0.27,1,40,308,6,4.97017,5.74,255.32,2.11,2.5,0.68,1.4,1.6883,2.2,7.24,,0.72,"Fan, Y., Huang, L., Wu, L., Zhang, C., Zhu, S., Xiao, X., Li, M., Zou, X. 2021. Adsorption of sulfonamides on biochars derived from waste residues and its mechanism. JOURNAL OF HAZARDOUS MATERIALS, 406."
Sulfathiazole,69.02,0.1,3.938,14.63,4.4,0.65,0.27,1,50,308,6.6,5.28185,5.74,255.32,2.11,2.5,0.68,1.4,1.6883,2.2,7.24,,0.72,"Fan, Y., Huang, L., Wu, L., Zhang, C., Zhu, S., Xiao, X., Li, M., Zou, X. 2021. Adsorption of sulfonamides on biochars derived from waste residues and its mechanism. JOURNAL OF HAZARDOUS MATERIALS, 406."
Sulfathiazole,69.02,0.1,3.938,14.63,4.4,0.65,0.27,1,60,308,6.6,5.72186,5.74,255.32,2.11,2.5,0.68,1.4,1.6883,2.2,7.24,,0.72,"Fan, Y., Huang, L., Wu, L., Zhang, C., Zhu, S., Xiao, X., Li, M., Zou, X. 2021. Adsorption of sulfonamides on biochars derived from waste residues and its mechanism. JOURNAL OF HAZARDOUS MATERIALS, 406."
Sulfathiazole,69.02,0.1,3.938,14.63,4.4,0.65,0.27,1,70,308,6.6,6.00909,5.74,255.32,2.11,2.5,0.68,1.4,1.6883,2.2,7.24,,0.72,"Fan, Y., Huang, L., Wu, L., Zhang, C., Zhu, S., Xiao, X., Li, M., Zou, X. 2021. Adsorption of sulfonamides on biochars derived from waste residues and its mechanism. JOURNAL OF HAZARDOUS MATERIALS, 406."
Sulfathiazole,69.02,0.1,3.938,14.63,4.4,0.65,0.27,1,10,298,5.5,3.90682,6.87,255.32,2.11,2.5,0.68,1.4,1.6883,2.2,7.24,,0.72,"Fan, Y., Huang, L., Wu, L., Zhang, C., Zhu, S., Xiao, X., Li, M., Zou, X. 2021. Adsorption of sulfonamides on biochars derived from waste residues and its mechanism. JOURNAL OF HAZARDOUS MATERIALS, 406."
Sulfathiazole,69.02,0.1,3.938,14.63,4.4,0.65,0.27,1,20,298,5.2,4.03515,6.87,255.32,2.11,2.5,0.68,1.4,1.6883,2.2,7.24,,0.72,"Fan, Y., Huang, L., Wu, L., Zhang, C., Zhu, S., Xiao, X., Li, M., Zou, X. 2021. Adsorption of sulfonamides on biochars derived from waste residues and its mechanism. JOURNAL OF HAZARDOUS MATERIALS, 406."
Sulfathiazole,69.02,0.1,3.938,14.63,4.4,0.65,0.27,1,30,298,5.1,5.22074,6.87,255.32,2.11,2.5,0.68,1.4,1.6883,2.2,7.24,,0.72,"Fan, Y., Huang, L., Wu, L., Zhang, C., Zhu, S., Xiao, X., Li, M., Zou, X. 2021. Adsorption of sulfonamides on biochars derived from waste residues and its mechanism. JOURNAL OF HAZARDOUS MATERIALS, 406."
Sulfathiazole,69.02,0.1,3.938,14.63,4.4,0.65,0.27,1,40,298,5.7,6.24132,6.87,255.32,2.11,2.5,0.68,1.4,1.6883,2.2,7.24,,0.72,"Fan, Y., Huang, L., Wu, L., Zhang, C., Zhu, S., Xiao, X., Li, M., Zou, X. 2021. Adsorption of sulfonamides on biochars derived from waste residues and its mechanism. JOURNAL OF HAZARDOUS MATERIALS, 406."
Sulfathiazole,69.02,0.1,3.938,14.63,4.4,0.65,0.27,1,50,298,5.3,6.44299,6.87,255.32,2.11,2.5,0.68,1.4,1.6883,2.2,7.24,,0.72,"Fan, Y., Huang, L., Wu, L., Zhang, C., Zhu, S., Xiao, X., Li, M., Zou, X. 2021. Adsorption of sulfonamides on biochars derived from waste residues and its mechanism. JOURNAL OF HAZARDOUS MATERIALS, 406."
Sulfathiazole,69.02,0.1,3.938,14.63,4.4,0.65,0.27,1,60,298,6,6.59577,6.87,255.32,2.11,2.5,0.68,1.4,1.6883,2.2,7.24,,0.72,"Fan, Y., Huang, L., Wu, L., Zhang, C., Zhu, S., Xiao, X., Li, M., Zou, X. 2021. Adsorption of sulfonamides on biochars derived from waste residues and its mechanism. JOURNAL OF HAZARDOUS MATERIALS, 406."
Sulfathiazole,69.02,0.1,3.938,14.63,4.4,0.65,0.27,1,70,298,7,6.74244,6.87,255.32,2.11,2.5,0.68,1.4,1.6883,2.2,7.24,,0.72,"Fan, Y., Huang, L., Wu, L., Zhang, C., Zhu, S., Xiao, X., Li, M., Zou, X. 2021. Adsorption of sulfonamides on biochars derived from waste residues and its mechanism. JOURNAL OF HAZARDOUS MATERIALS, 406."
Sulfathiazole,69.02,0.1,3.938,14.63,4.4,0.65,0.27,1,10,288,8.2,5.33685,10.73,255.32,2.11,2.5,0.68,1.4,1.6883,2.2,7.24,,0.72,"Fan, Y., Huang, L., Wu, L., Zhang, C., Zhu, S., Xiao, X., Li, M., Zou, X. 2021. Adsorption of sulfonamides on biochars derived from waste residues and its mechanism. JOURNAL OF HAZARDOUS MATERIALS, 406."
Sulfathiazole,69.02,0.1,3.938,14.63,4.4,0.65,0.27,1,20,288,5.8,5.65464,10.73,255.32,2.11,2.5,0.68,1.4,1.6883,2.2,7.24,,0.72,"Fan, Y., Huang, L., Wu, L., Zhang, C., Zhu, S., Xiao, X., Li, M., Zou, X. 2021. Adsorption of sulfonamides on biochars derived from waste residues and its mechanism. JOURNAL OF HAZARDOUS MATERIALS, 406."
Sulfathiazole,69.02,0.1,3.938,14.63,4.4,0.65,0.27,1,30,288,5.1,6.40021,10.73,255.32,2.11,2.5,0.68,1.4,1.6883,2.2,7.24,,0.72,"Fan, Y., Huang, L., Wu, L., Zhang, C., Zhu, S., Xiao, X., Li, M., Zou, X. 2021. Adsorption of sulfonamides on biochars derived from waste residues and its mechanism. JOURNAL OF HAZARDOUS MATERIALS, 406."
Sulfathiazole,69.02,0.1,3.938,14.63,4.4,0.65,0.27,1,40,288,5.7,8.84471,10.73,255.32,2.11,2.5,0.68,1.4,1.6883,2.2,7.24,,0.72,"Fan, Y., Huang, L., Wu, L., Zhang, C., Zhu, S., Xiao, X., Li, M., Zou, X. 2021. Adsorption of sulfonamides on biochars derived from waste residues and its mechanism. JOURNAL OF HAZARDOUS MATERIALS, 406."
Sulfathiazole,69.02,0.1,3.938,14.63,4.4,0.65,0.27,1,50,288,5.7,9.71251,10.73,255.32,2.11,2.5,0.68,1.4,1.6883,2.2,7.24,,0.72,"Fan, Y., Huang, L., Wu, L., Zhang, C., Zhu, S., Xiao, X., Li, M., Zou, X. 2021. Adsorption of sulfonamides on biochars derived from waste residues and its mechanism. JOURNAL OF HAZARDOUS MATERIALS, 406."
Sulfathiazole,69.02,0.1,3.938,14.63,4.4,0.65,0.27,1,60,288,6,10.39697,10.73,255.32,2.11,2.5,0.68,1.4,1.6883,2.2,7.24,,0.72,"Fan, Y., Huang, L., Wu, L., Zhang, C., Zhu, S., Xiao, X., Li, M., Zou, X. 2021. Adsorption of sulfonamides on biochars derived from waste residues and its mechanism. JOURNAL OF HAZARDOUS MATERIALS, 406."
Sulfathiazole,69.02,0.1,3.938,14.63,4.4,0.65,0.27,1,70,288,7,10.92865,10.73,255.32,2.11,2.5,0.68,1.4,1.6883,2.2,7.24,,0.72,"Fan, Y., Huang, L., Wu, L., Zhang, C., Zhu, S., Xiao, X., Li, M., Zou, X. 2021. Adsorption of sulfonamides on biochars derived from waste residues and its mechanism. JOURNAL OF HAZARDOUS MATERIALS, 406."
Sulfathiazole,417.3,0.082,3.71,64.36,4.1,1.29,0.79,1,30,288,4.4,18.62805,13.55,255.32,2.11,2.5,0.68,1.4,1.6883,2.2,7.24,,0.72,"Fan, Y., Huang, L., Wu, L., Zhang, C., Zhu, S., Xiao, X., Li, M., Zou, X. 2021. Adsorption of sulfonamides on biochars derived from waste residues and its mechanism. JOURNAL OF HAZARDOUS MATERIALS, 406."
Sulfathiazole,417.3,0.082,3.71,64.36,4.1,1.29,0.79,1,40,288,4.4,21.58966,13.55,255.32,2.11,2.5,0.68,1.4,1.6883,2.2,7.24,,0.72,"Fan, Y., Huang, L., Wu, L., Zhang, C., Zhu, S., Xiao, X., Li, M., Zou, X. 2021. Adsorption of sulfonamides on biochars derived from waste residues and its mechanism. JOURNAL OF HAZARDOUS MATERIALS, 406."
Sulfathiazole,417.3,0.082,3.71,64.36,4.1,1.29,0.79,1,50,288,4.4,22.57687,13.55,255.32,2.11,2.5,0.68,1.4,1.6883,2.2,7.24,,0.72,"Fan, Y., Huang, L., Wu, L., Zhang, C., Zhu, S., Xiao, X., Li, M., Zou, X. 2021. Adsorption of sulfonamides on biochars derived from waste residues and its mechanism. JOURNAL OF HAZARDOUS MATERIALS, 406."
Sulfathiazole,417.3,0.082,3.71,64.36,4.1,1.29,0.79,1,60,288,4.6,23.16021,13.55,255.32,2.11,2.5,0.68,1.4,1.6883,2.2,7.24,,0.72,"Fan, Y., Huang, L., Wu, L., Zhang, C., Zhu, S., Xiao, X., Li, M., Zou, X. 2021. Adsorption of sulfonamides on biochars derived from waste residues and its mechanism. JOURNAL OF HAZARDOUS MATERIALS, 406."
Sulfathiazole,417.3,0.082,3.71,64.36,4.1,1.29,0.79,1,70,288,5,23.48928,13.55,255.32,2.11,2.5,0.68,1.4,1.6883,2.2,7.24,,0.72,"Fan, Y., Huang, L., Wu, L., Zhang, C., Zhu, S., Xiao, X., Li, M., Zou, X. 2021. Adsorption of sulfonamides on biochars derived from waste residues and its mechanism. JOURNAL OF HAZARDOUS MATERIALS, 406."
Sulfathiazole,417.3,0.082,3.71,64.36,4.1,1.29,0.79,1,30,298,4.6,20.30331,15.48,255.32,2.11,2.5,0.68,1.4,1.6883,2.2,7.24,,0.72,"Fan, Y., Huang, L., Wu, L., Zhang, C., Zhu, S., Xiao, X., Li, M., Zou, X. 2021. Adsorption of sulfonamides on biochars derived from waste residues and its mechanism. JOURNAL OF HAZARDOUS MATERIALS, 406."
Sulfathiazole,417.3,0.082,3.71,64.36,4.1,1.29,0.79,1,40,298,4.5,22.38242,15.48,255.32,2.11,2.5,0.68,1.4,1.6883,2.2,7.24,,0.72,"Fan, Y., Huang, L., Wu, L., Zhang, C., Zhu, S., Xiao, X., Li, M., Zou, X. 2021. Adsorption of sulfonamides on biochars derived from waste residues and its mechanism. JOURNAL OF HAZARDOUS MATERIALS, 406."
Sulfathiazole,417.3,0.082,3.71,64.36,4.1,1.29,0.79,1,50,298,4.9,23.69869,15.48,255.32,2.11,2.5,0.68,1.4,1.6883,2.2,7.24,,0.72,"Fan, Y., Huang, L., Wu, L., Zhang, C., Zhu, S., Xiao, X., Li, M., Zou, X. 2021. Adsorption of sulfonamides on biochars derived from waste residues and its mechanism. JOURNAL OF HAZARDOUS MATERIALS, 406."
Sulfathiazole,417.3,0.082,3.71,64.36,4.1,1.29,0.79,1,60,298,5,24.6111,15.48,255.32,2.11,2.5,0.68,1.4,1.6883,2.2,7.24,,0.72,"Fan, Y., Huang, L., Wu, L., Zhang, C., Zhu, S., Xiao, X., Li, M., Zou, X. 2021. Adsorption of sulfonamides on biochars derived from waste residues and its mechanism. JOURNAL OF HAZARDOUS MATERIALS, 406."
Sulfathiazole,417.3,0.082,3.71,64.36,4.1,1.29,0.79,1,70,298,5.4,25.28419,15.48,255.32,2.11,2.5,0.68,1.4,1.6883,2.2,7.24,,0.72,"Fan, Y., Huang, L., Wu, L., Zhang, C., Zhu, S., Xiao, X., Li, M., Zou, X. 2021. Adsorption of sulfonamides on biochars derived from waste residues and its mechanism. JOURNAL OF HAZARDOUS MATERIALS, 406."
Sulfathiazole,417.3,0.082,3.71,64.36,4.1,1.29,0.79,1,30,308,5.7,21.58966,16.21,255.32,2.11,2.5,0.68,1.4,1.6883,2.2,7.24,,0.72,"Fan, Y., Huang, L., Wu, L., Zhang, C., Zhu, S., Xiao, X., Li, M., Zou, X. 2021. Adsorption of sulfonamides on biochars derived from waste residues and its mechanism. JOURNAL OF HAZARDOUS MATERIALS, 406."
Sulfathiazole,417.3,0.082,3.71,64.36,4.1,1.29,0.79,1,40,308,5.7,23.80339,16.21,255.32,2.11,2.5,0.68,1.4,1.6883,2.2,7.24,,0.72,"Fan, Y., Huang, L., Wu, L., Zhang, C., Zhu, S., Xiao, X., Li, M., Zou, X. 2021. Adsorption of sulfonamides on biochars derived from waste residues and its mechanism. JOURNAL OF HAZARDOUS MATERIALS, 406."
Sulfathiazole,417.3,0.082,3.71,64.36,4.1,1.29,0.79,1,50,308,5.2,25.28419,16.21,255.32,2.11,2.5,0.68,1.4,1.6883,2.2,7.24,,0.72,"Fan, Y., Huang, L., Wu, L., Zhang, C., Zhu, S., Xiao, X., Li, M., Zou, X. 2021. Adsorption of sulfonamides on biochars derived from waste residues and its mechanism. JOURNAL OF HAZARDOUS MATERIALS, 406."
Sulfathiazole,417.3,0.082,3.71,64.36,4.1,1.29,0.79,1,60,308,5,26.22652,16.21,255.32,2.11,2.5,0.68,1.4,1.6883,2.2,7.24,,0.72,"Fan, Y., Huang, L., Wu, L., Zhang, C., Zhu, S., Xiao, X., Li, M., Zou, X. 2021. Adsorption of sulfonamides on biochars derived from waste residues and its mechanism. JOURNAL OF HAZARDOUS MATERIALS, 406."
Sulfathiazole,417.3,0.082,3.71,64.36,4.1,1.29,0.79,1,70,308,5.4,26.95945,16.21,255.32,2.11,2.5,0.68,1.4,1.6883,2.2,7.24,,0.72,"Fan, Y., Huang, L., Wu, L., Zhang, C., Zhu, S., Xiao, X., Li, M., Zou, X. 2021. Adsorption of sulfonamides on biochars derived from waste residues and its mechanism. JOURNAL OF HAZARDOUS MATERIALS, 406."
Sulfathiazole,374.7,0.127,3.722,50.59,2.05,1.43,0.01,1,20,288,4.6,10.28598,23.38,255.32,2.11,2.5,0.68,1.4,1.6883,2.2,7.24,,0.72,"Fan, Y., Huang, L., Wu, L., Zhang, C., Zhu, S., Xiao, X., Li, M., Zou, X. 2021. Adsorption of sulfonamides on biochars derived from waste residues and its mechanism. JOURNAL OF HAZARDOUS MATERIALS, 406."
Sulfathiazole,374.7,0.127,3.722,50.59,2.05,1.43,0.01,1,30,288,5,12.23316,23.38,255.32,2.11,2.5,0.68,1.4,1.6883,2.2,7.24,,0.72,"Fan, Y., Huang, L., Wu, L., Zhang, C., Zhu, S., Xiao, X., Li, M., Zou, X. 2021. Adsorption of sulfonamides on biochars derived from waste residues and its mechanism. JOURNAL OF HAZARDOUS MATERIALS, 406."
Sulfathiazole,374.7,0.127,3.722,50.59,2.05,1.43,0.01,1,40,288,4.6,13.05386,23.38,255.32,2.11,2.5,0.68,1.4,1.6883,2.2,7.24,,0.72,"Fan, Y., Huang, L., Wu, L., Zhang, C., Zhu, S., Xiao, X., Li, M., Zou, X. 2021. Adsorption of sulfonamides on biochars derived from waste residues and its mechanism. JOURNAL OF HAZARDOUS MATERIALS, 406."
Sulfathiazole,374.7,0.127,3.722,50.59,2.05,1.43,0.01,1,50,288,5.4,13.03777,23.38,255.32,2.11,2.5,0.68,1.4,1.6883,2.2,7.24,,0.72,"Fan, Y., Huang, L., Wu, L., Zhang, C., Zhu, S., Xiao, X., Li, M., Zou, X. 2021. Adsorption of sulfonamides on biochars derived from waste residues and its mechanism. JOURNAL OF HAZARDOUS MATERIALS, 406."
Sulfathiazole,374.7,0.127,3.722,50.59,2.05,1.43,0.01,1,60,288,5,13.078,23.38,255.32,2.11,2.5,0.68,1.4,1.6883,2.2,7.24,,0.72,"Fan, Y., Huang, L., Wu, L., Zhang, C., Zhu, S., Xiao, X., Li, M., Zou, X. 2021. Adsorption of sulfonamides on biochars derived from waste residues and its mechanism. JOURNAL OF HAZARDOUS MATERIALS, 406."
Sulfathiazole,374.7,0.127,3.722,50.59,2.05,1.43,0.01,1,70,288,5.2,13.078,23.38,255.32,2.11,2.5,0.68,1.4,1.6883,2.2,7.24,,0.72,"Fan, Y., Huang, L., Wu, L., Zhang, C., Zhu, S., Xiao, X., Li, M., Zou, X. 2021. Adsorption of sulfonamides on biochars derived from waste residues and its mechanism. JOURNAL OF HAZARDOUS MATERIALS, 406."
Sulfathiazole,374.7,0.127,3.722,50.59,2.05,1.43,0.01,1,20,298,4.4,10.61588,25.16,255.32,2.11,2.5,0.68,1.4,1.6883,2.2,7.24,,0.72,"Fan, Y., Huang, L., Wu, L., Zhang, C., Zhu, S., Xiao, X., Li, M., Zou, X. 2021. Adsorption of sulfonamides on biochars derived from waste residues and its mechanism. JOURNAL OF HAZARDOUS MATERIALS, 406."
Sulfathiazole,374.7,0.127,3.722,50.59,2.05,1.43,0.01,1,30,298,4.3,13.12628,25.16,255.32,2.11,2.5,0.68,1.4,1.6883,2.2,7.24,,0.72,"Fan, Y., Huang, L., Wu, L., Zhang, C., Zhu, S., Xiao, X., Li, M., Zou, X. 2021. Adsorption of sulfonamides on biochars derived from waste residues and its mechanism. JOURNAL OF HAZARDOUS MATERIALS, 406."
Sulfathiazole,374.7,0.127,3.722,50.59,2.05,1.43,0.01,1,40,298,4.3,14.79184,25.16,255.32,2.11,2.5,0.68,1.4,1.6883,2.2,7.24,,0.72,"Fan, Y., Huang, L., Wu, L., Zhang, C., Zhu, S., Xiao, X., Li, M., Zou, X. 2021. Adsorption of sulfonamides on biochars derived from waste residues and its mechanism. JOURNAL OF HAZARDOUS MATERIALS, 406."
Sulfathiazole,374.7,0.127,3.722,50.59,2.05,1.43,0.01,1,50,298,4.9,14.85621,25.16,255.32,2.11,2.5,0.68,1.4,1.6883,2.2,7.24,,0.72,"Fan, Y., Huang, L., Wu, L., Zhang, C., Zhu, S., Xiao, X., Li, M., Zou, X. 2021. Adsorption of sulfonamides on biochars derived from waste residues and its mechanism. JOURNAL OF HAZARDOUS MATERIALS, 406."
Sulfathiazole,374.7,0.127,3.722,50.59,2.05,1.43,0.01,1,60,298,4.6,14.98494,25.16,255.32,2.11,2.5,0.68,1.4,1.6883,2.2,7.24,,0.72,"Fan, Y., Huang, L., Wu, L., Zhang, C., Zhu, S., Xiao, X., Li, M., Zou, X. 2021. Adsorption of sulfonamides on biochars derived from waste residues and its mechanism. JOURNAL OF HAZARDOUS MATERIALS, 406."
Sulfathiazole,374.7,0.127,3.722,50.59,2.05,1.43,0.01,1,70,298,5.2,15.00908,25.16,255.32,2.11,2.5,0.68,1.4,1.6883,2.2,7.24,,0.72,"Fan, Y., Huang, L., Wu, L., Zhang, C., Zhu, S., Xiao, X., Li, M., Zou, X. 2021. Adsorption of sulfonamides on biochars derived from waste residues and its mechanism. JOURNAL OF HAZARDOUS MATERIALS, 406."
Sulfathiazole,374.7,0.127,3.722,50.59,2.05,1.43,0.01,1,20,308,4.6,11.51705,26.95,255.32,2.11,2.5,0.68,1.4,1.6883,2.2,7.24,,0.72,"Fan, Y., Huang, L., Wu, L., Zhang, C., Zhu, S., Xiao, X., Li, M., Zou, X. 2021. Adsorption of sulfonamides on biochars derived from waste residues and its mechanism. JOURNAL OF HAZARDOUS MATERIALS, 406."
Sulfathiazole,374.7,0.127,3.722,50.59,2.05,1.43,0.01,1,30,308,5,13.35962,26.95,255.32,2.11,2.5,0.68,1.4,1.6883,2.2,7.24,,0.72,"Fan, Y., Huang, L., Wu, L., Zhang, C., Zhu, S., Xiao, X., Li, M., Zou, X. 2021. Adsorption of sulfonamides on biochars derived from waste residues and its mechanism. JOURNAL OF HAZARDOUS MATERIALS, 406."
Sulfathiazole,374.7,0.127,3.722,50.59,2.05,1.43,0.01,1,40,308,4.6,15.16196,26.95,255.32,2.11,2.5,0.68,1.4,1.6883,2.2,7.24,,0.72,"Fan, Y., Huang, L., Wu, L., Zhang, C., Zhu, S., Xiao, X., Li, M., Zou, X. 2021. Adsorption of sulfonamides on biochars derived from waste residues and its mechanism. JOURNAL OF HAZARDOUS MATERIALS, 406."
Sulfathiazole,374.7,0.127,3.722,50.59,2.05,1.43,0.01,1,50,308,5.4,15.54818,26.95,255.32,2.11,2.5,0.68,1.4,1.6883,2.2,7.24,,0.72,"Fan, Y., Huang, L., Wu, L., Zhang, C., Zhu, S., Xiao, X., Li, M., Zou, X. 2021. Adsorption of sulfonamides on biochars derived from waste residues and its mechanism. JOURNAL OF HAZARDOUS MATERIALS, 406."
Sulfathiazole,374.7,0.127,3.722,50.59,2.05,1.43,0.01,1,60,308,5,15.71715,26.95,255.32,2.11,2.5,0.68,1.4,1.6883,2.2,7.24,,0.72,"Fan, Y., Huang, L., Wu, L., Zhang, C., Zhu, S., Xiao, X., Li, M., Zou, X. 2021. Adsorption of sulfonamides on biochars derived from waste residues and its mechanism. JOURNAL OF HAZARDOUS MATERIALS, 406."
Sulfathiazole,374.7,0.127,3.722,50.59,2.05,1.43,0.01,1,70,308,5.2,15.94244,26.95,255.32,2.11,2.5,0.68,1.4,1.6883,2.2,7.24,,0.72,"Fan, Y., Huang, L., Wu, L., Zhang, C., Zhu, S., Xiao, X., Li, M., Zou, X. 2021. Adsorption of sulfonamides on biochars derived from waste residues and its mechanism. JOURNAL OF HAZARDOUS MATERIALS, 406."
Sulfadiazine,61.51,0.6908,5.71,87.75,6.94,2.7,0.13,0.25,80,298,6.5,1.77841,3.44,250.28,2.08,2.55,0.65,1.37,1.7225,6.36,,,-0.34,"Zhang, Z., Sun, L., Pei, Z., Li, H., Wang, L., Ma, J., Li, Y., Yang, R., Zhang, Q. 2023. New insight into the adsorption of sulfadiazine on graphite-like biochars prepared at different pyrolytic temperatures. JOURNAL OF CLEANER PRODUCTION, 413."
Sulfadiazine,331.3,0.1582,5.17,90.08,5.81,1.98,0.21,0.25,15,298,6.5,10.04759,17.87,250.28,2.08,2.55,0.65,1.37,1.7225,6.36,,,-0.34,"Zhang, Z., Sun, L., Pei, Z., Li, H., Wang, L., Ma, J., Li, Y., Yang, R., Zhang, Q. 2023. New insight into the adsorption of sulfadiazine on graphite-like biochars prepared at different pyrolytic temperatures. JOURNAL OF CLEANER PRODUCTION, 413."
Sulfadiazine,331.3,0.6618,5.17,90.08,5.81,1.98,0.21,0.25,20,298,6.5,9.55635,17.87,250.28,2.08,2.55,0.65,1.37,1.7225,6.36,,,-0.34,"Zhang, Z., Sun, L., Pei, Z., Li, H., Wang, L., Ma, J., Li, Y., Yang, R., Zhang, Q. 2023. New insight into the adsorption of sulfadiazine on graphite-like biochars prepared at different pyrolytic temperatures. JOURNAL OF CLEANER PRODUCTION, 413."
Sulfadiazine,331.3,0.2408,5.17,90.08,5.81,1.98,0.21,0.25,25,298,6.5,12.91315,17.87,250.28,2.08,2.55,0.65,1.37,1.7225,6.36,,,-0.34,"Zhang, Z., Sun, L., Pei, Z., Li, H., Wang, L., Ma, J., Li, Y., Yang, R., Zhang, Q. 2023. New insight into the adsorption of sulfadiazine on graphite-like biochars prepared at different pyrolytic temperatures. JOURNAL OF CLEANER PRODUCTION, 413."
Sulfadiazine,331.3,0.1708,5.17,90.08,5.81,1.98,0.21,0.25,30,298,6.5,12.7494,17.87,250.28,2.08,2.55,0.65,1.37,1.7225,6.36,,,-0.34,"Zhang, Z., Sun, L., Pei, Z., Li, H., Wang, L., Ma, J., Li, Y., Yang, R., Zhang, Q. 2023. New insight into the adsorption of sulfadiazine on graphite-like biochars prepared at different pyrolytic temperatures. JOURNAL OF CLEANER PRODUCTION, 413."
Sulfadiazine,331.3,0.1988,5.17,90.08,5.81,1.98,0.21,0.25,40,298,6.5,15.20559,17.87,250.28,2.08,2.55,0.65,1.37,1.7225,6.36,,,-0.34,"Zhang, Z., Sun, L., Pei, Z., Li, H., Wang, L., Ma, J., Li, Y., Yang, R., Zhang, Q. 2023. New insight into the adsorption of sulfadiazine on graphite-like biochars prepared at different pyrolytic temperatures. JOURNAL OF CLEANER PRODUCTION, 413."
Sulfadiazine,331.3,0.7072,5.17,90.08,5.81,1.98,0.21,0.25,50,298,6.5,14.95998,17.87,250.28,2.08,2.55,0.65,1.37,1.7225,6.36,,,-0.34,"Zhang, Z., Sun, L., Pei, Z., Li, H., Wang, L., Ma, J., Li, Y., Yang, R., Zhang, Q. 2023. New insight into the adsorption of sulfadiazine on graphite-like biochars prepared at different pyrolytic temperatures. JOURNAL OF CLEANER PRODUCTION, 413."
Sulfadiazine,331.3,0.32358,5.17,90.08,5.81,1.98,0.21,0.25,60,298,6.5,16.1062,17.87,250.28,2.08,2.55,0.65,1.37,1.7225,6.36,,,-0.34,"Zhang, Z., Sun, L., Pei, Z., Li, H., Wang, L., Ma, J., Li, Y., Yang, R., Zhang, Q. 2023. New insight into the adsorption of sulfadiazine on graphite-like biochars prepared at different pyrolytic temperatures. JOURNAL OF CLEANER PRODUCTION, 413."
Sulfadiazine,331.3,0.4704,5.17,90.08,5.81,1.98,0.21,0.25,70,298,6.5,16.51556,17.87,250.28,2.08,2.55,0.65,1.37,1.7225,6.36,,,-0.34,"Zhang, Z., Sun, L., Pei, Z., Li, H., Wang, L., Ma, J., Li, Y., Yang, R., Zhang, Q. 2023. New insight into the adsorption of sulfadiazine on graphite-like biochars prepared at different pyrolytic temperatures. JOURNAL OF CLEANER PRODUCTION, 413."
Sulfadiazine,331.3,0.6364,5.17,90.08,5.81,1.98,0.21,0.25,80,298,6.5,17.41617,17.87,250.28,2.08,2.55,0.65,1.37,1.7225,6.36,,,-0.34,"Zhang, Z., Sun, L., Pei, Z., Li, H., Wang, L., Ma, J., Li, Y., Yang, R., Zhang, Q. 2023. New insight into the adsorption of sulfadiazine on graphite-like biochars prepared at different pyrolytic temperatures. JOURNAL OF CLEANER PRODUCTION, 413."
Sulfadiazine,525,0.11458,3.31,87.23,8.15,1.68,0.79,0.25,15,298,6.5,55.73277,86.13,250.28,2.08,2.55,0.65,1.37,1.7225,6.36,,,-0.34,"Zhang, Z., Sun, L., Pei, Z., Li, H., Wang, L., Ma, J., Li, Y., Yang, R., Zhang, Q. 2023. New insight into the adsorption of sulfadiazine on graphite-like biochars prepared at different pyrolytic temperatures. JOURNAL OF CLEANER PRODUCTION, 413."
Sulfadiazine,525,0.6618,3.31,87.23,8.15,1.68,0.79,0.25,20,298,6.5,67.84999,86.13,250.28,2.08,2.55,0.65,1.37,1.7225,6.36,,,-0.34,"Zhang, Z., Sun, L., Pei, Z., Li, H., Wang, L., Ma, J., Li, Y., Yang, R., Zhang, Q. 2023. New insight into the adsorption of sulfadiazine on graphite-like biochars prepared at different pyrolytic temperatures. JOURNAL OF CLEANER PRODUCTION, 413."
Sulfadiazine,525,0.031,3.31,87.23,8.15,1.68,0.79,0.25,25,298,6.5,70.06057,86.13,250.28,2.08,2.55,0.65,1.37,1.7225,6.36,,,-0.34,"Zhang, Z., Sun, L., Pei, Z., Li, H., Wang, L., Ma, J., Li, Y., Yang, R., Zhang, Q. 2023. New insight into the adsorption of sulfadiazine on graphite-like biochars prepared at different pyrolytic temperatures. JOURNAL OF CLEANER PRODUCTION, 413."
Sulfadiazine,525,0.15318,3.31,87.23,8.15,1.68,0.79,0.25,30,298,6.5,75.21857,86.13,250.28,2.08,2.55,0.65,1.37,1.7225,6.36,,,-0.34,"Zhang, Z., Sun, L., Pei, Z., Li, H., Wang, L., Ma, J., Li, Y., Yang, R., Zhang, Q. 2023. New insight into the adsorption of sulfadiazine on graphite-like biochars prepared at different pyrolytic temperatures. JOURNAL OF CLEANER PRODUCTION, 413."
Sulfadiazine,525,0.1324,3.31,87.23,8.15,1.68,0.79,0.25,40,298,6.5,79.72159,86.13,250.28,2.08,2.55,0.65,1.37,1.7225,6.36,,,-0.34,"Zhang, Z., Sun, L., Pei, Z., Li, H., Wang, L., Ma, J., Li, Y., Yang, R., Zhang, Q. 2023. New insight into the adsorption of sulfadiazine on graphite-like biochars prepared at different pyrolytic temperatures. JOURNAL OF CLEANER PRODUCTION, 413."
Sulfadiazine,525,0.7072,3.31,87.23,8.15,1.68,0.79,0.25,50,298,6.5,86.84455,86.13,250.28,2.08,2.55,0.65,1.37,1.7225,6.36,,,-0.34,"Zhang, Z., Sun, L., Pei, Z., Li, H., Wang, L., Ma, J., Li, Y., Yang, R., Zhang, Q. 2023. New insight into the adsorption of sulfadiazine on graphite-like biochars prepared at different pyrolytic temperatures. JOURNAL OF CLEANER PRODUCTION, 413."
Sulfadiazine,525,0.31358,3.31,87.23,8.15,1.68,0.79,0.25,60,298,6.5,86.59893,86.13,250.28,2.08,2.55,0.65,1.37,1.7225,6.36,,,-0.34,"Zhang, Z., Sun, L., Pei, Z., Li, H., Wang, L., Ma, J., Li, Y., Yang, R., Zhang, Q. 2023. New insight into the adsorption of sulfadiazine on graphite-like biochars prepared at different pyrolytic temperatures. JOURNAL OF CLEANER PRODUCTION, 413."
Sulfadiazine,525,0.4704,3.31,87.23,8.15,1.68,0.79,0.25,70,298,6.5,87.49953,86.13,250.28,2.08,2.55,0.65,1.37,1.7225,6.36,,,-0.34,"Zhang, Z., Sun, L., Pei, Z., Li, H., Wang, L., Ma, J., Li, Y., Yang, R., Zhang, Q. 2023. New insight into the adsorption of sulfadiazine on graphite-like biochars prepared at different pyrolytic temperatures. JOURNAL OF CLEANER PRODUCTION, 413."
Sulfadiazine,525,0.6908,3.31,87.23,8.15,1.68,0.79,0.25,80,298,6.5,88.89138,86.13,250.28,2.08,2.55,0.65,1.37,1.7225,6.36,,,-0.34,"Zhang, Z., Sun, L., Pei, Z., Li, H., Wang, L., Ma, J., Li, Y., Yang, R., Zhang, Q. 2023. New insight into the adsorption of sulfadiazine on graphite-like biochars prepared at different pyrolytic temperatures. JOURNAL OF CLEANER PRODUCTION, 413."
Sulfadiazine,725.5,0.1582,3.68,88.57,6.64,1.36,1.34,0.25,15,298,6.5,59.74456,206.03,250.28,2.08,2.55,0.65,1.37,1.7225,6.36,,,-0.34,"Zhang, Z., Sun, L., Pei, Z., Li, H., Wang, L., Ma, J., Li, Y., Yang, R., Zhang, Q. 2023. New insight into the adsorption of sulfadiazine on graphite-like biochars prepared at different pyrolytic temperatures. JOURNAL OF CLEANER PRODUCTION, 413."
Sulfadiazine,725.5,0.6618,3.68,88.57,6.64,1.36,1.34,0.25,20,298,6.5,81.03156,206.03,250.28,2.08,2.55,0.65,1.37,1.7225,6.36,,,-0.34,"Zhang, Z., Sun, L., Pei, Z., Li, H., Wang, L., Ma, J., Li, Y., Yang, R., Zhang, Q. 2023. New insight into the adsorption of sulfadiazine on graphite-like biochars prepared at different pyrolytic temperatures. JOURNAL OF CLEANER PRODUCTION, 413."
Sulfadiazine,725.5,0.0716,3.68,88.57,6.64,1.36,1.34,0.25,25,298,6.5,101.17234,206.03,250.28,2.08,2.55,0.65,1.37,1.7225,6.36,,,-0.34,"Zhang, Z., Sun, L., Pei, Z., Li, H., Wang, L., Ma, J., Li, Y., Yang, R., Zhang, Q. 2023. New insight into the adsorption of sulfadiazine on graphite-like biochars prepared at different pyrolytic temperatures. JOURNAL OF CLEANER PRODUCTION, 413."
Sulfadiazine,725.5,0.16978,3.68,88.57,6.64,1.36,1.34,0.25,30,298,6.5,120.41252,206.03,250.28,2.08,2.55,0.65,1.37,1.7225,6.36,,,-0.34,"Zhang, Z., Sun, L., Pei, Z., Li, H., Wang, L., Ma, J., Li, Y., Yang, R., Zhang, Q. 2023. New insight into the adsorption of sulfadiazine on graphite-like biochars prepared at different pyrolytic temperatures. JOURNAL OF CLEANER PRODUCTION, 413."
Sulfadiazine,725.5,0.1988,3.68,88.57,6.64,1.36,1.34,0.25,40,298,6.5,157.41915,206.03,250.28,2.08,2.55,0.65,1.37,1.7225,6.36,,,-0.34,"Zhang, Z., Sun, L., Pei, Z., Li, H., Wang, L., Ma, J., Li, Y., Yang, R., Zhang, Q. 2023. New insight into the adsorption of sulfadiazine on graphite-like biochars prepared at different pyrolytic temperatures. JOURNAL OF CLEANER PRODUCTION, 413."
Sulfadiazine,725.5,0.7072,3.68,88.57,6.64,1.36,1.34,0.25,50,298,6.5,189.18591,206.03,250.28,2.08,2.55,0.65,1.37,1.7225,6.36,,,-0.34,"Zhang, Z., Sun, L., Pei, Z., Li, H., Wang, L., Ma, J., Li, Y., Yang, R., Zhang, Q. 2023. New insight into the adsorption of sulfadiazine on graphite-like biochars prepared at different pyrolytic temperatures. JOURNAL OF CLEANER PRODUCTION, 413."
Sulfadiazine,725.5,0.32358,3.68,88.57,6.64,1.36,1.34,0.25,60,298,6.5,203.10434,206.03,250.28,2.08,2.55,0.65,1.37,1.7225,6.36,,,-0.34,"Zhang, Z., Sun, L., Pei, Z., Li, H., Wang, L., Ma, J., Li, Y., Yang, R., Zhang, Q. 2023. New insight into the adsorption of sulfadiazine on graphite-like biochars prepared at different pyrolytic temperatures. JOURNAL OF CLEANER PRODUCTION, 413."
Sulfadiazine,725.5,0.4704,3.68,88.57,6.64,1.36,1.34,0.25,70,298,6.5,204.16869,206.03,250.28,2.08,2.55,0.65,1.37,1.7225,6.36,,,-0.34,"Zhang, Z., Sun, L., Pei, Z., Li, H., Wang, L., Ma, J., Li, Y., Yang, R., Zhang, Q. 2023. New insight into the adsorption of sulfadiazine on graphite-like biochars prepared at different pyrolytic temperatures. JOURNAL OF CLEANER PRODUCTION, 413."
Sulfadiazine,725.5,0.6908,3.68,88.57,6.64,1.36,1.34,0.25,80,298,6.5,207.7711,206.03,250.28,2.08,2.55,0.65,1.37,1.7225,6.36,,,-0.34,"Zhang, Z., Sun, L., Pei, Z., Li, H., Wang, L., Ma, J., Li, Y., Yang, R., Zhang, Q. 2023. New insight into the adsorption of sulfadiazine on graphite-like biochars prepared at different pyrolytic temperatures. JOURNAL OF CLEANER PRODUCTION, 413."
Sulfadiazine,431,0.594,4.102,94.4,1.29,1.25,1.298,0.5,5.76749,298,5,1.99034,4.94,250.28,2.08,2.55,0.65,1.37,1.7225,6.36,,,-0.34,"Zhang, Z., Sun, L., Pei, Z., Li, H., Wang, L., Ma, J., Li, Y., Yang, R., Zhang, Q. 2023. New insight into the adsorption of sulfadiazine on graphite-like biochars prepared at different pyrolytic temperatures. JOURNAL OF CLEANER PRODUCTION, 413."
Sulfadiazine,431,0.2986,3.218687287,94.4,1.29,1.25,0.876,0.5,11.8472,298,5,2.57592,4.94,250.28,2.08,2.55,0.65,1.37,1.7225,6.36,,,-0.34,"Zhang, Z., Sun, L., Pei, Z., Li, H., Wang, L., Ma, J., Li, Y., Yang, R., Zhang, Q. 2023. New insight into the adsorption of sulfadiazine on graphite-like biochars prepared at different pyrolytic temperatures. JOURNAL OF CLEANER PRODUCTION, 413."
Sulfadiazine,431,0.7444,3.726,94.4,1.29,1.25,0.792,0.5,17.72899,298,5,2.57592,4.94,250.28,2.08,2.55,0.65,1.37,1.7225,6.36,,,-0.34,"Zhang, Z., Sun, L., Pei, Z., Li, H., Wang, L., Ma, J., Li, Y., Yang, R., Zhang, Q. 2023. New insight into the adsorption of sulfadiazine on graphite-like biochars prepared at different pyrolytic temperatures. JOURNAL OF CLEANER PRODUCTION, 413."
Sulfadiazine,431,0.3426,4.148,94.4,1.29,1.25,0.662,0.5,23.84124,298,5,3.22656,4.94,250.28,2.08,2.55,0.65,1.37,1.7225,6.36,,,-0.34,"Zhang, Z., Sun, L., Pei, Z., Li, H., Wang, L., Ma, J., Li, Y., Yang, R., Zhang, Q. 2023. New insight into the adsorption of sulfadiazine on graphite-like biochars prepared at different pyrolytic temperatures. JOURNAL OF CLEANER PRODUCTION, 413."
Sulfadiazine,431,0.2986,2.9726,94.4,1.29,1.25,0.752,0.5,29.868445,298,5,3.55189,4.94,250.28,2.08,2.55,0.65,1.37,1.7225,6.36,,,-0.34,"Zhang, Z., Sun, L., Pei, Z., Li, H., Wang, L., Ma, J., Li, Y., Yang, R., Zhang, Q. 2023. New insight into the adsorption of sulfadiazine on graphite-like biochars prepared at different pyrolytic temperatures. JOURNAL OF CLEANER PRODUCTION, 413."
Sulfadiazine,431,0.3146,4.114087287,94.4,1.29,1.25,0.752,0.5,35.90896,298,5,4.00734,4.94,250.28,2.08,2.55,0.65,1.37,1.7225,6.36,,,-0.34,"Zhang, Z., Sun, L., Pei, Z., Li, H., Wang, L., Ma, J., Li, Y., Yang, R., Zhang, Q. 2023. New insight into the adsorption of sulfadiazine on graphite-like biochars prepared at different pyrolytic temperatures. JOURNAL OF CLEANER PRODUCTION, 413."
Sulfadiazine,454.7244094,0.6178,3.442087287,90.2,4.3,1.83,1.304,0.2,5.969416,298,5,14.09233,23.1,250.28,2.08,2.55,0.65,1.37,1.7225,6.36,,,-0.34,"Zhang, Z., Sun, L., Pei, Z., Li, H., Wang, L., Ma, J., Li, Y., Yang, R., Zhang, Q. 2023. New insight into the adsorption of sulfadiazine on graphite-like biochars prepared at different pyrolytic temperatures. JOURNAL OF CLEANER PRODUCTION, 413."
Sulfadiazine,454.7244094,0.1728,3.532174573,90.2,4.3,1.83,0.93,0.2,12.012816,298,5,15.84908,23.1,250.28,2.08,2.55,0.65,1.37,1.7225,6.36,,,-0.34,"Zhang, Z., Sun, L., Pei, Z., Li, H., Wang, L., Ma, J., Li, Y., Yang, R., Zhang, Q. 2023. New insight into the adsorption of sulfadiazine on graphite-like biochars prepared at different pyrolytic temperatures. JOURNAL OF CLEANER PRODUCTION, 413."
Sulfadiazine,454.7244094,0.5164,4.178087287,90.2,4.3,1.83,0.792,0.2,18.042898,298,5,17.28049,23.1,250.28,2.08,2.55,0.65,1.37,1.7225,6.36,,,-0.34,"Zhang, Z., Sun, L., Pei, Z., Li, H., Wang, L., Ma, J., Li, Y., Yang, R., Zhang, Q. 2023. New insight into the adsorption of sulfadiazine on graphite-like biochars prepared at different pyrolytic temperatures. JOURNAL OF CLEANER PRODUCTION, 413."
Sulfadiazine,454.7244094,0.423,4.202,90.2,4.3,1.83,0.778,0.2,24.030018,298,5,18.84204,23.1,250.28,2.08,2.55,0.65,1.37,1.7225,6.36,,,-0.34,"Zhang, Z., Sun, L., Pei, Z., Li, H., Wang, L., Ma, J., Li, Y., Yang, R., Zhang, Q. 2023. New insight into the adsorption of sulfadiazine on graphite-like biochars prepared at different pyrolytic temperatures. JOURNAL OF CLEANER PRODUCTION, 413."
Sulfadiazine,454.7244094,0.2466,3.502087287,90.2,4.3,1.83,0.868,0.2,29.973706,298,5,20.14333,23.1,250.28,2.08,2.55,0.65,1.37,1.7225,6.36,,,-0.34,"Zhang, Z., Sun, L., Pei, Z., Li, H., Wang, L., Ma, J., Li, Y., Yang, R., Zhang, Q. 2023. New insight into the adsorption of sulfadiazine on graphite-like biochars prepared at different pyrolytic temperatures. JOURNAL OF CLEANER PRODUCTION, 413."
Sulfadiazine,454.7244094,0.16978,3.502087287,90.2,4.3,1.83,0.752,0.2,35.97231,298,5,20.46865,23.1,250.28,2.08,2.55,0.65,1.37,1.7225,6.36,,,-0.34,"Zhang, Z., Sun, L., Pei, Z., Li, H., Wang, L., Ma, J., Li, Y., Yang, R., Zhang, Q. 2023. New insight into the adsorption of sulfadiazine on graphite-like biochars prepared at different pyrolytic temperatures. JOURNAL OF CLEANER PRODUCTION, 413."
Sulfadiazine,541,0.7444,4.21,91.8,3.34,1.26,0.792,0.2,18.037872,298,5,79.09176,123,250.28,2.08,2.55,0.65,1.37,1.7225,6.36,,,-0.34,"Zhang, Z., Sun, L., Pei, Z., Li, H., Wang, L., Ma, J., Li, Y., Yang, R., Zhang, Q. 2023. New insight into the adsorption of sulfadiazine on graphite-like biochars prepared at different pyrolytic temperatures. JOURNAL OF CLEANER PRODUCTION, 413."
Sulfadiazine,541,0.423,4.212,91.8,3.34,1.26,0.84,0.2,23.923568,298,5,89.76234,123,250.28,2.08,2.55,0.65,1.37,1.7225,6.36,,,-0.34,"Zhang, Z., Sun, L., Pei, Z., Li, H., Wang, L., Ma, J., Li, Y., Yang, R., Zhang, Q. 2023. New insight into the adsorption of sulfadiazine on graphite-like biochars prepared at different pyrolytic temperatures. JOURNAL OF CLEANER PRODUCTION, 413."
Sulfadiazine,541,0.2466,3.502087287,91.8,3.34,1.26,0.752,0.2,30.02125,298,5,101.0185,123,250.28,2.08,2.55,0.65,1.37,1.7225,6.36,,,-0.34,"Zhang, Z., Sun, L., Pei, Z., Li, H., Wang, L., Ma, J., Li, Y., Yang, R., Zhang, Q. 2023. New insight into the adsorption of sulfadiazine on graphite-like biochars prepared at different pyrolytic temperatures. JOURNAL OF CLEANER PRODUCTION, 413."
Sulfadiazine,541,0.2554,3.502087287,91.8,3.34,1.26,0.752,0.2,36.054132,298,5,108.50091,123,250.28,2.08,2.55,0.65,1.37,1.7225,6.36,,,-0.34,"Zhang, Z., Sun, L., Pei, Z., Li, H., Wang, L., Ma, J., Li, Y., Yang, R., Zhang, Q. 2023. New insight into the adsorption of sulfadiazine on graphite-like biochars prepared at different pyrolytic temperatures. JOURNAL OF CLEANER PRODUCTION, 413."
Sulfadiazine,541,0.3142,3.426087287,91.8,3.34,1.26,1.158,0.2,41.991644,298,5,111.88427,123,250.28,2.08,2.55,0.65,1.37,1.7225,6.36,,,-0.34,"Zhang, Z., Sun, L., Pei, Z., Li, H., Wang, L., Ma, J., Li, Y., Yang, R., Zhang, Q. 2023. New insight into the adsorption of sulfadiazine on graphite-like biochars prepared at different pyrolytic temperatures. JOURNAL OF CLEANER PRODUCTION, 413."
Sulfadiazine,541,0.712,3.8698,91.8,3.34,1.26,1.118,0.2,47.972074,298,5,111.42882,123,250.28,2.08,2.55,0.65,1.37,1.7225,6.36,,,-0.34,"Zhang, Z., Sun, L., Pei, Z., Li, H., Wang, L., Ma, J., Li, Y., Yang, R., Zhang, Q. 2023. New insight into the adsorption of sulfadiazine on graphite-like biochars prepared at different pyrolytic temperatures. JOURNAL OF CLEANER PRODUCTION, 413."
Sulfadiazine,639.0532544,0.7444,3.848,92.6,2.73,1.32,0.792,0.2,17.942746,298,5,82.54018,108,250.28,2.08,2.55,0.65,1.37,1.7225,6.36,,,-0.34,"Zhang, Z., Sun, L., Pei, Z., Li, H., Wang, L., Ma, J., Li, Y., Yang, R., Zhang, Q. 2023. New insight into the adsorption of sulfadiazine on graphite-like biochars prepared at different pyrolytic temperatures. JOURNAL OF CLEANER PRODUCTION, 413."
Sulfadiazine,639.0532544,0.491,4.212,92.6,2.73,1.32,0.84,0.2,23.932344,298,5,89.89247,108,250.28,2.08,2.55,0.65,1.37,1.7225,6.36,,,-0.34,"Zhang, Z., Sun, L., Pei, Z., Li, H., Wang, L., Ma, J., Li, Y., Yang, R., Zhang, Q. 2023. New insight into the adsorption of sulfadiazine on graphite-like biochars prepared at different pyrolytic temperatures. JOURNAL OF CLEANER PRODUCTION, 413."
Sulfadiazine,639.0532544,0.2986,3.502087287,92.6,2.73,1.32,0.752,0.2,29.87078,298,5,94.0566,108,250.28,2.08,2.55,0.65,1.37,1.7225,6.36,,,-0.34,"Zhang, Z., Sun, L., Pei, Z., Li, H., Wang, L., Ma, J., Li, Y., Yang, R., Zhang, Q. 2023. New insight into the adsorption of sulfadiazine on graphite-like biochars prepared at different pyrolytic temperatures. JOURNAL OF CLEANER PRODUCTION, 413."
Sulfadiazine,639.0532544,0.2554,3.502087287,92.6,2.73,1.32,0.752,0.2,36.03359,298,5,98.35085,108,250.28,2.08,2.55,0.65,1.37,1.7225,6.36,,,-0.34,"Zhang, Z., Sun, L., Pei, Z., Li, H., Wang, L., Ma, J., Li, Y., Yang, R., Zhang, Q. 2023. New insight into the adsorption of sulfadiazine on graphite-like biochars prepared at different pyrolytic temperatures. JOURNAL OF CLEANER PRODUCTION, 413."
Sulfadiazine,639.0532544,0.3662,3.426087287,92.6,2.73,1.32,1.158,0.2,42.041318,298,5,102.77524,108,250.28,2.08,2.55,0.65,1.37,1.7225,6.36,,,-0.34,"Zhang, Z., Sun, L., Pei, Z., Li, H., Wang, L., Ma, J., Li, Y., Yang, R., Zhang, Q. 2023. New insight into the adsorption of sulfadiazine on graphite-like biochars prepared at different pyrolytic temperatures. JOURNAL OF CLEANER PRODUCTION, 413."
Sulfadiazine,639.0532544,0.712,3.8698,92.6,2.73,1.32,1.118,0.2,47.960966,298,5,105.63808,108,250.28,2.08,2.55,0.65,1.37,1.7225,6.36,,,-0.34,"Zhang, Z., Sun, L., Pei, Z., Li, H., Wang, L., Ma, J., Li, Y., Yang, R., Zhang, Q. 2023. New insight into the adsorption of sulfadiazine on graphite-like biochars prepared at different pyrolytic temperatures. JOURNAL OF CLEANER PRODUCTION, 413."
Sulfadiazine,738,0.7444,3.726,93.9,1.74,1,0.792,0.083333333,18.06061667,298,5,196.92356,261,250.28,2.08,2.55,0.65,1.37,1.7225,6.36,,,-0.34,"Zhang, Z., Sun, L., Pei, Z., Li, H., Wang, L., Ma, J., Li, Y., Yang, R., Zhang, Q. 2023. New insight into the adsorption of sulfadiazine on graphite-like biochars prepared at different pyrolytic temperatures. JOURNAL OF CLEANER PRODUCTION, 413."
Sulfadiazine,738,0.491,4.148,93.9,1.74,1,0.614,0.083333333,24.0656525,298,5,215.27175,261,250.28,2.08,2.55,0.65,1.37,1.7225,6.36,,,-0.34,"Zhang, Z., Sun, L., Pei, Z., Li, H., Wang, L., Ma, J., Li, Y., Yang, R., Zhang, Q. 2023. New insight into the adsorption of sulfadiazine on graphite-like biochars prepared at different pyrolytic temperatures. JOURNAL OF CLEANER PRODUCTION, 413."
Sulfadiazine,738,0.2986,2.9726,93.9,1.74,1,0.752,0.083333333,30.04413167,298,5,236.6129,261,250.28,2.08,2.55,0.65,1.37,1.7225,6.36,,,-0.34,"Zhang, Z., Sun, L., Pei, Z., Li, H., Wang, L., Ma, J., Li, Y., Yang, R., Zhang, Q. 2023. New insight into the adsorption of sulfadiazine on graphite-like biochars prepared at different pyrolytic temperatures. JOURNAL OF CLEANER PRODUCTION, 413."
Sulfadiazine,738,0.3146,4.114087287,93.9,1.74,1,0.752,0.083333333,36.01202,298,5,242.92416,261,250.28,2.08,2.55,0.65,1.37,1.7225,6.36,,,-0.34,"Zhang, Z., Sun, L., Pei, Z., Li, H., Wang, L., Ma, J., Li, Y., Yang, R., Zhang, Q. 2023. New insight into the adsorption of sulfadiazine on graphite-like biochars prepared at different pyrolytic temperatures. JOURNAL OF CLEANER PRODUCTION, 413."
Sulfadiazine,738,0.3662,2.8966,93.9,1.74,1,1.158,0.083333333,42.064835,298,5,244.35558,261,250.28,2.08,2.55,0.65,1.37,1.7225,6.36,,,-0.34,"Zhang, Z., Sun, L., Pei, Z., Li, H., Wang, L., Ma, J., Li, Y., Yang, R., Zhang, Q. 2023. New insight into the adsorption of sulfadiazine on graphite-like biochars prepared at different pyrolytic temperatures. JOURNAL OF CLEANER PRODUCTION, 413."
Sulfadiazine,738,0.712,3.4398,93.9,1.74,1,1.118,0.083333333,48.026285,298,5,248.5197,261,250.28,2.08,2.55,0.65,1.37,1.7225,6.36,,,-0.34,"Zhang, Z., Sun, L., Pei, Z., Li, H., Wang, L., Ma, J., Li, Y., Yang, R., Zhang, Q. 2023. New insight into the adsorption of sulfadiazine on graphite-like biochars prepared at different pyrolytic temperatures. JOURNAL OF CLEANER PRODUCTION, 413."
Sulfamethoxazole,95.516,0.143,4.05,14.51,9.5,0.51,0.7,1,5,313.15,7,5.4554614,101.984,253.28,1.89,2.23,0.58,1.29,1.7244,1.6,5.7,,0.48,"Qiu, X., Zhao, Y., Zhao, C., Jin, R., Li, C., Mutabazi, E. 2023. Physicochemical and adsorptive properties of biochar derived from municipal sludge: sulfamethoxazole adsorption and underlying mechanism. FRONTIERS IN ENVIRONMENTAL SCIENCE, 11."
Sulfamethoxazole,95.516,0.143,4.05,14.51,9.5,0.51,0.7,1,10,313.15,7,7.83347309,101.984,253.28,1.89,2.23,0.58,1.29,1.7244,1.6,5.7,,0.48,"Qiu, X., Zhao, Y., Zhao, C., Jin, R., Li, C., Mutabazi, E. 2023. Physicochemical and adsorptive properties of biochar derived from municipal sludge: sulfamethoxazole adsorption and underlying mechanism. FRONTIERS IN ENVIRONMENTAL SCIENCE, 11."
Sulfamethoxazole,95.516,0.143,4.05,14.51,9.5,0.51,0.7,1,20,313.15,7,8.44484839,101.984,253.28,1.89,2.23,0.58,1.29,1.7244,1.6,5.7,,0.48,"Qiu, X., Zhao, Y., Zhao, C., Jin, R., Li, C., Mutabazi, E. 2023. Physicochemical and adsorptive properties of biochar derived from municipal sludge: sulfamethoxazole adsorption and underlying mechanism. FRONTIERS IN ENVIRONMENTAL SCIENCE, 11."
Sulfamethoxazole,95.516,0.143,4.05,14.51,9.5,0.51,0.7,1,40,313.15,7,9.75096833,101.984,253.28,1.89,2.23,0.58,1.29,1.7244,1.6,5.7,,0.48,"Qiu, X., Zhao, Y., Zhao, C., Jin, R., Li, C., Mutabazi, E. 2023. Physicochemical and adsorptive properties of biochar derived from municipal sludge: sulfamethoxazole adsorption and underlying mechanism. FRONTIERS IN ENVIRONMENTAL SCIENCE, 11."
Sulfamethoxazole,95.516,0.143,4.05,14.51,9.5,0.51,0.7,1,60,313.15,7,10.60054179,101.984,253.28,1.89,2.23,0.58,1.29,1.7244,1.6,5.7,,0.48,"Qiu, X., Zhao, Y., Zhao, C., Jin, R., Li, C., Mutabazi, E. 2023. Physicochemical and adsorptive properties of biochar derived from municipal sludge: sulfamethoxazole adsorption and underlying mechanism. FRONTIERS IN ENVIRONMENTAL SCIENCE, 11."
Sulfamethoxazole,95.516,0.143,4.05,14.51,9.5,0.51,0.7,1,80,313.15,7,11.20794711,101.984,253.28,1.89,2.23,0.58,1.29,1.7244,1.6,5.7,,0.48,"Qiu, X., Zhao, Y., Zhao, C., Jin, R., Li, C., Mutabazi, E. 2023. Physicochemical and adsorptive properties of biochar derived from municipal sludge: sulfamethoxazole adsorption and underlying mechanism. FRONTIERS IN ENVIRONMENTAL SCIENCE, 11."
Sulfamethoxazole,95.516,0.143,4.05,14.51,9.5,0.51,0.7,1,100,313.15,7,12.53391691,101.984,253.28,1.89,2.23,0.58,1.29,1.7244,1.6,5.7,,0.48,"Qiu, X., Zhao, Y., Zhao, C., Jin, R., Li, C., Mutabazi, E. 2023. Physicochemical and adsorptive properties of biochar derived from municipal sludge: sulfamethoxazole adsorption and underlying mechanism. FRONTIERS IN ENVIRONMENTAL SCIENCE, 11."
Sulfamethoxazole,95.516,0.143,4.05,14.51,9.5,0.51,0.7,1,5,303.15,7,5.6896896,107.984,253.28,1.89,2.23,0.58,1.29,1.7244,1.6,5.7,,0.48,"Qiu, X., Zhao, Y., Zhao, C., Jin, R., Li, C., Mutabazi, E. 2023. Physicochemical and adsorptive properties of biochar derived from municipal sludge: sulfamethoxazole adsorption and underlying mechanism. FRONTIERS IN ENVIRONMENTAL SCIENCE, 11."
Sulfamethoxazole,95.516,0.143,4.05,14.51,9.5,0.51,0.7,1,10,303.15,7,8.66716667,107.984,253.28,1.89,2.23,0.58,1.29,1.7244,1.6,5.7,,0.48,"Qiu, X., Zhao, Y., Zhao, C., Jin, R., Li, C., Mutabazi, E. 2023. Physicochemical and adsorptive properties of biochar derived from municipal sludge: sulfamethoxazole adsorption and underlying mechanism. FRONTIERS IN ENVIRONMENTAL SCIENCE, 11."
Sulfamethoxazole,95.516,0.143,4.05,14.51,9.5,0.51,0.7,1,20,303.15,7,9.44131071,107.984,253.28,1.89,2.23,0.58,1.29,1.7244,1.6,5.7,,0.48,"Qiu, X., Zhao, Y., Zhao, C., Jin, R., Li, C., Mutabazi, E. 2023. Physicochemical and adsorptive properties of biochar derived from municipal sludge: sulfamethoxazole adsorption and underlying mechanism. FRONTIERS IN ENVIRONMENTAL SCIENCE, 11."
Sulfamethoxazole,95.516,0.143,4.05,14.51,9.5,0.51,0.7,1,40,303.15,7,10.15193524,107.984,253.28,1.89,2.23,0.58,1.29,1.7244,1.6,5.7,,0.48,"Qiu, X., Zhao, Y., Zhao, C., Jin, R., Li, C., Mutabazi, E. 2023. Physicochemical and adsorptive properties of biochar derived from municipal sludge: sulfamethoxazole adsorption and underlying mechanism. FRONTIERS IN ENVIRONMENTAL SCIENCE, 11."
Sulfamethoxazole,95.516,0.143,4.05,14.51,9.5,0.51,0.7,1,60,303.15,7,10.94195916,107.984,253.28,1.89,2.23,0.58,1.29,1.7244,1.6,5.7,,0.48,"Qiu, X., Zhao, Y., Zhao, C., Jin, R., Li, C., Mutabazi, E. 2023. Physicochemical and adsorptive properties of biochar derived from municipal sludge: sulfamethoxazole adsorption and underlying mechanism. FRONTIERS IN ENVIRONMENTAL SCIENCE, 11."
Sulfamethoxazole,95.516,0.143,4.05,14.51,9.5,0.51,0.7,1,80,303.15,7,12.0416407,107.984,253.28,1.89,2.23,0.58,1.29,1.7244,1.6,5.7,,0.48,"Qiu, X., Zhao, Y., Zhao, C., Jin, R., Li, C., Mutabazi, E. 2023. Physicochemical and adsorptive properties of biochar derived from municipal sludge: sulfamethoxazole adsorption and underlying mechanism. FRONTIERS IN ENVIRONMENTAL SCIENCE, 11."
Sulfamethoxazole,95.516,0.143,4.05,14.51,9.5,0.51,0.7,1,100,303.15,7,13.85591673,107.984,253.28,1.89,2.23,0.58,1.29,1.7244,1.6,5.7,,0.48,"Qiu, X., Zhao, Y., Zhao, C., Jin, R., Li, C., Mutabazi, E. 2023. Physicochemical and adsorptive properties of biochar derived from municipal sludge: sulfamethoxazole adsorption and underlying mechanism. FRONTIERS IN ENVIRONMENTAL SCIENCE, 11."
Sulfamethoxazole,95.516,0.143,4.05,14.51,9.5,0.51,0.7,1,5,293.15,7,5.6896896,115.652,253.28,1.89,2.23,0.58,1.29,1.7244,1.6,5.7,,0.48,"Qiu, X., Zhao, Y., Zhao, C., Jin, R., Li, C., Mutabazi, E. 2023. Physicochemical and adsorptive properties of biochar derived from municipal sludge: sulfamethoxazole adsorption and underlying mechanism. FRONTIERS IN ENVIRONMENTAL SCIENCE, 11."
Sulfamethoxazole,95.516,0.143,4.05,14.51,9.5,0.51,0.7,1,10,293.15,7,8.754506,115.652,253.28,1.89,2.23,0.58,1.29,1.7244,1.6,5.7,,0.48,"Qiu, X., Zhao, Y., Zhao, C., Jin, R., Li, C., Mutabazi, E. 2023. Physicochemical and adsorptive properties of biochar derived from municipal sludge: sulfamethoxazole adsorption and underlying mechanism. FRONTIERS IN ENVIRONMENTAL SCIENCE, 11."
Sulfamethoxazole,95.516,0.143,4.05,14.51,9.5,0.51,0.7,1,20,293.15,7,9.73905842,115.652,253.28,1.89,2.23,0.58,1.29,1.7244,1.6,5.7,,0.48,"Qiu, X., Zhao, Y., Zhao, C., Jin, R., Li, C., Mutabazi, E. 2023. Physicochemical and adsorptive properties of biochar derived from municipal sludge: sulfamethoxazole adsorption and underlying mechanism. FRONTIERS IN ENVIRONMENTAL SCIENCE, 11."
Sulfamethoxazole,95.516,0.143,4.05,14.51,9.5,0.51,0.7,1,40,293.15,7,10.82286008,115.652,253.28,1.89,2.23,0.58,1.29,1.7244,1.6,5.7,,0.48,"Qiu, X., Zhao, Y., Zhao, C., Jin, R., Li, C., Mutabazi, E. 2023. Physicochemical and adsorptive properties of biochar derived from municipal sludge: sulfamethoxazole adsorption and underlying mechanism. FRONTIERS IN ENVIRONMENTAL SCIENCE, 11."
Sulfamethoxazole,95.516,0.143,4.05,14.51,9.5,0.51,0.7,1,60,293.15,7,11.67243354,115.652,253.28,1.89,2.23,0.58,1.29,1.7244,1.6,5.7,,0.48,"Qiu, X., Zhao, Y., Zhao, C., Jin, R., Li, C., Mutabazi, E. 2023. Physicochemical and adsorptive properties of biochar derived from municipal sludge: sulfamethoxazole adsorption and underlying mechanism. FRONTIERS IN ENVIRONMENTAL SCIENCE, 11."
Sulfamethoxazole,95.516,0.143,4.05,14.51,9.5,0.51,0.7,1,80,293.15,7,13.39540028,115.652,253.28,1.89,2.23,0.58,1.29,1.7244,1.6,5.7,,0.48,"Qiu, X., Zhao, Y., Zhao, C., Jin, R., Li, C., Mutabazi, E. 2023. Physicochemical and adsorptive properties of biochar derived from municipal sludge: sulfamethoxazole adsorption and underlying mechanism. FRONTIERS IN ENVIRONMENTAL SCIENCE, 11."
Sulfamethoxazole,95.516,0.143,4.05,14.51,9.5,0.51,0.7,1,100,293.15,7,14.30452328,115.652,253.28,1.89,2.23,0.58,1.29,1.7244,1.6,5.7,,0.48,"Qiu, X., Zhao, Y., Zhao, C., Jin, R., Li, C., Mutabazi, E. 2023. Physicochemical and adsorptive properties of biochar derived from municipal sludge: sulfamethoxazole adsorption and underlying mechanism. FRONTIERS IN ENVIRONMENTAL SCIENCE, 11."
Sulfamethoxazole,511,0.11,1.87,85.93,2.35,3.06,2.35,0.8,5,298,6.9,5.01089,32.2765,253.28,1.89,2.23,0.58,1.29,1.7244,1.6,5.7,,0.48,"Chauhan, S., Taksal, P.A., Chowdhury, S., Bhattacharya, J., Dubey, B.K. 2024. Unveiling Biochar Quality Index: A Factor Analysis Mediated Ranking Approach to Select Best Ranked Biochar for Adsorptive Removal of Sulfamethoxazole. INDUSTRIAL & ENGINEERING CHEMISTRY RESEARCH, 63(27), 12126-12144."
Sulfamethoxazole,511,0.11,1.87,85.93,2.35,3.06,2.35,0.8,10,298,4.5,8.80723,32.2765,253.28,1.89,2.23,0.58,1.29,1.7244,1.6,5.7,,0.48,"Chauhan, S., Taksal, P.A., Chowdhury, S., Bhattacharya, J., Dubey, B.K. 2024. Unveiling Biochar Quality Index: A Factor Analysis Mediated Ranking Approach to Select Best Ranked Biochar for Adsorptive Removal of Sulfamethoxazole. INDUSTRIAL & ENGINEERING CHEMISTRY RESEARCH, 63(27), 12126-12144."
Sulfamethoxazole,511,0.11,1.87,85.93,2.35,3.06,2.35,0.8,15,298,5.2,11.17634,32.2765,253.28,1.89,2.23,0.58,1.29,1.7244,1.6,5.7,,0.48,"Chauhan, S., Taksal, P.A., Chowdhury, S., Bhattacharya, J., Dubey, B.K. 2024. Unveiling Biochar Quality Index: A Factor Analysis Mediated Ranking Approach to Select Best Ranked Biochar for Adsorptive Removal of Sulfamethoxazole. INDUSTRIAL & ENGINEERING CHEMISTRY RESEARCH, 63(27), 12126-12144."
Sulfamethoxazole,511,0.11,1.87,85.93,2.35,3.06,2.35,0.8,20,298,5.2,13.75346,32.2765,253.28,1.89,2.23,0.58,1.29,1.7244,1.6,5.7,,0.48,"Chauhan, S., Taksal, P.A., Chowdhury, S., Bhattacharya, J., Dubey, B.K. 2024. Unveiling Biochar Quality Index: A Factor Analysis Mediated Ranking Approach to Select Best Ranked Biochar for Adsorptive Removal of Sulfamethoxazole. INDUSTRIAL & ENGINEERING CHEMISTRY RESEARCH, 63(27), 12126-12144."
Sulfamethoxazole,511,0.11,1.87,85.93,2.35,3.06,2.35,0.8,30,298,4.9,17.46314,32.2765,253.28,1.89,2.23,0.58,1.29,1.7244,1.6,5.7,,0.48,"Chauhan, S., Taksal, P.A., Chowdhury, S., Bhattacharya, J., Dubey, B.K. 2024. Unveiling Biochar Quality Index: A Factor Analysis Mediated Ranking Approach to Select Best Ranked Biochar for Adsorptive Removal of Sulfamethoxazole. INDUSTRIAL & ENGINEERING CHEMISTRY RESEARCH, 63(27), 12126-12144."
Sulfamethoxazole,511,0.11,1.87,85.93,2.35,3.06,2.35,0.8,40,298,5.4,18.08141,32.2765,253.28,1.89,2.23,0.58,1.29,1.7244,1.6,5.7,,0.48,"Chauhan, S., Taksal, P.A., Chowdhury, S., Bhattacharya, J., Dubey, B.K. 2024. Unveiling Biochar Quality Index: A Factor Analysis Mediated Ranking Approach to Select Best Ranked Biochar for Adsorptive Removal of Sulfamethoxazole. INDUSTRIAL & ENGINEERING CHEMISTRY RESEARCH, 63(27), 12126-12144."
Sulfamethoxazole,511,0.11,1.87,85.93,2.35,3.06,2.35,0.8,50,298,5.2,18.31255,32.2765,253.28,1.89,2.23,0.58,1.29,1.7244,1.6,5.7,,0.48,"Chauhan, S., Taksal, P.A., Chowdhury, S., Bhattacharya, J., Dubey, B.K. 2024. Unveiling Biochar Quality Index: A Factor Analysis Mediated Ranking Approach to Select Best Ranked Biochar for Adsorptive Removal of Sulfamethoxazole. INDUSTRIAL & ENGINEERING CHEMISTRY RESEARCH, 63(27), 12126-12144."
Sulfamethazine,2.23,0.0059,3.022,51.74,37.74,6.63,3.69,1,16.42205,298,5,0.56864,0.537,278.33,2.13,2.53,0.59,1.53,2.0043,2.65,7.49,,0.76,"Rajapaksha, A.U., Vithanage, M., Zhang, M., Ahmad, M., Mohan, D., Chang, S.X., Ok, Y.S. 2014. Pyrolysis condition affected sulfamethazine sorption by tea waste biochars. BIORESOURCE TECHNOLOGY, 166, 303-308."
Sulfamethazine,2.23,0.0059,3.022,51.74,37.74,6.63,3.69,1,20.15725,298,5,0.51194,0.537,278.33,2.13,2.53,0.59,1.53,2.0043,2.65,7.49,,0.76,"Rajapaksha, A.U., Vithanage, M., Zhang, M., Ahmad, M., Mohan, D., Chang, S.X., Ok, Y.S. 2014. Pyrolysis condition affected sulfamethazine sorption by tea waste biochars. BIORESOURCE TECHNOLOGY, 166, 303-308."
Sulfamethazine,2.28,0.0059,4.323,70.05,19.62,5.24,4.97,1,2.67378,298,5,0.18304,2.43,278.33,2.13,2.53,0.59,1.53,2.0043,2.65,7.49,,0.76,"Rajapaksha, A.U., Vithanage, M., Zhang, M., Ahmad, M., Mohan, D., Chang, S.X., Ok, Y.S. 2014. Pyrolysis condition affected sulfamethazine sorption by tea waste biochars. BIORESOURCE TECHNOLOGY, 166, 303-308."
Sulfamethazine,2.28,0.0059,4.323,70.05,19.62,5.24,4.97,1,10.28709,298,5,0.45523,2.43,278.33,2.13,2.53,0.59,1.53,2.0043,2.65,7.49,,0.76,"Rajapaksha, A.U., Vithanage, M., Zhang, M., Ahmad, M., Mohan, D., Chang, S.X., Ok, Y.S. 2014. Pyrolysis condition affected sulfamethazine sorption by tea waste biochars. BIORESOURCE TECHNOLOGY, 166, 303-308."
Sulfamethazine,2.28,0.0059,4.323,70.05,19.62,5.24,4.97,1,32.49493,298,5,0.89754,2.43,278.33,2.13,2.53,0.59,1.53,2.0043,2.65,7.49,,0.76,"Rajapaksha, A.U., Vithanage, M., Zhang, M., Ahmad, M., Mohan, D., Chang, S.X., Ok, Y.S. 2014. Pyrolysis condition affected sulfamethazine sorption by tea waste biochars. BIORESOURCE TECHNOLOGY, 166, 303-308."
Sulfamethazine,2.28,0.0059,4.323,70.05,19.62,5.24,4.97,1,40.96569,298,5,1.01095,2.43,278.33,2.13,2.53,0.59,1.53,2.0043,2.65,7.49,,0.76,"Rajapaksha, A.U., Vithanage, M., Zhang, M., Ahmad, M., Mohan, D., Chang, S.X., Ok, Y.S. 2014. Pyrolysis condition affected sulfamethazine sorption by tea waste biochars. BIORESOURCE TECHNOLOGY, 166, 303-308."
Sulfamethazine,2.28,0.0059,4.323,70.05,19.62,5.24,4.97,1,54.04304,298,5,1.31717,2.43,278.33,2.13,2.53,0.59,1.53,2.0043,2.65,7.49,,0.76,"Rajapaksha, A.U., Vithanage, M., Zhang, M., Ahmad, M., Mohan, D., Chang, S.X., Ok, Y.S. 2014. Pyrolysis condition affected sulfamethazine sorption by tea waste biochars. BIORESOURCE TECHNOLOGY, 166, 303-308."
Sulfamethazine,0.9,0.0074,7.511,68.53,21.91,3.96,5.48,1,4.4902,298,5,0.14901,2.79,278.33,2.13,2.53,0.59,1.53,2.0043,2.65,7.49,,0.76,"Rajapaksha, A.U., Vithanage, M., Zhang, M., Ahmad, M., Mohan, D., Chang, S.X., Ok, Y.S. 2014. Pyrolysis condition affected sulfamethazine sorption by tea waste biochars. BIORESOURCE TECHNOLOGY, 166, 303-308."
Sulfamethazine,0.9,0.0074,7.511,68.53,21.91,3.96,5.48,1,9.60961,298,5,0.0356,2.79,278.33,2.13,2.53,0.59,1.53,2.0043,2.65,7.49,,0.76,"Rajapaksha, A.U., Vithanage, M., Zhang, M., Ahmad, M., Mohan, D., Chang, S.X., Ok, Y.S. 2014. Pyrolysis condition affected sulfamethazine sorption by tea waste biochars. BIORESOURCE TECHNOLOGY, 166, 303-308."
Sulfamethazine,0.9,0.0074,7.511,68.53,21.91,3.96,5.48,1,16.2418,298,5,1.23778,2.79,278.33,2.13,2.53,0.59,1.53,2.0043,2.65,7.49,,0.76,"Rajapaksha, A.U., Vithanage, M., Zhang, M., Ahmad, M., Mohan, D., Chang, S.X., Ok, Y.S. 2014. Pyrolysis condition affected sulfamethazine sorption by tea waste biochars. BIORESOURCE TECHNOLOGY, 166, 303-308."
Sulfamethazine,0.9,0.0074,7.511,68.53,21.91,3.96,5.48,1,20.10586,298,5,1.20376,2.79,278.33,2.13,2.53,0.59,1.53,2.0043,2.65,7.49,,0.76,"Rajapaksha, A.U., Vithanage, M., Zhang, M., Ahmad, M., Mohan, D., Chang, S.X., Ok, Y.S. 2014. Pyrolysis condition affected sulfamethazine sorption by tea waste biochars. BIORESOURCE TECHNOLOGY, 166, 303-308."
Sulfamethazine,0.9,0.0074,7.511,68.53,21.91,3.96,5.48,1,38.47628,298,5,1.64607,2.79,278.33,2.13,2.53,0.59,1.53,2.0043,2.65,7.49,,0.76,"Rajapaksha, A.U., Vithanage, M., Zhang, M., Ahmad, M., Mohan, D., Chang, S.X., Ok, Y.S. 2014. Pyrolysis condition affected sulfamethazine sorption by tea waste biochars. BIORESOURCE TECHNOLOGY, 166, 303-308."
Sulfamethazine,0.9,0.0074,7.511,68.53,21.91,3.96,5.48,1,53.95531,298,5,1.48729,2.79,278.33,2.13,2.53,0.59,1.53,2.0043,2.65,7.49,,0.76,"Rajapaksha, A.U., Vithanage, M., Zhang, M., Ahmad, M., Mohan, D., Chang, S.X., Ok, Y.S. 2014. Pyrolysis condition affected sulfamethazine sorption by tea waste biochars. BIORESOURCE TECHNOLOGY, 166, 303-308."
Sulfamethazine,342.22,0.0219,1.756,85.11,8.88,1.98,3.92,1,2.65652,298,5,2.1224,6.58,278.33,2.13,2.53,0.59,1.53,2.0043,2.65,7.49,,0.76,"Rajapaksha, A.U., Vithanage, M., Zhang, M., Ahmad, M., Mohan, D., Chang, S.X., Ok, Y.S. 2014. Pyrolysis condition affected sulfamethazine sorption by tea waste biochars. BIORESOURCE TECHNOLOGY, 166, 303-308."
Sulfamethazine,342.22,0.0219,1.756,85.11,8.88,1.98,3.92,1,4.74635,298,5,3.21117,6.58,278.33,2.13,2.53,0.59,1.53,2.0043,2.65,7.49,,0.76,"Rajapaksha, A.U., Vithanage, M., Zhang, M., Ahmad, M., Mohan, D., Chang, S.X., Ok, Y.S. 2014. Pyrolysis condition affected sulfamethazine sorption by tea waste biochars. BIORESOURCE TECHNOLOGY, 166, 303-308."
Sulfamethazine,342.22,0.0219,1.756,85.11,8.88,1.98,3.92,1,9.87926,298,5,4.90103,6.58,278.33,2.13,2.53,0.59,1.53,2.0043,2.65,7.49,,0.76,"Rajapaksha, A.U., Vithanage, M., Zhang, M., Ahmad, M., Mohan, D., Chang, S.X., Ok, Y.S. 2014. Pyrolysis condition affected sulfamethazine sorption by tea waste biochars. BIORESOURCE TECHNOLOGY, 166, 303-308."
Sulfamethazine,342.22,0.0219,1.756,85.11,8.88,1.98,3.92,1,16.22353,298,5,6.01248,6.58,278.33,2.13,2.53,0.59,1.53,2.0043,2.65,7.49,,0.76,"Rajapaksha, A.U., Vithanage, M., Zhang, M., Ahmad, M., Mohan, D., Chang, S.X., Ok, Y.S. 2014. Pyrolysis condition affected sulfamethazine sorption by tea waste biochars. BIORESOURCE TECHNOLOGY, 166, 303-308."
Sulfamethazine,342.22,0.0219,1.756,85.11,8.88,1.98,3.92,1,33.3255,298,5,5.8537,6.58,278.33,2.13,2.53,0.59,1.53,2.0043,2.65,7.49,,0.76,"Rajapaksha, A.U., Vithanage, M., Zhang, M., Ahmad, M., Mohan, D., Chang, S.X., Ok, Y.S. 2014. Pyrolysis condition affected sulfamethazine sorption by tea waste biochars. BIORESOURCE TECHNOLOGY, 166, 303-308."
Sulfamethazine,342.22,0.0219,1.756,85.11,8.88,1.98,3.92,1,53.80051,298,5,7.52087,6.58,278.33,2.13,2.53,0.59,1.53,2.0043,2.65,7.49,,0.76,"Rajapaksha, A.U., Vithanage, M., Zhang, M., Ahmad, M., Mohan, D., Chang, S.X., Ok, Y.S. 2014. Pyrolysis condition affected sulfamethazine sorption by tea waste biochars. BIORESOURCE TECHNOLOGY, 166, 303-308."
Sulfamethazine,421.31,0.0576,1.904,79.91,13.54,2.17,4.28,1,10.01008,298,5,9.27878,26.76,278.33,2.13,2.53,0.59,1.53,2.0043,2.65,7.49,,0.76,"Rajapaksha, A.U., Vithanage, M., Zhang, M., Ahmad, M., Mohan, D., Chang, S.X., Ok, Y.S. 2014. Pyrolysis condition affected sulfamethazine sorption by tea waste biochars. BIORESOURCE TECHNOLOGY, 166, 303-308."
Sulfamethazine,421.31,0.0576,1.904,79.91,13.54,2.17,4.28,1,16.28157,298,5,14.38237,26.76,278.33,2.13,2.53,0.59,1.53,2.0043,2.65,7.49,,0.76,"Rajapaksha, A.U., Vithanage, M., Zhang, M., Ahmad, M., Mohan, D., Chang, S.X., Ok, Y.S. 2014. Pyrolysis condition affected sulfamethazine sorption by tea waste biochars. BIORESOURCE TECHNOLOGY, 166, 303-308."
Sulfamethazine,421.31,0.0576,1.904,79.91,13.54,2.17,4.28,1,19.93214,298,5,17.22905,26.76,278.33,2.13,2.53,0.59,1.53,2.0043,2.65,7.49,,0.76,"Rajapaksha, A.U., Vithanage, M., Zhang, M., Ahmad, M., Mohan, D., Chang, S.X., Ok, Y.S. 2014. Pyrolysis condition affected sulfamethazine sorption by tea waste biochars. BIORESOURCE TECHNOLOGY, 166, 303-308."
Sulfamethazine,421.31,0.0576,1.904,79.91,13.54,2.17,4.28,1,33.27855,298,5,23.84104,26.76,278.33,2.13,2.53,0.59,1.53,2.0043,2.65,7.49,,0.76,"Rajapaksha, A.U., Vithanage, M., Zhang, M., Ahmad, M., Mohan, D., Chang, S.X., Ok, Y.S. 2014. Pyrolysis condition affected sulfamethazine sorption by tea waste biochars. BIORESOURCE TECHNOLOGY, 166, 303-308."
Sulfamethazine,421.31,0.0576,1.904,79.91,13.54,2.17,4.28,1,38.45386,298,5,22.79763,26.76,278.33,2.13,2.53,0.59,1.53,2.0043,2.65,7.49,,0.76,"Rajapaksha, A.U., Vithanage, M., Zhang, M., Ahmad, M., Mohan, D., Chang, S.X., Ok, Y.S. 2014. Pyrolysis condition affected sulfamethazine sorption by tea waste biochars. BIORESOURCE TECHNOLOGY, 166, 303-308."
Sulfamethazine,421.31,0.0576,1.904,79.91,13.54,2.17,4.28,1,53.89536,298,5,27.51563,26.76,278.33,2.13,2.53,0.59,1.53,2.0043,2.65,7.49,,0.76,"Rajapaksha, A.U., Vithanage, M., Zhang, M., Ahmad, M., Mohan, D., Chang, S.X., Ok, Y.S. 2014. Pyrolysis condition affected sulfamethazine sorption by tea waste biochars. BIORESOURCE TECHNOLOGY, 166, 303-308."
Sulfamethazine,576.09,0.1091,1.998,82.37,11.57,2.06,3.89,1,4.7992,298,5,4.5381,30.95,278.33,2.13,2.53,0.59,1.53,2.0043,2.65,7.49,,0.76,"Rajapaksha, A.U., Vithanage, M., Zhang, M., Ahmad, M., Mohan, D., Chang, S.X., Ok, Y.S. 2014. Pyrolysis condition affected sulfamethazine sorption by tea waste biochars. BIORESOURCE TECHNOLOGY, 166, 303-308."
Sulfamethazine,576.09,0.1091,1.998,82.37,11.57,2.06,3.89,1,9.6414,298,5,9.56231,30.95,278.33,2.13,2.53,0.59,1.53,2.0043,2.65,7.49,,0.76,"Rajapaksha, A.U., Vithanage, M., Zhang, M., Ahmad, M., Mohan, D., Chang, S.X., Ok, Y.S. 2014. Pyrolysis condition affected sulfamethazine sorption by tea waste biochars. BIORESOURCE TECHNOLOGY, 166, 303-308."
Sulfamethazine,576.09,0.1091,1.998,82.37,11.57,2.06,3.89,1,16.33088,298,5,15.62992,30.95,278.33,2.13,2.53,0.59,1.53,2.0043,2.65,7.49,,0.76,"Rajapaksha, A.U., Vithanage, M., Zhang, M., Ahmad, M., Mohan, D., Chang, S.X., Ok, Y.S. 2014. Pyrolysis condition affected sulfamethazine sorption by tea waste biochars. BIORESOURCE TECHNOLOGY, 166, 303-308."
Sulfamethazine,576.09,0.1091,1.998,82.37,11.57,2.06,3.89,1,19.92636,298,5,19.13439,30.95,278.33,2.13,2.53,0.59,1.53,2.0043,2.65,7.49,,0.76,"Rajapaksha, A.U., Vithanage, M., Zhang, M., Ahmad, M., Mohan, D., Chang, S.X., Ok, Y.S. 2014. Pyrolysis condition affected sulfamethazine sorption by tea waste biochars. BIORESOURCE TECHNOLOGY, 166, 303-308."
Sulfamethazine,576.09,0.1091,1.998,82.37,11.57,2.06,3.89,1,38.41211,298,5,26.56295,30.95,278.33,2.13,2.53,0.59,1.53,2.0043,2.65,7.49,,0.76,"Rajapaksha, A.U., Vithanage, M., Zhang, M., Ahmad, M., Mohan, D., Chang, S.X., Ok, Y.S. 2014. Pyrolysis condition affected sulfamethazine sorption by tea waste biochars. BIORESOURCE TECHNOLOGY, 166, 303-308."
Sulfamethazine,576.09,0.1091,1.998,82.37,11.57,2.06,3.89,1,53.84437,298,5,35.57931,30.95,278.33,2.13,2.53,0.59,1.53,2.0043,2.65,7.49,,0.76,"Rajapaksha, A.U., Vithanage, M., Zhang, M., Ahmad, M., Mohan, D., Chang, S.X., Ok, Y.S. 2014. Pyrolysis condition affected sulfamethazine sorption by tea waste biochars. BIORESOURCE TECHNOLOGY, 166, 303-308."
Sulfamethoxazole,5.75,0.5904,3.416,61.55,13.37,3.45,2.06,20,10,298,8.26,0.13158,3.61,253.28,1.89,2.23,0.58,1.29,1.7244,1.6,5.7,,0.48,"Schmidt, M.P., Ashworth, D.J., Celis, N., Ibekwe, A.M. 2023. Optimizing date palm leaf and pistachio shell biochar properties for antibiotic adsorption by varying pyrolysis temperature. BIORESOURCE TECHNOLOGY REPORTS, 21."
Sulfamethoxazole,5.75,0.5904,3.416,61.55,13.37,3.45,2.06,20,20,298,7.36,0.20305,3.61,253.28,1.89,2.23,0.58,1.29,1.7244,1.6,5.7,,0.48,"Schmidt, M.P., Ashworth, D.J., Celis, N., Ibekwe, A.M. 2023. Optimizing date palm leaf and pistachio shell biochar properties for antibiotic adsorption by varying pyrolysis temperature. BIORESOURCE TECHNOLOGY REPORTS, 21."
Sulfamethoxazole,5.75,0.267628,2.518,61.55,13.37,3.45,2.06,20,30,298,7.36,0.21989,3.61,253.28,1.89,2.23,0.58,1.29,1.7244,1.6,5.7,,0.48,"Schmidt, M.P., Ashworth, D.J., Celis, N., Ibekwe, A.M. 2023. Optimizing date palm leaf and pistachio shell biochar properties for antibiotic adsorption by varying pyrolysis temperature. BIORESOURCE TECHNOLOGY REPORTS, 21."
Sulfamethoxazole,5.75,0.235,4.618,61.55,13.37,3.45,2.06,20,40,298,6.88,0.2868,3.61,253.28,1.89,2.23,0.58,1.29,1.7244,1.6,5.7,,0.48,"Schmidt, M.P., Ashworth, D.J., Celis, N., Ibekwe, A.M. 2023. Optimizing date palm leaf and pistachio shell biochar properties for antibiotic adsorption by varying pyrolysis temperature. BIORESOURCE TECHNOLOGY REPORTS, 21."
Sulfamethoxazole,5.75,0.2874,12.412,61.55,13.37,3.45,2.06,20,60,298.09,5.58,0.40424,3.61,253.28,1.89,2.23,0.58,1.29,1.7244,1.6,5.7,,0.48,"Schmidt, M.P., Ashworth, D.J., Celis, N., Ibekwe, A.M. 2023. Optimizing date palm leaf and pistachio shell biochar properties for antibiotic adsorption by varying pyrolysis temperature. BIORESOURCE TECHNOLOGY REPORTS, 21."
Sulfamethoxazole,5.75,0.4417,5.243643967,61.55,13.37,3.45,2.06,20,100,297,4.6,0.70558,3.61,253.28,1.89,2.23,0.58,1.29,1.7244,1.6,5.7,,0.48,"Schmidt, M.P., Ashworth, D.J., Celis, N., Ibekwe, A.M. 2023. Optimizing date palm leaf and pistachio shell biochar properties for antibiotic adsorption by varying pyrolysis temperature. BIORESOURCE TECHNOLOGY REPORTS, 21."
Sulfamethoxazole,18.72,0.5904,3.462,64.13,4.67,2.2,1.95,20,10,298,7.7,0.14342,0.781,253.28,1.89,2.23,0.58,1.29,1.7244,1.6,5.7,,0.48,"Schmidt, M.P., Ashworth, D.J., Celis, N., Ibekwe, A.M. 2023. Optimizing date palm leaf and pistachio shell biochar properties for antibiotic adsorption by varying pyrolysis temperature. BIORESOURCE TECHNOLOGY REPORTS, 21."
Sulfamethoxazole,18.72,0.5904,3.462,64.13,4.67,2.2,1.95,20,20,298,6.8,0.24447,0.781,253.28,1.89,2.23,0.58,1.29,1.7244,1.6,5.7,,0.48,"Schmidt, M.P., Ashworth, D.J., Celis, N., Ibekwe, A.M. 2023. Optimizing date palm leaf and pistachio shell biochar properties for antibiotic adsorption by varying pyrolysis temperature. BIORESOURCE TECHNOLOGY REPORTS, 21."
Sulfamethoxazole,18.72,0.0752,3.306,64.13,4.67,2.2,1.95,20,30,294,6.8,0.3,0.781,253.28,1.89,2.23,0.58,1.29,1.7244,1.6,5.7,,0.48,"Schmidt, M.P., Ashworth, D.J., Celis, N., Ibekwe, A.M. 2023. Optimizing date palm leaf and pistachio shell biochar properties for antibiotic adsorption by varying pyrolysis temperature. BIORESOURCE TECHNOLOGY REPORTS, 21."
Sulfamethoxazole,18.72,0.0786,3.508,64.13,4.67,2.2,1.95,20,40,298,6.8,0.33642,0.781,253.28,1.89,2.23,0.58,1.29,1.7244,1.6,5.7,,0.48,"Schmidt, M.P., Ashworth, D.J., Celis, N., Ibekwe, A.M. 2023. Optimizing date palm leaf and pistachio shell biochar properties for antibiotic adsorption by varying pyrolysis temperature. BIORESOURCE TECHNOLOGY REPORTS, 21."
Sulfamethoxazole,18.72,0.082,3.71,64.13,4.67,2.2,1.95,20,60,298,5.5,0.4179,0.781,253.28,1.89,2.23,0.58,1.29,1.7244,1.6,5.7,,0.48,"Schmidt, M.P., Ashworth, D.J., Celis, N., Ibekwe, A.M. 2023. Optimizing date palm leaf and pistachio shell biochar properties for antibiotic adsorption by varying pyrolysis temperature. BIORESOURCE TECHNOLOGY REPORTS, 21."
Sulfamethoxazole,18.72,0.5788,4.43152529,64.13,4.67,2.2,1.95,20,100,297,4.6,0.57084,0.781,253.28,1.89,2.23,0.58,1.29,1.7244,1.6,5.7,,0.48,"Schmidt, M.P., Ashworth, D.J., Celis, N., Ibekwe, A.M. 2023. Optimizing date palm leaf and pistachio shell biochar properties for antibiotic adsorption by varying pyrolysis temperature. BIORESOURCE TECHNOLOGY REPORTS, 21."
Sulfamethoxazole,70.38,0.5904,3.462,65.48,4.12,0.91,1.9,20,10,298,7.7,0.15525,0.581,253.28,1.89,2.23,0.58,1.29,1.7244,1.6,5.7,,0.48,"Schmidt, M.P., Ashworth, D.J., Celis, N., Ibekwe, A.M. 2023. Optimizing date palm leaf and pistachio shell biochar properties for antibiotic adsorption by varying pyrolysis temperature. BIORESOURCE TECHNOLOGY REPORTS, 21."
Sulfamethoxazole,70.38,0.5904,3.462,65.48,4.12,0.91,1.9,20,20,298,7.7,0.2959,0.581,253.28,1.89,2.23,0.58,1.29,1.7244,1.6,5.7,,0.48,"Schmidt, M.P., Ashworth, D.J., Celis, N., Ibekwe, A.M. 2023. Optimizing date palm leaf and pistachio shell biochar properties for antibiotic adsorption by varying pyrolysis temperature. BIORESOURCE TECHNOLOGY REPORTS, 21."
Sulfamethoxazole,70.38,0.0752,3.306,65.48,4.12,0.91,1.9,20,30,296,6.8,0.36874,0.581,253.28,1.89,2.23,0.58,1.29,1.7244,1.6,5.7,,0.48,"Schmidt, M.P., Ashworth, D.J., Celis, N., Ibekwe, A.M. 2023. Optimizing date palm leaf and pistachio shell biochar properties for antibiotic adsorption by varying pyrolysis temperature. BIORESOURCE TECHNOLOGY REPORTS, 21."
Sulfamethoxazole,70.38,0.0786,3.508,65.48,4.12,0.91,1.9,20,40,296,6.8,0.44839,0.581,253.28,1.89,2.23,0.58,1.29,1.7244,1.6,5.7,,0.48,"Schmidt, M.P., Ashworth, D.J., Celis, N., Ibekwe, A.M. 2023. Optimizing date palm leaf and pistachio shell biochar properties for antibiotic adsorption by varying pyrolysis temperature. BIORESOURCE TECHNOLOGY REPORTS, 21."
Sulfamethoxazole,70.38,0.082,3.71,65.48,4.12,0.91,1.9,20,60,300,5.5,0.41016,0.581,253.28,1.89,2.23,0.58,1.29,1.7244,1.6,5.7,,0.48,"Schmidt, M.P., Ashworth, D.J., Celis, N., Ibekwe, A.M. 2023. Optimizing date palm leaf and pistachio shell biochar properties for antibiotic adsorption by varying pyrolysis temperature. BIORESOURCE TECHNOLOGY REPORTS, 21."
Sulfamethoxazole,70.38,0.5788,4.43152529,65.48,4.12,0.91,1.9,20,100,297,4.6,0.50256,0.581,253.28,1.89,2.23,0.58,1.29,1.7244,1.6,5.7,,0.48,"Schmidt, M.P., Ashworth, D.J., Celis, N., Ibekwe, A.M. 2023. Optimizing date palm leaf and pistachio shell biochar properties for antibiotic adsorption by varying pyrolysis temperature. BIORESOURCE TECHNOLOGY REPORTS, 21."
Sulfapyridine,5.75,0.5904,3.416,61.55,13.37,3.45,2.06,20,10,298,8.26,0.2233,166,249.29,2.04,2.23,0.59,1.48,1.7636,8.43,,,0.53,"Schmidt, M.P., Ashworth, D.J., Celis, N., Ibekwe, A.M. 2023. Optimizing date palm leaf and pistachio shell biochar properties for antibiotic adsorption by varying pyrolysis temperature. BIORESOURCE TECHNOLOGY REPORTS, 21."
Sulfapyridine,5.75,0.5904,3.416,61.55,13.37,3.45,2.06,20,20,298,7.36,0.44724,166,249.29,2.04,2.23,0.59,1.48,1.7636,8.43,,,0.53,"Schmidt, M.P., Ashworth, D.J., Celis, N., Ibekwe, A.M. 2023. Optimizing date palm leaf and pistachio shell biochar properties for antibiotic adsorption by varying pyrolysis temperature. BIORESOURCE TECHNOLOGY REPORTS, 21."
Sulfapyridine,5.75,0.267628,2.518,61.55,13.37,3.45,2.06,20,30,298,7.36,0.48576,166,249.29,2.04,2.23,0.59,1.48,1.7636,8.43,,,0.53,"Schmidt, M.P., Ashworth, D.J., Celis, N., Ibekwe, A.M. 2023. Optimizing date palm leaf and pistachio shell biochar properties for antibiotic adsorption by varying pyrolysis temperature. BIORESOURCE TECHNOLOGY REPORTS, 21."
Sulfapyridine,5.75,0.2874,12.412,61.55,13.37,3.45,2.06,20,60,298.09,5.58,1.05632,166,249.29,2.04,2.23,0.59,1.48,1.7636,8.43,,,0.53,"Schmidt, M.P., Ashworth, D.J., Celis, N., Ibekwe, A.M. 2023. Optimizing date palm leaf and pistachio shell biochar properties for antibiotic adsorption by varying pyrolysis temperature. BIORESOURCE TECHNOLOGY REPORTS, 21."
Sulfapyridine,5.75,0.4417,5.243643967,61.55,13.37,3.45,2.06,20,100,297,4.6,1.88078,166,249.29,2.04,2.23,0.59,1.48,1.7636,8.43,,,0.53,"Schmidt, M.P., Ashworth, D.J., Celis, N., Ibekwe, A.M. 2023. Optimizing date palm leaf and pistachio shell biochar properties for antibiotic adsorption by varying pyrolysis temperature. BIORESOURCE TECHNOLOGY REPORTS, 21."
Sulfapyridine,18.72,0.5904,3.462,64.13,4.67,2.2,1.95,20,10,298,7.7,0.20618,1.18,249.29,2.04,2.23,0.59,1.48,1.7636,8.43,,,0.53,"Schmidt, M.P., Ashworth, D.J., Celis, N., Ibekwe, A.M. 2023. Optimizing date palm leaf and pistachio shell biochar properties for antibiotic adsorption by varying pyrolysis temperature. BIORESOURCE TECHNOLOGY REPORTS, 21."
Sulfapyridine,18.72,0.5904,3.462,64.13,4.67,2.2,1.95,20,20,298,6.8,0.36309,1.18,249.29,2.04,2.23,0.59,1.48,1.7636,8.43,,,0.53,"Schmidt, M.P., Ashworth, D.J., Celis, N., Ibekwe, A.M. 2023. Optimizing date palm leaf and pistachio shell biochar properties for antibiotic adsorption by varying pyrolysis temperature. BIORESOURCE TECHNOLOGY REPORTS, 21."
Sulfapyridine,18.72,0.0752,3.306,64.13,4.67,2.2,1.95,20,30,294,6.8,0.51714,1.18,249.29,2.04,2.23,0.59,1.48,1.7636,8.43,,,0.53,"Schmidt, M.P., Ashworth, D.J., Celis, N., Ibekwe, A.M. 2023. Optimizing date palm leaf and pistachio shell biochar properties for antibiotic adsorption by varying pyrolysis temperature. BIORESOURCE TECHNOLOGY REPORTS, 21."
Sulfapyridine,18.72,0.0786,3.508,64.13,4.67,2.2,1.95,20,40,298,6.8,0.56992,1.18,249.29,2.04,2.23,0.59,1.48,1.7636,8.43,,,0.53,"Schmidt, M.P., Ashworth, D.J., Celis, N., Ibekwe, A.M. 2023. Optimizing date palm leaf and pistachio shell biochar properties for antibiotic adsorption by varying pyrolysis temperature. BIORESOURCE TECHNOLOGY REPORTS, 21."
Sulfapyridine,18.72,0.082,3.71,64.13,4.67,2.2,1.95,20,60,298,5.5,0.7311,1.18,249.29,2.04,2.23,0.59,1.48,1.7636,8.43,,,0.53,"Schmidt, M.P., Ashworth, D.J., Celis, N., Ibekwe, A.M. 2023. Optimizing date palm leaf and pistachio shell biochar properties for antibiotic adsorption by varying pyrolysis temperature. BIORESOURCE TECHNOLOGY REPORTS, 21."
Sulfapyridine,18.72,0.5788,4.43152529,64.13,4.67,2.2,1.95,20,100,297,4.6,0.89371,1.18,249.29,2.04,2.23,0.59,1.48,1.7636,8.43,,,0.53,"Schmidt, M.P., Ashworth, D.J., Celis, N., Ibekwe, A.M. 2023. Optimizing date palm leaf and pistachio shell biochar properties for antibiotic adsorption by varying pyrolysis temperature. BIORESOURCE TECHNOLOGY REPORTS, 21."
Sulfapyridine,70.38,0.5904,3.462,65.48,4.12,0.91,1.9,20,10,298,7.7,0.27608,0.628,249.29,2.04,2.23,0.59,1.48,1.7636,8.43,,,0.53,"Schmidt, M.P., Ashworth, D.J., Celis, N., Ibekwe, A.M. 2023. Optimizing date palm leaf and pistachio shell biochar properties for antibiotic adsorption by varying pyrolysis temperature. BIORESOURCE TECHNOLOGY REPORTS, 21."
Sulfapyridine,70.38,0.5904,3.462,65.48,4.12,0.91,1.9,20,20,298,7.7,0.49432,0.628,249.29,2.04,2.23,0.59,1.48,1.7636,8.43,,,0.53,"Schmidt, M.P., Ashworth, D.J., Celis, N., Ibekwe, A.M. 2023. Optimizing date palm leaf and pistachio shell biochar properties for antibiotic adsorption by varying pyrolysis temperature. BIORESOURCE TECHNOLOGY REPORTS, 21."
Sulfapyridine,70.38,0.0752,3.306,65.48,4.12,0.91,1.9,20,30,296,6.8,0.56564,0.628,249.29,2.04,2.23,0.59,1.48,1.7636,8.43,,,0.53,"Schmidt, M.P., Ashworth, D.J., Celis, N., Ibekwe, A.M. 2023. Optimizing date palm leaf and pistachio shell biochar properties for antibiotic adsorption by varying pyrolysis temperature. BIORESOURCE TECHNOLOGY REPORTS, 21."
Sulfapyridine,70.38,0.0786,3.508,65.48,4.12,0.91,1.9,20,40,296,6.8,0.65693,0.628,249.29,2.04,2.23,0.59,1.48,1.7636,8.43,,,0.53,"Schmidt, M.P., Ashworth, D.J., Celis, N., Ibekwe, A.M. 2023. Optimizing date palm leaf and pistachio shell biochar properties for antibiotic adsorption by varying pyrolysis temperature. BIORESOURCE TECHNOLOGY REPORTS, 21."
Sulfapyridine,70.38,0.082,3.71,65.48,4.12,0.91,1.9,20,60,300,5.5,0.54709,0.628,249.29,2.04,2.23,0.59,1.48,1.7636,8.43,,,0.53,"Schmidt, M.P., Ashworth, D.J., Celis, N., Ibekwe, A.M. 2023. Optimizing date palm leaf and pistachio shell biochar properties for antibiotic adsorption by varying pyrolysis temperature. BIORESOURCE TECHNOLOGY REPORTS, 21."
Sulfapyridine,70.38,0.5788,4.43152529,65.48,4.12,0.91,1.9,20,100,297,4.6,0.51714,0.628,249.29,2.04,2.23,0.59,1.48,1.7636,8.43,,,0.53,"Schmidt, M.P., Ashworth, D.J., Celis, N., Ibekwe, A.M. 2023. Optimizing date palm leaf and pistachio shell biochar properties for antibiotic adsorption by varying pyrolysis temperature. BIORESOURCE TECHNOLOGY REPORTS, 21."
Sulfamethoxazole,8.53,0.74144,3.4,74.83,15.5,3.36,0.35,20,5,298,6.4,0.05853,0.523,253.28,1.89,2.23,0.58,1.29,1.7244,1.6,5.7,,0.48,"Schmidt, M.P., Ashworth, D.J., Celis, N., Ibekwe, A.M. 2023. Optimizing date palm leaf and pistachio shell biochar properties for antibiotic adsorption by varying pyrolysis temperature. BIORESOURCE TECHNOLOGY REPORTS, 21."
Sulfamethoxazole,8.53,0.69212,3.4,74.83,15.5,3.36,0.35,20,10,298,6.4,0.12681,0.523,253.28,1.89,2.23,0.58,1.29,1.7244,1.6,5.7,,0.48,"Schmidt, M.P., Ashworth, D.J., Celis, N., Ibekwe, A.M. 2023. Optimizing date palm leaf and pistachio shell biochar properties for antibiotic adsorption by varying pyrolysis temperature. BIORESOURCE TECHNOLOGY REPORTS, 21."
Sulfamethoxazole,8.53,0.69212,3.4,74.83,15.5,3.36,0.35,20,20,298,6.4,0.2265,0.523,253.28,1.89,2.23,0.58,1.29,1.7244,1.6,5.7,,0.48,"Schmidt, M.P., Ashworth, D.J., Celis, N., Ibekwe, A.M. 2023. Optimizing date palm leaf and pistachio shell biochar properties for antibiotic adsorption by varying pyrolysis temperature. BIORESOURCE TECHNOLOGY REPORTS, 21."
Sulfamethoxazole,8.53,0.277898,9.762995025,74.83,15.5,3.36,0.35,20,30,298,6.4,0.26656,0.523,253.28,1.89,2.23,0.58,1.29,1.7244,1.6,5.7,,0.48,"Schmidt, M.P., Ashworth, D.J., Celis, N., Ibekwe, A.M. 2023. Optimizing date palm leaf and pistachio shell biochar properties for antibiotic adsorption by varying pyrolysis temperature. BIORESOURCE TECHNOLOGY REPORTS, 21."
Sulfamethoxazole,8.53,0.239094,2.456,74.83,15.5,3.36,0.35,20,40,298,7.02,0.3271,0.523,253.28,1.89,2.23,0.58,1.29,1.7244,1.6,5.7,,0.48,"Schmidt, M.P., Ashworth, D.J., Celis, N., Ibekwe, A.M. 2023. Optimizing date palm leaf and pistachio shell biochar properties for antibiotic adsorption by varying pyrolysis temperature. BIORESOURCE TECHNOLOGY REPORTS, 21."
Sulfamethoxazole,8.53,0.347078,13.83015184,74.83,15.5,3.36,0.35,20,60,298,6.4,0.40903,0.523,253.28,1.89,2.23,0.58,1.29,1.7244,1.6,5.7,,0.48,"Schmidt, M.P., Ashworth, D.J., Celis, N., Ibekwe, A.M. 2023. Optimizing date palm leaf and pistachio shell biochar properties for antibiotic adsorption by varying pyrolysis temperature. BIORESOURCE TECHNOLOGY REPORTS, 21."
Sulfamethoxazole,8.53,0.36306,8.147156812,74.83,15.5,3.36,0.35,20,100,296,4.48,0.39993,0.523,253.28,1.89,2.23,0.58,1.29,1.7244,1.6,5.7,,0.48,"Schmidt, M.P., Ashworth, D.J., Celis, N., Ibekwe, A.M. 2023. Optimizing date palm leaf and pistachio shell biochar properties for antibiotic adsorption by varying pyrolysis temperature. BIORESOURCE TECHNOLOGY REPORTS, 21."
Sulfamethoxazole,3.89,0.60798,3.43,88.55,11.2,1.74,0.32,20,5,298,5.84,0.07629,0.677,253.28,1.89,2.23,0.58,1.29,1.7244,1.6,5.7,,0.48,"Schmidt, M.P., Ashworth, D.J., Celis, N., Ibekwe, A.M. 2023. Optimizing date palm leaf and pistachio shell biochar properties for antibiotic adsorption by varying pyrolysis temperature. BIORESOURCE TECHNOLOGY REPORTS, 21."
Sulfamethoxazole,3.89,0.60798,3.43,88.55,11.2,1.74,0.32,20,10,298,5.8,0.16914,0.677,253.28,1.89,2.23,0.58,1.29,1.7244,1.6,5.7,,0.48,"Schmidt, M.P., Ashworth, D.J., Celis, N., Ibekwe, A.M. 2023. Optimizing date palm leaf and pistachio shell biochar properties for antibiotic adsorption by varying pyrolysis temperature. BIORESOURCE TECHNOLOGY REPORTS, 21."
Sulfamethoxazole,3.89,0.9352,3.4,88.55,11.2,1.74,0.32,20,20,297,5.82,0.26337,0.677,253.28,1.89,2.23,0.58,1.29,1.7244,1.6,5.7,,0.48,"Schmidt, M.P., Ashworth, D.J., Celis, N., Ibekwe, A.M. 2023. Optimizing date palm leaf and pistachio shell biochar properties for antibiotic adsorption by varying pyrolysis temperature. BIORESOURCE TECHNOLOGY REPORTS, 21."
Sulfamethoxazole,3.89,0.10238,2.526,88.55,11.2,1.74,0.32,20,30,298,5.38,0.3139,0.677,253.28,1.89,2.23,0.58,1.29,1.7244,1.6,5.7,,0.48,"Schmidt, M.P., Ashworth, D.J., Celis, N., Ibekwe, A.M. 2023. Optimizing date palm leaf and pistachio shell biochar properties for antibiotic adsorption by varying pyrolysis temperature. BIORESOURCE TECHNOLOGY REPORTS, 21."
Sulfamethoxazole,3.89,0.06422,2.526,88.55,11.2,1.74,0.32,20,40,298,5.2,0.3799,0.677,253.28,1.89,2.23,0.58,1.29,1.7244,1.6,5.7,,0.48,"Schmidt, M.P., Ashworth, D.J., Celis, N., Ibekwe, A.M. 2023. Optimizing date palm leaf and pistachio shell biochar properties for antibiotic adsorption by varying pyrolysis temperature. BIORESOURCE TECHNOLOGY REPORTS, 21."
Sulfamethoxazole,3.89,0.1474,2.774,88.55,11.2,1.74,0.32,20,60,298,5.9,0.47594,0.677,253.28,1.89,2.23,0.58,1.29,1.7244,1.6,5.7,,0.48,"Schmidt, M.P., Ashworth, D.J., Celis, N., Ibekwe, A.M. 2023. Optimizing date palm leaf and pistachio shell biochar properties for antibiotic adsorption by varying pyrolysis temperature. BIORESOURCE TECHNOLOGY REPORTS, 21."
Sulfamethoxazole,3.89,0.93134,1.848,88.55,11.2,1.74,0.32,20,100,295,4.78,0.52966,0.677,253.28,1.89,2.23,0.58,1.29,1.7244,1.6,5.7,,0.48,"Schmidt, M.P., Ashworth, D.J., Celis, N., Ibekwe, A.M. 2023. Optimizing date palm leaf and pistachio shell biochar properties for antibiotic adsorption by varying pyrolysis temperature. BIORESOURCE TECHNOLOGY REPORTS, 21."
Sulfamethoxazole,66.85,0.60798,3.43,87.18,10.54,1.01,0.73,20,5,298,5.84,0.05034,0.286,253.28,1.89,2.23,0.58,1.29,1.7244,1.6,5.7,,0.48,"Schmidt, M.P., Ashworth, D.J., Celis, N., Ibekwe, A.M. 2023. Optimizing date palm leaf and pistachio shell biochar properties for antibiotic adsorption by varying pyrolysis temperature. BIORESOURCE TECHNOLOGY REPORTS, 21."
Sulfamethoxazole,66.85,0.60798,3.43,87.18,10.54,1.01,0.73,20,10,298,5.68,0.12317,0.286,253.28,1.89,2.23,0.58,1.29,1.7244,1.6,5.7,,0.48,"Schmidt, M.P., Ashworth, D.J., Celis, N., Ibekwe, A.M. 2023. Optimizing date palm leaf and pistachio shell biochar properties for antibiotic adsorption by varying pyrolysis temperature. BIORESOURCE TECHNOLOGY REPORTS, 21."
Sulfamethoxazole,66.85,0.60798,3.4,87.18,10.54,1.01,0.73,20,20,298,5.7,0.17825,0.286,253.28,1.89,2.23,0.58,1.29,1.7244,1.6,5.7,,0.48,"Schmidt, M.P., Ashworth, D.J., Celis, N., Ibekwe, A.M. 2023. Optimizing date palm leaf and pistachio shell biochar properties for antibiotic adsorption by varying pyrolysis temperature. BIORESOURCE TECHNOLOGY REPORTS, 21."
Sulfamethoxazole,66.85,0.12218,2.526,87.18,10.54,1.01,0.73,20,30,298,5.38,0.19054,0.286,253.28,1.89,2.23,0.58,1.29,1.7244,1.6,5.7,,0.48,"Schmidt, M.P., Ashworth, D.J., Celis, N., Ibekwe, A.M. 2023. Optimizing date palm leaf and pistachio shell biochar properties for antibiotic adsorption by varying pyrolysis temperature. BIORESOURCE TECHNOLOGY REPORTS, 21."
Sulfamethoxazole,66.85,0.06422,2.526,87.18,10.54,1.01,0.73,20,40,298,5.4,0.18963,0.286,253.28,1.89,2.23,0.58,1.29,1.7244,1.6,5.7,,0.48,"Schmidt, M.P., Ashworth, D.J., Celis, N., Ibekwe, A.M. 2023. Optimizing date palm leaf and pistachio shell biochar properties for antibiotic adsorption by varying pyrolysis temperature. BIORESOURCE TECHNOLOGY REPORTS, 21."
Sulfamethoxazole,66.85,0.1474,2.774,87.18,10.54,1.01,0.73,20,60,298,5.9,0.25199,0.286,253.28,1.89,2.23,0.58,1.29,1.7244,1.6,5.7,,0.48,"Schmidt, M.P., Ashworth, D.J., Celis, N., Ibekwe, A.M. 2023. Optimizing date palm leaf and pistachio shell biochar properties for antibiotic adsorption by varying pyrolysis temperature. BIORESOURCE TECHNOLOGY REPORTS, 21."
Sulfapyridine,8.53,0.74144,3.4,74.83,15.5,3.36,0.35,20,5,298,6.4,0.13697,1.03,249.29,2.04,2.23,0.59,1.48,1.7636,8.43,,,0.53,"Schmidt, M.P., Ashworth, D.J., Celis, N., Ibekwe, A.M. 2023. Optimizing date palm leaf and pistachio shell biochar properties for antibiotic adsorption by varying pyrolysis temperature. BIORESOURCE TECHNOLOGY REPORTS, 21."
Sulfapyridine,8.53,0.69212,3.4,74.83,15.5,3.36,0.35,20,10,298,6.4,0.25393,1.03,249.29,2.04,2.23,0.59,1.48,1.7636,8.43,,,0.53,"Schmidt, M.P., Ashworth, D.J., Celis, N., Ibekwe, A.M. 2023. Optimizing date palm leaf and pistachio shell biochar properties for antibiotic adsorption by varying pyrolysis temperature. BIORESOURCE TECHNOLOGY REPORTS, 21."
Sulfapyridine,8.53,0.69212,3.4,74.83,15.5,3.36,0.35,20,20,298,6.4,0.40371,1.03,249.29,2.04,2.23,0.59,1.48,1.7636,8.43,,,0.53,"Schmidt, M.P., Ashworth, D.J., Celis, N., Ibekwe, A.M. 2023. Optimizing date palm leaf and pistachio shell biochar properties for antibiotic adsorption by varying pyrolysis temperature. BIORESOURCE TECHNOLOGY REPORTS, 21."
Sulfapyridine,8.53,0.277898,9.762995025,74.83,15.5,3.36,0.35,20,30,298,6.4,0.38802,1.03,249.29,2.04,2.23,0.59,1.48,1.7636,8.43,,,0.53,"Schmidt, M.P., Ashworth, D.J., Celis, N., Ibekwe, A.M. 2023. Optimizing date palm leaf and pistachio shell biochar properties for antibiotic adsorption by varying pyrolysis temperature. BIORESOURCE TECHNOLOGY REPORTS, 21."
Sulfapyridine,8.53,0.239094,2.456,74.83,15.5,3.36,0.35,20,40,298,7.02,0.49785,1.03,249.29,2.04,2.23,0.59,1.48,1.7636,8.43,,,0.53,"Schmidt, M.P., Ashworth, D.J., Celis, N., Ibekwe, A.M. 2023. Optimizing date palm leaf and pistachio shell biochar properties for antibiotic adsorption by varying pyrolysis temperature. BIORESOURCE TECHNOLOGY REPORTS, 21."
Sulfapyridine,8.53,0.347078,13.83015184,74.83,15.5,3.36,0.35,20,60,298,6.4,0.75318,1.03,249.29,2.04,2.23,0.59,1.48,1.7636,8.43,,,0.53,"Schmidt, M.P., Ashworth, D.J., Celis, N., Ibekwe, A.M. 2023. Optimizing date palm leaf and pistachio shell biochar properties for antibiotic adsorption by varying pyrolysis temperature. BIORESOURCE TECHNOLOGY REPORTS, 21."
Sulfapyridine,8.53,0.36306,8.147156812,74.83,15.5,3.36,0.35,20,100,296,4.48,0.82307,1.03,249.29,2.04,2.23,0.59,1.48,1.7636,8.43,,,0.53,"Schmidt, M.P., Ashworth, D.J., Celis, N., Ibekwe, A.M. 2023. Optimizing date palm leaf and pistachio shell biochar properties for antibiotic adsorption by varying pyrolysis temperature. BIORESOURCE TECHNOLOGY REPORTS, 21."
Sulfapyridine,3.89,0.60798,3.43,88.55,11.2,1.74,0.32,20,5,298,5.84,0.12841,0.623,249.29,2.04,2.23,0.59,1.48,1.7636,8.43,,,0.53,"Schmidt, M.P., Ashworth, D.J., Celis, N., Ibekwe, A.M. 2023. Optimizing date palm leaf and pistachio shell biochar properties for antibiotic adsorption by varying pyrolysis temperature. BIORESOURCE TECHNOLOGY REPORTS, 21."
Sulfapyridine,3.89,0.60798,3.43,88.55,11.2,1.74,0.32,20,10,298,5.8,0.22255,0.623,249.29,2.04,2.23,0.59,1.48,1.7636,8.43,,,0.53,"Schmidt, M.P., Ashworth, D.J., Celis, N., Ibekwe, A.M. 2023. Optimizing date palm leaf and pistachio shell biochar properties for antibiotic adsorption by varying pyrolysis temperature. BIORESOURCE TECHNOLOGY REPORTS, 21."
Sulfapyridine,3.89,0.9352,3.4,88.55,11.2,1.74,0.32,20,20,297,5.82,0.3167,0.623,249.29,2.04,2.23,0.59,1.48,1.7636,8.43,,,0.53,"Schmidt, M.P., Ashworth, D.J., Celis, N., Ibekwe, A.M. 2023. Optimizing date palm leaf and pistachio shell biochar properties for antibiotic adsorption by varying pyrolysis temperature. BIORESOURCE TECHNOLOGY REPORTS, 21."
Sulfapyridine,3.89,0.10238,2.526,88.55,11.2,1.74,0.32,20,30,298,5.38,0.40371,0.623,249.29,2.04,2.23,0.59,1.48,1.7636,8.43,,,0.53,"Schmidt, M.P., Ashworth, D.J., Celis, N., Ibekwe, A.M. 2023. Optimizing date palm leaf and pistachio shell biochar properties for antibiotic adsorption by varying pyrolysis temperature. BIORESOURCE TECHNOLOGY REPORTS, 21."
Sulfapyridine,3.89,0.06422,2.526,88.55,11.2,1.74,0.32,20,40,298,5.2,0.42653,0.623,249.29,2.04,2.23,0.59,1.48,1.7636,8.43,,,0.53,"Schmidt, M.P., Ashworth, D.J., Celis, N., Ibekwe, A.M. 2023. Optimizing date palm leaf and pistachio shell biochar properties for antibiotic adsorption by varying pyrolysis temperature. BIORESOURCE TECHNOLOGY REPORTS, 21."
Sulfapyridine,3.89,0.1474,2.774,88.55,11.2,1.74,0.32,20,60,298,5.9,0.47788,0.623,249.29,2.04,2.23,0.59,1.48,1.7636,8.43,,,0.53,"Schmidt, M.P., Ashworth, D.J., Celis, N., Ibekwe, A.M. 2023. Optimizing date palm leaf and pistachio shell biochar properties for antibiotic adsorption by varying pyrolysis temperature. BIORESOURCE TECHNOLOGY REPORTS, 21."
Sulfapyridine,3.89,0.93134,1.848,88.55,11.2,1.74,0.32,20,100,295,4.78,0.60768,0.623,249.29,2.04,2.23,0.59,1.48,1.7636,8.43,,,0.53,"Schmidt, M.P., Ashworth, D.J., Celis, N., Ibekwe, A.M. 2023. Optimizing date palm leaf and pistachio shell biochar properties for antibiotic adsorption by varying pyrolysis temperature. BIORESOURCE TECHNOLOGY REPORTS, 21."
Sulfapyridine,66.85,0.60798,3.43,87.18,10.54,1.01,0.73,20,5,298,5.84,0.12841,0.587,249.29,2.04,2.23,0.59,1.48,1.7636,8.43,,,0.53,"Schmidt, M.P., Ashworth, D.J., Celis, N., Ibekwe, A.M. 2023. Optimizing date palm leaf and pistachio shell biochar properties for antibiotic adsorption by varying pyrolysis temperature. BIORESOURCE TECHNOLOGY REPORTS, 21."
Sulfapyridine,66.85,0.60798,3.43,87.18,10.54,1.01,0.73,20,10,298,5.68,0.2468,0.587,249.29,2.04,2.23,0.59,1.48,1.7636,8.43,,,0.53,"Schmidt, M.P., Ashworth, D.J., Celis, N., Ibekwe, A.M. 2023. Optimizing date palm leaf and pistachio shell biochar properties for antibiotic adsorption by varying pyrolysis temperature. BIORESOURCE TECHNOLOGY REPORTS, 21."
Sulfapyridine,66.85,0.60798,3.4,87.18,10.54,1.01,0.73,20,20,298,5.7,0.34522,0.587,249.29,2.04,2.23,0.59,1.48,1.7636,8.43,,,0.53,"Schmidt, M.P., Ashworth, D.J., Celis, N., Ibekwe, A.M. 2023. Optimizing date palm leaf and pistachio shell biochar properties for antibiotic adsorption by varying pyrolysis temperature. BIORESOURCE TECHNOLOGY REPORTS, 21."
Sulfapyridine,66.85,0.12218,2.526,87.18,10.54,1.01,0.73,20,30,298,5.38,0.36377,0.587,249.29,2.04,2.23,0.59,1.48,1.7636,8.43,,,0.53,"Schmidt, M.P., Ashworth, D.J., Celis, N., Ibekwe, A.M. 2023. Optimizing date palm leaf and pistachio shell biochar properties for antibiotic adsorption by varying pyrolysis temperature. BIORESOURCE TECHNOLOGY REPORTS, 21."
Sulfapyridine,66.85,0.06422,2.526,87.18,10.54,1.01,0.73,20,40,298,5.4,0.42653,0.587,249.29,2.04,2.23,0.59,1.48,1.7636,8.43,,,0.53,"Schmidt, M.P., Ashworth, D.J., Celis, N., Ibekwe, A.M. 2023. Optimizing date palm leaf and pistachio shell biochar properties for antibiotic adsorption by varying pyrolysis temperature. BIORESOURCE TECHNOLOGY REPORTS, 21."
Sulfapyridine,66.85,0.1474,2.774,87.18,10.54,1.01,0.73,20,60,298,5.9,0.52923,0.587,249.29,2.04,2.23,0.59,1.48,1.7636,8.43,,,0.53,"Schmidt, M.P., Ashworth, D.J., Celis, N., Ibekwe, A.M. 2023. Optimizing date palm leaf and pistachio shell biochar properties for antibiotic adsorption by varying pyrolysis temperature. BIORESOURCE TECHNOLOGY REPORTS, 21."
Sulfapyridine,66.85,0.93134,1.848,87.18,10.54,1.01,0.73,20,100,297,4.78,0.55633,0.587,249.29,2.04,2.23,0.59,1.48,1.7636,8.43,,,0.53,"Schmidt, M.P., Ashworth, D.J., Celis, N., Ibekwe, A.M. 2023. Optimizing date palm leaf and pistachio shell biochar properties for antibiotic adsorption by varying pyrolysis temperature. BIORESOURCE TECHNOLOGY REPORTS, 21."
Sulfamethoxazole,378.8,0.206,2.413,37.3,57.7,2.1,2.9,0.025,5.02900975,278,9,62.19919,206.3,253.28,1.89,2.23,0.58,1.29,1.7244,1.6,5.7,,0.48,"Nguyen, T.-K.-T., Nguyen, T.-B., Chen, W.-H., Chen, C.-W., Patel, A.K., Bui, X.-T., Chen, L., Singhania, R.R., Dong, C.-D. 2023. Phosphoric acid-activated biochar derived from sunflower seed husk: Selective antibiotic adsorption behavior and mechanism. BIORESOURCE TECHNOLOGY, 371."
Sulfamethoxazole,378.8,0.206,2.413,37.3,57.7,2.1,2.9,0.025,8.05132675,278,9,87.31307,206.3,253.28,1.89,2.23,0.58,1.29,1.7244,1.6,5.7,,0.48,"Nguyen, T.-K.-T., Nguyen, T.-B., Chen, W.-H., Chen, C.-W., Patel, A.K., Bui, X.-T., Chen, L., Singhania, R.R., Dong, C.-D. 2023. Phosphoric acid-activated biochar derived from sunflower seed husk: Selective antibiotic adsorption behavior and mechanism. BIORESOURCE TECHNOLOGY, 371."
Sulfamethoxazole,378.8,0.206,2.413,37.3,57.7,2.1,2.9,0.025,9.99701125,278,9,103.79405,206.3,253.28,1.89,2.23,0.58,1.29,1.7244,1.6,5.7,,0.48,"Nguyen, T.-K.-T., Nguyen, T.-B., Chen, W.-H., Chen, C.-W., Patel, A.K., Bui, X.-T., Chen, L., Singhania, R.R., Dong, C.-D. 2023. Phosphoric acid-activated biochar derived from sunflower seed husk: Selective antibiotic adsorption behavior and mechanism. BIORESOURCE TECHNOLOGY, 371."
Sulfamethoxazole,378.8,0.206,2.413,37.3,57.7,2.1,2.9,0.025,11.98049875,278,9,114.41915,206.3,253.28,1.89,2.23,0.58,1.29,1.7244,1.6,5.7,,0.48,"Nguyen, T.-K.-T., Nguyen, T.-B., Chen, W.-H., Chen, C.-W., Patel, A.K., Bui, X.-T., Chen, L., Singhania, R.R., Dong, C.-D. 2023. Phosphoric acid-activated biochar derived from sunflower seed husk: Selective antibiotic adsorption behavior and mechanism. BIORESOURCE TECHNOLOGY, 371."
Sulfamethoxazole,378.8,0.206,2.413,37.3,57.7,2.1,2.9,0.025,15.02767825,278,9,132.10753,206.3,253.28,1.89,2.23,0.58,1.29,1.7244,1.6,5.7,,0.48,"Nguyen, T.-K.-T., Nguyen, T.-B., Chen, W.-H., Chen, C.-W., Patel, A.K., Bui, X.-T., Chen, L., Singhania, R.R., Dong, C.-D. 2023. Phosphoric acid-activated biochar derived from sunflower seed husk: Selective antibiotic adsorption behavior and mechanism. BIORESOURCE TECHNOLOGY, 371."
Sulfamethoxazole,378.8,0.206,2.413,37.3,57.7,2.1,2.9,0.025,18.026076,278,9,142.73264,206.3,253.28,1.89,2.23,0.58,1.29,1.7244,1.6,5.7,,0.48,"Nguyen, T.-K.-T., Nguyen, T.-B., Chen, W.-H., Chen, C.-W., Patel, A.K., Bui, X.-T., Chen, L., Singhania, R.R., Dong, C.-D. 2023. Phosphoric acid-activated biochar derived from sunflower seed husk: Selective antibiotic adsorption behavior and mechanism. BIORESOURCE TECHNOLOGY, 371."
Sulfamethoxazole,378.8,0.206,2.413,37.3,57.7,2.1,2.9,0.025,20.02822175,278,7.8,143.87967,206.3,253.28,1.89,2.23,0.58,1.29,1.7244,1.6,5.7,,0.48,"Nguyen, T.-K.-T., Nguyen, T.-B., Chen, W.-H., Chen, C.-W., Patel, A.K., Bui, X.-T., Chen, L., Singhania, R.R., Dong, C.-D. 2023. Phosphoric acid-activated biochar derived from sunflower seed husk: Selective antibiotic adsorption behavior and mechanism. BIORESOURCE TECHNOLOGY, 371."
Sulfamethoxazole,378.8,0.206,2.413,37.3,57.7,2.1,2.9,0.025,5.0057095,283,9,78.25758,213.3,253.28,1.89,2.23,0.58,1.29,1.7244,1.6,5.7,,0.48,"Nguyen, T.-K.-T., Nguyen, T.-B., Chen, W.-H., Chen, C.-W., Patel, A.K., Bui, X.-T., Chen, L., Singhania, R.R., Dong, C.-D. 2023. Phosphoric acid-activated biochar derived from sunflower seed husk: Selective antibiotic adsorption behavior and mechanism. BIORESOURCE TECHNOLOGY, 371."
Sulfamethoxazole,378.8,0.206,2.413,37.3,57.7,2.1,2.9,0.025,7.9997745,283,9,106.75218,213.3,253.28,1.89,2.23,0.58,1.29,1.7244,1.6,5.7,,0.48,"Nguyen, T.-K.-T., Nguyen, T.-B., Chen, W.-H., Chen, C.-W., Patel, A.K., Bui, X.-T., Chen, L., Singhania, R.R., Dong, C.-D. 2023. Phosphoric acid-activated biochar derived from sunflower seed husk: Selective antibiotic adsorption behavior and mechanism. BIORESOURCE TECHNOLOGY, 371."
Sulfamethoxazole,378.8,0.206,2.413,37.3,57.7,2.1,2.9,0.025,9.953438,283,9,120.09392,213.3,253.28,1.89,2.23,0.58,1.29,1.7244,1.6,5.7,,0.48,"Nguyen, T.-K.-T., Nguyen, T.-B., Chen, W.-H., Chen, C.-W., Patel, A.K., Bui, X.-T., Chen, L., Singhania, R.R., Dong, C.-D. 2023. Phosphoric acid-activated biochar derived from sunflower seed husk: Selective antibiotic adsorption behavior and mechanism. BIORESOURCE TECHNOLOGY, 371."
Sulfamethoxazole,378.8,0.206,2.413,37.3,57.7,2.1,2.9,0.025,12.0101535,283,9,134.09974,213.3,253.28,1.89,2.23,0.58,1.29,1.7244,1.6,5.7,,0.48,"Nguyen, T.-K.-T., Nguyen, T.-B., Chen, W.-H., Chen, C.-W., Patel, A.K., Bui, X.-T., Chen, L., Singhania, R.R., Dong, C.-D. 2023. Phosphoric acid-activated biochar derived from sunflower seed husk: Selective antibiotic adsorption behavior and mechanism. BIORESOURCE TECHNOLOGY, 371."
Sulfamethoxazole,378.8,0.206,2.413,37.3,57.7,2.1,2.9,0.025,15.02236425,283,9,147.68297,213.3,253.28,1.89,2.23,0.58,1.29,1.7244,1.6,5.7,,0.48,"Nguyen, T.-K.-T., Nguyen, T.-B., Chen, W.-H., Chen, C.-W., Patel, A.K., Bui, X.-T., Chen, L., Singhania, R.R., Dong, C.-D. 2023. Phosphoric acid-activated biochar derived from sunflower seed husk: Selective antibiotic adsorption behavior and mechanism. BIORESOURCE TECHNOLOGY, 371."
Sulfamethoxazole,378.8,0.206,2.413,37.3,57.7,2.1,2.9,0.025,18.0765615,283,7.5,159.93806,213.3,253.28,1.89,2.23,0.58,1.29,1.7244,1.6,5.7,,0.48,"Nguyen, T.-K.-T., Nguyen, T.-B., Chen, W.-H., Chen, C.-W., Patel, A.K., Bui, X.-T., Chen, L., Singhania, R.R., Dong, C.-D. 2023. Phosphoric acid-activated biochar derived from sunflower seed husk: Selective antibiotic adsorption behavior and mechanism. BIORESOURCE TECHNOLOGY, 371."
Sulfamethoxazole,378.8,0.206,2.413,37.3,57.7,2.1,2.9,0.025,20.067647,283,6.5,163.49988,213.3,253.28,1.89,2.23,0.58,1.29,1.7244,1.6,5.7,,0.48,"Nguyen, T.-K.-T., Nguyen, T.-B., Chen, W.-H., Chen, C.-W., Patel, A.K., Bui, X.-T., Chen, L., Singhania, R.R., Dong, C.-D. 2023. Phosphoric acid-activated biochar derived from sunflower seed husk: Selective antibiotic adsorption behavior and mechanism. BIORESOURCE TECHNOLOGY, 371."
Sulfamethoxazole,378.8,0.206,2.413,37.3,57.7,2.1,2.9,0.025,5.027086,288,9,89.78824,230.1,253.28,1.89,2.23,0.58,1.29,1.7244,1.6,5.7,,0.48,"Nguyen, T.-K.-T., Nguyen, T.-B., Chen, W.-H., Chen, C.-W., Patel, A.K., Bui, X.-T., Chen, L., Singhania, R.R., Dong, C.-D. 2023. Phosphoric acid-activated biochar derived from sunflower seed husk: Selective antibiotic adsorption behavior and mechanism. BIORESOURCE TECHNOLOGY, 371."
Sulfamethoxazole,378.8,0.206,2.413,37.3,57.7,2.1,2.9,0.025,8.04307475,288,9,127.57979,230.1,253.28,1.89,2.23,0.58,1.29,1.7244,1.6,5.7,,0.48,"Nguyen, T.-K.-T., Nguyen, T.-B., Chen, W.-H., Chen, C.-W., Patel, A.K., Bui, X.-T., Chen, L., Singhania, R.R., Dong, C.-D. 2023. Phosphoric acid-activated biochar derived from sunflower seed husk: Selective antibiotic adsorption behavior and mechanism. BIORESOURCE TECHNOLOGY, 371."
Sulfamethoxazole,378.8,0.206,2.413,37.3,57.7,2.1,2.9,0.025,10.0057315,288,9,140.68006,230.1,253.28,1.89,2.23,0.58,1.29,1.7244,1.6,5.7,,0.48,"Nguyen, T.-K.-T., Nguyen, T.-B., Chen, W.-H., Chen, C.-W., Patel, A.K., Bui, X.-T., Chen, L., Singhania, R.R., Dong, C.-D. 2023. Phosphoric acid-activated biochar derived from sunflower seed husk: Selective antibiotic adsorption behavior and mechanism. BIORESOURCE TECHNOLOGY, 371."
Sulfamethoxazole,378.8,0.206,2.413,37.3,57.7,2.1,2.9,0.025,12.00074525,288,8.1,154.02181,230.1,253.28,1.89,2.23,0.58,1.29,1.7244,1.6,5.7,,0.48,"Nguyen, T.-K.-T., Nguyen, T.-B., Chen, W.-H., Chen, C.-W., Patel, A.K., Bui, X.-T., Chen, L., Singhania, R.R., Dong, C.-D. 2023. Phosphoric acid-activated biochar derived from sunflower seed husk: Selective antibiotic adsorption behavior and mechanism. BIORESOURCE TECHNOLOGY, 371."
Sulfamethoxazole,378.8,0.206,2.413,37.3,57.7,2.1,2.9,0.025,15.034033,288,6.2,167.84652,230.1,253.28,1.89,2.23,0.58,1.29,1.7244,1.6,5.7,,0.48,"Nguyen, T.-K.-T., Nguyen, T.-B., Chen, W.-H., Chen, C.-W., Patel, A.K., Bui, X.-T., Chen, L., Singhania, R.R., Dong, C.-D. 2023. Phosphoric acid-activated biochar derived from sunflower seed husk: Selective antibiotic adsorption behavior and mechanism. BIORESOURCE TECHNOLOGY, 371."
Sulfamethoxazole,378.8,0.206,2.413,37.3,57.7,2.1,2.9,0.025,17.99868925,288,5.8,179.37717,230.1,253.28,1.89,2.23,0.58,1.29,1.7244,1.6,5.7,,0.48,"Nguyen, T.-K.-T., Nguyen, T.-B., Chen, W.-H., Chen, C.-W., Patel, A.K., Bui, X.-T., Chen, L., Singhania, R.R., Dong, C.-D. 2023. Phosphoric acid-activated biochar derived from sunflower seed husk: Selective antibiotic adsorption behavior and mechanism. BIORESOURCE TECHNOLOGY, 371."
Sulfamethoxazole,378.8,0.206,2.413,37.3,57.7,2.1,2.9,0.025,20.056667,288,5.8,182.75788,230.1,253.28,1.89,2.23,0.58,1.29,1.7244,1.6,5.7,,0.48,"Nguyen, T.-K.-T., Nguyen, T.-B., Chen, W.-H., Chen, C.-W., Patel, A.K., Bui, X.-T., Chen, L., Singhania, R.R., Dong, C.-D. 2023. Phosphoric acid-activated biochar derived from sunflower seed husk: Selective antibiotic adsorption behavior and mechanism. BIORESOURCE TECHNOLOGY, 371."
Sulfamethoxazole,378.8,0.206,2.413,37.3,57.7,2.1,2.9,0.025,4.9905205,293,9,100.65482,240,253.28,1.89,2.23,0.58,1.29,1.7244,1.6,5.7,,0.48,"Nguyen, T.-K.-T., Nguyen, T.-B., Chen, W.-H., Chen, C.-W., Patel, A.K., Bui, X.-T., Chen, L., Singhania, R.R., Dong, C.-D. 2023. Phosphoric acid-activated biochar derived from sunflower seed husk: Selective antibiotic adsorption behavior and mechanism. BIORESOURCE TECHNOLOGY, 371."
Sulfamethoxazole,378.8,0.206,2.413,37.3,57.7,2.1,2.9,0.025,7.973782,293,9,142.24968,240,253.28,1.89,2.23,0.58,1.29,1.7244,1.6,5.7,,0.48,"Nguyen, T.-K.-T., Nguyen, T.-B., Chen, W.-H., Chen, C.-W., Patel, A.K., Bui, X.-T., Chen, L., Singhania, R.R., Dong, C.-D. 2023. Phosphoric acid-activated biochar derived from sunflower seed husk: Selective antibiotic adsorption behavior and mechanism. BIORESOURCE TECHNOLOGY, 371."
Sulfamethoxazole,378.8,0.206,2.413,37.3,57.7,2.1,2.9,0.025,9.99510575,293,7.1,155.59143,240,253.28,1.89,2.23,0.58,1.29,1.7244,1.6,5.7,,0.48,"Nguyen, T.-K.-T., Nguyen, T.-B., Chen, W.-H., Chen, C.-W., Patel, A.K., Bui, X.-T., Chen, L., Singhania, R.R., Dong, C.-D. 2023. Phosphoric acid-activated biochar derived from sunflower seed husk: Selective antibiotic adsorption behavior and mechanism. BIORESOURCE TECHNOLOGY, 371."
Sulfamethoxazole,378.8,0.206,2.413,37.3,57.7,2.1,2.9,0.025,12.0377525,293,5.1,171.8913,240,253.28,1.89,2.23,0.58,1.29,1.7244,1.6,5.7,,0.48,"Nguyen, T.-K.-T., Nguyen, T.-B., Chen, W.-H., Chen, C.-W., Patel, A.K., Bui, X.-T., Chen, L., Singhania, R.R., Dong, C.-D. 2023. Phosphoric acid-activated biochar derived from sunflower seed husk: Selective antibiotic adsorption behavior and mechanism. BIORESOURCE TECHNOLOGY, 371."
Sulfamethoxazole,378.8,0.206,2.413,37.3,57.7,2.1,2.9,0.025,15.035012,293,5.4,186.38008,240,253.28,1.89,2.23,0.58,1.29,1.7244,1.6,5.7,,0.48,"Nguyen, T.-K.-T., Nguyen, T.-B., Chen, W.-H., Chen, C.-W., Patel, A.K., Bui, X.-T., Chen, L., Singhania, R.R., Dong, C.-D. 2023. Phosphoric acid-activated biochar derived from sunflower seed husk: Selective antibiotic adsorption behavior and mechanism. BIORESOURCE TECHNOLOGY, 371."
Sulfamethoxazole,378.8,0.206,2.413,37.3,57.7,2.1,2.9,0.025,18.04312775,293,5.1,196.34111,240,253.28,1.89,2.23,0.58,1.29,1.7244,1.6,5.7,,0.48,"Nguyen, T.-K.-T., Nguyen, T.-B., Chen, W.-H., Chen, C.-W., Patel, A.K., Bui, X.-T., Chen, L., Singhania, R.R., Dong, C.-D. 2023. Phosphoric acid-activated biochar derived from sunflower seed husk: Selective antibiotic adsorption behavior and mechanism. BIORESOURCE TECHNOLOGY, 371."
Sulfamethoxazole,378.8,0.206,2.413,37.3,57.7,2.1,2.9,0.025,19.96937825,293,5.1,197.91073,240,253.28,1.89,2.23,0.58,1.29,1.7244,1.6,5.7,,0.48,"Nguyen, T.-K.-T., Nguyen, T.-B., Chen, W.-H., Chen, C.-W., Patel, A.K., Bui, X.-T., Chen, L., Singhania, R.R., Dong, C.-D. 2023. Phosphoric acid-activated biochar derived from sunflower seed husk: Selective antibiotic adsorption behavior and mechanism. BIORESOURCE TECHNOLOGY, 371."
Sulfamethoxazole,378.8,0.206,2.413,37.3,57.7,2.1,2.9,0.025,4.98127875,298,6.9,114.41915,251.3,253.28,1.89,2.23,0.58,1.29,1.7244,1.6,5.7,,0.48,"Nguyen, T.-K.-T., Nguyen, T.-B., Chen, W.-H., Chen, C.-W., Patel, A.K., Bui, X.-T., Chen, L., Singhania, R.R., Dong, C.-D. 2023. Phosphoric acid-activated biochar derived from sunflower seed husk: Selective antibiotic adsorption behavior and mechanism. BIORESOURCE TECHNOLOGY, 371."
Sulfamethoxazole,378.8,0.206,2.413,37.3,57.7,2.1,2.9,0.025,7.9958735,298,6.3,153.35774,251.3,253.28,1.89,2.23,0.58,1.29,1.7244,1.6,5.7,,0.48,"Nguyen, T.-K.-T., Nguyen, T.-B., Chen, W.-H., Chen, C.-W., Patel, A.K., Bui, X.-T., Chen, L., Singhania, R.R., Dong, C.-D. 2023. Phosphoric acid-activated biochar derived from sunflower seed husk: Selective antibiotic adsorption behavior and mechanism. BIORESOURCE TECHNOLOGY, 371."
Sulfamethoxazole,378.8,0.206,2.413,37.3,57.7,2.1,2.9,0.025,10.0943625,298,4.3,171.8913,251.3,253.28,1.89,2.23,0.58,1.29,1.7244,1.6,5.7,,0.48,"Nguyen, T.-K.-T., Nguyen, T.-B., Chen, W.-H., Chen, C.-W., Patel, A.K., Bui, X.-T., Chen, L., Singhania, R.R., Dong, C.-D. 2023. Phosphoric acid-activated biochar derived from sunflower seed husk: Selective antibiotic adsorption behavior and mechanism. BIORESOURCE TECHNOLOGY, 371."
Sulfamethoxazole,378.8,0.206,2.413,37.3,57.7,2.1,2.9,0.025,11.9967025,298,5.1,191.1493,251.3,253.28,1.89,2.23,0.58,1.29,1.7244,1.6,5.7,,0.48,"Nguyen, T.-K.-T., Nguyen, T.-B., Chen, W.-H., Chen, C.-W., Patel, A.K., Bui, X.-T., Chen, L., Singhania, R.R., Dong, C.-D. 2023. Phosphoric acid-activated biochar derived from sunflower seed husk: Selective antibiotic adsorption behavior and mechanism. BIORESOURCE TECHNOLOGY, 371."
Sulfamethoxazole,378.8,0.206,2.413,37.3,57.7,2.1,2.9,0.025,15.06809175,298,5.4,202.43847,251.3,253.28,1.89,2.23,0.58,1.29,1.7244,1.6,5.7,,0.48,"Nguyen, T.-K.-T., Nguyen, T.-B., Chen, W.-H., Chen, C.-W., Patel, A.K., Bui, X.-T., Chen, L., Singhania, R.R., Dong, C.-D. 2023. Phosphoric acid-activated biochar derived from sunflower seed husk: Selective antibiotic adsorption behavior and mechanism. BIORESOURCE TECHNOLOGY, 371."
Sulfamethoxazole,378.8,0.206,2.413,37.3,57.7,2.1,2.9,0.025,17.999121,298,4.4,208.11324,251.3,253.28,1.89,2.23,0.58,1.29,1.7244,1.6,5.7,,0.48,"Nguyen, T.-K.-T., Nguyen, T.-B., Chen, W.-H., Chen, C.-W., Patel, A.K., Bui, X.-T., Chen, L., Singhania, R.R., Dong, C.-D. 2023. Phosphoric acid-activated biochar derived from sunflower seed husk: Selective antibiotic adsorption behavior and mechanism. BIORESOURCE TECHNOLOGY, 371."
Sulfamethoxazole,378.8,0.206,2.413,37.3,57.7,2.1,2.9,0.025,20.03016225,298,5.1,212.82209,251.3,253.28,1.89,2.23,0.58,1.29,1.7244,1.6,5.7,,0.48,"Nguyen, T.-K.-T., Nguyen, T.-B., Chen, W.-H., Chen, C.-W., Patel, A.K., Bui, X.-T., Chen, L., Singhania, R.R., Dong, C.-D. 2023. Phosphoric acid-activated biochar derived from sunflower seed husk: Selective antibiotic adsorption behavior and mechanism. BIORESOURCE TECHNOLOGY, 371."
Sulfamethoxazole,125.8,0.14,9.6,55.77,39.632,0.82,0.5,2,4.80637,298,4,2.18991,13.83,253.28,1.89,2.23,0.58,1.29,1.7244,1.6,5.7,,0.48,"Reguyal, F., Sarmah, A.K., Gao, W. 2017. Synthesis of magnetic biochar from pine sawdust via oxidative hydrolysis of FeCl2 for the removal sulfamethoxazole from aqueous solution. JOURNAL OF HAZARDOUS MATERIALS, 321, 868-878."
Sulfamethoxazole,125.8,0.14,9.6,55.77,36.244,0.82,0.5,2,10.3224,298,4,4.73562,13.83,253.28,1.89,2.23,0.58,1.29,1.7244,1.6,5.7,,0.48,"Reguyal, F., Sarmah, A.K., Gao, W. 2017. Synthesis of magnetic biochar from pine sawdust via oxidative hydrolysis of FeCl2 for the removal sulfamethoxazole from aqueous solution. JOURNAL OF HAZARDOUS MATERIALS, 321, 868-878."
Sulfamethoxazole,125.8,0.14,9.6,55.77,37.622,0.82,0.5,2,19.4743,298,4,7.84174,13.83,253.28,1.89,2.23,0.58,1.29,1.7244,1.6,5.7,,0.48,"Reguyal, F., Sarmah, A.K., Gao, W. 2017. Synthesis of magnetic biochar from pine sawdust via oxidative hydrolysis of FeCl2 for the removal sulfamethoxazole from aqueous solution. JOURNAL OF HAZARDOUS MATERIALS, 321, 868-878."
Sulfamethoxazole,125.8,0.14,9.6,55.77,23.208,0.82,0.5,2,42.43884,298,4,11.61559,13.83,253.28,1.89,2.23,0.58,1.29,1.7244,1.6,5.7,,0.48,"Reguyal, F., Sarmah, A.K., Gao, W. 2017. Synthesis of magnetic biochar from pine sawdust via oxidative hydrolysis of FeCl2 for the removal sulfamethoxazole from aqueous solution. JOURNAL OF HAZARDOUS MATERIALS, 321, 868-878."
Sulfamethoxazole,125.8,0.14,9.6,55.77,5.232,0.82,0.5,2,65.51452,298,4,14.02418,13.83,253.28,1.89,2.23,0.58,1.29,1.7244,1.6,5.7,,0.48,"Reguyal, F., Sarmah, A.K., Gao, W. 2017. Synthesis of magnetic biochar from pine sawdust via oxidative hydrolysis of FeCl2 for the removal sulfamethoxazole from aqueous solution. JOURNAL OF HAZARDOUS MATERIALS, 321, 868-878."
Sulfamethoxazole,871,0.502,2.305396096,85.51,8.82,0.76,1.01,0.2,74.776294,298,6,261.75642,277.73,253.28,1.89,2.23,0.58,1.29,1.7244,1.6,5.7,,0.48,"Hou, J., Bao, W., Zhang, J., Yu, J., Chen, L., Di, G., Zhou, Q., Li, X. 2023. Characteristics and mechanisms of sulfamethoxazole adsorption onto modified biochars with hierarchical pore structures: Batch, predictions using artificial neural network and fixed bed column studies. JOURNAL OF WATER PROCESS ENGINEERING, 54."
Sulfamethoxazole,871,0.502,2.305396096,85.51,11.88,0.76,1,0.2,100.35375,298,5,306.6089,277.73,253.28,1.89,2.23,0.58,1.29,1.7244,1.6,5.7,,0.48,"Hou, J., Bao, W., Zhang, J., Yu, J., Chen, L., Di, G., Zhou, Q., Li, X. 2023. Characteristics and mechanisms of sulfamethoxazole adsorption onto modified biochars with hierarchical pore structures: Batch, predictions using artificial neural network and fixed bed column studies. JOURNAL OF WATER PROCESS ENGINEERING, 54."
Sulfamethoxazole,871,0.502,2.305396096,85.51,9.142,0.76,0.744,0.2,125.260818,298,5.8,304.28894,277.73,253.28,1.89,2.23,0.58,1.29,1.7244,1.6,5.7,,0.48,"Hou, J., Bao, W., Zhang, J., Yu, J., Chen, L., Di, G., Zhou, Q., Li, X. 2023. Characteristics and mechanisms of sulfamethoxazole adsorption onto modified biochars with hierarchical pore structures: Batch, predictions using artificial neural network and fixed bed column studies. JOURNAL OF WATER PROCESS ENGINEERING, 54."
Sulfamethoxazole,871,0.502,2.305396096,85.51,10.706,0.76,0.894,0.2,150.940368,298,5.8,316.66204,277.73,253.28,1.89,2.23,0.58,1.29,1.7244,1.6,5.7,,0.48,"Hou, J., Bao, W., Zhang, J., Yu, J., Chen, L., Di, G., Zhou, Q., Li, X. 2023. Characteristics and mechanisms of sulfamethoxazole adsorption onto modified biochars with hierarchical pore structures: Batch, predictions using artificial neural network and fixed bed column studies. JOURNAL OF WATER PROCESS ENGINEERING, 54."
Sulfamethoxazole,1328,0.739,2.225903614,86.79,10.5,0.75,0.934,0.2,100.377526,298,5,459.72598,538.32,253.28,1.89,2.23,0.58,1.29,1.7244,1.6,5.7,,0.48,"Hou, J., Bao, W., Zhang, J., Yu, J., Chen, L., Di, G., Zhou, Q., Li, X. 2023. Characteristics and mechanisms of sulfamethoxazole adsorption onto modified biochars with hierarchical pore structures: Batch, predictions using artificial neural network and fixed bed column studies. JOURNAL OF WATER PROCESS ENGINEERING, 54."
Sulfamethoxazole,1328,0.739,2.225903614,86.79,9.142,0.75,0.744,0.2,125.51629,298,5.8,526.03805,538.32,253.28,1.89,2.23,0.58,1.29,1.7244,1.6,5.7,,0.48,"Hou, J., Bao, W., Zhang, J., Yu, J., Chen, L., Di, G., Zhou, Q., Li, X. 2023. Characteristics and mechanisms of sulfamethoxazole adsorption onto modified biochars with hierarchical pore structures: Batch, predictions using artificial neural network and fixed bed column studies. JOURNAL OF WATER PROCESS ENGINEERING, 54."
Sulfamethoxazole,1328,0.739,2.225903614,86.79,10.706,0.75,0.894,0.2,149.879082,298,6.2,588.09686,538.32,253.28,1.89,2.23,0.58,1.29,1.7244,1.6,5.7,,0.48,"Hou, J., Bao, W., Zhang, J., Yu, J., Chen, L., Di, G., Zhou, Q., Li, X. 2023. Characteristics and mechanisms of sulfamethoxazole adsorption onto modified biochars with hierarchical pore structures: Batch, predictions using artificial neural network and fixed bed column studies. JOURNAL OF WATER PROCESS ENGINEERING, 54."
Sulfamethoxazole,1328,0.739,2.225903614,86.79,10.22,0.75,0.666,0.2,199.818938,298,6.2,596.41004,538.32,253.28,1.89,2.23,0.58,1.29,1.7244,1.6,5.7,,0.48,"Hou, J., Bao, W., Zhang, J., Yu, J., Chen, L., Di, G., Zhou, Q., Li, X. 2023. Characteristics and mechanisms of sulfamethoxazole adsorption onto modified biochars with hierarchical pore structures: Batch, predictions using artificial neural network and fixed bed column studies. JOURNAL OF WATER PROCESS ENGINEERING, 54."
Sulfamethoxazole,1665,1.049,2.52012012,83.79,11.88,0.79,1,0.2,100.340462,298,4.6,421.44671,471.74,253.28,1.89,2.23,0.58,1.29,1.7244,1.6,5.7,,0.48,"Hou, J., Bao, W., Zhang, J., Yu, J., Chen, L., Di, G., Zhou, Q., Li, X. 2023. Characteristics and mechanisms of sulfamethoxazole adsorption onto modified biochars with hierarchical pore structures: Batch, predictions using artificial neural network and fixed bed column studies. JOURNAL OF WATER PROCESS ENGINEERING, 54."
Sulfamethoxazole,1665,1.049,2.52012012,83.79,9.142,0.79,0.744,0.2,125.066552,298,5.8,430.91986,471.74,253.28,1.89,2.23,0.58,1.29,1.7244,1.6,5.7,,0.48,"Hou, J., Bao, W., Zhang, J., Yu, J., Chen, L., Di, G., Zhou, Q., Li, X. 2023. Characteristics and mechanisms of sulfamethoxazole adsorption onto modified biochars with hierarchical pore structures: Batch, predictions using artificial neural network and fixed bed column studies. JOURNAL OF WATER PROCESS ENGINEERING, 54."
Sulfamethoxazole,1665,1.049,2.52012012,83.79,10.706,0.79,0.894,0.2,150.21913,298,5.4,439.0397,471.74,253.28,1.89,2.23,0.58,1.29,1.7244,1.6,5.7,,0.48,"Hou, J., Bao, W., Zhang, J., Yu, J., Chen, L., Di, G., Zhou, Q., Li, X. 2023. Characteristics and mechanisms of sulfamethoxazole adsorption onto modified biochars with hierarchical pore structures: Batch, predictions using artificial neural network and fixed bed column studies. JOURNAL OF WATER PROCESS ENGINEERING, 54."
Sulfamethoxazole,1665,1.049,2.52012012,83.79,10.22,0.79,0.666,0.2,200.466524,298,6.2,512.50497,471.74,253.28,1.89,2.23,0.58,1.29,1.7244,1.6,5.7,,0.48,"Hou, J., Bao, W., Zhang, J., Yu, J., Chen, L., Di, G., Zhou, Q., Li, X. 2023. Characteristics and mechanisms of sulfamethoxazole adsorption onto modified biochars with hierarchical pore structures: Batch, predictions using artificial neural network and fixed bed column studies. JOURNAL OF WATER PROCESS ENGINEERING, 54."
Sulfamethoxazole,1666,1.171,2.81152461,82.45,11.088,0.77,1.238,0.2,100.072694,298,4.6,411.39357,493.25,253.28,1.89,2.23,0.58,1.29,1.7244,1.6,5.7,,0.48,"Hou, J., Bao, W., Zhang, J., Yu, J., Chen, L., Di, G., Zhou, Q., Li, X. 2023. Characteristics and mechanisms of sulfamethoxazole adsorption onto modified biochars with hierarchical pore structures: Batch, predictions using artificial neural network and fixed bed column studies. JOURNAL OF WATER PROCESS ENGINEERING, 54."
Sulfamethoxazole,1666,1.171,2.81152461,82.45,9.142,0.77,0.744,0.2,125.253006,298,5.8,469.19913,493.25,253.28,1.89,2.23,0.58,1.29,1.7244,1.6,5.7,,0.48,"Hou, J., Bao, W., Zhang, J., Yu, J., Chen, L., Di, G., Zhou, Q., Li, X. 2023. Characteristics and mechanisms of sulfamethoxazole adsorption onto modified biochars with hierarchical pore structures: Batch, predictions using artificial neural network and fixed bed column studies. JOURNAL OF WATER PROCESS ENGINEERING, 54."
Sulfamethoxazole,1666,1.171,2.81152461,82.45,10.706,0.77,0.894,0.2,150.365254,298,5.4,498.77857,493.25,253.28,1.89,2.23,0.58,1.29,1.7244,1.6,5.7,,0.48,"Hou, J., Bao, W., Zhang, J., Yu, J., Chen, L., Di, G., Zhou, Q., Li, X. 2023. Characteristics and mechanisms of sulfamethoxazole adsorption onto modified biochars with hierarchical pore structures: Batch, predictions using artificial neural network and fixed bed column studies. JOURNAL OF WATER PROCESS ENGINEERING, 54."
Sulfamethoxazole,1666,1.171,2.81152461,82.45,10.22,0.77,0.666,0.2,200.171362,298,6.2,534.93121,493.25,253.28,1.89,2.23,0.58,1.29,1.7244,1.6,5.7,,0.48,"Hou, J., Bao, W., Zhang, J., Yu, J., Chen, L., Di, G., Zhou, Q., Li, X. 2023. Characteristics and mechanisms of sulfamethoxazole adsorption onto modified biochars with hierarchical pore structures: Batch, predictions using artificial neural network and fixed bed column studies. JOURNAL OF WATER PROCESS ENGINEERING, 54."
Sulfamethoxazole,39.2,0.147,15,45.3,42.5,0.84,1.4,0.1,1.011843941,298,5.18,1.20005111,7.2,253.28,1.89,2.23,0.58,1.29,1.7244,1.6,5.7,,0.48,"Ma, Y., Yao, Y., Deng, Z., Tang, J., Liu, Y., Ma, J., Zhang, Z. 2024. Ball milling and phosphoric acid hydrothermally co-functionalized sludge biochar for efficiently adsorptive removal of environmental concentration sulfamethoxazole: Experimental, characterization and DFT study. SEPARATION AND PURIFICATION TECHNOLOGY, 328."
Sulfamethoxazole,39.2,0.147,15,45.3,42.5,0.84,1.4,0.1,2.006308915,298,5.18,2.00935805,7.2,253.28,1.89,2.23,0.58,1.29,1.7244,1.6,5.7,,0.48,"Ma, Y., Yao, Y., Deng, Z., Tang, J., Liu, Y., Ma, J., Zhang, Z. 2024. Ball milling and phosphoric acid hydrothermally co-functionalized sludge biochar for efficiently adsorptive removal of environmental concentration sulfamethoxazole: Experimental, characterization and DFT study. SEPARATION AND PURIFICATION TECHNOLOGY, 328."
Sulfamethoxazole,39.2,0.147,15,45.3,42.5,0.84,1.4,0.1,4.004844726,298,4.3,3.29628876,7.2,253.28,1.89,2.23,0.58,1.29,1.7244,1.6,5.7,,0.48,"Ma, Y., Yao, Y., Deng, Z., Tang, J., Liu, Y., Ma, J., Zhang, Z. 2024. Ball milling and phosphoric acid hydrothermally co-functionalized sludge biochar for efficiently adsorptive removal of environmental concentration sulfamethoxazole: Experimental, characterization and DFT study. SEPARATION AND PURIFICATION TECHNOLOGY, 328."
Sulfamethoxazole,39.2,0.147,15,45.3,42.5,0.84,1.4,0.1,6.02665556,298,4.3,4.3576749,7.2,253.28,1.89,2.23,0.58,1.29,1.7244,1.6,5.7,,0.48,"Ma, Y., Yao, Y., Deng, Z., Tang, J., Liu, Y., Ma, J., Zhang, Z. 2024. Ball milling and phosphoric acid hydrothermally co-functionalized sludge biochar for efficiently adsorptive removal of environmental concentration sulfamethoxazole: Experimental, characterization and DFT study. SEPARATION AND PURIFICATION TECHNOLOGY, 328."
Sulfamethoxazole,39.2,0.147,15,45.3,42.5,0.84,1.4,0.1,8.006291545,298,4.3,4.87510065,7.2,253.28,1.89,2.23,0.58,1.29,1.7244,1.6,5.7,,0.48,"Ma, Y., Yao, Y., Deng, Z., Tang, J., Liu, Y., Ma, J., Zhang, Z. 2024. Ball milling and phosphoric acid hydrothermally co-functionalized sludge biochar for efficiently adsorptive removal of environmental concentration sulfamethoxazole: Experimental, characterization and DFT study. SEPARATION AND PURIFICATION TECHNOLOGY, 328."
Sulfamethoxazole,39.2,0.147,15,45.3,42.5,0.84,1.4,0.1,10.00321319,298,4.7,5.25985313,7.2,253.28,1.89,2.23,0.58,1.29,1.7244,1.6,5.7,,0.48,"Ma, Y., Yao, Y., Deng, Z., Tang, J., Liu, Y., Ma, J., Zhang, Z. 2024. Ball milling and phosphoric acid hydrothermally co-functionalized sludge biochar for efficiently adsorptive removal of environmental concentration sulfamethoxazole: Experimental, characterization and DFT study. SEPARATION AND PURIFICATION TECHNOLOGY, 328."
Sulfamethoxazole,39.2,0.147,15,45.3,42.5,0.84,1.4,0.1,15.01096881,298,4.6,5.35272442,7.2,253.28,1.89,2.23,0.58,1.29,1.7244,1.6,5.7,,0.48,"Ma, Y., Yao, Y., Deng, Z., Tang, J., Liu, Y., Ma, J., Zhang, Z. 2024. Ball milling and phosphoric acid hydrothermally co-functionalized sludge biochar for efficiently adsorptive removal of environmental concentration sulfamethoxazole: Experimental, characterization and DFT study. SEPARATION AND PURIFICATION TECHNOLOGY, 328."
Sulfamethoxazole,146,0.327,8.95,40.5,48.3,0.89,1.3,0.1,1.02351362,298,7.4,8.8022294,46.1,253.28,1.89,2.23,0.58,1.29,1.7244,1.6,5.7,,0.48,"Ma, Y., Yao, Y., Deng, Z., Tang, J., Liu, Y., Ma, J., Zhang, Z. 2024. Ball milling and phosphoric acid hydrothermally co-functionalized sludge biochar for efficiently adsorptive removal of environmental concentration sulfamethoxazole: Experimental, characterization and DFT study. SEPARATION AND PURIFICATION TECHNOLOGY, 328."
Sulfamethoxazole,146,0.327,8.95,40.5,48.3,0.89,1.3,0.1,2.018050872,298,7.4,14.34797202,46.1,253.28,1.89,2.23,0.58,1.29,1.7244,1.6,5.7,,0.48,"Ma, Y., Yao, Y., Deng, Z., Tang, J., Liu, Y., Ma, J., Zhang, Z. 2024. Ball milling and phosphoric acid hydrothermally co-functionalized sludge biochar for efficiently adsorptive removal of environmental concentration sulfamethoxazole: Experimental, characterization and DFT study. SEPARATION AND PURIFICATION TECHNOLOGY, 328."
Sulfamethoxazole,146,0.327,8.95,40.5,48.3,0.89,1.3,0.1,4.045216457,298,6.3,22.52064537,46.1,253.28,1.89,2.23,0.58,1.29,1.7244,1.6,5.7,,0.48,"Ma, Y., Yao, Y., Deng, Z., Tang, J., Liu, Y., Ma, J., Zhang, Z. 2024. Ball milling and phosphoric acid hydrothermally co-functionalized sludge biochar for efficiently adsorptive removal of environmental concentration sulfamethoxazole: Experimental, characterization and DFT study. SEPARATION AND PURIFICATION TECHNOLOGY, 328."
Sulfamethoxazole,146,0.327,8.95,40.5,48.3,0.89,1.3,0.1,6.031343242,298,4.7,31.68836822,46.1,253.28,1.89,2.23,0.58,1.29,1.7244,1.6,5.7,,0.48,"Ma, Y., Yao, Y., Deng, Z., Tang, J., Liu, Y., Ma, J., Zhang, Z. 2024. Ball milling and phosphoric acid hydrothermally co-functionalized sludge biochar for efficiently adsorptive removal of environmental concentration sulfamethoxazole: Experimental, characterization and DFT study. SEPARATION AND PURIFICATION TECHNOLOGY, 328."
Sulfamethoxazole,146,0.327,8.95,40.5,48.3,0.89,1.3,0.1,8.05177157,298,4.9,36.3717346,46.1,253.28,1.89,2.23,0.58,1.29,1.7244,1.6,5.7,,0.48,"Ma, Y., Yao, Y., Deng, Z., Tang, J., Liu, Y., Ma, J., Zhang, Z. 2024. Ball milling and phosphoric acid hydrothermally co-functionalized sludge biochar for efficiently adsorptive removal of environmental concentration sulfamethoxazole: Experimental, characterization and DFT study. SEPARATION AND PURIFICATION TECHNOLOGY, 328."
Sulfamethoxazole,146,0.327,8.95,40.5,48.3,0.89,1.3,0.1,10.03242921,298,4.5,39.34361582,46.1,253.28,1.89,2.23,0.58,1.29,1.7244,1.6,5.7,,0.48,"Ma, Y., Yao, Y., Deng, Z., Tang, J., Liu, Y., Ma, J., Zhang, Z. 2024. Ball milling and phosphoric acid hydrothermally co-functionalized sludge biochar for efficiently adsorptive removal of environmental concentration sulfamethoxazole: Experimental, characterization and DFT study. SEPARATION AND PURIFICATION TECHNOLOGY, 328."
Sulfamethoxazole,146,0.327,8.95,40.5,48.3,0.89,1.3,0.1,15.02777298,298,5,40.96222969,46.1,253.28,1.89,2.23,0.58,1.29,1.7244,1.6,5.7,,0.48,"Ma, Y., Yao, Y., Deng, Z., Tang, J., Liu, Y., Ma, J., Zhang, Z. 2024. Ball milling and phosphoric acid hydrothermally co-functionalized sludge biochar for efficiently adsorptive removal of environmental concentration sulfamethoxazole: Experimental, characterization and DFT study. SEPARATION AND PURIFICATION TECHNOLOGY, 328."
Sulfamethoxazole,1013.4,0.7908,3.489434956,71.6,10.07,0.49,2.42,0.1,20,293,3,186.82061,252.81,253.28,1.89,2.23,0.58,1.29,1.7244,1.6,5.7,,0.48,"Zeng, S., Choi, Y.-K., Kan, E. 2021. Iron-activated bermudagrass-derived biochar for adsorption of aqueous sulfamethoxazole: Effects of iron impregnation ratio on biochar properties, adsorption, and regeneration. SCIENCE OF THE TOTAL ENVIRONMENT, 750."
Sulfamethoxazole,1013.4,0.32408,3.9672,71.6,10.07,0.49,2.42,0.1,30,293,3,224.49832,252.81,253.28,1.89,2.23,0.58,1.29,1.7244,1.6,5.7,,0.48,"Zeng, S., Choi, Y.-K., Kan, E. 2021. Iron-activated bermudagrass-derived biochar for adsorption of aqueous sulfamethoxazole: Effects of iron impregnation ratio on biochar properties, adsorption, and regeneration. SCIENCE OF THE TOTAL ENVIRONMENT, 750."
Sulfamethoxazole,1013.4,0.31888,5.8652,71.6,10.07,0.49,2.42,0.1,40,293,3,251.08926,252.81,253.28,1.89,2.23,0.58,1.29,1.7244,1.6,5.7,,0.48,"Zeng, S., Choi, Y.-K., Kan, E. 2021. Iron-activated bermudagrass-derived biochar for adsorption of aqueous sulfamethoxazole: Effects of iron impregnation ratio on biochar properties, adsorption, and regeneration. SCIENCE OF THE TOTAL ENVIRONMENT, 750."
Sulfamethoxazole,1013.4,0.859,3.7728,71.6,10.07,0.49,2.42,0.1,50,293,3,248.14434,252.81,253.28,1.89,2.23,0.58,1.29,1.7244,1.6,5.7,,0.48,"Zeng, S., Choi, Y.-K., Kan, E. 2021. Iron-activated bermudagrass-derived biochar for adsorption of aqueous sulfamethoxazole: Effects of iron impregnation ratio on biochar properties, adsorption, and regeneration. SCIENCE OF THE TOTAL ENVIRONMENT, 750."
Sulfamethoxazole,1013.4,0.4646,2.7668,71.6,10.07,0.49,2.42,0.1,60,293,3,250.39634,252.81,253.28,1.89,2.23,0.58,1.29,1.7244,1.6,5.7,,0.48,"Zeng, S., Choi, Y.-K., Kan, E. 2021. Iron-activated bermudagrass-derived biochar for adsorption of aqueous sulfamethoxazole: Effects of iron impregnation ratio on biochar properties, adsorption, and regeneration. SCIENCE OF THE TOTAL ENVIRONMENT, 750."
Sulfamethoxazole,1013.4,0.3516,4.9618,71.6,10.07,0.49,2.42,0.1,70,293,3,263.73511,252.81,253.28,1.89,2.23,0.58,1.29,1.7244,1.6,5.7,,0.48,"Zeng, S., Choi, Y.-K., Kan, E. 2021. Iron-activated bermudagrass-derived biochar for adsorption of aqueous sulfamethoxazole: Effects of iron impregnation ratio on biochar properties, adsorption, and regeneration. SCIENCE OF THE TOTAL ENVIRONMENT, 750."
Sulfamethoxazole,1013.4,0.3712,4.5658,71.6,10.07,0.49,2.42,0.1,80,293,3,267.97927,252.81,253.28,1.89,2.23,0.58,1.29,1.7244,1.6,5.7,,0.48,"Zeng, S., Choi, Y.-K., Kan, E. 2021. Iron-activated bermudagrass-derived biochar for adsorption of aqueous sulfamethoxazole: Effects of iron impregnation ratio on biochar properties, adsorption, and regeneration. SCIENCE OF THE TOTAL ENVIRONMENT, 750."
Sulfamethoxazole,1013.4,0.5222,4.099762645,71.6,10.07,0.49,2.42,0.1,90,293,3,264.08157,252.81,253.28,1.89,2.23,0.58,1.29,1.7244,1.6,5.7,,0.48,"Zeng, S., Choi, Y.-K., Kan, E. 2021. Iron-activated bermudagrass-derived biochar for adsorption of aqueous sulfamethoxazole: Effects of iron impregnation ratio on biochar properties, adsorption, and regeneration. SCIENCE OF THE TOTAL ENVIRONMENT, 750."
Sulfamethoxazole,1013.4,0.47374,2.2538,71.6,10.07,0.49,2.42,0.1,100,293,3,264.08157,252.81,253.28,1.89,2.23,0.58,1.29,1.7244,1.6,5.7,,0.48,"Zeng, S., Choi, Y.-K., Kan, E. 2021. Iron-activated bermudagrass-derived biochar for adsorption of aqueous sulfamethoxazole: Effects of iron impregnation ratio on biochar properties, adsorption, and regeneration. SCIENCE OF THE TOTAL ENVIRONMENT, 750."
Sulfamethoxazole,233,0.27,4.641,42.79,41.842,1.56,0.82,0.05,5,298,6,62.27129,148.62,253.28,1.89,2.23,0.58,1.29,1.7244,1.6,5.7,,0.48,"Cheng, Y., Yang, J., Shen, J., Yan, P., Liu, S., Kang, J., Bi, L., Wang, B., Zhao, S., Chen, Z. 2023. Preparation of P-doped biochar and its high-efficient removal of sulfamethoxazole from water: Adsorption mechanism, fixed-bed column and DFT study. CHEMICAL ENGINEERING JOURNAL, 468."
Sulfamethoxazole,233,0.27,4.641,42.79,43.722,1.56,0.82,0.05,10,298,6,80.73299,148.62,253.28,1.89,2.23,0.58,1.29,1.7244,1.6,5.7,,0.48,"Cheng, Y., Yang, J., Shen, J., Yan, P., Liu, S., Kang, J., Bi, L., Wang, B., Zhao, S., Chen, Z. 2023. Preparation of P-doped biochar and its high-efficient removal of sulfamethoxazole from water: Adsorption mechanism, fixed-bed column and DFT study. CHEMICAL ENGINEERING JOURNAL, 468."
Sulfamethoxazole,233,0.27,4.641,42.79,44.71,1.56,0.82,0.05,20,298,6,107.26048,148.62,253.28,1.89,2.23,0.58,1.29,1.7244,1.6,5.7,,0.48,"Cheng, Y., Yang, J., Shen, J., Yan, P., Liu, S., Kang, J., Bi, L., Wang, B., Zhao, S., Chen, Z. 2023. Preparation of P-doped biochar and its high-efficient removal of sulfamethoxazole from water: Adsorption mechanism, fixed-bed column and DFT study. CHEMICAL ENGINEERING JOURNAL, 468."
Sulfamethoxazole,233,0.27,4.641,42.79,22.064,1.56,0.82,0.05,50,298,6,129.75507,148.62,253.28,1.89,2.23,0.58,1.29,1.7244,1.6,5.7,,0.48,"Cheng, Y., Yang, J., Shen, J., Yan, P., Liu, S., Kang, J., Bi, L., Wang, B., Zhao, S., Chen, Z. 2023. Preparation of P-doped biochar and its high-efficient removal of sulfamethoxazole from water: Adsorption mechanism, fixed-bed column and DFT study. CHEMICAL ENGINEERING JOURNAL, 468."
Sulfamethoxazole,233,0.27,4.641,42.79,30.348,1.56,0.82,0.05,100,298,6,140.33022,148.62,253.28,1.89,2.23,0.58,1.29,1.7244,1.6,5.7,,0.48,"Cheng, Y., Yang, J., Shen, J., Yan, P., Liu, S., Kang, J., Bi, L., Wang, B., Zhao, S., Chen, Z. 2023. Preparation of P-doped biochar and its high-efficient removal of sulfamethoxazole from water: Adsorption mechanism, fixed-bed column and DFT study. CHEMICAL ENGINEERING JOURNAL, 468."
Sulfamethoxazole,42.16,0.037,3.510436433,90.1,8.1,2.493182659,1.1,0.008,6.4360112,298,4,36.57564,287.89,253.28,1.89,2.23,0.58,1.29,1.7244,1.6,5.7,,0.48,"Tan, X., Wei, H., Zhou, Y., Zhang, C., Ho, S.-H. 2022a. Adsorption of sulfamethoxazole via biochar: The key role of characteristic components derived from different growth stage of microalgae. ENVIRONMENTAL RESEARCH, 210."
Sulfamethoxazole,42.16,0.037,3.510436433,90.1,8.1,2.493182659,1.1,0.008,10.5468304,298,4,44.67563,287.89,253.28,1.89,2.23,0.58,1.29,1.7244,1.6,5.7,,0.48,"Tan, X., Wei, H., Zhou, Y., Zhang, C., Ho, S.-H. 2022a. Adsorption of sulfamethoxazole via biochar: The key role of characteristic components derived from different growth stage of microalgae. ENVIRONMENTAL RESEARCH, 210."
Sulfamethoxazole,42.16,0.037,3.510436433,90.1,8.1,2.493182659,1.1,0.008,14.3536104,298,4,51.18738,287.89,253.28,1.89,2.23,0.58,1.29,1.7244,1.6,5.7,,0.48,"Tan, X., Wei, H., Zhou, Y., Zhang, C., Ho, S.-H. 2022a. Adsorption of sulfamethoxazole via biochar: The key role of characteristic components derived from different growth stage of microalgae. ENVIRONMENTAL RESEARCH, 210."
Sulfamethoxazole,42.16,0.037,3.510436433,90.1,8.1,2.493182659,1.1,0.008,16.1293984,298,4,53.56973,287.89,253.28,1.89,2.23,0.58,1.29,1.7244,1.6,5.7,,0.48,"Tan, X., Wei, H., Zhou, Y., Zhang, C., Ho, S.-H. 2022a. Adsorption of sulfamethoxazole via biochar: The key role of characteristic components derived from different growth stage of microalgae. ENVIRONMENTAL RESEARCH, 210."
Sulfamethoxazole,42.16,0.037,3.510436433,90.1,8.1,2.493182659,1.1,0.008,19.922488,298,4,59.5256,287.89,253.28,1.89,2.23,0.58,1.29,1.7244,1.6,5.7,,0.48,"Tan, X., Wei, H., Zhou, Y., Zhang, C., Ho, S.-H. 2022a. Adsorption of sulfamethoxazole via biochar: The key role of characteristic components derived from different growth stage of microalgae. ENVIRONMENTAL RESEARCH, 210."
Sulfamethoxazole,42.16,0.037,3.510436433,90.1,8.1,2.493182659,1.1,0.008,27.7300332,298,4,66.99029,287.89,253.28,1.89,2.23,0.58,1.29,1.7244,1.6,5.7,,0.48,"Tan, X., Wei, H., Zhou, Y., Zhang, C., Ho, S.-H. 2022a. Adsorption of sulfamethoxazole via biochar: The key role of characteristic components derived from different growth stage of microalgae. ENVIRONMENTAL RESEARCH, 210."
Sulfamethoxazole,42.16,0.037,3.510436433,90.1,8.1,2.493182659,1.1,0.008,37.7941536,298,4,70.24617,287.89,253.28,1.89,2.23,0.58,1.29,1.7244,1.6,5.7,,0.48,"Tan, X., Wei, H., Zhou, Y., Zhang, C., Ho, S.-H. 2022a. Adsorption of sulfamethoxazole via biochar: The key role of characteristic components derived from different growth stage of microalgae. ENVIRONMENTAL RESEARCH, 210."
Sulfamethoxazole,22.47,0.027,4.806408545,85.5,11.8,2.460190058,1.3,0.008,6.8141404,298,4,41.97563,150.54,253.28,1.89,2.23,0.58,1.29,1.7244,1.6,5.7,,0.48,"Tan, X., Wei, H., Zhou, Y., Zhang, C., Ho, S.-H. 2022a. Adsorption of sulfamethoxazole via biochar: The key role of characteristic components derived from different growth stage of microalgae. ENVIRONMENTAL RESEARCH, 210."
Sulfamethoxazole,22.47,0.027,4.806408545,85.5,11.8,2.460190058,1.3,0.008,11.44241,298,4,66.355,150.54,253.28,1.89,2.23,0.58,1.29,1.7244,1.6,5.7,,0.48,"Tan, X., Wei, H., Zhou, Y., Zhang, C., Ho, S.-H. 2022a. Adsorption of sulfamethoxazole via biochar: The key role of characteristic components derived from different growth stage of microalgae. ENVIRONMENTAL RESEARCH, 210."
Sulfamethoxazole,22.47,0.027,4.806408545,85.5,11.8,2.460190058,1.3,0.008,15.5722876,298,4,74.69322,150.54,253.28,1.89,2.23,0.58,1.29,1.7244,1.6,5.7,,0.48,"Tan, X., Wei, H., Zhou, Y., Zhang, C., Ho, S.-H. 2022a. Adsorption of sulfamethoxazole via biochar: The key role of characteristic components derived from different growth stage of microalgae. ENVIRONMENTAL RESEARCH, 210."
Sulfamethoxazole,22.47,0.027,4.806408545,85.5,11.8,2.460190058,1.3,0.008,21.3062508,298,4,93.75201,150.54,253.28,1.89,2.23,0.58,1.29,1.7244,1.6,5.7,,0.48,"Tan, X., Wei, H., Zhou, Y., Zhang, C., Ho, S.-H. 2022a. Adsorption of sulfamethoxazole via biochar: The key role of characteristic components derived from different growth stage of microalgae. ENVIRONMENTAL RESEARCH, 210."
Sulfamethoxazole,22.47,0.027,4.806408545,85.5,11.8,2.460190058,1.3,0.008,22.1556724,298,4,88.11378,150.54,253.28,1.89,2.23,0.58,1.29,1.7244,1.6,5.7,,0.48,"Tan, X., Wei, H., Zhou, Y., Zhang, C., Ho, S.-H. 2022a. Adsorption of sulfamethoxazole via biochar: The key role of characteristic components derived from different growth stage of microalgae. ENVIRONMENTAL RESEARCH, 210."
Sulfamethoxazole,22.47,0.027,4.806408545,85.5,11.8,2.460190058,1.3,0.008,29.1044064,298,4,101.77258,150.54,253.28,1.89,2.23,0.58,1.29,1.7244,1.6,5.7,,0.48,"Tan, X., Wei, H., Zhou, Y., Zhang, C., Ho, S.-H. 2022a. Adsorption of sulfamethoxazole via biochar: The key role of characteristic components derived from different growth stage of microalgae. ENVIRONMENTAL RESEARCH, 210."
Sulfamethoxazole,22.47,0.027,4.806408545,85.5,11.8,2.460190058,1.3,0.008,39.9994976,298,4,120.51372,150.54,253.28,1.89,2.23,0.58,1.29,1.7244,1.6,5.7,,0.48,"Tan, X., Wei, H., Zhou, Y., Zhang, C., Ho, S.-H. 2022a. Adsorption of sulfamethoxazole via biochar: The key role of characteristic components derived from different growth stage of microalgae. ENVIRONMENTAL RESEARCH, 210."
Sulfamethoxazole,15.58,0.012,3.080872914,83.8,11.5,3.107165337,3.2,0.008,7.469376,298,4,59.20795,98.436,253.28,1.89,2.23,0.58,1.29,1.7244,1.6,5.7,,0.48,"Tan, X., Wei, H., Zhou, Y., Zhang, C., Ho, S.-H. 2022a. Adsorption of sulfamethoxazole via biochar: The key role of characteristic components derived from different growth stage of microalgae. ENVIRONMENTAL RESEARCH, 210."
Sulfamethoxazole,15.58,0.012,3.080872914,83.8,11.5,3.107165337,3.2,0.008,19.272922,298,4,109.79315,98.436,253.28,1.89,2.23,0.58,1.29,1.7244,1.6,5.7,,0.48,"Tan, X., Wei, H., Zhou, Y., Zhang, C., Ho, S.-H. 2022a. Adsorption of sulfamethoxazole via biochar: The key role of characteristic components derived from different growth stage of microalgae. ENVIRONMENTAL RESEARCH, 210."
Sulfamethoxazole,15.58,0.012,3.080872914,83.8,11.5,3.107165337,3.2,0.008,22.1870628,298,4,116.30491,98.436,253.28,1.89,2.23,0.58,1.29,1.7244,1.6,5.7,,0.48,"Tan, X., Wei, H., Zhou, Y., Zhang, C., Ho, S.-H. 2022a. Adsorption of sulfamethoxazole via biochar: The key role of characteristic components derived from different growth stage of microalgae. ENVIRONMENTAL RESEARCH, 210."
Sulfamethoxazole,15.58,0.012,3.080872914,83.8,11.5,3.107165337,3.2,0.008,30.7622368,298,4,141.63721,98.436,253.28,1.89,2.23,0.58,1.29,1.7244,1.6,5.7,,0.48,"Tan, X., Wei, H., Zhou, Y., Zhang, C., Ho, S.-H. 2022a. Adsorption of sulfamethoxazole via biochar: The key role of characteristic components derived from different growth stage of microalgae. ENVIRONMENTAL RESEARCH, 210."
Sulfamethoxazole,15.58,0.012,3.080872914,83.8,11.5,3.107165337,3.2,0.008,41.1672612,298,4,152.04014,98.436,253.28,1.89,2.23,0.58,1.29,1.7244,1.6,5.7,,0.48,"Tan, X., Wei, H., Zhou, Y., Zhang, C., Ho, S.-H. 2022a. Adsorption of sulfamethoxazole via biochar: The key role of characteristic components derived from different growth stage of microalgae. ENVIRONMENTAL RESEARCH, 210."
Sulfamethoxazole,15.58,0.012,3.080872914,83.8,11.5,3.107165337,3.2,0.008,46.1897868,298,4,153.54896,98.436,253.28,1.89,2.23,0.58,1.29,1.7244,1.6,5.7,,0.48,"Tan, X., Wei, H., Zhou, Y., Zhang, C., Ho, S.-H. 2022a. Adsorption of sulfamethoxazole via biochar: The key role of characteristic components derived from different growth stage of microalgae. ENVIRONMENTAL RESEARCH, 210."
Sulfamethoxazole,11.34,0.011,3.880070547,83.6,13.3,2.920892239,1.7,0.008,9.284178,298,4,77.9491,63.837,253.28,1.89,2.23,0.58,1.29,1.7244,1.6,5.7,,0.48,"Tan, X., Wei, H., Zhou, Y., Zhang, C., Ho, S.-H. 2022a. Adsorption of sulfamethoxazole via biochar: The key role of characteristic components derived from different growth stage of microalgae. ENVIRONMENTAL RESEARCH, 210."
Sulfamethoxazole,11.34,0.011,3.880070547,83.6,13.3,2.920892239,1.7,0.008,12.5722308,298,4,93.75201,63.837,253.28,1.89,2.23,0.58,1.29,1.7244,1.6,5.7,,0.48,"Tan, X., Wei, H., Zhou, Y., Zhang, C., Ho, S.-H. 2022a. Adsorption of sulfamethoxazole via biochar: The key role of characteristic components derived from different growth stage of microalgae. ENVIRONMENTAL RESEARCH, 210."
Sulfamethoxazole,11.34,0.011,3.880070547,83.6,13.3,2.920892239,1.7,0.008,17.8432152,298,4,131.55194,63.837,253.28,1.89,2.23,0.58,1.29,1.7244,1.6,5.7,,0.48,"Tan, X., Wei, H., Zhou, Y., Zhang, C., Ho, S.-H. 2022a. Adsorption of sulfamethoxazole via biochar: The key role of characteristic components derived from different growth stage of microalgae. ENVIRONMENTAL RESEARCH, 210."
Sulfamethoxazole,11.34,0.011,3.880070547,83.6,13.3,2.920892239,1.7,0.008,25.6779356,298,4,177.92832,63.837,253.28,1.89,2.23,0.58,1.29,1.7244,1.6,5.7,,0.48,"Tan, X., Wei, H., Zhou, Y., Zhang, C., Ho, S.-H. 2022a. Adsorption of sulfamethoxazole via biochar: The key role of characteristic components derived from different growth stage of microalgae. ENVIRONMENTAL RESEARCH, 210."
Sulfamethoxazole,11.34,0.011,3.880070547,83.6,13.3,2.920892239,1.7,0.008,34.10984,298,4,224.94,63.837,253.28,1.89,2.23,0.58,1.29,1.7244,1.6,5.7,,0.48,"Tan, X., Wei, H., Zhou, Y., Zhang, C., Ho, S.-H. 2022a. Adsorption of sulfamethoxazole via biochar: The key role of characteristic components derived from different growth stage of microalgae. ENVIRONMENTAL RESEARCH, 210."
Sulfamethoxazole,11.34,0.011,3.880070547,83.6,13.3,2.920892239,1.7,0.008,45.1173996,298,4,249.31937,63.837,253.28,1.89,2.23,0.58,1.29,1.7244,1.6,5.7,,0.48,"Tan, X., Wei, H., Zhou, Y., Zhang, C., Ho, S.-H. 2022a. Adsorption of sulfamethoxazole via biochar: The key role of characteristic components derived from different growth stage of microalgae. ENVIRONMENTAL RESEARCH, 210."
Sulfamethoxazole,11.34,0.011,3.880070547,83.6,13.3,2.920892239,1.7,0.008,49.961876,298,4,245.4282,63.837,253.28,1.89,2.23,0.58,1.29,1.7244,1.6,5.7,,0.48,"Tan, X., Wei, H., Zhou, Y., Zhang, C., Ho, S.-H. 2022a. Adsorption of sulfamethoxazole via biochar: The key role of characteristic components derived from different growth stage of microalgae. ENVIRONMENTAL RESEARCH, 210."
Sulfapyridine,74.76,0.07,173.27,63.17,33.58,3.03,0.22,0.5,30,298,4,4.97,4.97,249.29,2.04,2.23,0.59,1.48,1.7636,8.43,,,0.53,"Cong, X., Wang, Y., Li, Y., He, Y. 2022. Adsorption Characteristics of Biochars and Graphene Oxide/biochar Composites for Antibiotics from Aqueous Solution. Ecology and Environmental Sciences, 31(2), 326-334."
Sulfapyridine,344.66,0.21,4.08,68.55,28.34,2.9,0.21,0.5,30,298,4.3,21.87,21.87,249.29,2.04,2.23,0.59,1.48,1.7636,8.43,,,0.53,"Cong, X., Wang, Y., Li, Y., He, Y. 2022. Adsorption Characteristics of Biochars and Graphene Oxide/biochar Composites for Antibiotics from Aqueous Solution. Ecology and Environmental Sciences, 31(2), 326-334."
Sulfapyridine,504.38,0.35,4.08,78.05,19.45,2.41,0.08,0.5,30,298,4.6,26.62,26.62,249.29,2.04,2.23,0.59,1.48,1.7636,8.43,,,0.53,"Cong, X., Wang, Y., Li, Y., He, Y. 2022. Adsorption Characteristics of Biochars and Graphene Oxide/biochar Composites for Antibiotics from Aqueous Solution. Ecology and Environmental Sciences, 31(2), 326-334."
Sulfamethoxazole,1139.28,1.023,3.594,77.29,11.47,0.966157317,2.03,0.1,10,298,4.5,95.78188,366.3,253.28,1.89,2.23,0.58,1.29,1.7244,1.6,5.7,,0.48,"Han, S.-P., Tang, L.-W., Liu, Q., Lin, J.-L., Li, X.-M., Cheng, J.-H., Hu, Y.-Y. 2024. [Adsorption Properties of Magnetic Phosphorous Camellia Oleifera Shells Biochar to Sulfamethoxazole in Water]. Huan jing ke xue= Huanjing kexue, 45(2), 898-908."
Sulfamethoxazole,1139.28,1.023,3.594,77.29,11.47,0.966157317,2.03,0.1,20,298,4.6,178.15494,366.3,253.28,1.89,2.23,0.58,1.29,1.7244,1.6,5.7,,0.48,"Han, S.-P., Tang, L.-W., Liu, Q., Lin, J.-L., Li, X.-M., Cheng, J.-H., Hu, Y.-Y. 2024. [Adsorption Properties of Magnetic Phosphorous Camellia Oleifera Shells Biochar to Sulfamethoxazole in Water]. Huan jing ke xue= Huanjing kexue, 45(2), 898-908."
Sulfamethoxazole,1139.28,1.023,3.594,77.29,11.47,0.966157317,2.03,0.1,30,298,4.6,239.55259,366.3,253.28,1.89,2.23,0.58,1.29,1.7244,1.6,5.7,,0.48,"Han, S.-P., Tang, L.-W., Liu, Q., Lin, J.-L., Li, X.-M., Cheng, J.-H., Hu, Y.-Y. 2024. [Adsorption Properties of Magnetic Phosphorous Camellia Oleifera Shells Biochar to Sulfamethoxazole in Water]. Huan jing ke xue= Huanjing kexue, 45(2), 898-908."
Sulfamethoxazole,1139.28,1.023,3.594,77.29,11.47,0.966157317,2.03,0.1,40,298,4.5,291.09945,366.3,253.28,1.89,2.23,0.58,1.29,1.7244,1.6,5.7,,0.48,"Han, S.-P., Tang, L.-W., Liu, Q., Lin, J.-L., Li, X.-M., Cheng, J.-H., Hu, Y.-Y. 2024. [Adsorption Properties of Magnetic Phosphorous Camellia Oleifera Shells Biochar to Sulfamethoxazole in Water]. Huan jing ke xue= Huanjing kexue, 45(2), 898-908."
Sulfamethoxazole,1139.28,1.023,3.594,77.29,11.47,0.966157317,2.03,0.1,50,298,4.9,318.78359,366.3,253.28,1.89,2.23,0.58,1.29,1.7244,1.6,5.7,,0.48,"Han, S.-P., Tang, L.-W., Liu, Q., Lin, J.-L., Li, X.-M., Cheng, J.-H., Hu, Y.-Y. 2024. [Adsorption Properties of Magnetic Phosphorous Camellia Oleifera Shells Biochar to Sulfamethoxazole in Water]. Huan jing ke xue= Huanjing kexue, 45(2), 898-908."
Sulfamethoxazole,1139.28,1.023,3.594,77.29,11.47,0.966157317,2.03,0.1,60,298,4.6,343.92011,366.3,253.28,1.89,2.23,0.58,1.29,1.7244,1.6,5.7,,0.48,"Han, S.-P., Tang, L.-W., Liu, Q., Lin, J.-L., Li, X.-M., Cheng, J.-H., Hu, Y.-Y. 2024. [Adsorption Properties of Magnetic Phosphorous Camellia Oleifera Shells Biochar to Sulfamethoxazole in Water]. Huan jing ke xue= Huanjing kexue, 45(2), 898-908."
Sulfamethazine,2.28,0.006,3.628,43.38,46.81,6.12,3.26,1,9.83038,298,5,0.2099,6.688,278.33,2.13,2.53,0.59,1.53,2.0043,2.65,7.49,,0.76,"Rajapaksha, A.U., Vithanage, M., Ahmad, M., Seo, D.-C., Cho, J.-S., Lee, S.-E., Lee, S.S., Ok, Y.S. 2015. Enhanced sulfamethazine removal by steam-activated invasive plant-derived biochar. JOURNAL OF HAZARDOUS MATERIALS, 290, 43-50."
Sulfamethazine,2.28,0.006,3.628,43.38,46.81,6.12,3.26,1,16.21867,298,5,0.98537,6.688,278.33,2.13,2.53,0.59,1.53,2.0043,2.65,7.49,,0.76,"Rajapaksha, A.U., Vithanage, M., Ahmad, M., Seo, D.-C., Cho, J.-S., Lee, S.-E., Lee, S.S., Ok, Y.S. 2015. Enhanced sulfamethazine removal by steam-activated invasive plant-derived biochar. JOURNAL OF HAZARDOUS MATERIALS, 290, 43-50."
Sulfamethazine,2.28,0.006,3.628,43.38,46.81,6.12,3.26,1,19.85264,298,5,1.16206,6.688,278.33,2.13,2.53,0.59,1.53,2.0043,2.65,7.49,,0.76,"Rajapaksha, A.U., Vithanage, M., Ahmad, M., Seo, D.-C., Cho, J.-S., Lee, S.-E., Lee, S.S., Ok, Y.S. 2015. Enhanced sulfamethazine removal by steam-activated invasive plant-derived biochar. JOURNAL OF HAZARDOUS MATERIALS, 290, 43-50."
Sulfamethazine,2.28,0.006,3.628,43.38,46.81,6.12,3.26,1,33.26146,298,5,1.72157,6.688,278.33,2.13,2.53,0.59,1.53,2.0043,2.65,7.49,,0.76,"Rajapaksha, A.U., Vithanage, M., Ahmad, M., Seo, D.-C., Cho, J.-S., Lee, S.-E., Lee, S.S., Ok, Y.S. 2015. Enhanced sulfamethazine removal by steam-activated invasive plant-derived biochar. JOURNAL OF HAZARDOUS MATERIALS, 290, 43-50."
Sulfamethazine,2.28,0.006,3.628,43.38,46.81,6.12,3.26,1,53.78897,298,5,2.16329,6.688,278.33,2.13,2.53,0.59,1.53,2.0043,2.65,7.49,,0.76,"Rajapaksha, A.U., Vithanage, M., Ahmad, M., Seo, D.-C., Cho, J.-S., Lee, S.-E., Lee, S.S., Ok, Y.S. 2015. Enhanced sulfamethazine removal by steam-activated invasive plant-derived biochar. JOURNAL OF HAZARDOUS MATERIALS, 290, 43-50."
Sulfamethazine,1.22,0.003,5.418,68.1,21.43,5.11,5.1,1,4.60656,298,5,0.90684,14.6681,278.33,2.13,2.53,0.59,1.53,2.0043,2.65,7.49,,0.76,"Rajapaksha, A.U., Vithanage, M., Ahmad, M., Seo, D.-C., Cho, J.-S., Lee, S.-E., Lee, S.S., Ok, Y.S. 2015. Enhanced sulfamethazine removal by steam-activated invasive plant-derived biochar. JOURNAL OF HAZARDOUS MATERIALS, 290, 43-50."
Sulfamethazine,1.22,0.003,5.418,68.1,21.43,5.11,5.1,1,9.68111,298,5,3.51791,14.6681,278.33,2.13,2.53,0.59,1.53,2.0043,2.65,7.49,,0.76,"Rajapaksha, A.U., Vithanage, M., Ahmad, M., Seo, D.-C., Cho, J.-S., Lee, S.-E., Lee, S.S., Ok, Y.S. 2015. Enhanced sulfamethazine removal by steam-activated invasive plant-derived biochar. JOURNAL OF HAZARDOUS MATERIALS, 290, 43-50."
Sulfamethazine,1.22,0.003,5.418,68.1,21.43,5.11,5.1,1,16.15157,298,5,4.06761,14.6681,278.33,2.13,2.53,0.59,1.53,2.0043,2.65,7.49,,0.76,"Rajapaksha, A.U., Vithanage, M., Ahmad, M., Seo, D.-C., Cho, J.-S., Lee, S.-E., Lee, S.S., Ok, Y.S. 2015. Enhanced sulfamethazine removal by steam-activated invasive plant-derived biochar. JOURNAL OF HAZARDOUS MATERIALS, 290, 43-50."
Sulfamethazine,1.22,0.003,5.418,68.1,21.43,5.11,5.1,1,33.33323,298,5,5.72652,14.6681,278.33,2.13,2.53,0.59,1.53,2.0043,2.65,7.49,,0.76,"Rajapaksha, A.U., Vithanage, M., Ahmad, M., Seo, D.-C., Cho, J.-S., Lee, S.-E., Lee, S.S., Ok, Y.S. 2015. Enhanced sulfamethazine removal by steam-activated invasive plant-derived biochar. JOURNAL OF HAZARDOUS MATERIALS, 290, 43-50."
Sulfamethazine,1.22,0.003,5.418,68.1,21.43,5.11,5.1,1,38.55231,298,5,7.01242,14.6681,278.33,2.13,2.53,0.59,1.53,2.0043,2.65,7.49,,0.76,"Rajapaksha, A.U., Vithanage, M., Ahmad, M., Seo, D.-C., Cho, J.-S., Lee, S.-E., Lee, S.S., Ok, Y.S. 2015. Enhanced sulfamethazine removal by steam-activated invasive plant-derived biochar. JOURNAL OF HAZARDOUS MATERIALS, 290, 43-50."
Sulfamethazine,1.22,0.003,5.418,68.1,21.43,5.11,5.1,1,53.98488,298,5,8.96581,14.6681,278.33,2.13,2.53,0.59,1.53,2.0043,2.65,7.49,,0.76,"Rajapaksha, A.U., Vithanage, M., Ahmad, M., Seo, D.-C., Cho, J.-S., Lee, S.-E., Lee, S.S., Ok, Y.S. 2015. Enhanced sulfamethazine removal by steam-activated invasive plant-derived biochar. JOURNAL OF HAZARDOUS MATERIALS, 290, 43-50."
Sulfamethazine,0.85,0.004,3.07,65.98,23.09,5.55,5.08,1,5.06409,298,5,1.57433,15.656,278.33,2.13,2.53,0.59,1.53,2.0043,2.65,7.49,,0.76,"Rajapaksha, A.U., Vithanage, M., Ahmad, M., Seo, D.-C., Cho, J.-S., Lee, S.-E., Lee, S.S., Ok, Y.S. 2015. Enhanced sulfamethazine removal by steam-activated invasive plant-derived biochar. JOURNAL OF HAZARDOUS MATERIALS, 290, 43-50."
Sulfamethazine,0.85,0.004,3.07,65.98,23.09,5.55,5.08,1,9.93197,298,5,2.92895,15.656,278.33,2.13,2.53,0.59,1.53,2.0043,2.65,7.49,,0.76,"Rajapaksha, A.U., Vithanage, M., Ahmad, M., Seo, D.-C., Cho, J.-S., Lee, S.-E., Lee, S.S., Ok, Y.S. 2015. Enhanced sulfamethazine removal by steam-activated invasive plant-derived biochar. JOURNAL OF HAZARDOUS MATERIALS, 290, 43-50."
Sulfamethazine,0.85,0.004,3.07,65.98,23.09,5.55,5.08,1,16.06703,298,5,5.2848,15.656,278.33,2.13,2.53,0.59,1.53,2.0043,2.65,7.49,,0.76,"Rajapaksha, A.U., Vithanage, M., Ahmad, M., Seo, D.-C., Cho, J.-S., Lee, S.-E., Lee, S.S., Ok, Y.S. 2015. Enhanced sulfamethazine removal by steam-activated invasive plant-derived biochar. JOURNAL OF HAZARDOUS MATERIALS, 290, 43-50."
Sulfamethazine,0.85,0.004,3.07,65.98,23.09,5.55,5.08,1,33.32448,298,5,9.32901,15.656,278.33,2.13,2.53,0.59,1.53,2.0043,2.65,7.49,,0.76,"Rajapaksha, A.U., Vithanage, M., Ahmad, M., Seo, D.-C., Cho, J.-S., Lee, S.-E., Lee, S.S., Ok, Y.S. 2015. Enhanced sulfamethazine removal by steam-activated invasive plant-derived biochar. JOURNAL OF HAZARDOUS MATERIALS, 290, 43-50."
Sulfamethazine,0.85,0.004,3.07,65.98,23.09,5.55,5.08,1,53.80273,298,5,9.62349,15.656,278.33,2.13,2.53,0.59,1.53,2.0043,2.65,7.49,,0.76,"Rajapaksha, A.U., Vithanage, M., Ahmad, M., Seo, D.-C., Cho, J.-S., Lee, S.-E., Lee, S.S., Ok, Y.S. 2015. Enhanced sulfamethazine removal by steam-activated invasive plant-derived biochar. JOURNAL OF HAZARDOUS MATERIALS, 290, 43-50."
Sulfamethazine,2.31,0.008,6.78,69.41,24.45,1.31,4.64,1,4.65052,298,5,4.25411,18.776,278.33,2.13,2.53,0.59,1.53,2.0043,2.65,7.49,,0.76,"Rajapaksha, A.U., Vithanage, M., Ahmad, M., Seo, D.-C., Cho, J.-S., Lee, S.-E., Lee, S.S., Ok, Y.S. 2015. Enhanced sulfamethazine removal by steam-activated invasive plant-derived biochar. JOURNAL OF HAZARDOUS MATERIALS, 290, 43-50."
Sulfamethazine,2.31,0.008,6.78,69.41,24.45,1.31,4.64,1,9.92029,298,5,8.74005,18.776,278.33,2.13,2.53,0.59,1.53,2.0043,2.65,7.49,,0.76,"Rajapaksha, A.U., Vithanage, M., Ahmad, M., Seo, D.-C., Cho, J.-S., Lee, S.-E., Lee, S.S., Ok, Y.S. 2015. Enhanced sulfamethazine removal by steam-activated invasive plant-derived biochar. JOURNAL OF HAZARDOUS MATERIALS, 290, 43-50."
Sulfamethazine,2.31,0.008,6.78,69.41,24.45,1.31,4.64,1,16.21603,298,5,12.46033,18.776,278.33,2.13,2.53,0.59,1.53,2.0043,2.65,7.49,,0.76,"Rajapaksha, A.U., Vithanage, M., Ahmad, M., Seo, D.-C., Cho, J.-S., Lee, S.-E., Lee, S.S., Ok, Y.S. 2015. Enhanced sulfamethazine removal by steam-activated invasive plant-derived biochar. JOURNAL OF HAZARDOUS MATERIALS, 290, 43-50."
Sulfamethazine,2.31,0.008,6.78,69.41,24.45,1.31,4.64,1,33.19245,298,5,15.91558,18.776,278.33,2.13,2.53,0.59,1.53,2.0043,2.65,7.49,,0.76,"Rajapaksha, A.U., Vithanage, M., Ahmad, M., Seo, D.-C., Cho, J.-S., Lee, S.-E., Lee, S.S., Ok, Y.S. 2015. Enhanced sulfamethazine removal by steam-activated invasive plant-derived biochar. JOURNAL OF HAZARDOUS MATERIALS, 290, 43-50."
Sulfamethazine,2.31,0.008,6.78,69.41,24.45,1.31,4.64,1,39.91777,298,5,15.76834,18.776,278.33,2.13,2.53,0.59,1.53,2.0043,2.65,7.49,,0.76,"Rajapaksha, A.U., Vithanage, M., Ahmad, M., Seo, D.-C., Cho, J.-S., Lee, S.-E., Lee, S.S., Ok, Y.S. 2015. Enhanced sulfamethazine removal by steam-activated invasive plant-derived biochar. JOURNAL OF HAZARDOUS MATERIALS, 290, 43-50."
Sulfamethazine,2.31,0.008,6.78,69.41,24.45,1.31,4.64,1,53.78373,298,5,22.08987,18.776,278.33,2.13,2.53,0.59,1.53,2.0043,2.65,7.49,,0.76,"Rajapaksha, A.U., Vithanage, M., Ahmad, M., Seo, D.-C., Cho, J.-S., Lee, S.-E., Lee, S.S., Ok, Y.S. 2015. Enhanced sulfamethazine removal by steam-activated invasive plant-derived biochar. JOURNAL OF HAZARDOUS MATERIALS, 290, 43-50."
Sulfamethazine,7.1,0.038,8.393,50.55,44.88,1.66,2.54,1,4.73504,298,5,4.54859,32.192,278.33,2.13,2.53,0.59,1.53,2.0043,2.65,7.49,,0.76,"Rajapaksha, A.U., Vithanage, M., Ahmad, M., Seo, D.-C., Cho, J.-S., Lee, S.-E., Lee, S.S., Ok, Y.S. 2015. Enhanced sulfamethazine removal by steam-activated invasive plant-derived biochar. JOURNAL OF HAZARDOUS MATERIALS, 290, 43-50."
Sulfamethazine,7.1,0.038,8.393,50.55,44.88,1.66,2.54,1,9.87266,298,5,9.47625,32.192,278.33,2.13,2.53,0.59,1.53,2.0043,2.65,7.49,,0.76,"Rajapaksha, A.U., Vithanage, M., Ahmad, M., Seo, D.-C., Cho, J.-S., Lee, S.-E., Lee, S.S., Ok, Y.S. 2015. Enhanced sulfamethazine removal by steam-activated invasive plant-derived biochar. JOURNAL OF HAZARDOUS MATERIALS, 290, 43-50."
Sulfamethazine,7.1,0.038,8.393,50.55,44.88,1.66,2.54,1,16.20564,298,5,15.17937,32.192,278.33,2.13,2.53,0.59,1.53,2.0043,2.65,7.49,,0.76,"Rajapaksha, A.U., Vithanage, M., Ahmad, M., Seo, D.-C., Cho, J.-S., Lee, S.-E., Lee, S.S., Ok, Y.S. 2015. Enhanced sulfamethazine removal by steam-activated invasive plant-derived biochar. JOURNAL OF HAZARDOUS MATERIALS, 290, 43-50."
Sulfamethazine,7.1,0.038,8.393,50.55,44.88,1.66,2.54,1,19.97047,298,5,18.00639,32.192,278.33,2.13,2.53,0.59,1.53,2.0043,2.65,7.49,,0.76,"Rajapaksha, A.U., Vithanage, M., Ahmad, M., Seo, D.-C., Cho, J.-S., Lee, S.-E., Lee, S.S., Ok, Y.S. 2015. Enhanced sulfamethazine removal by steam-activated invasive plant-derived biochar. JOURNAL OF HAZARDOUS MATERIALS, 290, 43-50."
Sulfamethazine,7.1,0.038,8.393,50.55,44.88,1.66,2.54,1,33.34542,298,5,26.76231,32.192,278.33,2.13,2.53,0.59,1.53,2.0043,2.65,7.49,,0.76,"Rajapaksha, A.U., Vithanage, M., Ahmad, M., Seo, D.-C., Cho, J.-S., Lee, S.-E., Lee, S.S., Ok, Y.S. 2015. Enhanced sulfamethazine removal by steam-activated invasive plant-derived biochar. JOURNAL OF HAZARDOUS MATERIALS, 290, 43-50."
Sulfamethazine,7.1,0.038,8.393,50.55,44.88,1.66,2.54,1,38.36255,298,5,26.32058,32.192,278.33,2.13,2.53,0.59,1.53,2.0043,2.65,7.49,,0.76,"Rajapaksha, A.U., Vithanage, M., Ahmad, M., Seo, D.-C., Cho, J.-S., Lee, S.-E., Lee, S.S., Ok, Y.S. 2015. Enhanced sulfamethazine removal by steam-activated invasive plant-derived biochar. JOURNAL OF HAZARDOUS MATERIALS, 290, 43-50."
Sulfamethazine,7.1,0.038,8.393,50.55,44.88,1.66,2.54,1,54.03975,298,5,34.92926,32.192,278.33,2.13,2.53,0.59,1.53,2.0043,2.65,7.49,,0.76,"Rajapaksha, A.U., Vithanage, M., Ahmad, M., Seo, D.-C., Cho, J.-S., Lee, S.-E., Lee, S.S., Ok, Y.S. 2015. Enhanced sulfamethazine removal by steam-activated invasive plant-derived biochar. JOURNAL OF HAZARDOUS MATERIALS, 290, 43-50."
Sulfonamide,35.981,0.032,1.346,59.71,33.76,3.228065968,2.87,1,10,303,6.2,7.37029,17.84,172.2,1.5,1.82,0.41,1.19,1.1969,10.43,,,-0.55,"Cai, Y., Jiang, W., Liu, D., Chang, C. 2023. Adsorption of sulfanilamides using biochar derived from Suaeda salsa: adsorption kinetics, isotherm, thermodynamics, and mechanism. ENVIRONMENTAL SCIENCE AND POLLUTION RESEARCH, 30(27), 70528-70540."
Sulfonamide,35.981,0.032,1.346,59.71,33.76,3.228065968,2.87,1,20,303,5.2,12.12955,17.84,172.2,1.5,1.82,0.41,1.19,1.1969,10.43,,,-0.55,"Cai, Y., Jiang, W., Liu, D., Chang, C. 2023. Adsorption of sulfanilamides using biochar derived from Suaeda salsa: adsorption kinetics, isotherm, thermodynamics, and mechanism. ENVIRONMENTAL SCIENCE AND POLLUTION RESEARCH, 30(27), 70528-70540."
Sulfonamide,35.981,0.032,1.346,59.71,33.76,3.228065968,2.87,1,30,303,5.1,14.45282,17.84,172.2,1.5,1.82,0.41,1.19,1.1969,10.43,,,-0.55,"Cai, Y., Jiang, W., Liu, D., Chang, C. 2023. Adsorption of sulfanilamides using biochar derived from Suaeda salsa: adsorption kinetics, isotherm, thermodynamics, and mechanism. ENVIRONMENTAL SCIENCE AND POLLUTION RESEARCH, 30(27), 70528-70540."
Sulfonamide,35.981,0.032,1.346,59.71,33.76,3.228065968,2.87,1,40,303,4.9,16.65711,17.84,172.2,1.5,1.82,0.41,1.19,1.1969,10.43,,,-0.55,"Cai, Y., Jiang, W., Liu, D., Chang, C. 2023. Adsorption of sulfanilamides using biochar derived from Suaeda salsa: adsorption kinetics, isotherm, thermodynamics, and mechanism. ENVIRONMENTAL SCIENCE AND POLLUTION RESEARCH, 30(27), 70528-70540."
Sulfonamide,35.981,0.032,1.346,59.71,33.76,3.228065968,2.87,1,50,303,6.2,17.92833,17.84,172.2,1.5,1.82,0.41,1.19,1.1969,10.43,,,-0.55,"Cai, Y., Jiang, W., Liu, D., Chang, C. 2023. Adsorption of sulfanilamides using biochar derived from Suaeda salsa: adsorption kinetics, isotherm, thermodynamics, and mechanism. ENVIRONMENTAL SCIENCE AND POLLUTION RESEARCH, 30(27), 70528-70540."
Sulfonamide,35.981,0.032,1.346,59.71,33.76,3.228065968,2.87,1,55,303,6.5,17.97216,17.84,172.2,1.5,1.82,0.41,1.19,1.1969,10.43,,,-0.55,"Cai, Y., Jiang, W., Liu, D., Chang, C. 2023. Adsorption of sulfanilamides using biochar derived from Suaeda salsa: adsorption kinetics, isotherm, thermodynamics, and mechanism. ENVIRONMENTAL SCIENCE AND POLLUTION RESEARCH, 30(27), 70528-70540."
Sulfonamide,35.981,0.032,1.346,59.71,33.76,3.228065968,2.87,1,80,303,5.8,18.09115,17.84,172.2,1.5,1.82,0.41,1.19,1.1969,10.43,,,-0.55,"Cai, Y., Jiang, W., Liu, D., Chang, C. 2023. Adsorption of sulfanilamides using biochar derived from Suaeda salsa: adsorption kinetics, isotherm, thermodynamics, and mechanism. ENVIRONMENTAL SCIENCE AND POLLUTION RESEARCH, 30(27), 70528-70540."
Sulfamethoxazole,1099,1.239,3.529,48.87,46.89,9.188,0.938,0.1,15,303,4.6,148.0544,400,253.28,1.89,2.23,0.58,1.29,1.7244,1.6,5.7,,0.48,"Prasannamedha, G., Kumar, P.S., Mehala, R., Sharumitha, T.J., Surendhar, D. 2021. Enhanced adsorptive removal of sulfamethoxazole from water using biochar derived from hydrothermal carbonization of sugarcane bagasse. JOURNAL OF HAZARDOUS MATERIALS, 407."
Sulfamethoxazole,1099,1.239,3.529,48.87,46.89,9.188,0.746,0.1,20,303,4.6,189.83233,400,253.28,1.89,2.23,0.58,1.29,1.7244,1.6,5.7,,0.48,"Prasannamedha, G., Kumar, P.S., Mehala, R., Sharumitha, T.J., Surendhar, D. 2021. Enhanced adsorptive removal of sulfamethoxazole from water using biochar derived from hydrothermal carbonization of sugarcane bagasse. JOURNAL OF HAZARDOUS MATERIALS, 407."
Sulfamethoxazole,1099,1.239,3.529,48.87,46.89,18.77,1.566,0.1,25,303,5.3,229.74886,400,253.28,1.89,2.23,0.58,1.29,1.7244,1.6,5.7,,0.48,"Prasannamedha, G., Kumar, P.S., Mehala, R., Sharumitha, T.J., Surendhar, D. 2021. Enhanced adsorptive removal of sulfamethoxazole from water using biochar derived from hydrothermal carbonization of sugarcane bagasse. JOURNAL OF HAZARDOUS MATERIALS, 407."
Sulfamethoxazole,1099,1.239,3.529,48.87,46.89,10.616,0.516,0.1,30,303,5,272.35407,400,253.28,1.89,2.23,0.58,1.29,1.7244,1.6,5.7,,0.48,"Prasannamedha, G., Kumar, P.S., Mehala, R., Sharumitha, T.J., Surendhar, D. 2021. Enhanced adsorptive removal of sulfamethoxazole from water using biochar derived from hydrothermal carbonization of sugarcane bagasse. JOURNAL OF HAZARDOUS MATERIALS, 407."
Sulfamethoxazole,1099,1.239,3.529,48.87,46.89,2.05,0.01,0.1,35,303,4.6,308.44441,400,253.28,1.89,2.23,0.58,1.29,1.7244,1.6,5.7,,0.48,"Prasannamedha, G., Kumar, P.S., Mehala, R., Sharumitha, T.J., Surendhar, D. 2021. Enhanced adsorptive removal of sulfamethoxazole from water using biochar derived from hydrothermal carbonization of sugarcane bagasse. JOURNAL OF HAZARDOUS MATERIALS, 407."
Sulfamethoxazole,1099,1.239,3.529,48.87,46.89,10.616,0.516,0.1,40,303,4.5,336.67553,400,253.28,1.89,2.23,0.58,1.29,1.7244,1.6,5.7,,0.48,"Prasannamedha, G., Kumar, P.S., Mehala, R., Sharumitha, T.J., Surendhar, D. 2021. Enhanced adsorptive removal of sulfamethoxazole from water using biochar derived from hydrothermal carbonization of sugarcane bagasse. JOURNAL OF HAZARDOUS MATERIALS, 407."
Sulfamethoxazole,1099,1.239,3.529,48.87,46.89,2.05,0.01,0.1,45,303,4.4,367.2851,400,253.28,1.89,2.23,0.58,1.29,1.7244,1.6,5.7,,0.48,"Prasannamedha, G., Kumar, P.S., Mehala, R., Sharumitha, T.J., Surendhar, D. 2021. Enhanced adsorptive removal of sulfamethoxazole from water using biochar derived from hydrothermal carbonization of sugarcane bagasse. JOURNAL OF HAZARDOUS MATERIALS, 407."
Sulfamethoxazole,1099,1.239,3.529,48.87,46.89,10.616,0.172,0.1,50,303,5.1,389.41499,400,253.28,1.89,2.23,0.58,1.29,1.7244,1.6,5.7,,0.48,"Prasannamedha, G., Kumar, P.S., Mehala, R., Sharumitha, T.J., Surendhar, D. 2021. Enhanced adsorptive removal of sulfamethoxazole from water using biochar derived from hydrothermal carbonization of sugarcane bagasse. JOURNAL OF HAZARDOUS MATERIALS, 407."
Sulfamethoxazole,286.38,0.26,18.3,55.27,15.4,1.99,3.03,0.5,10,298.15,3.9,4.28051,13.461,253.28,1.89,2.23,0.58,1.29,1.7244,1.6,5.7,,0.48,"Yu, W., Zhao, S., Wang, Y., Zhou, L., Jiang, X., Li, Q. 2022. Mechanism of adsorption of sulfamethoxazole by alfalfa biochar at different pyrolysis temperatures. Journal of Northwest University. Natural Science Edition, 52(1), 115-127."
Sulfamethoxazole,286.38,0.26,18.3,55.27,15.4,1.99,3.03,0.5,20,298.15,4.1,8.35778,13.461,253.28,1.89,2.23,0.58,1.29,1.7244,1.6,5.7,,0.48,"Yu, W., Zhao, S., Wang, Y., Zhou, L., Jiang, X., Li, Q. 2022. Mechanism of adsorption of sulfamethoxazole by alfalfa biochar at different pyrolysis temperatures. Journal of Northwest University. Natural Science Edition, 52(1), 115-127."
Sulfamethoxazole,286.38,0.26,18.3,55.27,15.4,1.99,3.03,0.5,30,298.15,4.1,10.1312,13.461,253.28,1.89,2.23,0.58,1.29,1.7244,1.6,5.7,,0.48,"Yu, W., Zhao, S., Wang, Y., Zhou, L., Jiang, X., Li, Q. 2022. Mechanism of adsorption of sulfamethoxazole by alfalfa biochar at different pyrolysis temperatures. Journal of Northwest University. Natural Science Edition, 52(1), 115-127."
Sulfamethoxazole,286.38,0.26,18.3,55.27,15.4,1.99,3.03,0.5,40,298.15,4.2,10.8754,13.461,253.28,1.89,2.23,0.58,1.29,1.7244,1.6,5.7,,0.48,"Yu, W., Zhao, S., Wang, Y., Zhou, L., Jiang, X., Li, Q. 2022. Mechanism of adsorption of sulfamethoxazole by alfalfa biochar at different pyrolysis temperatures. Journal of Northwest University. Natural Science Edition, 52(1), 115-127."
Sulfamethoxazole,286.38,0.26,18.3,55.27,15.4,1.99,3.03,0.5,50,298.15,4.6,12.42714,13.461,253.28,1.89,2.23,0.58,1.29,1.7244,1.6,5.7,,0.48,"Yu, W., Zhao, S., Wang, Y., Zhou, L., Jiang, X., Li, Q. 2022. Mechanism of adsorption of sulfamethoxazole by alfalfa biochar at different pyrolysis temperatures. Journal of Northwest University. Natural Science Edition, 52(1), 115-127."
Sulfamethoxazole,286.38,0.26,18.3,55.27,15.4,1.99,3.03,0.5,60,298.15,4.5,12.94967,13.461,253.28,1.89,2.23,0.58,1.29,1.7244,1.6,5.7,,0.48,"Yu, W., Zhao, S., Wang, Y., Zhou, L., Jiang, X., Li, Q. 2022. Mechanism of adsorption of sulfamethoxazole by alfalfa biochar at different pyrolysis temperatures. Journal of Northwest University. Natural Science Edition, 52(1), 115-127."
Sulfamethoxazole,520.91,0.49,18.71,55.9,14.4,1.69,3.09,0.5,10,298.15,3.9,9.10911,26.297,253.28,1.89,2.23,0.58,1.29,1.7244,1.6,5.7,,0.48,"Yu, W., Zhao, S., Wang, Y., Zhou, L., Jiang, X., Li, Q. 2022. Mechanism of adsorption of sulfamethoxazole by alfalfa biochar at different pyrolysis temperatures. Journal of Northwest University. Natural Science Edition, 52(1), 115-127."
Sulfamethoxazole,520.91,0.49,18.71,55.9,14.4,1.69,3.09,0.5,20,298.15,4.1,16.93796,26.297,253.28,1.89,2.23,0.58,1.29,1.7244,1.6,5.7,,0.48,"Yu, W., Zhao, S., Wang, Y., Zhou, L., Jiang, X., Li, Q. 2022. Mechanism of adsorption of sulfamethoxazole by alfalfa biochar at different pyrolysis temperatures. Journal of Northwest University. Natural Science Edition, 52(1), 115-127."
Sulfamethoxazole,520.91,0.49,18.71,55.9,14.4,1.69,3.09,0.5,30,298.15,4.1,19.52785,26.297,253.28,1.89,2.23,0.58,1.29,1.7244,1.6,5.7,,0.48,"Yu, W., Zhao, S., Wang, Y., Zhou, L., Jiang, X., Li, Q. 2022. Mechanism of adsorption of sulfamethoxazole by alfalfa biochar at different pyrolysis temperatures. Journal of Northwest University. Natural Science Edition, 52(1), 115-127."
Sulfamethoxazole,520.91,0.49,18.71,55.9,14.4,1.69,3.09,0.5,40,298.15,4.2,21.86614,26.297,253.28,1.89,2.23,0.58,1.29,1.7244,1.6,5.7,,0.48,"Yu, W., Zhao, S., Wang, Y., Zhou, L., Jiang, X., Li, Q. 2022. Mechanism of adsorption of sulfamethoxazole by alfalfa biochar at different pyrolysis temperatures. Journal of Northwest University. Natural Science Edition, 52(1), 115-127."
Sulfamethoxazole,520.91,0.49,18.71,55.9,14.4,1.69,3.09,0.5,50,298.15,4.6,23.42007,26.297,253.28,1.89,2.23,0.58,1.29,1.7244,1.6,5.7,,0.48,"Yu, W., Zhao, S., Wang, Y., Zhou, L., Jiang, X., Li, Q. 2022. Mechanism of adsorption of sulfamethoxazole by alfalfa biochar at different pyrolysis temperatures. Journal of Northwest University. Natural Science Edition, 52(1), 115-127."
Sulfamethoxazole,520.91,0.49,18.71,55.9,14.4,1.69,3.09,0.5,60,298.15,4.1,24.39683,26.297,253.28,1.89,2.23,0.58,1.29,1.7244,1.6,5.7,,0.48,"Yu, W., Zhao, S., Wang, Y., Zhou, L., Jiang, X., Li, Q. 2022. Mechanism of adsorption of sulfamethoxazole by alfalfa biochar at different pyrolysis temperatures. Journal of Northwest University. Natural Science Edition, 52(1), 115-127."
Sulfamethoxazole,541.99,0.54,19.88,56.22,13.56,1.3,1.97,0.5,10,298.15,3.9,13.31951,40.901,253.28,1.89,2.23,0.58,1.29,1.7244,1.6,5.7,,0.48,"Yu, W., Zhao, S., Wang, Y., Zhou, L., Jiang, X., Li, Q. 2022. Mechanism of adsorption of sulfamethoxazole by alfalfa biochar at different pyrolysis temperatures. Journal of Northwest University. Natural Science Edition, 52(1), 115-127."
Sulfamethoxazole,541.99,0.54,19.88,56.22,13.56,1.3,1.97,0.5,20,298.15,4.1,19.10885,40.901,253.28,1.89,2.23,0.58,1.29,1.7244,1.6,5.7,,0.48,"Yu, W., Zhao, S., Wang, Y., Zhou, L., Jiang, X., Li, Q. 2022. Mechanism of adsorption of sulfamethoxazole by alfalfa biochar at different pyrolysis temperatures. Journal of Northwest University. Natural Science Edition, 52(1), 115-127."
Sulfamethoxazole,541.99,0.54,19.88,56.22,13.56,1.3,1.97,0.5,30,298.15,4.1,28.49055,40.901,253.28,1.89,2.23,0.58,1.29,1.7244,1.6,5.7,,0.48,"Yu, W., Zhao, S., Wang, Y., Zhou, L., Jiang, X., Li, Q. 2022. Mechanism of adsorption of sulfamethoxazole by alfalfa biochar at different pyrolysis temperatures. Journal of Northwest University. Natural Science Edition, 52(1), 115-127."
Sulfamethoxazole,541.99,0.54,19.88,56.22,13.56,1.3,1.97,0.5,40,298.15,4.2,36.09091,40.901,253.28,1.89,2.23,0.58,1.29,1.7244,1.6,5.7,,0.48,"Yu, W., Zhao, S., Wang, Y., Zhou, L., Jiang, X., Li, Q. 2022. Mechanism of adsorption of sulfamethoxazole by alfalfa biochar at different pyrolysis temperatures. Journal of Northwest University. Natural Science Edition, 52(1), 115-127."
Sulfamethoxazole,541.99,0.54,19.88,56.22,13.56,1.3,1.97,0.5,50,298.15,4.2,38.08007,40.901,253.28,1.89,2.23,0.58,1.29,1.7244,1.6,5.7,,0.48,"Yu, W., Zhao, S., Wang, Y., Zhou, L., Jiang, X., Li, Q. 2022. Mechanism of adsorption of sulfamethoxazole by alfalfa biochar at different pyrolysis temperatures. Journal of Northwest University. Natural Science Edition, 52(1), 115-127."
Sulfamethoxazole,541.99,0.54,19.88,56.22,13.56,1.3,1.97,0.5,60,298.15,4.1,40.1286,40.901,253.28,1.89,2.23,0.58,1.29,1.7244,1.6,5.7,,0.48,"Yu, W., Zhao, S., Wang, Y., Zhou, L., Jiang, X., Li, Q. 2022. Mechanism of adsorption of sulfamethoxazole by alfalfa biochar at different pyrolysis temperatures. Journal of Northwest University. Natural Science Edition, 52(1), 115-127."
Sulfamethoxazole,19,0.04,8.421052632,6.02,29,1.3,0.48,0.5,25,303,5,4.32721,6,253.28,1.89,2.23,0.58,1.29,1.7244,1.6,5.7,,0.48,"Zhu, J., Wang, L., Shi, Y., Zhang, B., Tian, Y., Zhang, Z., Zhao, B., Liu, G., Zhang, H. 2020. Magnetic porous Fe-C materials prepared by one-step pyrolyzation of NaFe(III)EDTA for adsorptive removal of sulfamethoxazole. DESALINATION AND WATER TREATMENT, 207, 321-331."
Sulfamethoxazole,19,0.04,8.421052632,6.02,29,1.3,0.48,0.5,50,303,5,5.53108,6,253.28,1.89,2.23,0.58,1.29,1.7244,1.6,5.7,,0.48,"Zhu, J., Wang, L., Shi, Y., Zhang, B., Tian, Y., Zhang, Z., Zhao, B., Liu, G., Zhang, H. 2020. Magnetic porous Fe-C materials prepared by one-step pyrolyzation of NaFe(III)EDTA for adsorptive removal of sulfamethoxazole. DESALINATION AND WATER TREATMENT, 207, 321-331."
Sulfamethoxazole,19,0.04,8.421052632,6.02,29,1.3,0.48,0.5,75,303,5,5.25519,6,253.28,1.89,2.23,0.58,1.29,1.7244,1.6,5.7,,0.48,"Zhu, J., Wang, L., Shi, Y., Zhang, B., Tian, Y., Zhang, Z., Zhao, B., Liu, G., Zhang, H. 2020. Magnetic porous Fe-C materials prepared by one-step pyrolyzation of NaFe(III)EDTA for adsorptive removal of sulfamethoxazole. DESALINATION AND WATER TREATMENT, 207, 321-331."
Sulfamethoxazole,19,0.04,8.421052632,6.02,29,1.3,0.48,0.5,100,303,5,5.6314,6,253.28,1.89,2.23,0.58,1.29,1.7244,1.6,5.7,,0.48,"Zhu, J., Wang, L., Shi, Y., Zhang, B., Tian, Y., Zhang, Z., Zhao, B., Liu, G., Zhang, H. 2020. Magnetic porous Fe-C materials prepared by one-step pyrolyzation of NaFe(III)EDTA for adsorptive removal of sulfamethoxazole. DESALINATION AND WATER TREATMENT, 207, 321-331."
Sulfamethoxazole,43,0.047,4.372093023,25.93,21.7,1.66,4.92,0.5,25,303,5,6.76002,28.2,253.28,1.89,2.23,0.58,1.29,1.7244,1.6,5.7,,0.48,"Zhu, J., Wang, L., Shi, Y., Zhang, B., Tian, Y., Zhang, Z., Zhao, B., Liu, G., Zhang, H. 2020. Magnetic porous Fe-C materials prepared by one-step pyrolyzation of NaFe(III)EDTA for adsorptive removal of sulfamethoxazole. DESALINATION AND WATER TREATMENT, 207, 321-331."
Sulfamethoxazole,43,0.047,4.372093023,25.93,21.7,1.66,4.92,0.5,50,303,5,12.0771,28.2,253.28,1.89,2.23,0.58,1.29,1.7244,1.6,5.7,,0.48,"Zhu, J., Wang, L., Shi, Y., Zhang, B., Tian, Y., Zhang, Z., Zhao, B., Liu, G., Zhang, H. 2020. Magnetic porous Fe-C materials prepared by one-step pyrolyzation of NaFe(III)EDTA for adsorptive removal of sulfamethoxazole. DESALINATION AND WATER TREATMENT, 207, 321-331."
Sulfamethoxazole,43,0.047,4.372093023,25.93,21.7,1.66,4.92,0.5,75,303,5,15.26233,28.2,253.28,1.89,2.23,0.58,1.29,1.7244,1.6,5.7,,0.48,"Zhu, J., Wang, L., Shi, Y., Zhang, B., Tian, Y., Zhang, Z., Zhao, B., Liu, G., Zhang, H. 2020. Magnetic porous Fe-C materials prepared by one-step pyrolyzation of NaFe(III)EDTA for adsorptive removal of sulfamethoxazole. DESALINATION AND WATER TREATMENT, 207, 321-331."
Sulfamethoxazole,43,0.047,4.372093023,25.93,21.7,1.66,4.92,0.5,100,303,5,16.39095,28.2,253.28,1.89,2.23,0.58,1.29,1.7244,1.6,5.7,,0.48,"Zhu, J., Wang, L., Shi, Y., Zhang, B., Tian, Y., Zhang, Z., Zhao, B., Liu, G., Zhang, H. 2020. Magnetic porous Fe-C materials prepared by one-step pyrolyzation of NaFe(III)EDTA for adsorptive removal of sulfamethoxazole. DESALINATION AND WATER TREATMENT, 207, 321-331."
Sulfamethoxazole,135,0.14,4.148148148,24.64,23.1,1.54,2.63,0.5,25,303,5,10.22114,39.1,253.28,1.89,2.23,0.58,1.29,1.7244,1.6,5.7,,0.48,"Zhu, J., Wang, L., Shi, Y., Zhang, B., Tian, Y., Zhang, Z., Zhao, B., Liu, G., Zhang, H. 2020. Magnetic porous Fe-C materials prepared by one-step pyrolyzation of NaFe(III)EDTA for adsorptive removal of sulfamethoxazole. DESALINATION AND WATER TREATMENT, 207, 321-331."
Sulfamethoxazole,135,0.14,4.148148148,24.64,23.1,1.54,2.63,0.5,50,303,5,16.56652,39.1,253.28,1.89,2.23,0.58,1.29,1.7244,1.6,5.7,,0.48,"Zhu, J., Wang, L., Shi, Y., Zhang, B., Tian, Y., Zhang, Z., Zhao, B., Liu, G., Zhang, H. 2020. Magnetic porous Fe-C materials prepared by one-step pyrolyzation of NaFe(III)EDTA for adsorptive removal of sulfamethoxazole. DESALINATION AND WATER TREATMENT, 207, 321-331."
Sulfamethoxazole,135,0.14,4.148148148,24.64,23.1,1.54,2.63,0.5,75,303,5,21.53246,39.1,253.28,1.89,2.23,0.58,1.29,1.7244,1.6,5.7,,0.48,"Zhu, J., Wang, L., Shi, Y., Zhang, B., Tian, Y., Zhang, Z., Zhao, B., Liu, G., Zhang, H. 2020. Magnetic porous Fe-C materials prepared by one-step pyrolyzation of NaFe(III)EDTA for adsorptive removal of sulfamethoxazole. DESALINATION AND WATER TREATMENT, 207, 321-331."
Sulfamethoxazole,135,0.14,4.148148148,24.64,23.1,1.54,2.63,0.5,100,303,5,23.51383,39.1,253.28,1.89,2.23,0.58,1.29,1.7244,1.6,5.7,,0.48,"Zhu, J., Wang, L., Shi, Y., Zhang, B., Tian, Y., Zhang, Z., Zhao, B., Liu, G., Zhang, H. 2020. Magnetic porous Fe-C materials prepared by one-step pyrolyzation of NaFe(III)EDTA for adsorptive removal of sulfamethoxazole. DESALINATION AND WATER TREATMENT, 207, 321-331."
Sulfamethoxazole,169,0.149,3.526627219,20.56,13.7,1.54,0.53,0.5,25,303,5,40.4432,82.3,253.28,1.89,2.23,0.58,1.29,1.7244,1.6,5.7,,0.48,"Zhu, J., Wang, L., Shi, Y., Zhang, B., Tian, Y., Zhang, Z., Zhao, B., Liu, G., Zhang, H. 2020. Magnetic porous Fe-C materials prepared by one-step pyrolyzation of NaFe(III)EDTA for adsorptive removal of sulfamethoxazole. DESALINATION AND WATER TREATMENT, 207, 321-331."
Sulfamethoxazole,169,0.149,3.526627219,20.56,13.7,1.54,0.53,0.5,50,303,5,62.43884,82.3,253.28,1.89,2.23,0.58,1.29,1.7244,1.6,5.7,,0.48,"Zhu, J., Wang, L., Shi, Y., Zhang, B., Tian, Y., Zhang, Z., Zhao, B., Liu, G., Zhang, H. 2020. Magnetic porous Fe-C materials prepared by one-step pyrolyzation of NaFe(III)EDTA for adsorptive removal of sulfamethoxazole. DESALINATION AND WATER TREATMENT, 207, 321-331."
Sulfamethoxazole,169,0.149,3.526627219,20.56,13.7,1.54,0.53,0.5,75,303,5,70.59002,82.3,253.28,1.89,2.23,0.58,1.29,1.7244,1.6,5.7,,0.48,"Zhu, J., Wang, L., Shi, Y., Zhang, B., Tian, Y., Zhang, Z., Zhao, B., Liu, G., Zhang, H. 2020. Magnetic porous Fe-C materials prepared by one-step pyrolyzation of NaFe(III)EDTA for adsorptive removal of sulfamethoxazole. DESALINATION AND WATER TREATMENT, 207, 321-331."
Sulfamethoxazole,169,0.149,3.526627219,20.56,13.7,1.54,0.53,0.5,100,303,5,79.19265,82.3,253.28,1.89,2.23,0.58,1.29,1.7244,1.6,5.7,,0.48,"Zhu, J., Wang, L., Shi, Y., Zhang, B., Tian, Y., Zhang, Z., Zhao, B., Liu, G., Zhang, H. 2020. Magnetic porous Fe-C materials prepared by one-step pyrolyzation of NaFe(III)EDTA for adsorptive removal of sulfamethoxazole. DESALINATION AND WATER TREATMENT, 207, 321-331."
Sulfamethoxazole,20.1,0.196,39.00497512,77.3,21.5,6.93,0.21,7.5,2.851423581,298,6.4,0.040354317,0.936375405,253.28,1.89,2.23,0.58,1.29,1.7244,1.6,5.7,,0.48,"Niu, Y., Gao, P., Ju, S., Li, F., Wang, S., Xu, Z., Lin, J., Yang, J., Peng, H. 2023. Hydrogen Peroxide/Phosphoric Acid Modification of Hydrochars for Sulfamethoxazole and Carbamazepine Adsorption: The Role of Oxygen-Containing Functional Groups. LANGMUIR, 39(16), 5679-5688."
Sulfamethoxazole,20.1,0.196,39.00497512,77.3,21.5,6.93,0.21,7.5,4.544370958,298,6.4,0.067300765,0.936375405,253.28,1.89,2.23,0.58,1.29,1.7244,1.6,5.7,,0.48,"Niu, Y., Gao, P., Ju, S., Li, F., Wang, S., Xu, Z., Lin, J., Yang, J., Peng, H. 2023. Hydrogen Peroxide/Phosphoric Acid Modification of Hydrochars for Sulfamethoxazole and Carbamazepine Adsorption: The Role of Oxygen-Containing Functional Groups. LANGMUIR, 39(16), 5679-5688."
Sulfamethoxazole,20.1,0.196,39.00497512,77.3,21.5,6.93,0.21,7.5,7.517267525,298,6.4,0.143172629,0.936375405,253.28,1.89,2.23,0.58,1.29,1.7244,1.6,5.7,,0.48,"Niu, Y., Gao, P., Ju, S., Li, F., Wang, S., Xu, Z., Lin, J., Yang, J., Peng, H. 2023. Hydrogen Peroxide/Phosphoric Acid Modification of Hydrochars for Sulfamethoxazole and Carbamazepine Adsorption: The Role of Oxygen-Containing Functional Groups. LANGMUIR, 39(16), 5679-5688."
Sulfamethoxazole,20.1,0.196,39.00497512,77.3,21.5,6.93,0.21,7.5,11.93565977,298,6.4,0.241312601,0.936375405,253.28,1.89,2.23,0.58,1.29,1.7244,1.6,5.7,,0.48,"Niu, Y., Gao, P., Ju, S., Li, F., Wang, S., Xu, Z., Lin, J., Yang, J., Peng, H. 2023. Hydrogen Peroxide/Phosphoric Acid Modification of Hydrochars for Sulfamethoxazole and Carbamazepine Adsorption: The Role of Oxygen-Containing Functional Groups. LANGMUIR, 39(16), 5679-5688."
Sulfamethoxazole,20.1,0.196,39.00497512,77.3,21.5,6.93,0.21,7.5,19.17440564,298,6.4,0.421337389,0.936375405,253.28,1.89,2.23,0.58,1.29,1.7244,1.6,5.7,,0.48,"Niu, Y., Gao, P., Ju, S., Li, F., Wang, S., Xu, Z., Lin, J., Yang, J., Peng, H. 2023. Hydrogen Peroxide/Phosphoric Acid Modification of Hydrochars for Sulfamethoxazole and Carbamazepine Adsorption: The Role of Oxygen-Containing Functional Groups. LANGMUIR, 39(16), 5679-5688."
Sulfamethoxazole,20.1,0.196,39.00497512,77.3,21.5,6.93,0.21,7.5,31.40502129,298,6.4,0.625460662,0.936375405,253.28,1.89,2.23,0.58,1.29,1.7244,1.6,5.7,,0.48,"Niu, Y., Gao, P., Ju, S., Li, F., Wang, S., Xu, Z., Lin, J., Yang, J., Peng, H. 2023. Hydrogen Peroxide/Phosphoric Acid Modification of Hydrochars for Sulfamethoxazole and Carbamazepine Adsorption: The Role of Oxygen-Containing Functional Groups. LANGMUIR, 39(16), 5679-5688."
Sulfamethoxazole,20.1,0.196,39.00497512,77.3,21.5,6.93,0.21,7.5,50.80504565,298,6.4,0.982403724,0.936375405,253.28,1.89,2.23,0.58,1.29,1.7244,1.6,5.7,,0.48,"Niu, Y., Gao, P., Ju, S., Li, F., Wang, S., Xu, Z., Lin, J., Yang, J., Peng, H. 2023. Hydrogen Peroxide/Phosphoric Acid Modification of Hydrochars for Sulfamethoxazole and Carbamazepine Adsorption: The Role of Oxygen-Containing Functional Groups. LANGMUIR, 39(16), 5679-5688."
Sulfamethoxazole,7.5,0.02931,15.632,53.4,42.6,7.54,0.09,7.5,2.893354328,298,6.4,0.055236989,1.627233955,253.28,1.89,2.23,0.58,1.29,1.7244,1.6,5.7,,0.48,"Niu, Y., Gao, P., Ju, S., Li, F., Wang, S., Xu, Z., Lin, J., Yang, J., Peng, H. 2023. Hydrogen Peroxide/Phosphoric Acid Modification of Hydrochars for Sulfamethoxazole and Carbamazepine Adsorption: The Role of Oxygen-Containing Functional Groups. LANGMUIR, 39(16), 5679-5688."
Sulfamethoxazole,7.5,0.02931,15.632,53.4,42.6,7.54,0.09,7.5,4.645908453,298,6.4,0.109890462,1.627233955,253.28,1.89,2.23,0.58,1.29,1.7244,1.6,5.7,,0.48,"Niu, Y., Gao, P., Ju, S., Li, F., Wang, S., Xu, Z., Lin, J., Yang, J., Peng, H. 2023. Hydrogen Peroxide/Phosphoric Acid Modification of Hydrochars for Sulfamethoxazole and Carbamazepine Adsorption: The Role of Oxygen-Containing Functional Groups. LANGMUIR, 39(16), 5679-5688."
Sulfamethoxazole,7.5,0.02931,15.632,53.4,42.6,7.54,0.09,7.5,7.538200353,298,6.4,0.180065288,1.627233955,253.28,1.89,2.23,0.58,1.29,1.7244,1.6,5.7,,0.48,"Niu, Y., Gao, P., Ju, S., Li, F., Wang, S., Xu, Z., Lin, J., Yang, J., Peng, H. 2023. Hydrogen Peroxide/Phosphoric Acid Modification of Hydrochars for Sulfamethoxazole and Carbamazepine Adsorption: The Role of Oxygen-Containing Functional Groups. LANGMUIR, 39(16), 5679-5688."
Sulfamethoxazole,7.5,0.02931,15.632,53.4,42.6,7.54,0.09,7.5,12.00626052,298,6.4,0.339766065,1.627233955,253.28,1.89,2.23,0.58,1.29,1.7244,1.6,5.7,,0.48,"Niu, Y., Gao, P., Ju, S., Li, F., Wang, S., Xu, Z., Lin, J., Yang, J., Peng, H. 2023. Hydrogen Peroxide/Phosphoric Acid Modification of Hydrochars for Sulfamethoxazole and Carbamazepine Adsorption: The Role of Oxygen-Containing Functional Groups. LANGMUIR, 39(16), 5679-5688."
Sulfamethoxazole,7.5,0.02931,15.632,53.4,42.6,7.54,0.09,7.5,19.4116545,298,6.4,0.576726623,1.627233955,253.28,1.89,2.23,0.58,1.29,1.7244,1.6,5.7,,0.48,"Niu, Y., Gao, P., Ju, S., Li, F., Wang, S., Xu, Z., Lin, J., Yang, J., Peng, H. 2023. Hydrogen Peroxide/Phosphoric Acid Modification of Hydrochars for Sulfamethoxazole and Carbamazepine Adsorption: The Role of Oxygen-Containing Functional Groups. LANGMUIR, 39(16), 5679-5688."
Sulfamethoxazole,7.5,0.02931,15.632,53.4,42.6,7.54,0.09,7.5,31.26412633,298,6.4,0.918734447,1.627233955,253.28,1.89,2.23,0.58,1.29,1.7244,1.6,5.7,,0.48,"Niu, Y., Gao, P., Ju, S., Li, F., Wang, S., Xu, Z., Lin, J., Yang, J., Peng, H. 2023. Hydrogen Peroxide/Phosphoric Acid Modification of Hydrochars for Sulfamethoxazole and Carbamazepine Adsorption: The Role of Oxygen-Containing Functional Groups. LANGMUIR, 39(16), 5679-5688."
Sulfamethoxazole,7.5,0.02931,15.632,53.4,42.6,7.54,0.09,7.5,50.0076529,298,6.4,1.604094686,1.627233955,253.28,1.89,2.23,0.58,1.29,1.7244,1.6,5.7,,0.48,"Niu, Y., Gao, P., Ju, S., Li, F., Wang, S., Xu, Z., Lin, J., Yang, J., Peng, H. 2023. Hydrogen Peroxide/Phosphoric Acid Modification of Hydrochars for Sulfamethoxazole and Carbamazepine Adsorption: The Role of Oxygen-Containing Functional Groups. LANGMUIR, 39(16), 5679-5688."
Sulfamethoxazole,11.7,0.04785,16.35897436,60.8,37.2,7.58,0.11,7.5,2.307555296,298,6.4,0.128795296,3.030051416,253.28,1.89,2.23,0.58,1.29,1.7244,1.6,5.7,,0.48,"Niu, Y., Gao, P., Ju, S., Li, F., Wang, S., Xu, Z., Lin, J., Yang, J., Peng, H. 2023. Hydrogen Peroxide/Phosphoric Acid Modification of Hydrochars for Sulfamethoxazole and Carbamazepine Adsorption: The Role of Oxygen-Containing Functional Groups. LANGMUIR, 39(16), 5679-5688."
Sulfamethoxazole,11.7,0.04785,16.35897436,60.8,37.2,7.58,0.11,7.5,3.904529428,298,6.4,0.237093692,3.030051416,253.28,1.89,2.23,0.58,1.29,1.7244,1.6,5.7,,0.48,"Niu, Y., Gao, P., Ju, S., Li, F., Wang, S., Xu, Z., Lin, J., Yang, J., Peng, H. 2023. Hydrogen Peroxide/Phosphoric Acid Modification of Hydrochars for Sulfamethoxazole and Carbamazepine Adsorption: The Role of Oxygen-Containing Functional Groups. LANGMUIR, 39(16), 5679-5688."
Sulfamethoxazole,11.7,0.04785,16.35897436,60.8,37.2,7.58,0.11,7.5,6.286962943,298,6.4,0.389879141,3.030051416,253.28,1.89,2.23,0.58,1.29,1.7244,1.6,5.7,,0.48,"Niu, Y., Gao, P., Ju, S., Li, F., Wang, S., Xu, Z., Lin, J., Yang, J., Peng, H. 2023. Hydrogen Peroxide/Phosphoric Acid Modification of Hydrochars for Sulfamethoxazole and Carbamazepine Adsorption: The Role of Oxygen-Containing Functional Groups. LANGMUIR, 39(16), 5679-5688."
Sulfamethoxazole,11.7,0.04785,16.35897436,60.8,37.2,7.58,0.11,7.5,10.05900033,298,6.4,0.593239418,3.030051416,253.28,1.89,2.23,0.58,1.29,1.7244,1.6,5.7,,0.48,"Niu, Y., Gao, P., Ju, S., Li, F., Wang, S., Xu, Z., Lin, J., Yang, J., Peng, H. 2023. Hydrogen Peroxide/Phosphoric Acid Modification of Hydrochars for Sulfamethoxazole and Carbamazepine Adsorption: The Role of Oxygen-Containing Functional Groups. LANGMUIR, 39(16), 5679-5688."
Sulfamethoxazole,11.7,0.04785,16.35897436,60.8,37.2,7.58,0.11,7.5,16.00872205,298,6.4,0.90267206,3.030051416,253.28,1.89,2.23,0.58,1.29,1.7244,1.6,5.7,,0.48,"Niu, Y., Gao, P., Ju, S., Li, F., Wang, S., Xu, Z., Lin, J., Yang, J., Peng, H. 2023. Hydrogen Peroxide/Phosphoric Acid Modification of Hydrochars for Sulfamethoxazole and Carbamazepine Adsorption: The Role of Oxygen-Containing Functional Groups. LANGMUIR, 39(16), 5679-5688."
Sulfamethoxazole,11.7,0.04785,16.35897436,60.8,37.2,7.58,0.11,7.5,25.67308234,298,6.4,1.363829248,3.030051416,253.28,1.89,2.23,0.58,1.29,1.7244,1.6,5.7,,0.48,"Niu, Y., Gao, P., Ju, S., Li, F., Wang, S., Xu, Z., Lin, J., Yang, J., Peng, H. 2023. Hydrogen Peroxide/Phosphoric Acid Modification of Hydrochars for Sulfamethoxazole and Carbamazepine Adsorption: The Role of Oxygen-Containing Functional Groups. LANGMUIR, 39(16), 5679-5688."
Sulfamethoxazole,11.7,0.04785,16.35897436,60.8,37.2,7.58,0.11,7.5,40.51350877,298,6.4,2.060629913,3.030051416,253.28,1.89,2.23,0.58,1.29,1.7244,1.6,5.7,,0.48,"Niu, Y., Gao, P., Ju, S., Li, F., Wang, S., Xu, Z., Lin, J., Yang, J., Peng, H. 2023. Hydrogen Peroxide/Phosphoric Acid Modification of Hydrochars for Sulfamethoxazole and Carbamazepine Adsorption: The Role of Oxygen-Containing Functional Groups. LANGMUIR, 39(16), 5679-5688."
Sulfamethoxazole,11.7,0.04785,16.35897436,60.8,37.2,7.58,0.11,7.5,64.97386998,298,6.4,3.113364722,3.030051416,253.28,1.89,2.23,0.58,1.29,1.7244,1.6,5.7,,0.48,"Niu, Y., Gao, P., Ju, S., Li, F., Wang, S., Xu, Z., Lin, J., Yang, J., Peng, H. 2023. Hydrogen Peroxide/Phosphoric Acid Modification of Hydrochars for Sulfamethoxazole and Carbamazepine Adsorption: The Role of Oxygen-Containing Functional Groups. LANGMUIR, 39(16), 5679-5688."
Sulfamethoxazole,14.9,0.07598,20.39731544,65.1,33.4,7.31,0.13,7.5,1.822214573,298,6.4,0.167209135,4.914167982,253.28,1.89,2.23,0.58,1.29,1.7244,1.6,5.7,,0.48,"Niu, Y., Gao, P., Ju, S., Li, F., Wang, S., Xu, Z., Lin, J., Yang, J., Peng, H. 2023. Hydrogen Peroxide/Phosphoric Acid Modification of Hydrochars for Sulfamethoxazole and Carbamazepine Adsorption: The Role of Oxygen-Containing Functional Groups. LANGMUIR, 39(16), 5679-5688."
Sulfamethoxazole,14.9,0.07598,20.39731544,65.1,33.4,7.31,0.13,7.5,2.954482937,298,6.4,0.272063324,4.914167982,253.28,1.89,2.23,0.58,1.29,1.7244,1.6,5.7,,0.48,"Niu, Y., Gao, P., Ju, S., Li, F., Wang, S., Xu, Z., Lin, J., Yang, J., Peng, H. 2023. Hydrogen Peroxide/Phosphoric Acid Modification of Hydrochars for Sulfamethoxazole and Carbamazepine Adsorption: The Role of Oxygen-Containing Functional Groups. LANGMUIR, 39(16), 5679-5688."
Sulfamethoxazole,14.9,0.07598,20.39731544,65.1,33.4,7.31,0.13,7.5,4.83703062,298,6.4,0.444232164,4.914167982,253.28,1.89,2.23,0.58,1.29,1.7244,1.6,5.7,,0.48,"Niu, Y., Gao, P., Ju, S., Li, F., Wang, S., Xu, Z., Lin, J., Yang, J., Peng, H. 2023. Hydrogen Peroxide/Phosphoric Acid Modification of Hydrochars for Sulfamethoxazole and Carbamazepine Adsorption: The Role of Oxygen-Containing Functional Groups. LANGMUIR, 39(16), 5679-5688."
Sulfamethoxazole,14.9,0.07598,20.39731544,65.1,33.4,7.31,0.13,7.5,7.555599728,298,6.4,0.671181535,4.914167982,253.28,1.89,2.23,0.58,1.29,1.7244,1.6,5.7,,0.48,"Niu, Y., Gao, P., Ju, S., Li, F., Wang, S., Xu, Z., Lin, J., Yang, J., Peng, H. 2023. Hydrogen Peroxide/Phosphoric Acid Modification of Hydrochars for Sulfamethoxazole and Carbamazepine Adsorption: The Role of Oxygen-Containing Functional Groups. LANGMUIR, 39(16), 5679-5688."
Sulfamethoxazole,14.9,0.07598,20.39731544,65.1,33.4,7.31,0.13,7.5,12.00615724,298,6.4,0.975506124,4.914167982,253.28,1.89,2.23,0.58,1.29,1.7244,1.6,5.7,,0.48,"Niu, Y., Gao, P., Ju, S., Li, F., Wang, S., Xu, Z., Lin, J., Yang, J., Peng, H. 2023. Hydrogen Peroxide/Phosphoric Acid Modification of Hydrochars for Sulfamethoxazole and Carbamazepine Adsorption: The Role of Oxygen-Containing Functional Groups. LANGMUIR, 39(16), 5679-5688."
Sulfamethoxazole,14.9,0.07598,20.39731544,65.1,33.4,7.31,0.13,7.5,18.91733882,298,6.4,1.46352451,4.914167982,253.28,1.89,2.23,0.58,1.29,1.7244,1.6,5.7,,0.48,"Niu, Y., Gao, P., Ju, S., Li, F., Wang, S., Xu, Z., Lin, J., Yang, J., Peng, H. 2023. Hydrogen Peroxide/Phosphoric Acid Modification of Hydrochars for Sulfamethoxazole and Carbamazepine Adsorption: The Role of Oxygen-Containing Functional Groups. LANGMUIR, 39(16), 5679-5688."
Sulfamethoxazole,14.9,0.07598,20.39731544,65.1,33.4,7.31,0.13,7.5,30.46703135,298,6.4,2.211260968,4.914167982,253.28,1.89,2.23,0.58,1.29,1.7244,1.6,5.7,,0.48,"Niu, Y., Gao, P., Ju, S., Li, F., Wang, S., Xu, Z., Lin, J., Yang, J., Peng, H. 2023. Hydrogen Peroxide/Phosphoric Acid Modification of Hydrochars for Sulfamethoxazole and Carbamazepine Adsorption: The Role of Oxygen-Containing Functional Groups. LANGMUIR, 39(16), 5679-5688."
Sulfamethoxazole,14.9,0.07598,20.39731544,65.1,33.4,7.31,0.13,7.5,48.78589588,298,6.4,3.282539796,4.914167982,253.28,1.89,2.23,0.58,1.29,1.7244,1.6,5.7,,0.48,"Niu, Y., Gao, P., Ju, S., Li, F., Wang, S., Xu, Z., Lin, J., Yang, J., Peng, H. 2023. Hydrogen Peroxide/Phosphoric Acid Modification of Hydrochars for Sulfamethoxazole and Carbamazepine Adsorption: The Role of Oxygen-Containing Functional Groups. LANGMUIR, 39(16), 5679-5688."
Sulfamethoxazole,24.6,0.17814,28.96585366,73.9,22.7,6.46,0.2,7.5,3.177735883,298,6.4,0.06753517,1.003344324,253.28,1.89,2.23,0.58,1.29,1.7244,1.6,5.7,,0.48,"Niu, Y., Gao, P., Ju, S., Li, F., Wang, S., Xu, Z., Lin, J., Yang, J., Peng, H. 2023. Hydrogen Peroxide/Phosphoric Acid Modification of Hydrochars for Sulfamethoxazole and Carbamazepine Adsorption: The Role of Oxygen-Containing Functional Groups. LANGMUIR, 39(16), 5679-5688."
Sulfamethoxazole,24.6,0.17814,28.96585366,73.9,22.7,6.46,0.2,7.5,5.004686658,298,6.4,0.110863861,1.003344324,253.28,1.89,2.23,0.58,1.29,1.7244,1.6,5.7,,0.48,"Niu, Y., Gao, P., Ju, S., Li, F., Wang, S., Xu, Z., Lin, J., Yang, J., Peng, H. 2023. Hydrogen Peroxide/Phosphoric Acid Modification of Hydrochars for Sulfamethoxazole and Carbamazepine Adsorption: The Role of Oxygen-Containing Functional Groups. LANGMUIR, 39(16), 5679-5688."
Sulfamethoxazole,24.6,0.17814,28.96585366,73.9,22.7,6.46,0.2,7.5,7.976896855,298,6.4,0.184586528,1.003344324,253.28,1.89,2.23,0.58,1.29,1.7244,1.6,5.7,,0.48,"Niu, Y., Gao, P., Ju, S., Li, F., Wang, S., Xu, Z., Lin, J., Yang, J., Peng, H. 2023. Hydrogen Peroxide/Phosphoric Acid Modification of Hydrochars for Sulfamethoxazole and Carbamazepine Adsorption: The Role of Oxygen-Containing Functional Groups. LANGMUIR, 39(16), 5679-5688."
Sulfamethoxazole,24.6,0.17814,28.96585366,73.9,22.7,6.46,0.2,7.5,12.74115673,298,6.4,0.284302056,1.003344324,253.28,1.89,2.23,0.58,1.29,1.7244,1.6,5.7,,0.48,"Niu, Y., Gao, P., Ju, S., Li, F., Wang, S., Xu, Z., Lin, J., Yang, J., Peng, H. 2023. Hydrogen Peroxide/Phosphoric Acid Modification of Hydrochars for Sulfamethoxazole and Carbamazepine Adsorption: The Role of Oxygen-Containing Functional Groups. LANGMUIR, 39(16), 5679-5688."
Sulfamethoxazole,24.6,0.17814,28.96585366,73.9,22.7,6.46,0.2,7.5,20.37862068,298,6.4,0.461774557,1.003344324,253.28,1.89,2.23,0.58,1.29,1.7244,1.6,5.7,,0.48,"Niu, Y., Gao, P., Ju, S., Li, F., Wang, S., Xu, Z., Lin, J., Yang, J., Peng, H. 2023. Hydrogen Peroxide/Phosphoric Acid Modification of Hydrochars for Sulfamethoxazole and Carbamazepine Adsorption: The Role of Oxygen-Containing Functional Groups. LANGMUIR, 39(16), 5679-5688."
Sulfamethoxazole,24.6,0.17814,28.96585366,73.9,22.7,6.46,0.2,7.5,32.22840037,298,6.4,0.73426022,1.003344324,253.28,1.89,2.23,0.58,1.29,1.7244,1.6,5.7,,0.48,"Niu, Y., Gao, P., Ju, S., Li, F., Wang, S., Xu, Z., Lin, J., Yang, J., Peng, H. 2023. Hydrogen Peroxide/Phosphoric Acid Modification of Hydrochars for Sulfamethoxazole and Carbamazepine Adsorption: The Role of Oxygen-Containing Functional Groups. LANGMUIR, 39(16), 5679-5688."
Sulfamethoxazole,24.6,0.17814,28.96585366,73.9,22.7,6.46,0.2,7.5,51.13022053,298,6.4,1.083876998,1.003344324,253.28,1.89,2.23,0.58,1.29,1.7244,1.6,5.7,,0.48,"Niu, Y., Gao, P., Ju, S., Li, F., Wang, S., Xu, Z., Lin, J., Yang, J., Peng, H. 2023. Hydrogen Peroxide/Phosphoric Acid Modification of Hydrochars for Sulfamethoxazole and Carbamazepine Adsorption: The Role of Oxygen-Containing Functional Groups. LANGMUIR, 39(16), 5679-5688."
Sulfamethoxazole,49.3,0.31373,25.45476673,73.7,25.7,6.93,0.16,7.5,2.699277301,298,6.4,0.157401911,2.827808516,253.28,1.89,2.23,0.58,1.29,1.7244,1.6,5.7,,0.48,"Niu, Y., Gao, P., Ju, S., Li, F., Wang, S., Xu, Z., Lin, J., Yang, J., Peng, H. 2023. Hydrogen Peroxide/Phosphoric Acid Modification of Hydrochars for Sulfamethoxazole and Carbamazepine Adsorption: The Role of Oxygen-Containing Functional Groups. LANGMUIR, 39(16), 5679-5688."
Sulfamethoxazole,49.3,0.31373,25.45476673,73.7,25.7,6.93,0.16,7.5,4.544226641,298,6.4,0.288356669,2.827808516,253.28,1.89,2.23,0.58,1.29,1.7244,1.6,5.7,,0.48,"Niu, Y., Gao, P., Ju, S., Li, F., Wang, S., Xu, Z., Lin, J., Yang, J., Peng, H. 2023. Hydrogen Peroxide/Phosphoric Acid Modification of Hydrochars for Sulfamethoxazole and Carbamazepine Adsorption: The Role of Oxygen-Containing Functional Groups. LANGMUIR, 39(16), 5679-5688."
Sulfamethoxazole,49.3,0.31373,25.45476673,73.7,25.7,6.93,0.16,7.5,6.707550892,298,6.4,0.359136876,2.827808516,253.28,1.89,2.23,0.58,1.29,1.7244,1.6,5.7,,0.48,"Niu, Y., Gao, P., Ju, S., Li, F., Wang, S., Xu, Z., Lin, J., Yang, J., Peng, H. 2023. Hydrogen Peroxide/Phosphoric Acid Modification of Hydrochars for Sulfamethoxazole and Carbamazepine Adsorption: The Role of Oxygen-Containing Functional Groups. LANGMUIR, 39(16), 5679-5688."
Sulfamethoxazole,49.3,0.31373,25.45476673,73.7,25.7,6.93,0.16,7.5,11.17671359,298,6.4,0.650983529,2.827808516,253.28,1.89,2.23,0.58,1.29,1.7244,1.6,5.7,,0.48,"Niu, Y., Gao, P., Ju, S., Li, F., Wang, S., Xu, Z., Lin, J., Yang, J., Peng, H. 2023. Hydrogen Peroxide/Phosphoric Acid Modification of Hydrochars for Sulfamethoxazole and Carbamazepine Adsorption: The Role of Oxygen-Containing Functional Groups. LANGMUIR, 39(16), 5679-5688."
Sulfamethoxazole,49.3,0.31373,25.45476673,73.7,25.7,6.93,0.16,7.5,17.37337272,298,6.4,0.95080181,2.827808516,253.28,1.89,2.23,0.58,1.29,1.7244,1.6,5.7,,0.48,"Niu, Y., Gao, P., Ju, S., Li, F., Wang, S., Xu, Z., Lin, J., Yang, J., Peng, H. 2023. Hydrogen Peroxide/Phosphoric Acid Modification of Hydrochars for Sulfamethoxazole and Carbamazepine Adsorption: The Role of Oxygen-Containing Functional Groups. LANGMUIR, 39(16), 5679-5688."
Sulfamethoxazole,49.3,0.31373,25.45476673,73.7,25.7,6.93,0.16,7.5,27.4263995,298,6.4,1.438765449,2.827808516,253.28,1.89,2.23,0.58,1.29,1.7244,1.6,5.7,,0.48,"Niu, Y., Gao, P., Ju, S., Li, F., Wang, S., Xu, Z., Lin, J., Yang, J., Peng, H. 2023. Hydrogen Peroxide/Phosphoric Acid Modification of Hydrochars for Sulfamethoxazole and Carbamazepine Adsorption: The Role of Oxygen-Containing Functional Groups. LANGMUIR, 39(16), 5679-5688."
Sulfamethoxazole,49.3,0.31373,25.45476673,73.7,25.7,6.93,0.16,7.5,41.74720984,298,6.4,1.896356567,2.827808516,253.28,1.89,2.23,0.58,1.29,1.7244,1.6,5.7,,0.48,"Niu, Y., Gao, P., Ju, S., Li, F., Wang, S., Xu, Z., Lin, J., Yang, J., Peng, H. 2023. Hydrogen Peroxide/Phosphoric Acid Modification of Hydrochars for Sulfamethoxazole and Carbamazepine Adsorption: The Role of Oxygen-Containing Functional Groups. LANGMUIR, 39(16), 5679-5688."
Sulfamethoxazole,6.73,0.04829,28.7013373,57.5,40,7.54,0.09,7.5,3.422607714,298,6.4,0.268645766,3.17285334,253.28,1.89,2.23,0.58,1.29,1.7244,1.6,5.7,,0.48,"Niu, Y., Gao, P., Ju, S., Li, F., Wang, S., Xu, Z., Lin, J., Yang, J., Peng, H. 2023. Hydrogen Peroxide/Phosphoric Acid Modification of Hydrochars for Sulfamethoxazole and Carbamazepine Adsorption: The Role of Oxygen-Containing Functional Groups. LANGMUIR, 39(16), 5679-5688."
Sulfamethoxazole,6.73,0.04829,28.7013373,57.5,40,7.54,0.09,7.5,4.997342632,298,6.4,0.368145927,3.17285334,253.28,1.89,2.23,0.58,1.29,1.7244,1.6,5.7,,0.48,"Niu, Y., Gao, P., Ju, S., Li, F., Wang, S., Xu, Z., Lin, J., Yang, J., Peng, H. 2023. Hydrogen Peroxide/Phosphoric Acid Modification of Hydrochars for Sulfamethoxazole and Carbamazepine Adsorption: The Role of Oxygen-Containing Functional Groups. LANGMUIR, 39(16), 5679-5688."
Sulfamethoxazole,6.73,0.04829,28.7013373,57.5,40,7.54,0.09,7.5,8.018593814,298,6.4,0.581259414,3.17285334,253.28,1.89,2.23,0.58,1.29,1.7244,1.6,5.7,,0.48,"Niu, Y., Gao, P., Ju, S., Li, F., Wang, S., Xu, Z., Lin, J., Yang, J., Peng, H. 2023. Hydrogen Peroxide/Phosphoric Acid Modification of Hydrochars for Sulfamethoxazole and Carbamazepine Adsorption: The Role of Oxygen-Containing Functional Groups. LANGMUIR, 39(16), 5679-5688."
Sulfamethoxazole,6.73,0.04829,28.7013373,57.5,40,7.54,0.09,7.5,12.27653439,298,6.4,0.842965887,3.17285334,253.28,1.89,2.23,0.58,1.29,1.7244,1.6,5.7,,0.48,"Niu, Y., Gao, P., Ju, S., Li, F., Wang, S., Xu, Z., Lin, J., Yang, J., Peng, H. 2023. Hydrogen Peroxide/Phosphoric Acid Modification of Hydrochars for Sulfamethoxazole and Carbamazepine Adsorption: The Role of Oxygen-Containing Functional Groups. LANGMUIR, 39(16), 5679-5688."
Sulfamethoxazole,6.73,0.04829,28.7013373,57.5,40,7.54,0.09,7.5,18.85132954,298,6.4,1.192614266,3.17285334,253.28,1.89,2.23,0.58,1.29,1.7244,1.6,5.7,,0.48,"Niu, Y., Gao, P., Ju, S., Li, F., Wang, S., Xu, Z., Lin, J., Yang, J., Peng, H. 2023. Hydrogen Peroxide/Phosphoric Acid Modification of Hydrochars for Sulfamethoxazole and Carbamazepine Adsorption: The Role of Oxygen-Containing Functional Groups. LANGMUIR, 39(16), 5679-5688."
Sulfamethoxazole,6.73,0.04829,28.7013373,57.5,40,7.54,0.09,7.5,28.9643006,298,6.4,1.748034501,3.17285334,253.28,1.89,2.23,0.58,1.29,1.7244,1.6,5.7,,0.48,"Niu, Y., Gao, P., Ju, S., Li, F., Wang, S., Xu, Z., Lin, J., Yang, J., Peng, H. 2023. Hydrogen Peroxide/Phosphoric Acid Modification of Hydrochars for Sulfamethoxazole and Carbamazepine Adsorption: The Role of Oxygen-Containing Functional Groups. LANGMUIR, 39(16), 5679-5688."
Sulfamethoxazole,6.73,0.04829,28.7013373,57.5,40,7.54,0.09,7.5,44.24608383,298,6.4,2.395521097,3.17285334,253.28,1.89,2.23,0.58,1.29,1.7244,1.6,5.7,,0.48,"Niu, Y., Gao, P., Ju, S., Li, F., Wang, S., Xu, Z., Lin, J., Yang, J., Peng, H. 2023. Hydrogen Peroxide/Phosphoric Acid Modification of Hydrochars for Sulfamethoxazole and Carbamazepine Adsorption: The Role of Oxygen-Containing Functional Groups. LANGMUIR, 39(16), 5679-5688."
Sulfamethoxazole,6.73,0.04829,28.7013373,57.5,40,7.54,0.09,7.5,68.50884086,298,6.4,3.401026376,3.17285334,253.28,1.89,2.23,0.58,1.29,1.7244,1.6,5.7,,0.48,"Niu, Y., Gao, P., Ju, S., Li, F., Wang, S., Xu, Z., Lin, J., Yang, J., Peng, H. 2023. Hydrogen Peroxide/Phosphoric Acid Modification of Hydrochars for Sulfamethoxazole and Carbamazepine Adsorption: The Role of Oxygen-Containing Functional Groups. LANGMUIR, 39(16), 5679-5688."
Sulfamethoxazole,34.3,0.16281,18.98658892,69,30.7,7.08,0.14,7.5,3.813649054,298,6.4,0.374722698,5.642219765,253.28,1.89,2.23,0.58,1.29,1.7244,1.6,5.7,,0.48,"Niu, Y., Gao, P., Ju, S., Li, F., Wang, S., Xu, Z., Lin, J., Yang, J., Peng, H. 2023. Hydrogen Peroxide/Phosphoric Acid Modification of Hydrochars for Sulfamethoxazole and Carbamazepine Adsorption: The Role of Oxygen-Containing Functional Groups. LANGMUIR, 39(16), 5679-5688."
Sulfamethoxazole,34.3,0.16281,18.98658892,69,30.7,7.08,0.14,7.5,5.965734767,298,6.4,0.567035174,5.642219765,253.28,1.89,2.23,0.58,1.29,1.7244,1.6,5.7,,0.48,"Niu, Y., Gao, P., Ju, S., Li, F., Wang, S., Xu, Z., Lin, J., Yang, J., Peng, H. 2023. Hydrogen Peroxide/Phosphoric Acid Modification of Hydrochars for Sulfamethoxazole and Carbamazepine Adsorption: The Role of Oxygen-Containing Functional Groups. LANGMUIR, 39(16), 5679-5688."
Sulfamethoxazole,34.3,0.16281,18.98658892,69,30.7,7.08,0.14,7.5,9.284894187,298,6.4,0.837028027,5.642219765,253.28,1.89,2.23,0.58,1.29,1.7244,1.6,5.7,,0.48,"Niu, Y., Gao, P., Ju, S., Li, F., Wang, S., Xu, Z., Lin, J., Yang, J., Peng, H. 2023. Hydrogen Peroxide/Phosphoric Acid Modification of Hydrochars for Sulfamethoxazole and Carbamazepine Adsorption: The Role of Oxygen-Containing Functional Groups. LANGMUIR, 39(16), 5679-5688."
Sulfamethoxazole,34.3,0.16281,18.98658892,69,30.7,7.08,0.14,7.5,14.23519923,298,6.4,1.24437134,5.642219765,253.28,1.89,2.23,0.58,1.29,1.7244,1.6,5.7,,0.48,"Niu, Y., Gao, P., Ju, S., Li, F., Wang, S., Xu, Z., Lin, J., Yang, J., Peng, H. 2023. Hydrogen Peroxide/Phosphoric Acid Modification of Hydrochars for Sulfamethoxazole and Carbamazepine Adsorption: The Role of Oxygen-Containing Functional Groups. LANGMUIR, 39(16), 5679-5688."
Sulfamethoxazole,34.3,0.16281,18.98658892,69,30.7,7.08,0.14,7.5,21.79069587,298,6.4,1.823895702,5.642219765,253.28,1.89,2.23,0.58,1.29,1.7244,1.6,5.7,,0.48,"Niu, Y., Gao, P., Ju, S., Li, F., Wang, S., Xu, Z., Lin, J., Yang, J., Peng, H. 2023. Hydrogen Peroxide/Phosphoric Acid Modification of Hydrochars for Sulfamethoxazole and Carbamazepine Adsorption: The Role of Oxygen-Containing Functional Groups. LANGMUIR, 39(16), 5679-5688."
Sulfamethoxazole,34.3,0.16281,18.98658892,69,30.7,7.08,0.14,7.5,33.58916939,298,6.4,2.692402592,5.642219765,253.28,1.89,2.23,0.58,1.29,1.7244,1.6,5.7,,0.48,"Niu, Y., Gao, P., Ju, S., Li, F., Wang, S., Xu, Z., Lin, J., Yang, J., Peng, H. 2023. Hydrogen Peroxide/Phosphoric Acid Modification of Hydrochars for Sulfamethoxazole and Carbamazepine Adsorption: The Role of Oxygen-Containing Functional Groups. LANGMUIR, 39(16), 5679-5688."
Sulfamethoxazole,34.3,0.16281,18.98658892,69,30.7,7.08,0.14,7.5,51.74039505,298,6.4,3.877037485,5.642219765,253.28,1.89,2.23,0.58,1.29,1.7244,1.6,5.7,,0.48,"Niu, Y., Gao, P., Ju, S., Li, F., Wang, S., Xu, Z., Lin, J., Yang, J., Peng, H. 2023. Hydrogen Peroxide/Phosphoric Acid Modification of Hydrochars for Sulfamethoxazole and Carbamazepine Adsorption: The Role of Oxygen-Containing Functional Groups. LANGMUIR, 39(16), 5679-5688."
Sulfamethoxazole,34.3,0.16281,18.98658892,69,30.7,7.08,0.14,7.5,78.47769405,298,6.4,5.583030495,5.642219765,253.28,1.89,2.23,0.58,1.29,1.7244,1.6,5.7,,0.48,"Niu, Y., Gao, P., Ju, S., Li, F., Wang, S., Xu, Z., Lin, J., Yang, J., Peng, H. 2023. Hydrogen Peroxide/Phosphoric Acid Modification of Hydrochars for Sulfamethoxazole and Carbamazepine Adsorption: The Role of Oxygen-Containing Functional Groups. LANGMUIR, 39(16), 5679-5688."
Sulfamethoxazole,12.3,0.7885,256.4227642,71.5,27.2,6.84,0.08,7.5,1.992698076,298,6.4,0.108870445,1.292557875,253.28,1.89,2.23,0.58,1.29,1.7244,1.6,5.7,,0.48,"Niu, Y., Gao, P., Ju, S., Li, F., Wang, S., Xu, Z., Lin, J., Yang, J., Peng, H. 2023. Hydrogen Peroxide/Phosphoric Acid Modification of Hydrochars for Sulfamethoxazole and Carbamazepine Adsorption: The Role of Oxygen-Containing Functional Groups. LANGMUIR, 39(16), 5679-5688."
Sulfamethoxazole,12.3,0.7885,256.4227642,71.5,27.2,6.84,0.08,7.5,3.201059613,298,6.4,0.16154369,1.292557875,253.28,1.89,2.23,0.58,1.29,1.7244,1.6,5.7,,0.48,"Niu, Y., Gao, P., Ju, S., Li, F., Wang, S., Xu, Z., Lin, J., Yang, J., Peng, H. 2023. Hydrogen Peroxide/Phosphoric Acid Modification of Hydrochars for Sulfamethoxazole and Carbamazepine Adsorption: The Role of Oxygen-Containing Functional Groups. LANGMUIR, 39(16), 5679-5688."
Sulfamethoxazole,12.3,0.7885,256.4227642,71.5,27.2,6.84,0.08,7.5,5.116543364,298,6.4,0.237104611,1.292557875,253.28,1.89,2.23,0.58,1.29,1.7244,1.6,5.7,,0.48,"Niu, Y., Gao, P., Ju, S., Li, F., Wang, S., Xu, Z., Lin, J., Yang, J., Peng, H. 2023. Hydrogen Peroxide/Phosphoric Acid Modification of Hydrochars for Sulfamethoxazole and Carbamazepine Adsorption: The Role of Oxygen-Containing Functional Groups. LANGMUIR, 39(16), 5679-5688."
Sulfamethoxazole,12.3,0.7885,256.4227642,71.5,27.2,6.84,0.08,7.5,8.027305734,298,6.4,0.336860431,1.292557875,253.28,1.89,2.23,0.58,1.29,1.7244,1.6,5.7,,0.48,"Niu, Y., Gao, P., Ju, S., Li, F., Wang, S., Xu, Z., Lin, J., Yang, J., Peng, H. 2023. Hydrogen Peroxide/Phosphoric Acid Modification of Hydrochars for Sulfamethoxazole and Carbamazepine Adsorption: The Role of Oxygen-Containing Functional Groups. LANGMUIR, 39(16), 5679-5688."
Sulfamethoxazole,12.3,0.7885,256.4227642,71.5,27.2,6.84,0.08,7.5,12.80595059,298,6.4,0.48909137,1.292557875,253.28,1.89,2.23,0.58,1.29,1.7244,1.6,5.7,,0.48,"Niu, Y., Gao, P., Ju, S., Li, F., Wang, S., Xu, Z., Lin, J., Yang, J., Peng, H. 2023. Hydrogen Peroxide/Phosphoric Acid Modification of Hydrochars for Sulfamethoxazole and Carbamazepine Adsorption: The Role of Oxygen-Containing Functional Groups. LANGMUIR, 39(16), 5679-5688."
Sulfamethoxazole,12.3,0.7885,256.4227642,71.5,27.2,6.84,0.08,7.5,20.17624609,298,6.4,0.658142596,1.292557875,253.28,1.89,2.23,0.58,1.29,1.7244,1.6,5.7,,0.48,"Niu, Y., Gao, P., Ju, S., Li, F., Wang, S., Xu, Z., Lin, J., Yang, J., Peng, H. 2023. Hydrogen Peroxide/Phosphoric Acid Modification of Hydrochars for Sulfamethoxazole and Carbamazepine Adsorption: The Role of Oxygen-Containing Functional Groups. LANGMUIR, 39(16), 5679-5688."
Sulfamethoxazole,12.3,0.7885,256.4227642,71.5,27.2,6.84,0.08,7.5,32.20234701,298,6.4,0.945235448,1.292557875,253.28,1.89,2.23,0.58,1.29,1.7244,1.6,5.7,,0.48,"Niu, Y., Gao, P., Ju, S., Li, F., Wang, S., Xu, Z., Lin, J., Yang, J., Peng, H. 2023. Hydrogen Peroxide/Phosphoric Acid Modification of Hydrochars for Sulfamethoxazole and Carbamazepine Adsorption: The Role of Oxygen-Containing Functional Groups. LANGMUIR, 39(16), 5679-5688."
Sulfamethoxazole,12.3,0.7885,256.4227642,71.5,27.2,6.84,0.08,7.5,51.58045283,298,6.4,1.480812255,1.292557875,253.28,1.89,2.23,0.58,1.29,1.7244,1.6,5.7,,0.48,"Niu, Y., Gao, P., Ju, S., Li, F., Wang, S., Xu, Z., Lin, J., Yang, J., Peng, H. 2023. Hydrogen Peroxide/Phosphoric Acid Modification of Hydrochars for Sulfamethoxazole and Carbamazepine Adsorption: The Role of Oxygen-Containing Functional Groups. LANGMUIR, 39(16), 5679-5688."
Sulfamethoxazole,18.2,0.13015,28.6043956,72.7,25.5,6.86,0.07,7.5,2.010475708,298,6.4,0.182700611,4.087426893,253.28,1.89,2.23,0.58,1.29,1.7244,1.6,5.7,,0.48,"Niu, Y., Gao, P., Ju, S., Li, F., Wang, S., Xu, Z., Lin, J., Yang, J., Peng, H. 2023. Hydrogen Peroxide/Phosphoric Acid Modification of Hydrochars for Sulfamethoxazole and Carbamazepine Adsorption: The Role of Oxygen-Containing Functional Groups. LANGMUIR, 39(16), 5679-5688."
Sulfamethoxazole,18.2,0.13015,28.6043956,72.7,25.5,6.86,0.07,7.5,3.151290543,298,6.4,0.289347677,4.087426893,253.28,1.89,2.23,0.58,1.29,1.7244,1.6,5.7,,0.48,"Niu, Y., Gao, P., Ju, S., Li, F., Wang, S., Xu, Z., Lin, J., Yang, J., Peng, H. 2023. Hydrogen Peroxide/Phosphoric Acid Modification of Hydrochars for Sulfamethoxazole and Carbamazepine Adsorption: The Role of Oxygen-Containing Functional Groups. LANGMUIR, 39(16), 5679-5688."
Sulfamethoxazole,18.2,0.13015,28.6043956,72.7,25.5,6.86,0.07,7.5,5.020757132,298,6.4,0.424697789,4.087426893,253.28,1.89,2.23,0.58,1.29,1.7244,1.6,5.7,,0.48,"Niu, Y., Gao, P., Ju, S., Li, F., Wang, S., Xu, Z., Lin, J., Yang, J., Peng, H. 2023. Hydrogen Peroxide/Phosphoric Acid Modification of Hydrochars for Sulfamethoxazole and Carbamazepine Adsorption: The Role of Oxygen-Containing Functional Groups. LANGMUIR, 39(16), 5679-5688."
Sulfamethoxazole,18.2,0.13015,28.6043956,72.7,25.5,6.86,0.07,7.5,7.823205723,298,6.4,0.651028498,4.087426893,253.28,1.89,2.23,0.58,1.29,1.7244,1.6,5.7,,0.48,"Niu, Y., Gao, P., Ju, S., Li, F., Wang, S., Xu, Z., Lin, J., Yang, J., Peng, H. 2023. Hydrogen Peroxide/Phosphoric Acid Modification of Hydrochars for Sulfamethoxazole and Carbamazepine Adsorption: The Role of Oxygen-Containing Functional Groups. LANGMUIR, 39(16), 5679-5688."
Sulfamethoxazole,18.2,0.13015,28.6043956,72.7,25.5,6.86,0.07,7.5,12.36794818,298,6.4,0.987211032,4.087426893,253.28,1.89,2.23,0.58,1.29,1.7244,1.6,5.7,,0.48,"Niu, Y., Gao, P., Ju, S., Li, F., Wang, S., Xu, Z., Lin, J., Yang, J., Peng, H. 2023. Hydrogen Peroxide/Phosphoric Acid Modification of Hydrochars for Sulfamethoxazole and Carbamazepine Adsorption: The Role of Oxygen-Containing Functional Groups. LANGMUIR, 39(16), 5679-5688."
Sulfamethoxazole,18.2,0.13015,28.6043956,72.7,25.5,6.86,0.07,7.5,19.99571108,298,6.4,1.387394601,4.087426893,253.28,1.89,2.23,0.58,1.29,1.7244,1.6,5.7,,0.48,"Niu, Y., Gao, P., Ju, S., Li, F., Wang, S., Xu, Z., Lin, J., Yang, J., Peng, H. 2023. Hydrogen Peroxide/Phosphoric Acid Modification of Hydrochars for Sulfamethoxazole and Carbamazepine Adsorption: The Role of Oxygen-Containing Functional Groups. LANGMUIR, 39(16), 5679-5688."
Sulfamethoxazole,18.2,0.13015,28.6043956,72.7,25.5,6.86,0.07,7.5,31.26773507,298,6.4,2.036385519,4.087426893,253.28,1.89,2.23,0.58,1.29,1.7244,1.6,5.7,,0.48,"Niu, Y., Gao, P., Ju, S., Li, F., Wang, S., Xu, Z., Lin, J., Yang, J., Peng, H. 2023. Hydrogen Peroxide/Phosphoric Acid Modification of Hydrochars for Sulfamethoxazole and Carbamazepine Adsorption: The Role of Oxygen-Containing Functional Groups. LANGMUIR, 39(16), 5679-5688."
Sulfamethoxazole,18.2,0.13015,28.6043956,72.7,25.5,6.86,0.07,7.5,50.56103013,298,6.4,3.155731174,4.087426893,253.28,1.89,2.23,0.58,1.29,1.7244,1.6,5.7,,0.48,"Niu, Y., Gao, P., Ju, S., Li, F., Wang, S., Xu, Z., Lin, J., Yang, J., Peng, H. 2023. Hydrogen Peroxide/Phosphoric Acid Modification of Hydrochars for Sulfamethoxazole and Carbamazepine Adsorption: The Role of Oxygen-Containing Functional Groups. LANGMUIR, 39(16), 5679-5688."
Sulfamethoxazole,15.8,0.11614,29.40253165,62.5,34.1,7.43,0.07,7.5,3.865635909,298,6.4,0.359542306,5.388278044,253.28,1.89,2.23,0.58,1.29,1.7244,1.6,5.7,,0.48,"Niu, Y., Gao, P., Ju, S., Li, F., Wang, S., Xu, Z., Lin, J., Yang, J., Peng, H. 2023. Hydrogen Peroxide/Phosphoric Acid Modification of Hydrochars for Sulfamethoxazole and Carbamazepine Adsorption: The Role of Oxygen-Containing Functional Groups. LANGMUIR, 39(16), 5679-5688."
Sulfamethoxazole,15.8,0.11614,29.40253165,62.5,34.1,7.43,0.07,7.5,5.734517104,298,6.4,0.516392588,5.388278044,253.28,1.89,2.23,0.58,1.29,1.7244,1.6,5.7,,0.48,"Niu, Y., Gao, P., Ju, S., Li, F., Wang, S., Xu, Z., Lin, J., Yang, J., Peng, H. 2023. Hydrogen Peroxide/Phosphoric Acid Modification of Hydrochars for Sulfamethoxazole and Carbamazepine Adsorption: The Role of Oxygen-Containing Functional Groups. LANGMUIR, 39(16), 5679-5688."
Sulfamethoxazole,15.8,0.11614,29.40253165,62.5,34.1,7.43,0.07,7.5,8.740867289,298,6.4,0.766213854,5.388278044,253.28,1.89,2.23,0.58,1.29,1.7244,1.6,5.7,,0.48,"Niu, Y., Gao, P., Ju, S., Li, F., Wang, S., Xu, Z., Lin, J., Yang, J., Peng, H. 2023. Hydrogen Peroxide/Phosphoric Acid Modification of Hydrochars for Sulfamethoxazole and Carbamazepine Adsorption: The Role of Oxygen-Containing Functional Groups. LANGMUIR, 39(16), 5679-5688."
Sulfamethoxazole,15.8,0.11614,29.40253165,62.5,34.1,7.43,0.07,7.5,13.39859696,298,6.4,1.124630869,5.388278044,253.28,1.89,2.23,0.58,1.29,1.7244,1.6,5.7,,0.48,"Niu, Y., Gao, P., Ju, S., Li, F., Wang, S., Xu, Z., Lin, J., Yang, J., Peng, H. 2023. Hydrogen Peroxide/Phosphoric Acid Modification of Hydrochars for Sulfamethoxazole and Carbamazepine Adsorption: The Role of Oxygen-Containing Functional Groups. LANGMUIR, 39(16), 5679-5688."
Sulfamethoxazole,15.8,0.11614,29.40253165,62.5,34.1,7.43,0.07,7.5,21.2091219,298,6.4,1.724010871,5.388278044,253.28,1.89,2.23,0.58,1.29,1.7244,1.6,5.7,,0.48,"Niu, Y., Gao, P., Ju, S., Li, F., Wang, S., Xu, Z., Lin, J., Yang, J., Peng, H. 2023. Hydrogen Peroxide/Phosphoric Acid Modification of Hydrochars for Sulfamethoxazole and Carbamazepine Adsorption: The Role of Oxygen-Containing Functional Groups. LANGMUIR, 39(16), 5679-5688."
Sulfamethoxazole,15.8,0.11614,29.40253165,62.5,34.1,7.43,0.07,7.5,32.07587946,298,6.4,2.476053362,5.388278044,253.28,1.89,2.23,0.58,1.29,1.7244,1.6,5.7,,0.48,"Niu, Y., Gao, P., Ju, S., Li, F., Wang, S., Xu, Z., Lin, J., Yang, J., Peng, H. 2023. Hydrogen Peroxide/Phosphoric Acid Modification of Hydrochars for Sulfamethoxazole and Carbamazepine Adsorption: The Role of Oxygen-Containing Functional Groups. LANGMUIR, 39(16), 5679-5688."
Sulfamethoxazole,15.8,0.11614,29.40253165,62.5,34.1,7.43,0.07,7.5,49.03542137,298,6.4,3.479765676,5.388278044,253.28,1.89,2.23,0.58,1.29,1.7244,1.6,5.7,,0.48,"Niu, Y., Gao, P., Ju, S., Li, F., Wang, S., Xu, Z., Lin, J., Yang, J., Peng, H. 2023. Hydrogen Peroxide/Phosphoric Acid Modification of Hydrochars for Sulfamethoxazole and Carbamazepine Adsorption: The Role of Oxygen-Containing Functional Groups. LANGMUIR, 39(16), 5679-5688."
Sulfamethoxazole,15.8,0.11614,29.40253165,62.5,34.1,7.43,0.07,7.5,77.60009902,298,6.4,5.276670796,5.388278044,253.28,1.89,2.23,0.58,1.29,1.7244,1.6,5.7,,0.48,"Niu, Y., Gao, P., Ju, S., Li, F., Wang, S., Xu, Z., Lin, J., Yang, J., Peng, H. 2023. Hydrogen Peroxide/Phosphoric Acid Modification of Hydrochars for Sulfamethoxazole and Carbamazepine Adsorption: The Role of Oxygen-Containing Functional Groups. LANGMUIR, 39(16), 5679-5688."
Sulfamethoxazole,77.8,0.4426,22.75578406,75.8,21.3,6.6,2.64,7.5,3.967558894,298,6.4,0.400792882,6.478135057,253.28,1.89,2.23,0.58,1.29,1.7244,1.6,5.7,,0.48,"Niu, Y., Gao, P., Ju, S., Li, F., Wang, S., Xu, Z., Lin, J., Yang, J., Peng, H. 2023. Hydrogen Peroxide/Phosphoric Acid Modification of Hydrochars for Sulfamethoxazole and Carbamazepine Adsorption: The Role of Oxygen-Containing Functional Groups. LANGMUIR, 39(16), 5679-5688."
Sulfamethoxazole,77.8,0.4426,22.75578406,75.8,21.3,6.6,2.64,7.5,6.103428902,298,6.4,0.603364842,6.478135057,253.28,1.89,2.23,0.58,1.29,1.7244,1.6,5.7,,0.48,"Niu, Y., Gao, P., Ju, S., Li, F., Wang, S., Xu, Z., Lin, J., Yang, J., Peng, H. 2023. Hydrogen Peroxide/Phosphoric Acid Modification of Hydrochars for Sulfamethoxazole and Carbamazepine Adsorption: The Role of Oxygen-Containing Functional Groups. LANGMUIR, 39(16), 5679-5688."
Sulfamethoxazole,77.8,0.4426,22.75578406,75.8,21.3,6.6,2.64,7.5,9.378836758,298,6.4,0.895282303,6.478135057,253.28,1.89,2.23,0.58,1.29,1.7244,1.6,5.7,,0.48,"Niu, Y., Gao, P., Ju, S., Li, F., Wang, S., Xu, Z., Lin, J., Yang, J., Peng, H. 2023. Hydrogen Peroxide/Phosphoric Acid Modification of Hydrochars for Sulfamethoxazole and Carbamazepine Adsorption: The Role of Oxygen-Containing Functional Groups. LANGMUIR, 39(16), 5679-5688."
Sulfamethoxazole,77.8,0.4426,22.75578406,75.8,21.3,6.6,2.64,7.5,14.38108313,298,6.4,1.309302509,6.478135057,253.28,1.89,2.23,0.58,1.29,1.7244,1.6,5.7,,0.48,"Niu, Y., Gao, P., Ju, S., Li, F., Wang, S., Xu, Z., Lin, J., Yang, J., Peng, H. 2023. Hydrogen Peroxide/Phosphoric Acid Modification of Hydrochars for Sulfamethoxazole and Carbamazepine Adsorption: The Role of Oxygen-Containing Functional Groups. LANGMUIR, 39(16), 5679-5688."
Sulfamethoxazole,77.8,0.4426,22.75578406,75.8,21.3,6.6,2.64,7.5,22.66951096,298,6.4,2.014373503,6.478135057,253.28,1.89,2.23,0.58,1.29,1.7244,1.6,5.7,,0.48,"Niu, Y., Gao, P., Ju, S., Li, F., Wang, S., Xu, Z., Lin, J., Yang, J., Peng, H. 2023. Hydrogen Peroxide/Phosphoric Acid Modification of Hydrochars for Sulfamethoxazole and Carbamazepine Adsorption: The Role of Oxygen-Containing Functional Groups. LANGMUIR, 39(16), 5679-5688."
Sulfamethoxazole,77.8,0.4426,22.75578406,75.8,21.3,6.6,2.64,7.5,33.69114177,298,6.4,2.820720144,6.478135057,253.28,1.89,2.23,0.58,1.29,1.7244,1.6,5.7,,0.48,"Niu, Y., Gao, P., Ju, S., Li, F., Wang, S., Xu, Z., Lin, J., Yang, J., Peng, H. 2023. Hydrogen Peroxide/Phosphoric Acid Modification of Hydrochars for Sulfamethoxazole and Carbamazepine Adsorption: The Role of Oxygen-Containing Functional Groups. LANGMUIR, 39(16), 5679-5688."
Sulfamethoxazole,77.8,0.4426,22.75578406,75.8,21.3,6.6,2.64,7.5,50.61501837,298,6.4,3.921389666,6.478135057,253.28,1.89,2.23,0.58,1.29,1.7244,1.6,5.7,,0.48,"Niu, Y., Gao, P., Ju, S., Li, F., Wang, S., Xu, Z., Lin, J., Yang, J., Peng, H. 2023. Hydrogen Peroxide/Phosphoric Acid Modification of Hydrochars for Sulfamethoxazole and Carbamazepine Adsorption: The Role of Oxygen-Containing Functional Groups. LANGMUIR, 39(16), 5679-5688."
Sulfamethoxazole,77.8,0.4426,22.75578406,75.8,21.3,6.6,2.64,7.5,81.39983559,298,6.4,6.278125601,6.478135057,253.28,1.89,2.23,0.58,1.29,1.7244,1.6,5.7,,0.48,"Niu, Y., Gao, P., Ju, S., Li, F., Wang, S., Xu, Z., Lin, J., Yang, J., Peng, H. 2023. Hydrogen Peroxide/Phosphoric Acid Modification of Hydrochars for Sulfamethoxazole and Carbamazepine Adsorption: The Role of Oxygen-Containing Functional Groups. LANGMUIR, 39(16), 5679-5688."
Sulfamethoxazole,262.2,0.583,2.610504435,60.3,13.16,1.87,0.52,2.5,24.65603,298,5,6.40522,10.07,253.28,1.89,2.23,0.58,1.29,1.7244,1.6,5.7,,0.48,"Feng, L., Xiao, L., Yuan, G., Bi, D., Wei, J. 2020. Biomass feedstocks and carbonization methods affect antibiotic adsorption on biochar. China Environmental Science, 40(3), 1156-1165."
Sulfamethoxazole,262.2,0.31174,2.3998,60.3,13.16,1.87,0.52,2.5,48.093005,298,5,7.19773,10.07,253.28,1.89,2.23,0.58,1.29,1.7244,1.6,5.7,,0.48,"Feng, L., Xiao, L., Yuan, G., Bi, D., Wei, J. 2020. Biomass feedstocks and carbonization methods affect antibiotic adsorption on biochar. China Environmental Science, 40(3), 1156-1165."
Sulfamethoxazole,262.2,0.34,5.4798,60.3,13.16,1.87,0.52,2.5,82.140515,298,5,9.02051,10.07,253.28,1.89,2.23,0.58,1.29,1.7244,1.6,5.7,,0.48,"Feng, L., Xiao, L., Yuan, G., Bi, D., Wei, J. 2020. Biomass feedstocks and carbonization methods affect antibiotic adsorption on biochar. China Environmental Science, 40(3), 1156-1165."
Sulfamethoxazole,262.2,0.39194,2.341562645,60.3,13.16,1.87,0.52,2.5,109.65301,298,5,9.71264,10.07,253.28,1.89,2.23,0.58,1.29,1.7244,1.6,5.7,,0.48,"Feng, L., Xiao, L., Yuan, G., Bi, D., Wei, J. 2020. Biomass feedstocks and carbonization methods affect antibiotic adsorption on biochar. China Environmental Science, 40(3), 1156-1165."
Sulfamethoxazole,262.2,0.0622,5.1708,60.3,13.16,1.87,0.52,2.5,174.790985,298,5,10.62139,10.07,253.28,1.89,2.23,0.58,1.29,1.7244,1.6,5.7,,0.48,"Feng, L., Xiao, L., Yuan, G., Bi, D., Wei, J. 2020. Biomass feedstocks and carbonization methods affect antibiotic adsorption on biochar. China Environmental Science, 40(3), 1156-1165."
Sulfamethoxazole,262.2,1.2888,3.0518,60.3,13.16,1.87,0.52,2.5,370.387325,298,5,11.83129,10.07,253.28,1.89,2.23,0.58,1.29,1.7244,1.6,5.7,,0.48,"Feng, L., Xiao, L., Yuan, G., Bi, D., Wei, J. 2020. Biomass feedstocks and carbonization methods affect antibiotic adsorption on biochar. China Environmental Science, 40(3), 1156-1165."
Sulfamethoxazole,83.2,0.246,4.2922,42.24,14.53,1.43,0.44,2.5,24.875425,298,5,3.04969,7.34,253.28,1.89,2.23,0.58,1.29,1.7244,1.6,5.7,,0.48,"Feng, L., Xiao, L., Yuan, G., Bi, D., Wei, J. 2020. Biomass feedstocks and carbonization methods affect antibiotic adsorption on biochar. China Environmental Science, 40(3), 1156-1165."
Sulfamethoxazole,83.2,0.4444,3.57,42.24,14.53,1.43,0.44,2.5,44.1534,298,5,3.66472,7.34,253.28,1.89,2.23,0.58,1.29,1.7244,1.6,5.7,,0.48,"Feng, L., Xiao, L., Yuan, G., Bi, D., Wei, J. 2020. Biomass feedstocks and carbonization methods affect antibiotic adsorption on biochar. China Environmental Science, 40(3), 1156-1165."
Sulfamethoxazole,83.2,0.3774,4.2442,42.24,14.53,1.43,0.44,2.5,72.343815,298,5,4.25539,7.34,253.28,1.89,2.23,0.58,1.29,1.7244,1.6,5.7,,0.48,"Feng, L., Xiao, L., Yuan, G., Bi, D., Wei, J. 2020. Biomass feedstocks and carbonization methods affect antibiotic adsorption on biochar. China Environmental Science, 40(3), 1156-1165."
Sulfamethoxazole,83.2,0.2038,12.0358,42.24,14.53,1.43,0.44,2.5,142.81508,298,5,6.03958,7.34,253.28,1.89,2.23,0.58,1.29,1.7244,1.6,5.7,,0.48,"Feng, L., Xiao, L., Yuan, G., Bi, D., Wei, J. 2020. Biomass feedstocks and carbonization methods affect antibiotic adsorption on biochar. China Environmental Science, 40(3), 1156-1165."
Sulfamethoxazole,83.2,0.5702,2.4148,42.24,14.53,1.43,0.44,2.5,242.482805,298,5,6.63025,7.34,253.28,1.89,2.23,0.58,1.29,1.7244,1.6,5.7,,0.48,"Feng, L., Xiao, L., Yuan, G., Bi, D., Wei, J. 2020. Biomass feedstocks and carbonization methods affect antibiotic adsorption on biochar. China Environmental Science, 40(3), 1156-1165."
Sulfamethoxazole,83.2,1.2888,3.0518,42.24,14.53,1.43,0.44,2.5,389.97142,298,5,7.49494,7.34,253.28,1.89,2.23,0.58,1.29,1.7244,1.6,5.7,,0.48,"Feng, L., Xiao, L., Yuan, G., Bi, D., Wei, J. 2020. Biomass feedstocks and carbonization methods affect antibiotic adsorption on biochar. China Environmental Science, 40(3), 1156-1165."
Sulfamethoxazole,16.11,0.004,11.91,49.48,50.02,3.477799177,2.256,1,5.05091,298,4.1,1.443483245,3.4167472,253.28,1.89,2.23,0.58,1.29,1.7244,1.6,5.7,,0.48,"Cong, X., Wang, Y., Li, Y., He, Y. 2022. Adsorption Characteristics of Biochars and Graphene Oxide/biochar Composites for Antibiotics from Aqueous Solution. Ecology and Environmental Sciences, 31(2), 326-334."
Sulfamethoxazole,16.11,0.004,11.91,49.48,50.02,3.477799177,2.484,1,10.07753,298,4.7,2.537997306,3.4167472,253.28,1.89,2.23,0.58,1.29,1.7244,1.6,5.7,,0.48,"Cong, X., Wang, Y., Li, Y., He, Y. 2022. Adsorption Characteristics of Biochars and Graphene Oxide/biochar Composites for Antibiotics from Aqueous Solution. Ecology and Environmental Sciences, 31(2), 326-334."
Sulfamethoxazole,16.11,0.004,11.91,49.48,50.02,3.477799177,2.484,1,15.03205,298,5.2,4.389208162,3.4167472,253.28,1.89,2.23,0.58,1.29,1.7244,1.6,5.7,,0.48,"Cong, X., Wang, Y., Li, Y., He, Y. 2022. Adsorption Characteristics of Biochars and Graphene Oxide/biochar Composites for Antibiotics from Aqueous Solution. Ecology and Environmental Sciences, 31(2), 326-334."
Sulfamethoxazole,16.11,0.004,11.91,49.48,50.02,3.477799177,2.676,1,20.07927,298,5,5.470207202,3.4167472,253.28,1.89,2.23,0.58,1.29,1.7244,1.6,5.7,,0.48,"Cong, X., Wang, Y., Li, Y., He, Y. 2022. Adsorption Characteristics of Biochars and Graphene Oxide/biochar Composites for Antibiotics from Aqueous Solution. Ecology and Environmental Sciences, 31(2), 326-334."
Sulfamethoxazole,16.11,0.004,11.91,49.48,50.02,3.477799177,2.676,1,25.10589,298,4.7,5.68640701,3.4167472,253.28,1.89,2.23,0.58,1.29,1.7244,1.6,5.7,,0.48,"Cong, X., Wang, Y., Li, Y., He, Y. 2022. Adsorption Characteristics of Biochars and Graphene Oxide/biochar Composites for Antibiotics from Aqueous Solution. Ecology and Environmental Sciences, 31(2), 326-334."
Sulfamethazine,16.11,0.004,11.91,49.48,50.02,3.477799177,2.256,1,4.96851,298,4.1,2.002016557,2.9912368,278.33,2.13,2.53,0.59,1.53,2.0043,2.65,7.49,,0.76,"Cong, X., Wang, Y., Li, Y., He, Y. 2022. Adsorption Characteristics of Biochars and Graphene Oxide/biochar Composites for Antibiotics from Aqueous Solution. Ecology and Environmental Sciences, 31(2), 326-334."
Sulfamethazine,16.11,0.004,11.91,49.48,50.02,3.477799177,2.484,1,9.98483,298,4.7,3.665096756,2.9912368,278.33,2.13,2.53,0.59,1.53,2.0043,2.65,7.49,,0.76,"Cong, X., Wang, Y., Li, Y., He, Y. 2022. Adsorption Characteristics of Biochars and Graphene Oxide/biochar Composites for Antibiotics from Aqueous Solution. Ecology and Environmental Sciences, 31(2), 326-334."
Sulfamethazine,16.11,0.004,11.91,49.48,50.02,3.477799177,2.484,1,14.98055,298,5.2,4.412490739,2.9912368,278.33,2.13,2.53,0.59,1.53,2.0043,2.65,7.49,,0.76,"Cong, X., Wang, Y., Li, Y., He, Y. 2022. Adsorption Characteristics of Biochars and Graphene Oxide/biochar Composites for Antibiotics from Aqueous Solution. Ecology and Environmental Sciences, 31(2), 326-334."
Sulfamethazine,16.11,0.004,11.91,49.48,50.02,3.477799177,2.676,1,20.05867,298,5,5.303425069,2.9912368,278.33,2.13,2.53,0.59,1.53,2.0043,2.65,7.49,,0.76,"Cong, X., Wang, Y., Li, Y., He, Y. 2022. Adsorption Characteristics of Biochars and Graphene Oxide/biochar Composites for Antibiotics from Aqueous Solution. Ecology and Environmental Sciences, 31(2), 326-334."
Sulfamethazine,16.11,0.004,11.91,49.48,50.02,3.477799177,2.676,1,25.12649,298,4.7,5.917181685,2.9912368,278.33,2.13,2.53,0.59,1.53,2.0043,2.65,7.49,,0.76,"Cong, X., Wang, Y., Li, Y., He, Y. 2022. Adsorption Characteristics of Biochars and Graphene Oxide/biochar Composites for Antibiotics from Aqueous Solution. Ecology and Environmental Sciences, 31(2), 326-334."
Sulfamethoxazole,4.437,0.007,15.88,73.45,26.48,1.943041921,2.108,1,5.01056,298,4.86,1.375561147,1.01767904,253.28,1.89,2.23,0.58,1.29,1.7244,1.6,5.7,,0.48,"Cong, X., Wang, Y., Li, Y., He, Y. 2022. Adsorption Characteristics of Biochars and Graphene Oxide/biochar Composites for Antibiotics from Aqueous Solution. Ecology and Environmental Sciences, 31(2), 326-334."
Sulfamethoxazole,4.437,0.007,15.88,73.45,26.48,1.943041921,2.108,1,10.05999,298,4.58,3.87062496,1.01767904,253.28,1.89,2.23,0.58,1.29,1.7244,1.6,5.7,,0.48,"Cong, X., Wang, Y., Li, Y., He, Y. 2022. Adsorption Characteristics of Biochars and Graphene Oxide/biochar Composites for Antibiotics from Aqueous Solution. Ecology and Environmental Sciences, 31(2), 326-334."
Sulfamethoxazole,4.437,0.007,15.88,73.45,26.48,1.943041921,2.608,1,15.14015,298,4.68,5.081293229,1.01767904,253.28,1.89,2.23,0.58,1.29,1.7244,1.6,5.7,,0.48,"Cong, X., Wang, Y., Li, Y., He, Y. 2022. Adsorption Characteristics of Biochars and Graphene Oxide/biochar Composites for Antibiotics from Aqueous Solution. Ecology and Environmental Sciences, 31(2), 326-334."
Sulfamethoxazole,4.437,0.007,15.88,73.45,26.48,1.943041921,2.608,1,20.12813,298,4.38,6.408374051,1.01767904,253.28,1.89,2.23,0.58,1.29,1.7244,1.6,5.7,,0.48,"Cong, X., Wang, Y., Li, Y., He, Y. 2022. Adsorption Characteristics of Biochars and Graphene Oxide/biochar Composites for Antibiotics from Aqueous Solution. Ecology and Environmental Sciences, 31(2), 326-334."
Sulfamethoxazole,4.437,0.007,15.88,73.45,26.48,1.943041921,1.712,1,24.98296,298,4.86,6.742083115,1.01767904,253.28,1.89,2.23,0.58,1.29,1.7244,1.6,5.7,,0.48,"Cong, X., Wang, Y., Li, Y., He, Y. 2022. Adsorption Characteristics of Biochars and Graphene Oxide/biochar Composites for Antibiotics from Aqueous Solution. Ecology and Environmental Sciences, 31(2), 326-334."
Sulfamethazine,4.437,0.007,15.88,73.45,26.48,1.943041921,2.108,1,5.07201,298,4.86,2.014775204,2.33574816,278.33,2.13,2.53,0.59,1.53,2.0043,2.65,7.49,,0.76,"Cong, X., Wang, Y., Li, Y., He, Y. 2022. Adsorption Characteristics of Biochars and Graphene Oxide/biochar Composites for Antibiotics from Aqueous Solution. Ecology and Environmental Sciences, 31(2), 326-334."
Sulfamethazine,4.437,0.007,15.88,73.45,26.48,1.943041921,2.108,1,10.05999,298,4.58,3.18741011,2.33574816,278.33,2.13,2.53,0.59,1.53,2.0043,2.65,7.49,,0.76,"Cong, X., Wang, Y., Li, Y., He, Y. 2022. Adsorption Characteristics of Biochars and Graphene Oxide/biochar Composites for Antibiotics from Aqueous Solution. Ecology and Environmental Sciences, 31(2), 326-334."
Sulfamethazine,4.437,0.007,15.88,73.45,26.48,1.943041921,2.608,1,15.02748,298,4.68,3.818498336,2.33574816,278.33,2.13,2.53,0.59,1.53,2.0043,2.65,7.49,,0.76,"Cong, X., Wang, Y., Li, Y., He, Y. 2022. Adsorption Characteristics of Biochars and Graphene Oxide/biochar Composites for Antibiotics from Aqueous Solution. Ecology and Environmental Sciences, 31(2), 326-334."
Sulfamethazine,4.437,0.007,15.88,73.45,26.48,1.943041921,2.608,1,20.07692,298,4.38,3.954952401,2.33574816,278.33,2.13,2.53,0.59,1.53,2.0043,2.65,7.49,,0.76,"Cong, X., Wang, Y., Li, Y., He, Y. 2022. Adsorption Characteristics of Biochars and Graphene Oxide/biochar Composites for Antibiotics from Aqueous Solution. Ecology and Environmental Sciences, 31(2), 326-334."
Sulfamethazine,4.437,0.007,15.88,73.45,26.48,1.943041921,1.712,1,25.03417,298,4.86,3.954952401,2.33574816,278.33,2.13,2.53,0.59,1.53,2.0043,2.65,7.49,,0.76,"Cong, X., Wang, Y., Li, Y., He, Y. 2022. Adsorption Characteristics of Biochars and Graphene Oxide/biochar Composites for Antibiotics from Aqueous Solution. Ecology and Environmental Sciences, 31(2), 326-334."
Sulfadiazine,529,0.45,3.36,67.426,23.618,3.149475336,3.096,2.5,15,298,4,5.74963,16.7,250.28,2.08,2.55,0.65,1.37,1.7225,6.36,,,-0.34,"He, Y., Liu, Z., Chen, J., Deng, Y. 2024. Performance and mechanism of sulfadiazine and norfloxacin adsorption from aqueous solution by magnetic coconut shell biochar. Environmental science and pollution research international, 31(35), 48561-48575."
Sulfadiazine,529,0.45,3.36,38.96,3.4,3.149475336,0.27,2.5,20,298,4,7.59248,16.7,250.28,2.08,2.55,0.65,1.37,1.7225,6.36,,,-0.34,"He, Y., Liu, Z., Chen, J., Deng, Y. 2024. Performance and mechanism of sulfadiazine and norfloxacin adsorption from aqueous solution by magnetic coconut shell biochar. Environmental science and pollution research international, 31(35), 48561-48575."
Sulfadiazine,529,0.45,3.36,48.906,3.34,3.149475336,0.374,2.5,30,298,4,10.88295,16.7,250.28,2.08,2.55,0.65,1.37,1.7225,6.36,,,-0.34,"He, Y., Liu, Z., Chen, J., Deng, Y. 2024. Performance and mechanism of sulfadiazine and norfloxacin adsorption from aqueous solution by magnetic coconut shell biochar. Environmental science and pollution research international, 31(35), 48561-48575."
Sulfadiazine,529,0.45,3.36,48.906,3.34,3.149475336,0.374,2.5,40,298,4,12.94639,16.7,250.28,2.08,2.55,0.65,1.37,1.7225,6.36,,,-0.34,"He, Y., Liu, Z., Chen, J., Deng, Y. 2024. Performance and mechanism of sulfadiazine and norfloxacin adsorption from aqueous solution by magnetic coconut shell biochar. Environmental science and pollution research international, 31(35), 48561-48575."
Sulfadiazine,529,0.45,3.36,48.906,3.34,3.149475336,0.374,2.5,50,298,4,15.23502,16.7,250.28,2.08,2.55,0.65,1.37,1.7225,6.36,,,-0.34,"He, Y., Liu, Z., Chen, J., Deng, Y. 2024. Performance and mechanism of sulfadiazine and norfloxacin adsorption from aqueous solution by magnetic coconut shell biochar. Environmental science and pollution research international, 31(35), 48561-48575."
Sulfadiazine,717.636,0.406,2.263,48.722,26.154,2.905715704,1.462,0.5,15,303,5,30.34227,77.52,250.28,2.08,2.55,0.65,1.37,1.7225,6.36,,,-0.34,"He, X., Li, J., Meng, Q., Guo, Z., Zhang, H., Liu, Y. 2021. Enhanced adsorption capacity of sulfadiazine on tea waste biochar from aqueous solutions by the two-step sintering method without corrosive activator. JOURNAL OF ENVIRONMENTAL CHEMICAL ENGINEERING, 9(1)."
Sulfadiazine,717.636,0.406,2.263,48.292,22.796,2.905715704,1.874,0.5,20,303,5.4,39.01439,77.52,250.28,2.08,2.55,0.65,1.37,1.7225,6.36,,,-0.34,"He, X., Li, J., Meng, Q., Guo, Z., Zhang, H., Liu, Y. 2021. Enhanced adsorption capacity of sulfadiazine on tea waste biochar from aqueous solutions by the two-step sintering method without corrosive activator. JOURNAL OF ENVIRONMENTAL CHEMICAL ENGINEERING, 9(1)."
Sulfadiazine,717.636,0.406,2.263,48.292,21.116,2.905715704,1.734,0.5,30,303,5,56.43605,77.52,250.28,2.08,2.55,0.65,1.37,1.7225,6.36,,,-0.34,"He, X., Li, J., Meng, Q., Guo, Z., Zhang, H., Liu, Y. 2021. Enhanced adsorption capacity of sulfadiazine on tea waste biochar from aqueous solutions by the two-step sintering method without corrosive activator. JOURNAL OF ENVIRONMENTAL CHEMICAL ENGINEERING, 9(1)."
Sulfadiazine,717.636,0.406,2.263,48.292,22.796,2.905715704,1.874,0.5,40,303,5.4,71.80583,77.52,250.28,2.08,2.55,0.65,1.37,1.7225,6.36,,,-0.34,"He, X., Li, J., Meng, Q., Guo, Z., Zhang, H., Liu, Y. 2021. Enhanced adsorption capacity of sulfadiazine on tea waste biochar from aqueous solutions by the two-step sintering method without corrosive activator. JOURNAL OF ENVIRONMENTAL CHEMICAL ENGINEERING, 9(1)."
Sulfadiazine,717.636,0.406,2.263,52.49,24.584,2.905715704,1.342,0.5,50,303,5,75.1353,77.52,250.28,2.08,2.55,0.65,1.37,1.7225,6.36,,,-0.34,"He, X., Li, J., Meng, Q., Guo, Z., Zhang, H., Liu, Y. 2021. Enhanced adsorption capacity of sulfadiazine on tea waste biochar from aqueous solutions by the two-step sintering method without corrosive activator. JOURNAL OF ENVIRONMENTAL CHEMICAL ENGINEERING, 9(1)."
Sulfadiazine,648.415,0.37,2.28,48.722,26.154,2.905715704,1.462,0.5,15,303,5,29.36374,58.14,250.28,2.08,2.55,0.65,1.37,1.7225,6.36,,,-0.34,"He, X., Li, J., Meng, Q., Guo, Z., Zhang, H., Liu, Y. 2021. Enhanced adsorption capacity of sulfadiazine on tea waste biochar from aqueous solutions by the two-step sintering method without corrosive activator. JOURNAL OF ENVIRONMENTAL CHEMICAL ENGINEERING, 9(1)."
Sulfadiazine,648.415,0.37,2.28,48.292,22.796,2.905715704,1.874,0.5,20,303,5.4,39.47674,58.14,250.28,2.08,2.55,0.65,1.37,1.7225,6.36,,,-0.34,"He, X., Li, J., Meng, Q., Guo, Z., Zhang, H., Liu, Y. 2021. Enhanced adsorption capacity of sulfadiazine on tea waste biochar from aqueous solutions by the two-step sintering method without corrosive activator. JOURNAL OF ENVIRONMENTAL CHEMICAL ENGINEERING, 9(1)."
Sulfadiazine,648.415,0.37,2.28,48.292,21.116,2.905715704,1.734,0.5,30,303,5,51.97548,58.14,250.28,2.08,2.55,0.65,1.37,1.7225,6.36,,,-0.34,"He, X., Li, J., Meng, Q., Guo, Z., Zhang, H., Liu, Y. 2021. Enhanced adsorption capacity of sulfadiazine on tea waste biochar from aqueous solutions by the two-step sintering method without corrosive activator. JOURNAL OF ENVIRONMENTAL CHEMICAL ENGINEERING, 9(1)."
Sulfadiazine,648.415,0.37,2.28,48.292,22.796,2.905715704,1.874,0.5,40,303,5.4,53.41114,58.14,250.28,2.08,2.55,0.65,1.37,1.7225,6.36,,,-0.34,"He, X., Li, J., Meng, Q., Guo, Z., Zhang, H., Liu, Y. 2021. Enhanced adsorption capacity of sulfadiazine on tea waste biochar from aqueous solutions by the two-step sintering method without corrosive activator. JOURNAL OF ENVIRONMENTAL CHEMICAL ENGINEERING, 9(1)."
Sulfadiazine,648.415,0.37,2.28,52.49,24.584,2.905715704,1.342,0.5,50,303,5,57.82371,58.14,250.28,2.08,2.55,0.65,1.37,1.7225,6.36,,,-0.34,"He, X., Li, J., Meng, Q., Guo, Z., Zhang, H., Liu, Y. 2021. Enhanced adsorption capacity of sulfadiazine on tea waste biochar from aqueous solutions by the two-step sintering method without corrosive activator. JOURNAL OF ENVIRONMENTAL CHEMICAL ENGINEERING, 9(1)."
Sulfadiazine,381.129,0.484,5.079,50.14,6.544,3.142710209,0.582,0.2,50,298,7,238.61016,613.45,250.28,2.08,2.55,0.65,1.37,1.7225,6.36,,,-0.34,"Li, R., Zhang, C., Chen, W.-H., Kwon, E.E., Rajendran, S., Zhang, Y. 2023b. Multistage utilization of soybean straw-derived P-doped biochar for aquatic pollutant removal and biofuel usage. BIORESOURCE TECHNOLOGY, 387."
Sulfadiazine,381.129,0.484,5.079,63.53,18.668,3.142710209,1.594,0.2,75,298,7,304.93807,613.45,250.28,2.08,2.55,0.65,1.37,1.7225,6.36,,,-0.34,"Li, R., Zhang, C., Chen, W.-H., Kwon, E.E., Rajendran, S., Zhang, Y. 2023b. Multistage utilization of soybean straw-derived P-doped biochar for aquatic pollutant removal and biofuel usage. BIORESOURCE TECHNOLOGY, 387."
Sulfadiazine,381.129,0.484,5.079,70.39,11.132,3.142710209,0.3,0.2,100,298,7,362.03992,613.45,250.28,2.08,2.55,0.65,1.37,1.7225,6.36,,,-0.34,"Li, R., Zhang, C., Chen, W.-H., Kwon, E.E., Rajendran, S., Zhang, Y. 2023b. Multistage utilization of soybean straw-derived P-doped biochar for aquatic pollutant removal and biofuel usage. BIORESOURCE TECHNOLOGY, 387."
Sulfadiazine,381.129,0.484,5.079,77.268,23.36,3.142710209,1.358,0.2,150,298,7,438.5913,613.45,250.28,2.08,2.55,0.65,1.37,1.7225,6.36,,,-0.34,"Li, R., Zhang, C., Chen, W.-H., Kwon, E.E., Rajendran, S., Zhang, Y. 2023b. Multistage utilization of soybean straw-derived P-doped biochar for aquatic pollutant removal and biofuel usage. BIORESOURCE TECHNOLOGY, 387."
Sulfadiazine,381.129,0.484,5.079,77.268,21.644,3.142710209,0.774,0.2,200,298,7,496.44121,613.45,250.28,2.08,2.55,0.65,1.37,1.7225,6.36,,,-0.34,"Li, R., Zhang, C., Chen, W.-H., Kwon, E.E., Rajendran, S., Zhang, Y. 2023b. Multistage utilization of soybean straw-derived P-doped biochar for aquatic pollutant removal and biofuel usage. BIORESOURCE TECHNOLOGY, 387."
Sulfadiazine,381.129,0.484,5.079,71.128,15.212,3.142710209,0.73,0.2,300,298,7,557.28336,613.45,250.28,2.08,2.55,0.65,1.37,1.7225,6.36,,,-0.34,"Li, R., Zhang, C., Chen, W.-H., Kwon, E.E., Rajendran, S., Zhang, Y. 2023b. Multistage utilization of soybean straw-derived P-doped biochar for aquatic pollutant removal and biofuel usage. BIORESOURCE TECHNOLOGY, 387."
Sulfadiazine,381.129,0.484,5.079,67.55,16.926,3.142710209,0.522,0.2,400,298,7,599.42402,613.45,250.28,2.08,2.55,0.65,1.37,1.7225,6.36,,,-0.34,"Li, R., Zhang, C., Chen, W.-H., Kwon, E.E., Rajendran, S., Zhang, Y. 2023b. Multistage utilization of soybean straw-derived P-doped biochar for aquatic pollutant removal and biofuel usage. BIORESOURCE TECHNOLOGY, 387."
Sulfadiazine,68.4,0.074,4.3,56.372,22.76,4.449851513,1.476,0.7,1.704456606,298,9,1.0013878,2.677996,250.28,2.08,2.55,0.65,1.37,1.7225,6.36,,,-0.34,"Sun, P., Li, Y., Meng, T., Zhang, R., Song, M., Ren, J. 2018. Removal of sulfonamide antibiotics and human metabolite by biochar and biochar/H2O2 in synthetic urine. WATER RESEARCH, 147, 91-100."
Sulfadiazine,68.4,0.074,4.3,63.632,16.18,4.449851513,0.814,0.7,2.145371378,298,9,1.190194026,2.677996,250.28,2.08,2.55,0.65,1.37,1.7225,6.36,,,-0.34,"Sun, P., Li, Y., Meng, T., Zhang, R., Song, M., Ren, J. 2018. Removal of sulfonamide antibiotics and human metabolite by biochar and biochar/H2O2 in synthetic urine. WATER RESEARCH, 147, 91-100."
Sulfadiazine,68.4,0.074,4.3,63.632,16.18,4.449851513,0.814,0.7,2.490912951,298,9,1.333229046,2.677996,250.28,2.08,2.55,0.65,1.37,1.7225,6.36,,,-0.34,"Sun, P., Li, Y., Meng, T., Zhang, R., Song, M., Ren, J. 2018. Removal of sulfonamide antibiotics and human metabolite by biochar and biochar/H2O2 in synthetic urine. WATER RESEARCH, 147, 91-100."
Sulfadiazine,68.4,0.074,4.3,63.632,16.18,4.449851513,0.814,0.7,2.785246236,298,9,1.425727528,2.677996,250.28,2.08,2.55,0.65,1.37,1.7225,6.36,,,-0.34,"Sun, P., Li, Y., Meng, T., Zhang, R., Song, M., Ren, J. 2018. Removal of sulfonamide antibiotics and human metabolite by biochar and biochar/H2O2 in synthetic urine. WATER RESEARCH, 147, 91-100."
Sulfadiazine,68.4,0.074,4.3,33.206,24.22,4.449851513,0.674,0.7,3.416304981,301.09,9,1.504873573,2.677996,250.28,2.08,2.55,0.65,1.37,1.7225,6.36,,,-0.34,"Sun, P., Li, Y., Meng, T., Zhang, R., Song, M., Ren, J. 2018. Removal of sulfonamide antibiotics and human metabolite by biochar and biochar/H2O2 in synthetic urine. WATER RESEARCH, 147, 91-100."
Sulfamethazine,68.4,0.074,4.3,56.372,24.784,4.449851513,1.476,0.7,1.168081271,298,9,1.404144452,2.953304,278.33,2.13,2.53,0.59,1.53,2.0043,2.65,7.49,,0.76,"Sun, P., Li, Y., Meng, T., Zhang, R., Song, M., Ren, J. 2018. Removal of sulfonamide antibiotics and human metabolite by biochar and biochar/H2O2 in synthetic urine. WATER RESEARCH, 147, 91-100."
Sulfamethazine,68.4,0.074,4.3,56.372,22.76,4.449851513,1.476,0.7,1.552500895,298,9,1.872622045,2.953304,278.33,2.13,2.53,0.59,1.53,2.0043,2.65,7.49,,0.76,"Sun, P., Li, Y., Meng, T., Zhang, R., Song, M., Ren, J. 2018. Removal of sulfonamide antibiotics and human metabolite by biochar and biochar/H2O2 in synthetic urine. WATER RESEARCH, 147, 91-100."
Sulfamethazine,68.4,0.074,4.3,60.026,16.18,4.449851513,1.444,0.7,2.982521257,298,9,2.618568061,2.953304,278.33,2.13,2.53,0.59,1.53,2.0043,2.65,7.49,,0.76,"Sun, P., Li, Y., Meng, T., Zhang, R., Song, M., Ren, J. 2018. Removal of sulfonamide antibiotics and human metabolite by biochar and biochar/H2O2 in synthetic urine. WATER RESEARCH, 147, 91-100."
Sulfamethazine,68.4,0.074,4.3,29.502,24.22,4.449851513,0.808,0.7,3.59879852,301.09,9,3.115193711,2.953304,278.33,2.13,2.53,0.59,1.53,2.0043,2.65,7.49,,0.76,"Sun, P., Li, Y., Meng, T., Zhang, R., Song, M., Ren, J. 2018. Removal of sulfonamide antibiotics and human metabolite by biochar and biochar/H2O2 in synthetic urine. WATER RESEARCH, 147, 91-100."
Sulfamethazine,68.4,0.074,4.3,26.564,28.78,4.449851513,1.194,0.7,4.979325992,301.09,9,3.310227037,2.953304,278.33,2.13,2.53,0.59,1.53,2.0043,2.65,7.49,,0.76,"Sun, P., Li, Y., Meng, T., Zhang, R., Song, M., Ren, J. 2018. Removal of sulfonamide antibiotics and human metabolite by biochar and biochar/H2O2 in synthetic urine. WATER RESEARCH, 147, 91-100."
Sulfadiazine,1225.59,0.568,1.41,73.728,14.252,4.657620907,1.892,1,45.4026,298,4.7,43.57469,95.24,250.28,2.08,2.55,0.65,1.37,1.7225,6.36,,,-0.34,"Meng, Q., Zhang, Y., Meng, D., Liu, X., Zhang, Z., Gao, P., Lin, A., Hou, L. 2020. Removal of sulfadiazine from aqueous solution by in-situ activated biochar derived from cotton shell. ENVIRONMENTAL RESEARCH, 191."
Sulfadiazine,1225.59,0.568,1.41,71.35,20.778,4.657620907,4.086,1,55.20329,298,5,52.12165,95.24,250.28,2.08,2.55,0.65,1.37,1.7225,6.36,,,-0.34,"Meng, Q., Zhang, Y., Meng, D., Liu, X., Zhang, Z., Gao, P., Lin, A., Hou, L. 2020. Removal of sulfadiazine from aqueous solution by in-situ activated biochar derived from cotton shell. ENVIRONMENTAL RESEARCH, 191."
Sulfadiazine,1225.59,0.568,1.41,68.236,14.982,4.657620907,1.072,1,65.68792,298,5.4,60.69268,95.24,250.28,2.08,2.55,0.65,1.37,1.7225,6.36,,,-0.34,"Meng, Q., Zhang, Y., Meng, D., Liu, X., Zhang, Z., Gao, P., Lin, A., Hou, L. 2020. Removal of sulfadiazine from aqueous solution by in-situ activated biochar derived from cotton shell. ENVIRONMENTAL RESEARCH, 191."
Sulfadiazine,1225.59,0.568,1.41,79.876,17.19,4.657620907,0.972,1,75.45691,298,5.4,68.73404,95.24,250.28,2.08,2.55,0.65,1.37,1.7225,6.36,,,-0.34,"Meng, Q., Zhang, Y., Meng, D., Liu, X., Zhang, Z., Gao, P., Lin, A., Hou, L. 2020. Removal of sulfadiazine from aqueous solution by in-situ activated biochar derived from cotton shell. ENVIRONMENTAL RESEARCH, 191."
Sulfadiazine,1225.59,0.568,1.41,70.498,7.002,4.657620907,0.276,1,86.31702,298,5,76.58279,95.24,250.28,2.08,2.55,0.65,1.37,1.7225,6.36,,,-0.34,"Meng, Q., Zhang, Y., Meng, D., Liu, X., Zhang, Z., Gao, P., Lin, A., Hou, L. 2020. Removal of sulfadiazine from aqueous solution by in-situ activated biochar derived from cotton shell. ENVIRONMENTAL RESEARCH, 191."
Sulfadiazine,1225.59,0.568,1.41,71.194,11.132,4.657620907,0.136,1,96.68208,298,5.6,81.71096,95.24,250.28,2.08,2.55,0.65,1.37,1.7225,6.36,,,-0.34,"Meng, Q., Zhang, Y., Meng, D., Liu, X., Zhang, Z., Gao, P., Lin, A., Hou, L. 2020. Removal of sulfadiazine from aqueous solution by in-situ activated biochar derived from cotton shell. ENVIRONMENTAL RESEARCH, 191."
Sulfadiazine,741.03,0.803,4.33,82.788,12.656,4.657620907,0.49,20,5,301.09,7.2,65.55678,144.07,250.28,2.08,2.55,0.65,1.37,1.7225,6.36,,,-0.34,"Wang, J., Zhang, L., Cao, T., Zhang, H., Sun, Y., Wang, Y., Yang, C., Hu, Y. 2024. Investigating the adsorption mechanism of zinc chloride-modified porous carbon for sulfadiazine removal from water. OPEN CHEMISTRY, 22(1)."
Sulfadiazine,741.03,0.803,4.33,77.528,7.9,4.657620907,1.044,16.02,20,300.09,6,115.03998,144.07,250.28,2.08,2.55,0.65,1.37,1.7225,6.36,,,-0.34,"Wang, J., Zhang, L., Cao, T., Zhang, H., Sun, Y., Wang, Y., Yang, C., Hu, Y. 2024. Investigating the adsorption mechanism of zinc chloride-modified porous carbon for sulfadiazine removal from water. OPEN CHEMISTRY, 22(1)."
Sulfadiazine,741.03,0.803,4.33,48.45,14.596,4.657620907,2.564,0.25,50,299,5.1,133.05514,144.07,250.28,2.08,2.55,0.65,1.37,1.7225,6.36,,,-0.34,"Wang, J., Zhang, L., Cao, T., Zhang, H., Sun, Y., Wang, Y., Yang, C., Hu, Y. 2024. Investigating the adsorption mechanism of zinc chloride-modified porous carbon for sulfadiazine removal from water. OPEN CHEMISTRY, 22(1)."
Sulfadiazine,669.26,0.764,4.56,85.258,12.788,2.905715704,0.49,20,5,301.09,7.2,128.2589,234.37,250.28,2.08,2.55,0.65,1.37,1.7225,6.36,,,-0.34,"Wang, J., Zhang, L., Cao, T., Zhang, H., Sun, Y., Wang, Y., Yang, C., Hu, Y. 2024. Investigating the adsorption mechanism of zinc chloride-modified porous carbon for sulfadiazine removal from water. OPEN CHEMISTRY, 22(1)."
Sulfadiazine,669.26,0.764,4.56,76.034,13.222,2.905715704,1.486,20,20,297.06,5.9,184.29307,234.37,250.28,2.08,2.55,0.65,1.37,1.7225,6.36,,,-0.34,"Wang, J., Zhang, L., Cao, T., Zhang, H., Sun, Y., Wang, Y., Yang, C., Hu, Y. 2024. Investigating the adsorption mechanism of zinc chloride-modified porous carbon for sulfadiazine removal from water. OPEN CHEMISTRY, 22(1)."
Sulfadiazine,669.26,0.764,4.56,51.008,13.016,2.905715704,2.2,0.22,50,298,5.5,217.16489,234.37,250.28,2.08,2.55,0.65,1.37,1.7225,6.36,,,-0.34,"Wang, J., Zhang, L., Cao, T., Zhang, H., Sun, Y., Wang, Y., Yang, C., Hu, Y. 2024. Investigating the adsorption mechanism of zinc chloride-modified porous carbon for sulfadiazine removal from water. OPEN CHEMISTRY, 22(1)."
Sulfadiazine,1663.62,1.255,3.02,85.258,11.796,4.657620907,0.414,20,5,297,5.36,211.08185,429.73,250.28,2.08,2.55,0.65,1.37,1.7225,6.36,,,-0.34,"Wang, J., Zhang, L., Cao, T., Zhang, H., Sun, Y., Wang, Y., Yang, C., Hu, Y. 2024. Investigating the adsorption mechanism of zinc chloride-modified porous carbon for sulfadiazine removal from water. OPEN CHEMISTRY, 22(1)."
Sulfadiazine,1663.62,1.255,3.02,70.634,9.662,4.657620907,1.708,20,20,298,5.12,388.19195,429.73,250.28,2.08,2.55,0.65,1.37,1.7225,6.36,,,-0.34,"Wang, J., Zhang, L., Cao, T., Zhang, H., Sun, Y., Wang, Y., Yang, C., Hu, Y. 2024. Investigating the adsorption mechanism of zinc chloride-modified porous carbon for sulfadiazine removal from water. OPEN CHEMISTRY, 22(1)."
Sulfadiazine,1663.62,1.255,3.02,74.208,17.736,4.657620907,0.848,2.27,50,298,5,423.16944,429.73,250.28,2.08,2.55,0.65,1.37,1.7225,6.36,,,-0.34,"Wang, J., Zhang, L., Cao, T., Zhang, H., Sun, Y., Wang, Y., Yang, C., Hu, Y. 2024. Investigating the adsorption mechanism of zinc chloride-modified porous carbon for sulfadiazine removal from water. OPEN CHEMISTRY, 22(1)."
Sulfamethoxazole,22.42,0.06214,3.9722,54.168,24.24,2.710805655,2.848,1,19.53102,298.15,5,9.67272,40.75,253.28,1.89,2.23,0.58,1.29,1.7244,1.6,5.7,,0.48,"Zhao, T., Ali, A., Su, J., Liu, S., Yan, H., Xu, L. 2024. Removal of sulfamethoxazole from water by biosurfactant-modified sludge biochar: and mechanism. JOURNAL OF ENVIRONMENTAL CHEMICAL ENGINEERING, 12(6)."
Sulfamethoxazole,22.42,0.2172,4.024,74.292,18.244,2.710805655,1.136,1,71.03369,298.15,5,31.32908,40.75,253.28,1.89,2.23,0.58,1.29,1.7244,1.6,5.7,,0.48,"Zhao, T., Ali, A., Su, J., Liu, S., Yan, H., Xu, L. 2024. Removal of sulfamethoxazole from water by biosurfactant-modified sludge biochar: and mechanism. JOURNAL OF ENVIRONMENTAL CHEMICAL ENGINEERING, 12(6)."
Sulfamethoxazole,22.42,0.789,2.988388888,79.19,29.88,2.710805655,2.554,1,158.25012,298.15,6,38.67878,40.75,253.28,1.89,2.23,0.58,1.29,1.7244,1.6,5.7,,0.48,"Zhao, T., Ali, A., Su, J., Liu, S., Yan, H., Xu, L. 2024. Removal of sulfamethoxazole from water by biosurfactant-modified sludge biochar: and mechanism. JOURNAL OF ENVIRONMENTAL CHEMICAL ENGINEERING, 12(6)."
Sulfonamide,2.2,0.0013,2.363636364,39.1,17.5,1.2,0.6,2.5,2,298,9,0.122003,0.295,172.2,1.5,1.82,0.41,1.19,1.1969,10.43,,,-0.55,"Gamiz, B., Velarde, P., Spokas, K.A., Cox, L. 2022. The Role of Nanoengineered Biochar Activated with Fe for Sulfanilamide Removal from Soils and Water. MOLECULES, 27(21)."
Sulfonamide,2.2,0.0013,2.363636364,39.1,17.5,1.2,0.6,2.5,5,298,7.9,0.20120122,0.295,172.2,1.5,1.82,0.41,1.19,1.1969,10.43,,,-0.55,"Gamiz, B., Velarde, P., Spokas, K.A., Cox, L. 2022. The Role of Nanoengineered Biochar Activated with Fe for Sulfanilamide Removal from Soils and Water. MOLECULES, 27(21)."
Sulfonamide,2.2,0.0013,2.363636364,39.1,17.5,1.2,0.6,2.5,10,298,5.8,0.22679454,0.295,172.2,1.5,1.82,0.41,1.19,1.1969,10.43,,,-0.55,"Gamiz, B., Velarde, P., Spokas, K.A., Cox, L. 2022. The Role of Nanoengineered Biochar Activated with Fe for Sulfanilamide Removal from Soils and Water. MOLECULES, 27(21)."
Sulfonamide,3406,1.481,1.739283617,91.67,7.26,1.056767821,1.07,0.05,5,293,5.6,52.38067,170.94,172.2,1.5,1.82,0.41,1.19,1.1969,10.43,,,-0.55,"Xu, T., Du, J., Zhang, J., David, W., Liu, P., Faheem, M., Zhu, X., Yang, J., Bao, J. 2022. Microbially-mediated synthesis of activated carbon derived from cottonseed husks for enhanced sulfanilamide removal. JOURNAL OF HAZARDOUS MATERIALS, 426."
Sulfonamide,3406,1.481,1.739283617,91.67,7.26,1.056767821,1.07,0.05,10,293,5.6,87.81913,170.94,172.2,1.5,1.82,0.41,1.19,1.1969,10.43,,,-0.55,"Xu, T., Du, J., Zhang, J., David, W., Liu, P., Faheem, M., Zhu, X., Yang, J., Bao, J. 2022. Microbially-mediated synthesis of activated carbon derived from cottonseed husks for enhanced sulfanilamide removal. JOURNAL OF HAZARDOUS MATERIALS, 426."
Sulfonamide,3406,1.481,1.739283617,91.67,7.26,1.056767821,1.07,0.05,20,293,5.6,127.49417,170.94,172.2,1.5,1.82,0.41,1.19,1.1969,10.43,,,-0.55,"Xu, T., Du, J., Zhang, J., David, W., Liu, P., Faheem, M., Zhu, X., Yang, J., Bao, J. 2022. Microbially-mediated synthesis of activated carbon derived from cottonseed husks for enhanced sulfanilamide removal. JOURNAL OF HAZARDOUS MATERIALS, 426."
Sulfonamide,3129,1.59,2.032598274,89.35,9.76,0.918949187,0.89,0.05,5,293,5.6,117.41797,194.43,172.2,1.5,1.82,0.41,1.19,1.1969,10.43,,,-0.55,"Xu, T., Du, J., Zhang, J., David, W., Liu, P., Faheem, M., Zhu, X., Yang, J., Bao, J. 2022. Microbially-mediated synthesis of activated carbon derived from cottonseed husks for enhanced sulfanilamide removal. JOURNAL OF HAZARDOUS MATERIALS, 426."
Sulfonamide,3129,1.59,2.032598274,89.35,9.76,0.918949187,0.89,0.05,10,293,5.6,154.28771,194.43,172.2,1.5,1.82,0.41,1.19,1.1969,10.43,,,-0.55,"Xu, T., Du, J., Zhang, J., David, W., Liu, P., Faheem, M., Zhu, X., Yang, J., Bao, J. 2022. Microbially-mediated synthesis of activated carbon derived from cottonseed husks for enhanced sulfanilamide removal. JOURNAL OF HAZARDOUS MATERIALS, 426."
Sulfonamide,3129,1.59,2.032598274,89.35,9.76,0.918949187,0.89,0.05,20,293,5.6,177.87518,194.43,172.2,1.5,1.82,0.41,1.19,1.1969,10.43,,,-0.55,"Xu, T., Du, J., Zhang, J., David, W., Liu, P., Faheem, M., Zhu, X., Yang, J., Bao, J. 2022. Microbially-mediated synthesis of activated carbon derived from cottonseed husks for enhanced sulfanilamide removal. JOURNAL OF HAZARDOUS MATERIALS, 426."
Sulfonamide,2866,1.658,2.314026518,89.15,10.37,1.148136854,0.48,0.05,5,293,5.6,119.76527,282.48,172.2,1.5,1.82,0.41,1.19,1.1969,10.43,,,-0.55,"Xu, T., Du, J., Zhang, J., David, W., Liu, P., Faheem, M., Zhu, X., Yang, J., Bao, J. 2022. Microbially-mediated synthesis of activated carbon derived from cottonseed husks for enhanced sulfanilamide removal. JOURNAL OF HAZARDOUS MATERIALS, 426."
Sulfonamide,2866,1.658,2.314026518,89.15,10.37,1.148136854,0.48,0.05,10,293,5.6,180.22248,282.48,172.2,1.5,1.82,0.41,1.19,1.1969,10.43,,,-0.55,"Xu, T., Du, J., Zhang, J., David, W., Liu, P., Faheem, M., Zhu, X., Yang, J., Bao, J. 2022. Microbially-mediated synthesis of activated carbon derived from cottonseed husks for enhanced sulfanilamide removal. JOURNAL OF HAZARDOUS MATERIALS, 426."
Sulfonamide,2866,1.658,2.314026518,89.15,10.37,1.148136854,0.48,0.05,20,293,5.6,196.53905,282.48,172.2,1.5,1.82,0.41,1.19,1.1969,10.43,,,-0.55,"Xu, T., Du, J., Zhang, J., David, W., Liu, P., Faheem, M., Zhu, X., Yang, J., Bao, J. 2022. Microbially-mediated synthesis of activated carbon derived from cottonseed husks for enhanced sulfanilamide removal. JOURNAL OF HAZARDOUS MATERIALS, 426."
Sulfamethazine,92.31,0.0472,1.02,68.806,5.152,3.140139818,1.082,4,50,298,5.7,6.84326,7.33,278.33,2.13,2.53,0.59,1.53,2.0043,2.65,7.49,,0.76,"Jiang, Z., Chen, M., Lee, X., Feng, Q., Cheng, N., Zhang, X., Wang, S., Wang, B. 2023. Enhanced removal of sulfonamide antibiotics from water by phosphogypsum modified biochar composite. JOURNAL OF ENVIRONMENTAL SCIENCES, 130, 174-186."
Sulfadiazine,92.31,0.0472,1.02,72.062,11.132,3.140139818,0.136,4,100,298,5.6,4.2254,4.36,250.28,2.08,2.55,0.65,1.37,1.7225,6.36,,,-0.34,"Jiang, Z., Chen, M., Lee, X., Feng, Q., Cheng, N., Zhang, X., Wang, S., Wang, B. 2023. Enhanced removal of sulfonamide antibiotics from water by phosphogypsum modified biochar composite. JOURNAL OF ENVIRONMENTAL SCIENCES, 130, 174-186."
Sulfamethazine,16.8,0.0095,1.13,68.806,5.152,2.887279987,1.082,4,50,298,5.7,4.06583,4.01,278.33,2.13,2.53,0.59,1.53,2.0043,2.65,7.49,,0.76,"Jiang, Z., Chen, M., Lee, X., Feng, Q., Cheng, N., Zhang, X., Wang, S., Wang, B. 2023. Enhanced removal of sulfonamide antibiotics from water by phosphogypsum modified biochar composite. JOURNAL OF ENVIRONMENTAL SCIENCES, 130, 174-186."
Sulfadiazine,16.8,0.0095,1.13,72.062,11.132,2.887279987,0.136,4,100,298,5.6,2.67358,2.81,250.28,2.08,2.55,0.65,1.37,1.7225,6.36,,,-0.34,"Jiang, Z., Chen, M., Lee, X., Feng, Q., Cheng, N., Zhang, X., Wang, S., Wang, B. 2023. Enhanced removal of sulfonamide antibiotics from water by phosphogypsum modified biochar composite. JOURNAL OF ENVIRONMENTAL SCIENCES, 130, 174-186."
Sulfamerazine,75.3,0.8524,2.62,78.9,18.1,2.62,0.35,10,5,298,6.8,0.23385,0.5,264.31,2.1,2.65,0.65,1.42,1.8634,2.22,7.06,,0.21,"Luo, J., Li, X., Ge, C., Muller, K., Yu, H., Huang, P., Li, J., Tsang, D.C.W., Bolan, N.S., Rinklebe, J., Wang, H. 2018. Sorption of norfloxacin, sulfamerazine and oxytetracycline by KOH-modified biochar under single and ternary systems. BIORESOURCE TECHNOLOGY, 263, 385-392."
Sulfamerazine,75.3,0.71992,2.62,78.9,18.1,2.62,0.35,10,10,298,6.6,0.29106,0.5,264.31,2.1,2.65,0.65,1.42,1.8634,2.22,7.06,,0.21,"Luo, J., Li, X., Ge, C., Muller, K., Yu, H., Huang, P., Li, J., Tsang, D.C.W., Bolan, N.S., Rinklebe, J., Wang, H. 2018. Sorption of norfloxacin, sulfamerazine and oxytetracycline by KOH-modified biochar under single and ternary systems. BIORESOURCE TECHNOLOGY, 263, 385-392."
Sulfamerazine,75.3,0.66592,2.62,78.9,18.1,2.62,0.35,10,20,298,5.5,0.35574,0.5,264.31,2.1,2.65,0.65,1.42,1.8634,2.22,7.06,,0.21,"Luo, J., Li, X., Ge, C., Muller, K., Yu, H., Huang, P., Li, J., Tsang, D.C.W., Bolan, N.S., Rinklebe, J., Wang, H. 2018. Sorption of norfloxacin, sulfamerazine and oxytetracycline by KOH-modified biochar under single and ternary systems. BIORESOURCE TECHNOLOGY, 263, 385-392."
Sulfamerazine,75.3,0.304,2.62,78.9,18.1,2.62,0.35,10,30,298,4.8,0.53584,0.5,264.31,2.1,2.65,0.65,1.42,1.8634,2.22,7.06,,0.21,"Luo, J., Li, X., Ge, C., Muller, K., Yu, H., Huang, P., Li, J., Tsang, D.C.W., Bolan, N.S., Rinklebe, J., Wang, H. 2018. Sorption of norfloxacin, sulfamerazine and oxytetracycline by KOH-modified biochar under single and ternary systems. BIORESOURCE TECHNOLOGY, 263, 385-392."
Sulfamerazine,75.3,0.34094,2.62,78.9,18.1,2.62,0.35,10,40,298,5.7,0.54214,0.5,264.31,2.1,2.65,0.65,1.42,1.8634,2.22,7.06,,0.21,"Luo, J., Li, X., Ge, C., Muller, K., Yu, H., Huang, P., Li, J., Tsang, D.C.W., Bolan, N.S., Rinklebe, J., Wang, H. 2018. Sorption of norfloxacin, sulfamerazine and oxytetracycline by KOH-modified biochar under single and ternary systems. BIORESOURCE TECHNOLOGY, 263, 385-392."
Sulfamerazine,75.3,0.57574,2.62,78.9,18.1,2.62,0.35,10,50,298,5.7,0.55756,0.5,264.31,2.1,2.65,0.65,1.42,1.8634,2.22,7.06,,0.21,"Luo, J., Li, X., Ge, C., Muller, K., Yu, H., Huang, P., Li, J., Tsang, D.C.W., Bolan, N.S., Rinklebe, J., Wang, H. 2018. Sorption of norfloxacin, sulfamerazine and oxytetracycline by KOH-modified biochar under single and ternary systems. BIORESOURCE TECHNOLOGY, 263, 385-392."
Sulfamerazine,128.42,0.5904,2.42,72.3,24.7,2.56,0.35,10,5,298,6.8,0.137,0.67,264.31,2.1,2.65,0.65,1.42,1.8634,2.22,7.06,,0.21,"Luo, J., Li, X., Ge, C., Muller, K., Yu, H., Huang, P., Li, J., Tsang, D.C.W., Bolan, N.S., Rinklebe, J., Wang, H. 2018. Sorption of norfloxacin, sulfamerazine and oxytetracycline by KOH-modified biochar under single and ternary systems. BIORESOURCE TECHNOLOGY, 263, 385-392."
Sulfamerazine,128.42,0.4506,2.42,72.3,24.7,2.56,0.35,10,10,298,7.7,0.18111,0.67,264.31,2.1,2.65,0.65,1.42,1.8634,2.22,7.06,,0.21,"Luo, J., Li, X., Ge, C., Muller, K., Yu, H., Huang, P., Li, J., Tsang, D.C.W., Bolan, N.S., Rinklebe, J., Wang, H. 2018. Sorption of norfloxacin, sulfamerazine and oxytetracycline by KOH-modified biochar under single and ternary systems. BIORESOURCE TECHNOLOGY, 263, 385-392."
Sulfamerazine,128.42,0.5904,2.42,72.3,24.7,2.56,0.35,10,20,298,6.4,0.30599,0.67,264.31,2.1,2.65,0.65,1.42,1.8634,2.22,7.06,,0.21,"Luo, J., Li, X., Ge, C., Muller, K., Yu, H., Huang, P., Li, J., Tsang, D.C.W., Bolan, N.S., Rinklebe, J., Wang, H. 2018. Sorption of norfloxacin, sulfamerazine and oxytetracycline by KOH-modified biochar under single and ternary systems. BIORESOURCE TECHNOLOGY, 263, 385-392."
Sulfamerazine,128.42,0.228,2.42,72.3,24.7,2.56,0.35,10,30,298,6.6,0.49985,0.67,264.31,2.1,2.65,0.65,1.42,1.8634,2.22,7.06,,0.21,"Luo, J., Li, X., Ge, C., Muller, K., Yu, H., Huang, P., Li, J., Tsang, D.C.W., Bolan, N.S., Rinklebe, J., Wang, H. 2018. Sorption of norfloxacin, sulfamerazine and oxytetracycline by KOH-modified biochar under single and ternary systems. BIORESOURCE TECHNOLOGY, 263, 385-392."
Sulfamerazine,128.42,0.10638,2.42,72.3,24.7,2.56,0.35,10,40,298,5.7,0.54645,0.67,264.31,2.1,2.65,0.65,1.42,1.8634,2.22,7.06,,0.21,"Luo, J., Li, X., Ge, C., Muller, K., Yu, H., Huang, P., Li, J., Tsang, D.C.W., Bolan, N.S., Rinklebe, J., Wang, H. 2018. Sorption of norfloxacin, sulfamerazine and oxytetracycline by KOH-modified biochar under single and ternary systems. BIORESOURCE TECHNOLOGY, 263, 385-392."
Sulfamerazine,128.42,0.5793,2.42,72.3,24.7,2.56,0.35,10,50,298,5.7,0.6098,0.67,264.31,2.1,2.65,0.65,1.42,1.8634,2.22,7.06,,0.21,"Luo, J., Li, X., Ge, C., Muller, K., Yu, H., Huang, P., Li, J., Tsang, D.C.W., Bolan, N.S., Rinklebe, J., Wang, H. 2018. Sorption of norfloxacin, sulfamerazine and oxytetracycline by KOH-modified biochar under single and ternary systems. BIORESOURCE TECHNOLOGY, 263, 385-392."
Sulfamerazine,73.41,0.5904,2.47,75.73,17.3,2.5,0.34,10,5,298,6.8,0.23797,0.5,264.31,2.1,2.65,0.65,1.42,1.8634,2.22,7.06,,0.21,"Luo, J., Li, X., Ge, C., Mueller, K., Yu, H., Deng, H., Shaheen, S.M., Tsang, D.C.W., Bolan, N.S., Rinklebe, J., Ok, Y.S., Gao, B., Wang, H. 2021. Preparation of ammonium-modified cassava waste-derived biochar and its evaluation for synergistic adsorption of ternary antibiotics from aqueous solution. JOURNAL OF ENVIRONMENTAL MANAGEMENT, 298."
Sulfamerazine,73.41,0.5904,2.47,75.73,17.3,2.5,0.34,10,10,298,7.7,0.28861,0.5,264.31,2.1,2.65,0.65,1.42,1.8634,2.22,7.06,,0.21,"Luo, J., Li, X., Ge, C., Mueller, K., Yu, H., Deng, H., Shaheen, S.M., Tsang, D.C.W., Bolan, N.S., Rinklebe, J., Ok, Y.S., Gao, B., Wang, H. 2021. Preparation of ammonium-modified cassava waste-derived biochar and its evaluation for synergistic adsorption of ternary antibiotics from aqueous solution. JOURNAL OF ENVIRONMENTAL MANAGEMENT, 298."
Sulfamerazine,73.41,0.5904,2.47,75.73,17.3,2.5,0.34,10,20,298,6.6,0.34993,0.5,264.31,2.1,2.65,0.65,1.42,1.8634,2.22,7.06,,0.21,"Luo, J., Li, X., Ge, C., Mueller, K., Yu, H., Deng, H., Shaheen, S.M., Tsang, D.C.W., Bolan, N.S., Rinklebe, J., Ok, Y.S., Gao, B., Wang, H. 2021. Preparation of ammonium-modified cassava waste-derived biochar and its evaluation for synergistic adsorption of ternary antibiotics from aqueous solution. JOURNAL OF ENVIRONMENTAL MANAGEMENT, 298."
Sulfamerazine,73.41,0.236,2.47,75.73,17.3,2.5,0.34,10,30,298,6.6,0.52714,0.5,264.31,2.1,2.65,0.65,1.42,1.8634,2.22,7.06,,0.21,"Luo, J., Li, X., Ge, C., Mueller, K., Yu, H., Deng, H., Shaheen, S.M., Tsang, D.C.W., Bolan, N.S., Rinklebe, J., Ok, Y.S., Gao, B., Wang, H. 2021. Preparation of ammonium-modified cassava waste-derived biochar and its evaluation for synergistic adsorption of ternary antibiotics from aqueous solution. JOURNAL OF ENVIRONMENTAL MANAGEMENT, 298."
Sulfamerazine,73.41,0.3203,2.47,75.73,17.3,2.5,0.34,10,40,298,5.7,0.53333,0.5,264.31,2.1,2.65,0.65,1.42,1.8634,2.22,7.06,,0.21,"Luo, J., Li, X., Ge, C., Mueller, K., Yu, H., Deng, H., Shaheen, S.M., Tsang, D.C.W., Bolan, N.S., Rinklebe, J., Ok, Y.S., Gao, B., Wang, H. 2021. Preparation of ammonium-modified cassava waste-derived biochar and its evaluation for synergistic adsorption of ternary antibiotics from aqueous solution. JOURNAL OF ENVIRONMENTAL MANAGEMENT, 298."
Sulfamerazine,73.41,0.5793,2.47,75.73,17.3,2.5,0.34,10,50,298,5.7,0.54571,0.5,264.31,2.1,2.65,0.65,1.42,1.8634,2.22,7.06,,0.21,"Luo, J., Li, X., Ge, C., Mueller, K., Yu, H., Deng, H., Shaheen, S.M., Tsang, D.C.W., Bolan, N.S., Rinklebe, J., Ok, Y.S., Gao, B., Wang, H. 2021. Preparation of ammonium-modified cassava waste-derived biochar and its evaluation for synergistic adsorption of ternary antibiotics from aqueous solution. JOURNAL OF ENVIRONMENTAL MANAGEMENT, 298."
Sulfamerazine,145.12,0.5904,2.3,76.3,20.3,2.65,0.66,10,5,298,6.8,0.40056,1.8,264.31,2.1,2.65,0.65,1.42,1.8634,2.22,7.06,,0.21,"Luo, J., Li, X., Ge, C., Mueller, K., Yu, H., Deng, H., Shaheen, S.M., Tsang, D.C.W., Bolan, N.S., Rinklebe, J., Ok, Y.S., Gao, B., Wang, H. 2021. Preparation of ammonium-modified cassava waste-derived biochar and its evaluation for synergistic adsorption of ternary antibiotics from aqueous solution. JOURNAL OF ENVIRONMENTAL MANAGEMENT, 298."
Sulfamerazine,145.12,0.5904,2.3,76.3,20.3,2.65,0.66,10,10,298,7.7,0.73136,1.8,264.31,2.1,2.65,0.65,1.42,1.8634,2.22,7.06,,0.21,"Luo, J., Li, X., Ge, C., Mueller, K., Yu, H., Deng, H., Shaheen, S.M., Tsang, D.C.W., Bolan, N.S., Rinklebe, J., Ok, Y.S., Gao, B., Wang, H. 2021. Preparation of ammonium-modified cassava waste-derived biochar and its evaluation for synergistic adsorption of ternary antibiotics from aqueous solution. JOURNAL OF ENVIRONMENTAL MANAGEMENT, 298."
Sulfamerazine,145.12,0.5904,2.3,76.3,20.3,2.65,0.66,10,20,298,6.4,1.18031,1.8,264.31,2.1,2.65,0.65,1.42,1.8634,2.22,7.06,,0.21,"Luo, J., Li, X., Ge, C., Mueller, K., Yu, H., Deng, H., Shaheen, S.M., Tsang, D.C.W., Bolan, N.S., Rinklebe, J., Ok, Y.S., Gao, B., Wang, H. 2021. Preparation of ammonium-modified cassava waste-derived biochar and its evaluation for synergistic adsorption of ternary antibiotics from aqueous solution. JOURNAL OF ENVIRONMENTAL MANAGEMENT, 298."
Sulfamerazine,145.12,0.253,2.3,76.3,20.3,2.65,0.66,10,30,298,5.7,1.51336,1.8,264.31,2.1,2.65,0.65,1.42,1.8634,2.22,7.06,,0.21,"Luo, J., Li, X., Ge, C., Mueller, K., Yu, H., Deng, H., Shaheen, S.M., Tsang, D.C.W., Bolan, N.S., Rinklebe, J., Ok, Y.S., Gao, B., Wang, H. 2021. Preparation of ammonium-modified cassava waste-derived biochar and its evaluation for synergistic adsorption of ternary antibiotics from aqueous solution. JOURNAL OF ENVIRONMENTAL MANAGEMENT, 298."
Sulfamerazine,145.12,0.1657,2.3,76.3,20.3,2.65,0.66,10,40,298,5.7,1.68833,1.8,264.31,2.1,2.65,0.65,1.42,1.8634,2.22,7.06,,0.21,"Luo, J., Li, X., Ge, C., Mueller, K., Yu, H., Deng, H., Shaheen, S.M., Tsang, D.C.W., Bolan, N.S., Rinklebe, J., Ok, Y.S., Gao, B., Wang, H. 2021. Preparation of ammonium-modified cassava waste-derived biochar and its evaluation for synergistic adsorption of ternary antibiotics from aqueous solution. JOURNAL OF ENVIRONMENTAL MANAGEMENT, 298."
Sulfamerazine,145.12,0.57574,2.3,76.3,20.3,2.65,0.66,10,50,298,5.7,1.80422,1.8,264.31,2.1,2.65,0.65,1.42,1.8634,2.22,7.06,,0.21,"Luo, J., Li, X., Ge, C., Mueller, K., Yu, H., Deng, H., Shaheen, S.M., Tsang, D.C.W., Bolan, N.S., Rinklebe, J., Ok, Y.S., Gao, B., Wang, H. 2021. Preparation of ammonium-modified cassava waste-derived biochar and its evaluation for synergistic adsorption of ternary antibiotics from aqueous solution. JOURNAL OF ENVIRONMENTAL MANAGEMENT, 298."
Sulfamerazine,25.55,0.03,5.05,37.53,33.58,2.62,2.42,6.25,5.973955,298,7.5,0.5387,4.8151,264.31,2.1,2.65,0.65,1.42,1.8634,2.22,7.06,,0.21,"Li, N., Liu, Y., Du, C., Wang, Y., Wang, L., Li, X. 2023a. A novel role of various hydrogen bonds in adsorption, desorption and co- adsorption of PPCPs on corn straw-derived biochars. SCIENCE OF THE TOTAL ENVIRONMENT, 861."
Sulfamerazine,25.55,0.03,5.05,37.53,49.66,2.62,2.42,6.25,12.06563,298,7.5,1.31416,4.8151,264.31,2.1,2.65,0.65,1.42,1.8634,2.22,7.06,,0.21,"Li, N., Liu, Y., Du, C., Wang, Y., Wang, L., Li, X. 2023a. A novel role of various hydrogen bonds in adsorption, desorption and co- adsorption of PPCPs on corn straw-derived biochars. SCIENCE OF THE TOTAL ENVIRONMENT, 861."
Sulfamerazine,25.55,0.03,5.05,37.53,53.344,2.62,2.42,6.25,17.2702425,298,7.5,1.88185,4.8151,264.31,2.1,2.65,0.65,1.42,1.8634,2.22,7.06,,0.21,"Li, N., Liu, Y., Du, C., Wang, Y., Wang, L., Li, X. 2023a. A novel role of various hydrogen bonds in adsorption, desorption and co- adsorption of PPCPs on corn straw-derived biochars. SCIENCE OF THE TOTAL ENVIRONMENT, 861."
Sulfamerazine,25.55,0.03,5.05,37.53,46.888,2.62,2.42,6.25,24.47471,298,7.5,2.53148,4.8151,264.31,2.1,2.65,0.65,1.42,1.8634,2.22,7.06,,0.21,"Li, N., Liu, Y., Du, C., Wang, Y., Wang, L., Li, X. 2023a. A novel role of various hydrogen bonds in adsorption, desorption and co- adsorption of PPCPs on corn straw-derived biochars. SCIENCE OF THE TOTAL ENVIRONMENT, 861."
Sulfamerazine,25.55,0.03,5.05,37.53,32.382,2.62,2.42,6.25,35.0773325,298,7.5,3.21329,4.8151,264.31,2.1,2.65,0.65,1.42,1.8634,2.22,7.06,,0.21,"Li, N., Liu, Y., Du, C., Wang, Y., Wang, L., Li, X. 2023a. A novel role of various hydrogen bonds in adsorption, desorption and co- adsorption of PPCPs on corn straw-derived biochars. SCIENCE OF THE TOTAL ENVIRONMENT, 861."
Sulfamerazine,25.55,0.03,5.05,37.53,32.446,2.62,2.42,6.25,50.0701,298,7.5,4.6296,4.8151,264.31,2.1,2.65,0.65,1.42,1.8634,2.22,7.06,,0.21,"Li, N., Liu, Y., Du, C., Wang, Y., Wang, L., Li, X. 2023a. A novel role of various hydrogen bonds in adsorption, desorption and co- adsorption of PPCPs on corn straw-derived biochars. SCIENCE OF THE TOTAL ENVIRONMENT, 861."
Sulfamerazine,98.94,0.065,2.7,69.08,22.708,2.79,0.96,6.25,5.9815625,298,9.5,0.31201,1.5618,264.31,2.1,2.65,0.65,1.42,1.8634,2.22,7.06,,0.21,"Li, N., Liu, Y., Du, C., Wang, Y., Wang, L., Li, X. 2023a. A novel role of various hydrogen bonds in adsorption, desorption and co- adsorption of PPCPs on corn straw-derived biochars. SCIENCE OF THE TOTAL ENVIRONMENT, 861."
Sulfamerazine,98.94,0.065,2.7,69.08,22.708,2.79,0.96,6.25,8.55677,298,9.5,0.37356,1.5618,264.31,2.1,2.65,0.65,1.42,1.8634,2.22,7.06,,0.21,"Li, N., Liu, Y., Du, C., Wang, Y., Wang, L., Li, X. 2023a. A novel role of various hydrogen bonds in adsorption, desorption and co- adsorption of PPCPs on corn straw-derived biochars. SCIENCE OF THE TOTAL ENVIRONMENT, 861."
Sulfamerazine,98.94,0.065,2.7,69.08,20.504,2.79,0.96,6.25,17.4058875,298,9.5,0.51395,1.5618,264.31,2.1,2.65,0.65,1.42,1.8634,2.22,7.06,,0.21,"Li, N., Liu, Y., Du, C., Wang, Y., Wang, L., Li, X. 2023a. A novel role of various hydrogen bonds in adsorption, desorption and co- adsorption of PPCPs on corn straw-derived biochars. SCIENCE OF THE TOTAL ENVIRONMENT, 861."
Sulfamerazine,98.94,0.065,2.7,69.08,22.208,2.79,0.96,6.25,24.552565,298,9.5,0.68546,1.5618,264.31,2.1,2.65,0.65,1.42,1.8634,2.22,7.06,,0.21,"Li, N., Liu, Y., Du, C., Wang, Y., Wang, L., Li, X. 2023a. A novel role of various hydrogen bonds in adsorption, desorption and co- adsorption of PPCPs on corn straw-derived biochars. SCIENCE OF THE TOTAL ENVIRONMENT, 861."
Sulfamerazine,98.94,0.065,2.7,69.08,23.758,2.79,0.96,6.25,35.27898,298,9.5,0.81548,1.5618,264.31,2.1,2.65,0.65,1.42,1.8634,2.22,7.06,,0.21,"Li, N., Liu, Y., Du, C., Wang, Y., Wang, L., Li, X. 2023a. A novel role of various hydrogen bonds in adsorption, desorption and co- adsorption of PPCPs on corn straw-derived biochars. SCIENCE OF THE TOTAL ENVIRONMENT, 861."
Sulfamerazine,98.94,0.065,2.7,69.08,16.774,2.79,0.96,6.25,50.13473,298,9.5,0.90884,1.5618,264.31,2.1,2.65,0.65,1.42,1.8634,2.22,7.06,,0.21,"Li, N., Liu, Y., Du, C., Wang, Y., Wang, L., Li, X. 2023a. A novel role of various hydrogen bonds in adsorption, desorption and co- adsorption of PPCPs on corn straw-derived biochars. SCIENCE OF THE TOTAL ENVIRONMENT, 861."
Sulfathiazole,0.5,0.244,6.888803952,66.382,33.68,3.699943781,1.08,0.1,6.128616,298,3.5,34.64296,237,255.32,2.11,2.5,0.68,1.4,1.6883,2.2,7.24,,0.72,"Ahmed, M.B., Zhou, J.L., Ngo, H.H., Guo, W., Johir, M.A.H., Sornalingam, K. 2017. Single and competitive sorption properties and mechanism of functionalized biochar for removing sulfonamide antibiotics from water. CHEMICAL ENGINEERING JOURNAL, 311, 348-358."
Sulfathiazole,0.5,0.0066,11.89201411,65.892,33.26,3.699943781,0.794,0.1,25.455795,298,3.5,108.30715,237,255.32,2.11,2.5,0.68,1.4,1.6883,2.2,7.24,,0.72,"Ahmed, M.B., Zhou, J.L., Ngo, H.H., Guo, W., Johir, M.A.H., Sornalingam, K. 2017. Single and competitive sorption properties and mechanism of functionalized biochar for removing sulfonamide antibiotics from water. CHEMICAL ENGINEERING JOURNAL, 311, 348-358."
Sulfathiazole,0.5,0.24158,5.080856292,89.52,6.222,3.699943781,2.4,0.1,41.871232,298,3.5,148.18982,237,255.32,2.11,2.5,0.68,1.4,1.6883,2.2,7.24,,0.72,"Ahmed, M.B., Zhou, J.L., Ngo, H.H., Guo, W., Johir, M.A.H., Sornalingam, K. 2017. Single and competitive sorption properties and mechanism of functionalized biochar for removing sulfonamide antibiotics from water. CHEMICAL ENGINEERING JOURNAL, 311, 348-358."
Sulfathiazole,0.5,0.3592,9.512988692,89.14,6.522,3.699943781,2.61,0.1,47.905362,298,3.5,154.94612,237,255.32,2.11,2.5,0.68,1.4,1.6883,2.2,7.24,,0.72,"Ahmed, M.B., Zhou, J.L., Ngo, H.H., Guo, W., Johir, M.A.H., Sornalingam, K. 2017. Single and competitive sorption properties and mechanism of functionalized biochar for removing sulfonamide antibiotics from water. CHEMICAL ENGINEERING JOURNAL, 311, 348-358."
Sulfathiazole,44.82,0.6472,2.243435076,63.632,40.244,3.316336632,0.814,0.008,3.21005464,298,4,171.92058,506.38,255.32,2.11,2.5,0.68,1.4,1.6883,2.2,7.24,,0.72,"Tan, X., Zhang, C., Wei, H., Shi, P., Chang, H., Ho, S.-H. 2022b. Versatile strategy of sulfanilamide antibiotics removal via microalgal biochar: Role of oxygen-enriched functional groups. CHEMOSPHERE, 304."
Sulfathiazole,44.82,0.746,2.541559132,66.718,34.654,3.316336632,0.978,0.008,9.70376056,298,4,323.23507,506.38,255.32,2.11,2.5,0.68,1.4,1.6883,2.2,7.24,,0.72,"Tan, X., Zhang, C., Wei, H., Shi, P., Chang, H., Ho, S.-H. 2022b. Versatile strategy of sulfanilamide antibiotics removal via microalgal biochar: Role of oxygen-enriched functional groups. CHEMOSPHERE, 304."
Sulfathiazole,44.82,0.5488,2.524846418,69.28,33.68,3.316336632,0.792,0.008,14.51022336,298,4,388.47417,506.38,255.32,2.11,2.5,0.68,1.4,1.6883,2.2,7.24,,0.72,"Tan, X., Zhang, C., Wei, H., Shi, P., Chang, H., Ho, S.-H. 2022b. Versatile strategy of sulfanilamide antibiotics removal via microalgal biochar: Role of oxygen-enriched functional groups. CHEMOSPHERE, 304."
Sulfathiazole,44.82,0.0618,3.723425287,76.44,20.18,3.316336632,1.96,0.008,21.7387824,298,4,413.1903,506.38,255.32,2.11,2.5,0.68,1.4,1.6883,2.2,7.24,,0.72,"Tan, X., Zhang, C., Wei, H., Shi, P., Chang, H., Ho, S.-H. 2022b. Versatile strategy of sulfanilamide antibiotics removal via microalgal biochar: Role of oxygen-enriched functional groups. CHEMOSPHERE, 304."
Sulfathiazole,44.82,0.0066,11.89201411,65.892,33.26,3.316336632,1.028,0.008,26.0104804,298,4,441.7863,506.38,255.32,2.11,2.5,0.68,1.4,1.6883,2.2,7.24,,0.72,"Tan, X., Zhang, C., Wei, H., Shi, P., Chang, H., Ho, S.-H. 2022b. Versatile strategy of sulfanilamide antibiotics removal via microalgal biochar: Role of oxygen-enriched functional groups. CHEMOSPHERE, 304."
