SBET,VTotal,Dp,C,O,H,N,Dosage,Initial concentration,Temperature,Initial pH,MW,E,S,A,B,V,Kow,Pollutant_Sulfadiazine,Pollutant_Sulfamerazine,Pollutant_Sulfamethazine,Pollutant_Sulfamethoxazole,Pollutant_Sulfapyridine,Pollutant_Sulfathiazole,Pollutant_Sulfonamide,Adsorption capacity
29.870815,0.10523074,13.209537,84.70014,12.881346,4.1417623,1.0448225,2.5648017,43.126602,297.26407,5.5504513,253.95822,1.8870661,2.235475,0.58625025,1.2873052,1.7255828,0.49435186,0.0,1.013279e-06,0.0,0.9999553,0.0,0.0,2.9802322e-08,3.6496024
730.4392,0.52001244,3.4637864,82.82099,8.091242,1.9855891,1.402863,0.15637647,27.12051,297.22632,5.5374107,252.39154,2.0851698,2.560198,0.6527691,1.3748683,1.7264744,-0.33957472,0.9988672,0.0,0.0,5.1945448e-05,0.0,0.0,8.8870525e-05,141.26666
96.234886,0.0966394,9.323125,80.22386,15.588968,3.9755611,0.95931596,2.7601008,21.654472,298.395,5.361156,253.83937,1.8931428,2.233179,0.5848062,1.2939982,1.7318646,0.4902754,0.0,0.0,0.0,0.9999987,0.0,0.0,0.0,3.2174022
934.07733,1.036204,1.0208677,59.941624,30.519327,5.715138,0.19498712,0.02058287,65.075,304.09863,4.89744,250.82835,1.9782722,2.3375359,0.61172044,1.3166988,1.741194,0.19525103,0.32474452,0.0,0.0,0.78918564,0.0,0.0,3.2782555e-07,381.37323
179.47136,0.09279444,1.1126635,34.227654,57.513428,0.99229145,3.5281968,0.0141517185,7.0720153,278.60095,9.278469,254.9326,1.8935766,2.2387187,0.5817089,1.2860197,1.7316818,0.50494796,0.0,0.0,0.0,1.0,0.0,0.0,0.0,185.40663
839.09454,0.24383333,2.0512114,73.11119,10.109182,1.128104,1.3903015,0.048392802,78.15078,290.92358,4.145261,254.1539,1.8900716,2.2276058,0.5811036,1.2896768,1.7345527,0.49737987,0.0,0.0,0.0,1.0,0.0,0.0,0.0,354.62552
88.206375,0.1184899,6.8156667,81.65312,12.269488,3.6680858,3.2756855,0.9042347,23.880033,298.0679,4.938142,254.60338,1.8942263,2.2260408,0.57930386,1.2936194,1.7331554,0.49032202,0.0,0.0,0.0,0.99990034,0.0,0.0,2.682209e-07,7.8453927
49.79721,0.008083328,1.02,12.135085,1.7414371,0.55748653,0.044364434,0.90985554,13.193292,312.59137,7.4338493,250.46912,2.0772727,2.5325859,0.6520866,1.3692884,1.7386497,-0.34320024,0.9955329,0.0,0.0,1.79708e-05,0.0,0.00019186735,0.0,2.6211236
97.01038,0.06856814,4.179269,74.64413,14.353011,4.356396,3.0851283,4.4025607,38.445587,297.5726,4.3672194,260.11447,2.0617216,2.4266787,0.60834056,1.456154,1.8343508,0.5553008,1.66893e-06,0.24967572,0.0619922,0.024958014,0.47340673,0.0041227937,5.5253506e-05,4.4626484
0.6003754,0.35474306,4.929026,75.49852,16.049566,2.5067668,0.07277688,16.734753,0.7988626,297.90857,6.266434,255.95244,1.895027,2.2562013,0.58600587,1.2939872,1.7449673,0.5177981,0.0,0.0,0.0,1.0,0.0,0.0,0.0,0.2220645
4.0891566,0.2579199,1.0991529,75.61099,9.628374,1.7519412,0.8671505,19.860207,14.853181,297.77893,6.259039,249.03009,2.0459933,2.235671,0.5898073,1.4821997,1.7720718,0.53172183,0.0,0.0,0.0,3.233552e-05,0.99974436,0.0,0.0,0.2495693
48.657253,0.052536566,6.4414806,71.37888,13.04188,4.0593433,3.4067838,1.757355,47.424263,298.0163,4.379302,257.28204,2.0618253,2.3248327,0.58524734,1.4844397,1.8266896,0.5669984,0.0,0.00038465858,0.0806734,0.00035953522,0.8605683,5.8710575e-06,1.4901161e-07,2.887893
47.437424,0.5367499,200.95251,72.28456,25.115301,7.4263043,0.121824704,6.5981216,6.7804303,298.1014,6.6768837,255.06917,1.897135,2.2538445,0.58761287,1.291132,1.7445421,0.50437284,0.0,0.0,0.0,0.9999865,0.0,0.0,0.0,0.32506588
262.88718,0.31338552,1.2564008,28.122007,10.712845,0.81107205,3.4640348,0.11841395,37.723614,297.96136,4.889501,255.0579,1.8865107,2.2225633,0.5809072,1.2910452,1.7373065,0.48844555,0.0,0.0,0.0,0.99993,0.0,0.0,6.377697e-06,108.54392
645.01196,0.11097807,1.3242658,72.35122,5.1645513,1.7255348,0.49310973,0.0118256835,216.68253,281.85226,5.0803156,255.4649,1.9011155,2.2318215,0.57737195,1.2917142,1.7392678,0.48670682,0.0,0.0,0.0,1.0,0.0,0.0,0.0,380.9877
107.32338,0.09720537,2.9143586,85.18456,12.101811,1.5863332,1.3514473,0.34632123,22.17255,298.00708,3.7489467,254.10036,1.8969439,2.2321258,0.58211416,1.2917573,1.7390624,0.5047817,0.0,0.0,0.0,0.9999976,0.0,0.0,0.0,22.607727
28.972918,1.0161822,149.65332,24.781315,37.40517,1.9630922,6.4619827,0.017142674,89.76151,298.54004,4.159457,251.8055,2.0314248,2.2471855,0.58929145,1.4588628,1.7530624,0.5096286,0.0,0.0,0.0,0.008021027,0.99857163,4.7683716e-07,0.0,174.61977
151.7771,0.13141835,7.2294025,60.26495,23.23787,3.6766171,2.0892575,0.40060946,0.75414085,298.6909,8.016707,250.8673,2.0824046,2.5458572,0.6489875,1.3733265,1.7193757,-0.37935925,0.99969405,5.9604645e-08,0.0,0.0,0.0,0.0,1.3411045e-06,7.3213573
231.00739,0.20230676,1.9236943,27.011858,17.118284,0.7137814,0.88772476,0.2908575,92.34338,302.26804,5.380108,252.24205,1.8820328,2.2152936,0.5808812,1.2825084,1.728109,0.48878795,0.0,0.0,0.0,0.99991155,0.0,5.2452087e-06,0.0,10.313077
493.47272,0.23375462,13.00276,77.51441,15.176995,1.8611938,3.3655002,0.16135801,51.845398,301.36884,4.087803,260.82617,2.094144,2.4403107,0.61908513,1.4652582,1.8266718,0.6568723,0.0,0.0003439188,0.17186147,4.515052e-05,0.1779548,0.23670223,8.940697e-08,29.458582
0.9298178,0.30415484,1.0279998,58.807106,3.8894668,0.77299094,3.1982088,19.971312,61.827045,297.50308,6.8966975,250.61902,1.9075612,2.2191591,0.56783175,1.3059343,1.7110983,0.44368398,0.0,2.9802322e-08,0.0,0.9230219,0.003747046,0.0,0.00075674057,0.22762027
3.8904355,0.17621553,1.7102119,65.32129,11.739962,4.1632075,1.6814766,18.694714,39.550625,297.64032,6.4604397,250.96114,2.04451,2.2680755,0.5934768,1.4694076,1.7690855,0.5398605,0.0,1.1324883e-06,1.4901161e-07,0.0153154135,0.9929304,0.0,3.3080578e-06,0.36068505
37.475292,0.13424218,18.600601,70.51856,29.331648,6.7764006,0.28786752,6.5785794,37.63508,298.04,6.658934,253.55777,1.8905551,2.2309563,0.5790363,1.2906177,1.7282041,0.4896103,0.0,0.0,0.0,0.9999995,0.0,0.0,0.0,0.7271844
870.7007,0.41950318,1.0200304,71.30603,6.2869487,1.3280864,0.45815057,0.5180486,36.016655,302.46222,4.562507,250.29219,2.0807257,2.5607255,0.6509399,1.3601108,1.7462686,-0.37003404,1.0,0.0,0.0,0.0,0.0,0.0,0.0,43.328716
51.846024,0.1560349,2.0380127,42.97456,57.032566,0.7783255,1.2140626,0.2963693,5.416477,286.61926,7.8014584,254.31474,1.9001595,2.254173,0.58445543,1.2895892,1.7360823,0.5304258,0.0,0.0,0.0,1.0,0.0,0.0,0.0,125.958984
1206.2511,0.80641496,1.5845824,78.711876,10.019614,1.6121817,0.55039006,0.016482519,92.60173,297.83655,5.259035,254.12712,1.8922541,2.2332463,0.58194834,1.2875049,1.7330449,0.4899428,1.1920929e-07,0.0,0.0,0.99993587,0.0,0.0,1.4901161e-07,441.1834
646.808,0.21359922,1.0591768,40.097424,8.784094,1.2002795,0.45396498,0.53505474,27.652607,307.16782,6.035956,253.00764,2.0192947,2.4084764,0.6257477,1.3349451,1.7442945,-0.024756027,0.7713334,0.0,0.0,0.33658516,0.0,5.4836273e-06,5.9604645e-07,38.83286
739.6572,0.5493402,2.3197713,82.9745,8.597012,1.6708715,1.1849182,0.01905522,97.775955,296.87845,6.307284,252.59106,1.987532,2.3977497,0.61370224,1.316684,1.7363282,0.12155847,0.45837685,0.0,0.0,0.57317555,0.0,0.0,0.0017079413,447.02097
1189.606,1.139633,1.3304845,72.545815,15.85818,2.6535988,0.3072834,0.009963188,234.51762,295.8633,5.787768,254.0,1.8968782,2.2281487,0.5818911,1.2871968,1.7294935,0.49537027,1.1920929e-07,0.0,0.0,0.99990094,0.0,0.0,2.9802322e-07,379.41278
120.18117,0.124276966,6.0538297,76.954666,18.49317,2.2620661,1.2322496,1.5205642,44.402397,298.6558,4.3846173,254.71523,1.8966811,2.2274508,0.5806821,1.2893302,1.7295946,0.4950563,0.0,0.0,0.0,0.99999917,0.0,0.0,0.0,4.9595075
4.9281893,0.122571364,20.740023,64.46466,33.183216,7.390123,0.027163576,7.1929355,5.400648,297.94763,6.424183,255.35742,1.900367,2.2389443,0.583844,1.291739,1.7425432,0.5095804,0.0,0.0,0.0,1.0,0.0,0.0,0.0,0.25644094
35.617992,0.0088562695,1.024331,72.954025,22.536911,3.9663815,5.0639286,0.0637861,22.649137,298.73578,5.020135,277.6311,2.128797,2.5484147,0.59419036,1.5269135,1.9981879,0.7505916,0.0,5.9604645e-08,0.9999981,0.0,0.0,0.0,0.0,3.7176793
98.40925,0.27487895,62.61114,61.322582,31.92957,3.1578357,1.0347371,3.1482568,44.646355,298.35583,5.1968217,253.37253,1.890854,2.24254,0.5828139,1.2884358,1.7272141,0.4881201,0.0,0.0,0.0,0.9999614,1.7881393e-07,0.0,0.0,2.7302473
2.8303535,0.008860022,1.0312119,64.68073,25.90298,3.792771,2.6981192,3.5310664,26.565065,298.95676,6.3848486,276.23502,2.1257284,2.5941162,0.62180877,1.5064842,1.9810824,0.63911664,0.0,0.05983278,0.9626857,0.0,0.0,0.0,0.0,0.41198474
167.80762,0.16003633,2.525977,40.18407,56.39079,0.8723769,2.6029463,0.31729287,28.29392,289.5948,7.032996,254.5572,1.8899847,2.2277756,0.57885,1.2927344,1.7320501,0.49752963,0.0,0.0,0.0,1.0,0.0,0.0,0.0,122.573204
112.816216,0.03281975,1.0790355,30.00111,2.749538,0.73025846,0.02407638,2.467301,59.841732,294.08194,5.112,253.12868,2.0849476,2.546078,0.660392,1.3732074,1.7327939,-0.22817507,0.9876945,1.7881393e-07,0.0,2.9802322e-08,0.0,0.013362408,0.0,0.33827916
168.9695,0.1077521,5.458679,85.34329,6.2589493,2.152187,2.8169518,0.122721046,12.959539,298.70346,3.7357364,254.08841,1.9013588,2.243371,0.5862454,1.2921922,1.7396638,0.5085296,0.0,0.0,0.0,0.99981797,0.0,0.0,2.4735928e-06,151.60683
38.958492,0.012221074,1.0205708,14.559485,1.8543925,1.0399946,0.0009582478,2.165695,41.696922,283.43207,5.1477065,250.41042,2.0950923,2.53898,0.66392416,1.3700634,1.7041531,-0.21628408,0.9886874,0.0,0.0,0.0,0.0,0.01502195,0.0,0.24598728
4.1634483,0.019454194,6.400302,70.09425,22.456247,3.3294003,4.8784766,0.81066185,32.34864,299.37454,5.523396,246.14705,1.8647977,2.2032938,0.560482,1.27398,1.6751257,0.43817163,0.0,2.9802322e-08,0.0,0.98245287,0.0,0.0,0.00633803,5.910772
870.09973,0.49153134,1.2423042,76.98763,4.7002983,0.83083147,0.04566972,0.49039596,61.326122,295.44965,4.660682,264.9592,2.1240315,2.5280383,0.65088123,1.4535567,1.8304181,0.74080145,0.0,0.0005918443,0.09414327,0.0,0.0,0.8722995,0.0,36.621967
1531.7445,0.6206471,1.0834655,64.78365,13.45665,3.2510736,0.39325008,0.014320928,0.1105865,299.61288,5.8160377,252.17952,2.0906863,2.5553222,0.65300196,1.3645918,1.7213546,-0.346952,0.99999595,0.0,0.0,0.0,0.0,0.0,0.0,39.027824
227.68982,0.20322077,1.2098635,37.250893,50.99356,0.6984522,2.1727512,0.14897235,36.813828,300.04315,5.2919264,253.06837,1.8871913,2.2274435,0.58042824,1.289834,1.7282041,0.4852901,0.0,0.0,0.0,1.0,0.0,0.0,0.0,140.38803
8.771989,0.0042341193,1.0448138,73.4301,20.335835,4.849203,5.851677,0.07964889,16.410587,298.4571,4.8816977,276.7254,2.125917,2.5391884,0.5934707,1.5241535,1.989476,0.7323817,0.0,2.9802322e-08,0.99996495,0.0,1.1920929e-07,0.0,0.0,0.969775
40.948647,0.0019248711,1.020076,43.804436,1.1355209,0.67144006,1.968801e-05,0.014915545,32.613094,304.0666,5.19086,254.65941,2.126903,2.5173535,0.67946935,1.4064158,1.6904516,0.7597987,0.0,0.0,0.0,0.0,0.0,0.9999999,0.0,0.23301159
1.8641514,0.049609166,26.593119,61.60259,37.671604,8.132898,0.08354299,8.022498,2.6937673,297.91736,6.3680286,255.03142,1.89826,2.243058,0.5828858,1.2939786,1.7419711,0.51735514,0.0,0.0,0.0,1.0,0.0,0.0,0.0,0.50208354
268.5334,0.23108144,1.7537044,82.13372,10.174113,1.0285748,1.3912876,0.10608847,26.791142,297.2007,3.7897344,256.30896,1.8976166,2.2373762,0.5919886,1.2884954,1.7408475,0.50565237,8.940697e-08,0.0,0.0,0.99993443,0.0,0.0,1.1920929e-07,63.811813
2.1135168,0.004087085,1.0359006,62.962025,28.87159,5.3292994,4.5824485,2.3982937,21.854517,298.62143,5.1257296,275.67804,2.1239796,2.5711622,0.61077726,1.5092458,1.9736124,0.6807184,0.0,0.0048116446,0.9969722,0.0,5.6624413e-06,0.0,0.0,0.33977774
702.74536,0.56212395,1.020175,65.45942,17.953005,1.5691828,0.76881796,0.008756081,92.46658,298.31876,5.9709864,251.98552,2.083131,2.5602782,0.6544795,1.3591493,1.7422677,-0.37521714,1.0,0.0,0.0,0.0,0.0,0.0,0.0,531.7538
75.26495,0.016232228,1.1043289,71.10085,18.753054,3.2789662,4.911844,0.01016755,51.577988,297.80295,4.8289137,276.89758,2.1271281,2.5453706,0.59254134,1.526481,1.994364,0.7507369,0.0,0.0,0.9999924,0.0,0.0,0.0,0.0,10.530484
9.333137,0.04216023,7.175124,48.778706,24.235313,4.2455497,4.138141,2.5610862,43.34295,300.1683,6.3781767,223.11023,1.7651814,2.094232,0.516586,1.2543678,1.5490006,0.1544258,0.0,5.543232e-06,0.0,0.7534167,9.23872e-06,0.0,0.37500718,0.9692085
46.852627,0.1346372,5.9138904,48.332893,48.990593,1.1835191,0.802468,1.7769481,27.95294,298.79526,4.291785,251.85298,1.8943485,2.2272139,0.5779472,1.2879186,1.7266946,0.49779722,0.0,0.0,0.0,1.0,0.0,0.0,0.0,5.2014947
3.8425314,0.030605894,1.1038189,63.971558,28.280191,1.9989691,0.23320918,9.412634,3.270239,298.45386,8.974228,271.6842,2.1195114,2.6243045,0.6600658,1.4290855,1.922825,0.2825677,1.1920929e-07,0.99853265,1.1622906e-06,0.0,0.0,0.0,0.0,0.86220473
1556.0502,1.1229188,1.1817007,66.50819,27.403574,3.2400973,0.72181475,0.028147845,36.851074,300.24002,4.848069,254.2633,1.8870069,2.2250724,0.5777346,1.2900891,1.7316417,0.48168054,0.0,0.0,0.0,0.99999523,0.0,0.0,0.0,452.84973
355.60278,0.3611111,5.9049163,78.866356,7.3253736,2.1945329,0.46719033,0.9489102,18.528265,297.5184,4.3215175,249.81093,2.0748317,2.5478485,0.64729863,1.3735195,1.719546,-0.35729414,0.9981893,6.687641e-05,0.0,5.364418e-06,0.0,2.861023e-06,9.456277e-05,5.707821
119.86157,0.10875592,10.509894,64.03086,35.163303,2.7816906,0.82241404,3.074373,40.13562,297.87448,5.487182,253.72786,1.8926988,2.2284768,0.57987,1.2919594,1.7331579,0.49544382,0.0,0.0,0.0,1.0,0.0,0.0,0.0,9.3886595
277.60034,0.08297987,1.3851663,63.892254,3.980676,1.0372064,0.1798203,1.9239674,66.36057,303.2997,4.634461,252.28798,2.072748,2.5243468,0.653283,1.3694385,1.7166476,-0.19729143,0.97713727,3.2305717e-05,0.0,0.00015348196,0.0,0.014455706,3.874302e-07,1.5749905
915.4138,0.53295326,8.55019,74.467804,12.321945,2.950256,1.3368505,0.08342155,0.6716464,297.73846,6.3740377,245.45361,2.0541492,2.4957147,0.6341723,1.3561876,1.6703627,-0.39075276,0.9965789,0.0,0.0,0.0,0.0,0.0,0.0016373098,31.165087
13.21327,0.07120128,21.738337,69.17505,31.635258,7.2968855,0.410004,7.3995943,11.609734,298.33948,6.7139196,255.16064,1.8957136,2.2355375,0.5814307,1.294032,1.7395849,0.49770033,0.0,0.0,0.0,1.0,0.0,0.0,0.0,0.7629132
112.13906,0.05734041,22.869358,68.78507,20.171661,5.1633587,1.1537226,3.6772754,12.630265,295.93918,6.124111,253.84848,1.8860791,2.228283,0.58272296,1.2966038,1.7451161,0.48554176,0.0,0.0,0.0,1.0,0.0,0.0,0.0,55.43911
7.6336565,0.15638635,21.829538,67.647934,32.368233,7.445063,0.23957722,7.611288,17.353176,298.167,6.763089,255.11664,1.8947002,2.2394319,0.58155334,1.2917166,1.7412188,0.48509678,0.0,0.0,0.0,0.9999999,0.0,0.0,0.0,0.29319322
618.2961,0.4181875,1.7864115,83.81662,6.008213,2.0144935,2.2311523,0.017186169,7.305732,298.575,7.423787,252.46942,2.08313,2.554101,0.6538176,1.3694794,1.7220737,-0.35526156,0.9999559,0.0,0.0,0.0,0.0,0.0,2.9802322e-08,278.45435
1470.2855,0.841906,1.0289359,58.365414,17.02058,0.83310866,0.05555369,0.009158251,44.154163,298.5598,5.34256,275.68936,2.129147,2.5369437,0.5946552,1.5173362,1.9759296,0.7594543,0.0,0.0,0.9998559,0.0,0.0,8.675456e-05,0.0,507.5058
0.5844412,0.65917516,1.0459707,85.59139,11.119356,0.7778995,0.29665807,19.965483,1.8818032,298.74884,5.4738007,249.67847,2.042498,2.2447712,0.58856654,1.5020735,1.780638,0.5524271,0.0,0.0,0.0,0.0,0.99999964,0.0,0.0,0.22215587
227.72707,0.42512214,15.562212,44.152103,40.52462,3.5484316,3.7417355,0.008423024,57.91461,298.59244,4.682818,264.70105,2.1103938,2.440737,0.60083944,1.4971803,1.8724232,0.72122484,0.0,0.0,0.52414924,0.0,0.369163,0.0009097457,0.0,154.44626
1008.88806,0.49206448,1.047219,74.73482,7.3927984,2.6278298,0.7650408,0.57312393,23.190626,299.82462,4.7751217,251.16296,2.0858574,2.563336,0.6512379,1.3711555,1.7261806,-0.34719414,0.9999893,0.0,0.0,0.0,0.0,0.0,0.0,24.22852
986.1658,0.57961327,8.9704485,69.37475,14.861187,2.1708677,3.4870508,0.034856047,4.9469824,297.93652,4.3914113,178.58841,1.5234993,1.8714927,0.4229073,1.2132117,1.2549629,-0.47879955,8.940697e-08,0.0,0.0,0.0011422336,0.0,0.0,0.99975044,80.20257
13.95355,0.004644709,1.061171,71.52602,20.562063,5.335915,5.6741214,0.43062508,13.954634,298.9943,4.552847,275.61243,2.1226804,2.5414076,0.60190856,1.5171384,1.9758993,0.7161319,0.0,1.5258789e-05,0.99934965,0.0,4.6133995e-05,0.0,0.0,1.0595449
21.507992,0.4692392,176.85223,75.3127,23.729671,6.524274,0.080474004,7.5711026,10.168519,299.08856,6.6701336,255.39882,1.904049,2.251525,0.5860524,1.2890252,1.7359865,0.49975264,0.0,0.0,0.0,0.9999995,0.0,0.0,0.0,0.25814056
77.55116,0.10673713,7.5257754,39.546463,33.087196,2.8878052,1.2872491,3.591532,11.32499,298.79477,5.1512733,241.04153,2.0033603,2.4539456,0.6014864,1.3563393,1.6610302,-0.21397816,0.5132865,0.13554958,8.940697e-08,1.5795231e-06,2.9802322e-08,0.00010356307,0.050546885,2.992667
0.83969307,0.0015015426,1.0200304,73.93512,18.585117,4.9542656,5.9982038,0.031949695,6.1137166,299.48062,4.686884,278.0872,2.1293778,2.5608954,0.5946792,1.5287092,2.0021186,0.7567688,0.0,0.0,1.0,0.0,0.0,0.0,0.0,0.2699649
0.7244999,0.0054938844,1.0211722,41.94577,39.967266,3.0777025,0.92604876,2.910399,10.729078,298.74988,8.176728,276.87106,2.1274676,2.622865,0.63752514,1.4986992,1.9871968,0.5180998,0.0,0.5769844,0.4118477,0.0,0.0,0.0,0.0,0.2991328
996.70496,0.6669572,1.0565203,74.833626,7.9506035,2.843689,1.2564127,0.029411554,3.0826628,298.02774,5.7124896,251.83983,2.0927286,2.5618694,0.6550847,1.367987,1.7398924,-0.31984338,1.0,0.0,0.0,0.0,0.0,0.0,0.0,119.523384
1510.414,1.103152,1.1977079,70.25566,16.260965,1.9519312,0.50649226,0.027179657,56.755756,300.53613,5.3386283,253.39735,1.8854891,2.2162664,0.5809724,1.2884382,1.7399716,0.4884846,1.1920929e-07,0.0,0.0,0.99998283,0.0,0.0,0.0,470.11157
250.09282,0.07187923,1.02,51.441013,3.1459064,0.83906484,0.07810616,1.0095044,22.621735,302.91202,4.3253508,253.2913,2.0907347,2.5778346,0.65635,1.3662373,1.7612786,-0.35540947,1.0,0.0,0.0,0.0,0.0,0.0,0.0,2.523404
227.5798,0.20505588,3.1039026,81.65768,9.569551,1.7322112,2.5847354,0.26965982,28.10272,297.78088,4.119363,254.8364,1.9000665,2.232918,0.5856965,1.2910457,1.7333472,0.50338346,0.0,0.0,0.0,0.9999144,0.0,0.0,3.874302e-07,12.46971
1.3346686,0.008580914,1.0313412,71.033066,16.237764,4.8587737,1.9307765,10.696869,27.726566,298.301,5.4669533,265.73212,2.095896,2.447904,0.59934247,1.4875952,1.87768,0.55318695,0.0,0.0045182407,0.36436245,2.0861626e-07,0.54633635,0.0,2.9802322e-07,0.28027233
1761.0774,0.945171,5.3041105,81.69021,8.966148,1.777788,1.4630377,0.032059323,11.126568,296.08295,6.5662746,225.70183,1.8920172,2.3193088,0.57269084,1.303668,1.5482336,-0.3759819,0.8215774,0.0,0.0,8.34465e-07,0.0,0.0,0.20137873,198.54213
731.6149,0.4477402,3.4864538,79.32192,8.536484,3.1284084,1.4364643,0.09261308,1.8399302,298.42358,6.35884,253.07094,2.088967,2.5625296,0.65225124,1.376507,1.7355475,-0.32717183,0.9998337,0.0,0.0,0.0,0.0,0.0,1.1324883e-06,45.77732
533.1182,1.1520495,1.0205176,38.29757,54.621162,11.168362,0.3681667,0.008007745,128.07507,280.25027,6.2064157,256.99643,1.8903557,2.2227464,0.57750547,1.2949648,1.752285,0.47299743,0.0,0.0,0.0,1.0,0.0,0.0,0.0,280.96475
1508.6375,0.7190895,1.0700309,71.73215,12.095835,3.076413,0.57549405,0.019205958,1.8543289,298.3807,5.1437225,250.81888,2.0869472,2.5509102,0.64838916,1.3676362,1.73193,-0.356461,0.99998987,0.0,0.0,0.0,0.0,0.0,0.0,148.55994
103.46273,0.07522399,7.0040917,84.921455,10.529799,2.4924662,2.6112766,0.10611111,20.376291,297.24536,5.7557507,249.94812,2.0765514,2.5444083,0.6496622,1.3669481,1.7322977,-0.33186954,0.9959378,0.0,0.0,2.5242567e-05,0.0,0.0,0.0010980666,150.23035
88.75748,0.018749041,1.0226945,34.23601,2.1152277,1.0242606,0.0055778776,2.9343681,86.27117,290.4443,5.2949424,251.58656,2.0919018,2.55561,0.6604744,1.3779309,1.7242756,-0.30663586,0.9969393,2.9802322e-08,0.0,0.0,0.0,0.0041360855,0.0,0.25815883
1.8585694,0.0045097223,1.0466101,61.65659,30.186796,6.0014753,4.0890083,2.9544446,15.362725,298.9825,5.328898,274.8925,2.1207201,2.575314,0.6123083,1.5017083,1.9641527,0.6485113,0.0,0.029411018,0.9781008,0.0,1.3560057e-05,0.0,0.0,0.35454446
154.90477,0.19575539,2.6947107,42.035656,38.48214,0.87679946,1.6148527,1.0199668,136.17038,299.11676,4.6924276,254.04774,1.8909947,2.21517,0.57430655,1.2944683,1.7217479,0.49814314,0.0,0.0,0.0,1.0,0.0,0.0,0.0,6.1379194
67.35418,0.0047991,1.0209134,17.232225,1.4934286,0.5859091,0.0069172503,1.349143,44.343063,308.41956,6.2673335,255.03432,2.110446,2.5121706,0.6709581,1.3987429,1.7011247,0.63139814,0.0062241256,0.0,0.0,2.9802322e-08,0.0,0.98959047,0.0,0.29710418
1.1052971,0.07588223,18.461773,69.62543,23.959974,6.309754,0.8213015,9.9260235,14.690063,298.47623,6.7960486,255.42918,1.9051303,2.2472785,0.5849,1.2974726,1.7386119,0.5035765,0.0,0.0,0.0,0.9999999,0.0,0.0,0.0,0.45951962
5.963,0.010017683,9.69298,81.691345,11.313274,4.785177,3.7905202,0.2623731,7.0820875,298.80948,4.285852,250.67175,1.8753755,2.2231321,0.5759871,1.2732793,1.7080894,0.4720282,0.0,0.0,0.0,0.9962935,0.0,0.0,0.00077807903,73.82342
111.65981,0.010196908,1.0479269,50.6668,1.5216286,0.8352633,0.0016746563,0.77702075,51.464264,296.2854,4.8879046,254.93184,2.1142607,2.5190008,0.6730381,1.4002259,1.6986514,0.674906,0.0013442934,8.6426735e-07,0.0,0.0,0.0,0.99619895,0.0,0.2560937
258.0503,0.17450054,1.7251,78.59741,3.0989559,1.1580329,0.015555879,3.8371174,66.65044,294.75598,4.1643004,253.01987,2.103768,2.54248,0.6640708,1.3810867,1.7337145,0.24458484,0.2613284,0.02211693,3.2782555e-07,0.0,0.0,0.5850667,0.0,1.8046968
103.55093,0.15780894,1.9075501,40.672817,56.33093,0.8285902,1.8132657,0.37886068,19.257318,295.06934,5.8443174,254.32008,1.8966856,2.2298257,0.5754892,1.2919356,1.7381794,0.5076405,0.0,0.0,0.0,1.0,0.0,0.0,0.0,78.37471
712.95465,0.44614962,1.0204947,41.50607,26.485502,3.7886693,0.26152524,0.107785925,12.485348,307.1791,5.118979,250.50682,2.082962,2.5434299,0.65152544,1.3734273,1.7315068,-0.31009528,0.9976144,0.0,0.0,0.00082585216,0.0,0.0,2.4437904e-06,158.24275
219.73286,0.16973442,1.9746082,58.10117,10.379893,1.64995,0.4739668,0.01650933,52.106647,305.89517,4.898765,250.91081,2.104428,2.4833257,0.66612375,1.4018683,1.6821575,0.72874606,0.0,0.0,4.7683716e-07,7.0631504e-06,0.004770994,0.9977744,0.0,67.279305
0.8139142,0.6898623,1.0382144,76.45647,3.8529944,0.64077944,1.5269313,19.989708,42.51331,297.3525,5.8001194,254.64088,1.907497,2.2368846,0.58356786,1.2870215,1.7346075,0.49080294,0.0,0.0,0.0,0.99979794,1.3411045e-06,0.0,0.0,0.22571962
912.2029,0.5141068,2.076048,82.41375,8.973604,1.3434979,0.7317534,0.03783151,63.99069,297.7022,4.6307664,254.14523,1.8908943,2.228036,0.5808603,1.2890861,1.7299948,0.49910206,8.940697e-08,0.0,0.0,0.9999777,0.0,0.0,0.0,399.35266
7.851052,0.021648796,1.666468,59.17122,24.85841,3.7304356,2.4145288,8.259729,18.626804,298.26962,5.803031,241.93738,1.9581381,2.3804848,0.56684256,1.3825421,1.7016932,0.12793809,1.4901161e-07,0.8361137,0.00028660893,0.00024589896,0.066987455,1.1622906e-06,0.054070354,0.6096539
1039.8601,0.48955956,1.0304278,42.207256,9.435527,4.3350754,0.24661936,0.60707307,11.737677,296.66156,3.92592,251.20813,2.0868306,2.5615418,0.6524726,1.3718569,1.7327042,-0.37095234,0.9999989,0.0,0.0,0.0,0.0,0.0,0.0,15.373286
254.54698,0.34265155,38.04327,64.953285,20.765461,3.136297,1.4927605,2.9095325,76.64136,297.78986,5.2539625,254.63136,1.8931636,2.2087703,0.5705937,1.3101915,1.7331547,0.5084389,0.0,5.364418e-07,1.4901161e-07,0.9962655,0.0013306737,7.4505806e-07,0.0,5.5178823
2359.2542,0.9262129,1.2244246,76.414894,10.732617,2.4404614,0.2785921,0.011942462,0.0914558,298.8498,6.1484265,228.50508,1.9888092,2.3864295,0.5959857,1.3252431,1.5465456,-0.47193336,0.9777634,0.0,0.0,0.0,0.0,0.0,0.0023540556,26.369453
7.8458757,0.08698234,20.537045,64.29548,33.492256,7.700796,0.031005971,7.832315,0.84360814,298.3257,6.4009457,255.50594,1.9014227,2.238474,0.58338964,1.2918202,1.7419518,0.51487345,0.0,0.0,0.0,1.0,0.0,0.0,0.0,0.271299
249.14793,0.077810176,1.022565,25.34762,3.4734516,1.3232388,0.044079985,2.0189748,48.13132,296.2974,5.2295384,250.98235,2.087497,2.558325,0.6536854,1.370407,1.7237233,-0.35818654,0.999879,0.0,0.0,0.0,0.0,2.4735928e-06,0.0,0.89689183
24.109632,0.033074815,4.2746572,32.58324,36.588467,3.0586944,2.5502543,0.88489234,8.506532,302.6166,5.1702476,178.7453,1.5153602,1.8730925,0.4234235,1.2158577,1.2654002,-0.44443583,1.2218952e-06,0.009142995,0.0,4.3809414e-06,1.0102987e-05,0.0,0.99978316,0.72555786
20.032402,0.1804696,25.485449,76.036545,23.311531,6.9543486,0.30223387,7.572931,45.11307,298.4259,6.7125673,255.00441,1.8879949,2.2248461,0.5787786,1.2925203,1.7323265,0.50287956,0.0,8.940697e-08,0.0,0.9999856,2.9802322e-08,0.0,0.0,0.6880563
219.67978,0.020419002,2.0374038,71.9155,7.926425,2.063845,0.9039565,0.06531792,108.5486,282.84805,4.6524544,254.71611,1.8919318,2.2329512,0.5757131,1.2933033,1.7336967,0.5011233,0.0,0.0,0.0,1.0,0.0,0.0,0.0,345.12155
0.8823196,0.0013559896,1.02,75.5008,17.392782,4.714911,5.5251064,0.008193042,6.3665514,300.05283,4.414525,278.24542,2.1297681,2.5648036,0.5920581,1.5296962,2.003715,0.7595039,0.0,0.0,1.0,0.0,0.0,0.0,0.0,0.37364247
168.67822,0.093904205,1.1714326,19.941433,10.195709,0.77427614,2.0399988,0.22990215,53.278664,305.302,5.402495,255.02246,1.8863541,2.2352242,0.5792022,1.2917405,1.7411067,0.51921475,0.0,0.0,0.0,0.99997175,0.0,5.662441e-07,0.0,72.434326
44.44311,0.09130707,12.11913,78.176544,20.111223,5.305686,1.3481133,3.3393474,22.719809,297.8764,5.9493704,254.42393,1.8935887,2.2458515,0.5845489,1.2963973,1.744734,0.50834346,0.0,0.0,0.0,0.99999404,0.0,0.0,0.0,1.4409753
3.5659661,0.07414626,1.0625031,61.922527,18.118225,2.222944,2.2584517,8.738012,43.86769,298.16852,4.53733,248.422,2.046429,2.2347624,0.5948152,1.4888451,1.7558116,0.5318494,0.0,0.0,2.425909e-05,0.0,0.99966013,0.0,0.0,0.39568287
55.211494,0.010383293,1.0290806,65.521164,2.350337,1.1658261,0.0073227645,0.008073284,10.510714,311.2771,4.92442,255.7684,2.1240535,2.5429907,0.67841065,1.3893902,1.682129,0.75803316,0.0,0.0,0.0,0.0,8.940697e-08,0.99999917,0.0,11.028787
34.259624,0.03993171,6.671374,81.29166,14.494896,3.0090032,2.9707153,0.08320646,1.8862373,297.76056,6.4393063,248.04323,2.074311,2.5394228,0.6440406,1.356407,1.6966978,-0.40802586,0.99931765,0.0,0.0,0.0,0.0,0.0,0.000359267,35.977184
1.9546821,0.0045838812,1.0232805,67.66827,24.052118,4.05439,4.007778,0.16249779,26.613827,298.4965,4.419353,272.42868,2.11425,2.4939637,0.59378994,1.5197623,1.9489866,0.6966168,0.0,0.0,0.98064697,0.0,0.0069237947,0.0,0.0,0.37663966
7.3292823,0.30989584,34.645477,73.4334,27.689394,6.3959303,0.03453512,8.254873,3.3206227,298.80075,6.7301674,255.32167,1.9020076,2.240825,0.58138895,1.2921914,1.7388257,0.49065527,0.0,0.0,0.0,1.0,0.0,0.0,0.0,0.23383398
103.383766,0.07906954,1.1359322,59.659473,27.844994,1.9850286,0.107250586,4.361816,1.8777626,298.60583,8.92482,259.5463,2.1056519,2.602497,0.65897375,1.3943386,1.797465,-0.051895484,0.19266069,0.7890525,0.0,0.0,0.0,0.0,0.0,4.304089
1279.5872,0.66602457,1.1255271,58.038242,10.542895,4.5517697,0.5489476,0.49591374,3.1082182,298.23157,4.3360043,252.18524,2.0934892,2.5670938,0.6529421,1.3713046,1.7450778,-0.35053137,0.9999914,0.0,0.0,0.0,0.0,0.0,0.0,45.87844
58.10411,0.06312195,6.3063216,85.46982,8.475236,3.5710616,1.8568183,0.1869277,2.0635269,298.22787,7.162532,252.69243,2.0909271,2.5624816,0.6526337,1.3759315,1.7417476,-0.345113,0.9999703,0.0,0.0,0.0,0.0,0.0,0.0,10.101683
45.152435,0.1376178,19.490252,71.71523,24.671127,6.1283965,1.0846424,5.5945854,12.65433,298.84894,6.6938677,254.58757,1.9005462,2.240805,0.58396393,1.2918491,1.7296572,0.48982456,0.0,0.0,0.0,0.9999993,0.0,0.0,0.0,2.2091362
284.871,0.14088158,1.2888795,77.32032,3.679764,1.0302696,0.4553543,0.51718944,41.291496,299.9604,5.093739,252.17902,2.08324,2.552312,0.65344495,1.3723383,1.7350888,-0.34956065,0.99973994,0.0,0.0,4.3332577e-05,0.0,2.9802322e-08,2.3841858e-07,6.0313544
1088.0621,0.61031425,9.393144,71.8675,16.036726,2.084857,2.4134219,0.07644226,8.144097,297.31525,5.2758226,201.74948,1.6594944,2.0929801,0.49042165,1.2573198,1.4212626,-0.36749294,0.083052784,0.0,0.0,0.0019240975,0.0,0.0,0.9488028,80.06766
255.41312,0.1040206,2.693143,85.95173,8.987619,1.8863928,0.7608834,0.085813716,45.47729,298.39594,3.8529058,253.50018,1.8917685,2.222248,0.58406043,1.2925768,1.731724,0.48224592,8.940697e-08,0.0,0.0,0.99996996,0.0,0.0,2.9802322e-08,247.64043
1147.9086,0.80788755,1.0212406,55.179924,12.293225,3.9414434,0.77217907,0.062833406,3.6875389,298.3956,5.109125,252.51175,2.0895817,2.5648093,0.6545687,1.3627697,1.7373456,-0.33931863,1.0,0.0,0.0,0.0,0.0,0.0,0.0,65.26482
287.30386,0.16868183,10.914101,66.536644,18.347645,2.8866878,4.226249,0.05599174,10.397277,298.21063,4.522475,189.4723,1.5721431,1.9352703,0.4436907,1.2263193,1.3280376,-0.36008924,0.0,0.0,0.0,0.021439552,0.0,0.0,0.98980606,75.322586
49.083317,0.1315887,16.470785,75.89643,23.013824,5.051461,1.1211593,4.460248,48.43484,297.80444,5.7803226,253.4956,1.888108,2.2310665,0.5814809,1.2898685,1.7266718,0.4636524,0.0,0.0,0.0,0.9999933,0.0,0.0,0.0,1.5790111
86.26139,0.10689759,19.18218,55.27849,41.68351,4.9577394,0.3035048,5.3317513,1.3362148,296.1518,7.4830623,254.28337,1.8958019,2.2378554,0.5840222,1.2971698,1.7421569,0.50098974,0.0,0.0,0.0,1.0,0.0,0.0,0.0,17.30237
336.12125,0.28541976,1.6341187,66.07749,9.789633,1.1694157,1.3994408,0.21548301,33.16276,297.92664,4.3151765,253.74934,1.8939682,2.2502215,0.58995974,1.285216,1.7302597,0.42266852,0.0048868954,2.0563602e-06,0.0,0.991869,0.0,4.4703484e-07,0.00058317184,16.099724
35.3122,0.09555832,2.397242,78.695435,19.03839,2.1529422,1.1786941,9.5823345,31.676836,297.78033,6.981681,271.05942,2.1156461,2.603497,0.6447814,1.4575647,1.9209491,0.33473918,4.917383e-06,0.97640514,0.009472996,0.0,0.0,1.3887882e-05,0.0,3.7757225
5.6787214,0.30925846,2.551902,66.40142,14.608235,2.9555204,2.9176447,16.312965,35.176895,297.6522,7.2437196,256.35596,1.9022983,2.248511,0.5877827,1.2877235,1.744843,0.49312136,0.0,0.0,0.0,0.99929047,2.9802322e-08,0.0,5.3346157e-06,0.32190418
702.95264,0.5370371,1.0398738,63.069885,13.827694,4.036438,0.115135774,0.75389624,5.1212325,299.2058,7.598914,254.54549,2.092777,2.579959,0.65689266,1.3724184,1.7495897,-0.3595234,0.9999908,4.4703484e-07,0.0,0.0,0.0,0.0,0.0,8.121592
85.83045,0.14975014,8.935207,64.95086,19.28856,3.181865,3.1951208,2.2501216,58.316677,297.34952,4.2466173,254.20285,1.9631475,2.2667406,0.5857333,1.3844227,1.7756213,0.5528663,7.4505806e-07,0.040442526,0.0002681017,0.82546294,0.23111326,0.00064745545,0.0002616644,9.76161
17.995462,0.13417982,15.107831,73.2407,20.262907,5.3387036,2.4785118,3.4975224,19.954998,297.9398,6.9141526,254.44162,1.8956994,2.2375498,0.5831941,1.2919883,1.7270817,0.49405825,0.0,0.0,0.0,0.9996048,0.0,0.0,4.887581e-06,0.8242645
15.0770645,0.12120841,22.404808,64.053635,33.477165,7.737914,0.09541544,7.378664,14.818364,297.87033,6.4877725,254.86542,1.8977574,2.2348366,0.57998943,1.2925174,1.7365494,0.49828595,0.0,0.0,0.0,1.0,0.0,0.0,0.0,0.31989387
24.397362,0.03316655,2.6213958,59.41922,22.51327,4.720618,4.7260523,0.38271677,50.19147,297.71152,4.7873464,261.87823,2.082807,2.3834822,0.5877655,1.4975566,1.8638834,0.6127966,0.0,1.4394522e-05,0.33514133,2.3245811e-06,0.75481313,5.662441e-07,5.9604645e-08,4.69007
15.193882,0.006410207,1.0247344,17.614851,4.3176403,0.6597702,0.4673578,0.009904799,15.413704,312.815,5.7998643,249.753,2.0181968,2.3749027,0.6426358,1.3551905,1.7048265,0.67263275,0.0,0.0,0.0,0.07787123,1.7881393e-07,0.8619142,0.0,91.369225
372.4546,0.18932371,12.540424,47.03885,31.099617,2.7007766,3.7009048,0.061802655,1.0577767,300.10327,5.703767,175.19449,1.5073984,1.840018,0.41552028,1.2045326,1.2337781,-0.5194483,7.4118376e-05,0.0,0.0,0.0,0.0,0.0,0.9999715,9.283757
26.968555,0.022901552,3.4459069,34.430317,40.314705,2.667713,1.7880863,0.61108404,1.9763005,302.89948,5.1596413,175.24135,1.5061126,1.8468953,0.41649237,1.208603,1.2356595,-0.47253314,2.9802322e-08,0.0075179935,0.0,0.0,1.1920929e-07,0.0,0.999974,0.512391
107.86991,0.16216566,19.5923,70.123566,17.694511,3.8713381,2.2095582,2.3232195,60.409756,297.1581,4.5323205,254.28998,1.924667,2.2181234,0.5770145,1.3375905,1.7541809,0.5054292,2.9802322e-08,0.00078597665,1.2516975e-06,0.98460096,0.013366342,1.6599894e-05,2.6226044e-06,3.8717792
219.04556,0.036551453,1.03501,78.636635,2.4748254,1.478015,0.0023246545,0.0159737,27.146412,307.35852,4.654691,252.85826,2.1229932,2.5281332,0.6772819,1.3933692,1.6666712,0.7585527,0.0,0.0,2.9802322e-08,0.0,0.0,0.9999894,0.0,13.682389
4.803456,0.03551693,11.246985,61.407238,24.139343,4.811076,5.0904803,0.7046962,14.603111,298.06683,6.3016357,239.1761,1.8213084,2.1624708,0.55404603,1.2665974,1.6381376,0.36306196,0.0,0.0,0.0,0.93649584,0.0,0.0,0.033341497,2.86768
229.69652,0.09986073,2.663899,36.426483,11.882843,0.8611325,0.48090023,0.84576386,99.550735,303.55243,5.699561,252.2733,1.8838539,2.213218,0.5821647,1.2963066,1.7221426,0.5207041,1.4305115e-06,2.0563602e-06,0.0,0.9984237,2.3841858e-07,0.000716269,5.9604645e-08,6.787106
54.178814,0.0021687269,1.0201446,49.99821,1.2270507,0.7497525,0.0004601705,0.01668271,16.09093,312.27042,5.34106,254.84853,2.1240804,2.5319214,0.67912894,1.3977894,1.6756719,0.759006,0.0,0.0,0.0,0.0,0.0,0.99999964,0.0,0.46555057
1589.4216,0.72272724,1.0207992,67.20868,21.002676,2.8219159,0.14096028,0.008584487,3.1116867,297.50998,5.722152,250.23633,2.079053,2.5414233,0.64282984,1.3691758,1.7182041,-0.40008315,0.9999143,0.0,0.0,0.0,0.0,0.0,8.940697e-08,189.96242
59.56813,0.080392905,17.150051,58.149387,39.314182,6.792211,0.19051647,6.820433,32.131313,298.8191,6.1157513,253.87227,1.8890977,2.228107,0.57907575,1.2923671,1.7345392,0.48058933,0.0,0.0,0.0,1.0,0.0,0.0,0.0,2.1805167
566.6511,0.94046956,1.0221692,63.417828,14.443913,1.7298032,0.0018065954,8.113586,12.016508,296.08228,5.0814257,259.03387,2.10952,2.592927,0.6543136,1.3952285,1.7820219,-0.13111351,0.72823596,0.158499,0.0,0.0,0.0,2.592802e-06,0.0,10.175023
34.53132,0.071597606,2.4651604,69.88429,27.041346,3.1557958,1.0815791,9.851165,22.339888,298.77176,6.7493367,270.67133,2.1153815,2.6044157,0.64329624,1.4487717,1.916874,0.30209714,4.3809414e-06,0.9694586,0.008648634,0.0,0.0,5.2452087e-06,0.0,2.669755
44.85466,0.088899955,13.682088,58.059597,38.119953,7.3792496,0.093237124,7.2337008,1.7898209,298.7469,6.5160728,255.75026,1.8998346,2.2426865,0.58608985,1.2942396,1.7444904,0.5126261,0.0,0.0,0.0,1.0,0.0,0.0,0.0,2.3531299
0.78580093,0.5242749,1.0219257,68.255455,2.9998066,0.67987823,2.1497297,19.995579,32.1616,297.4614,6.467857,252.7022,1.9856019,2.2308486,0.5842816,1.3922305,1.7358999,0.5105865,0.0,0.0,0.0,0.4908143,0.58810264,0.0,5.275011e-06,0.22290517
1343.7521,0.928258,1.2656261,68.56981,17.307364,2.883238,0.4094386,0.01257104,118.51105,293.72278,4.934456,253.02847,1.88865,2.2253277,0.580351,1.2876498,1.7200423,0.4854707,0.0,0.0,0.0,0.9999999,0.0,0.0,0.0,384.73462
164.95195,0.13751139,6.6075354,60.54967,22.225779,4.047167,1.6223059,0.69701385,1.3401123,300.02054,7.6410646,251.21597,2.079804,2.5489836,0.64463294,1.3713098,1.7217928,-0.3530492,0.9995323,4.4703484e-07,0.0,0.0,0.0,0.0,1.758337e-06,4.299465
123.047,0.031909402,1.0647866,41.427418,2.2225003,1.1490271,0.0012547433,2.4768856,60.53814,286.77512,4.9780064,255.24133,2.1149795,2.5350013,0.67015266,1.3944439,1.7146343,0.5751838,0.015087813,0.00013950467,0.0,0.0,0.0,0.982356,0.0,0.4235532
47.986088,0.015676973,1.0230142,69.03543,23.445112,2.1980658,3.2644103,0.0080005955,33.68438,299.3675,4.886705,278.15048,2.1297147,2.5637674,0.58193,1.5296609,2.0030773,0.7598003,0.0,0.0,1.0,0.0,0.0,0.0,0.0,30.196589
1038.0775,0.6795073,1.0457728,78.45843,6.4055195,2.7165346,0.96548975,0.13080676,10.345689,297.88116,4.752966,251.64218,2.0900483,2.5565605,0.65361524,1.3722152,1.7392632,-0.3349174,0.99999964,0.0,0.0,0.0,0.0,0.0,0.0,140.30228
62.65409,0.20242165,9.874638,52.26039,41.667267,1.3708194,0.70437,3.3208022,105.22882,298.6026,5.0607567,253.67473,1.896491,2.2359993,0.57750696,1.2906122,1.734317,0.49244922,0.0,0.0,0.0,1.0,0.0,0.0,0.0,4.0725
177.64522,0.09319219,6.4839077,65.67862,31.944708,1.873666,1.3229667,1.0013478,21.849176,296.1341,4.719266,253.46413,1.8892026,2.227528,0.5790033,1.2893564,1.7210414,0.48452,0.0,0.0,0.0,1.0,0.0,0.0,0.0,61.585186
452.31625,0.38625437,3.2462547,78.194046,8.724354,2.0386384,3.8821585,0.11816908,15.58911,298.2681,4.504073,247.50665,1.8545707,2.2078156,0.5722054,1.275483,1.6822948,0.44830176,0.0,0.0,0.0,0.9869359,0.0,0.0,0.0041403174,68.71922
1041.6464,0.5077552,1.070206,51.16451,9.748897,1.1760746,0.037181836,0.008735227,42.884613,294.1665,5.525311,271.51642,2.1283886,2.531548,0.634915,1.4909643,1.9184389,0.7594015,0.0,0.0,0.96398956,0.0,0.0,0.057131022,0.0,425.56082
0.63082296,0.0014156328,1.0200076,77.15698,16.703476,4.9788,5.5168695,0.041328307,6.3879232,299.60565,4.62365,277.52267,2.1278973,2.5541413,0.5915119,1.5276952,1.9971012,0.75153553,0.0,0.0,0.99999857,0.0,2.9802322e-08,0.0,0.0,0.23999287
0.5982441,0.75263184,1.0279008,86.700714,3.5289037,0.56969357,0.5932697,19.999292,1.4414872,298.30975,6.4545207,253.24933,2.0628772,2.2623858,0.5997955,1.4877583,1.7811098,0.52248937,0.0,0.0,0.0,0.00062823296,0.99985254,0.0,0.0,0.22195484
1036.6761,0.28185192,1.8777354,72.53286,17.10773,1.6847314,1.4657815,0.008111416,29.450785,299.065,4.9992304,275.39417,2.1272545,2.5239496,0.59314424,1.5191923,1.9728713,0.7569098,0.0,0.0,0.99971443,0.0,0.0,8.332729e-05,0.0,139.72736
42.242462,0.36063853,3.708872,70.47277,12.954216,4.255003,1.6353737,17.961868,37.17941,297.37817,6.240863,253.2723,1.9827131,2.2435665,0.59035707,1.3977869,1.7645322,0.5558952,0.0,1.013279e-06,5.9604645e-08,0.5404257,0.52283174,0.0,1.1920929e-07,0.8881195
0.5098447,0.003131066,1.0201217,51.1921,48.392815,2.3181105,2.4902,0.008001192,13.009351,299.80023,3.6058903,276.40082,2.1252275,2.526581,0.6057198,1.5287392,1.9899423,0.75523937,0.0,0.0,0.9966633,0.0,9.5665455e-05,0.0,0.0,0.24622487
25.622572,0.010434444,1.1247735,68.42659,29.789127,4.081388,4.8205075,0.64397204,20.42875,298.5579,4.7252393,276.279,2.12528,2.5539644,0.6021442,1.5182482,1.984274,0.70446235,0.0,0.0004016757,0.99953717,0.0,0.0,2.9802322e-08,0.0,2.2676914
32.322453,0.6672107,210.21002,60.544308,26.505316,3.1667488,1.2067487,2.1543615,43.741776,298.45633,5.7327533,253.47278,1.8997567,2.2497687,0.5812712,1.2908095,1.736277,0.47663808,0.0,0.0,0.0,0.99996984,1.1920929e-07,0.0,0.0,3.6092865
533.7956,0.24404584,1.201978,34.70457,10.031181,1.5032816,0.5358283,0.5786143,24.126719,303.03943,5.615281,243.13046,1.9813114,2.3932924,0.6171595,1.3314328,1.6702653,-0.044156145,0.61683494,7.748604e-07,0.0,0.090100765,2.9802322e-08,0.0034777224,0.010797322,66.36788
218.62447,0.050883446,1.0959712,78.61617,4.549916,1.4995944,0.013956448,0.008029195,15.183087,310.51285,4.4257784,252.51659,2.1238434,2.543207,0.6772628,1.3824981,1.6548108,0.75816375,0.0,0.0,0.0,0.0,5.662441e-07,0.99999774,0.0,32.20329
4.94727,0.07380302,4.345346,70.708786,16.269142,3.0310116,1.7405605,10.187996,76.09191,298.2993,6.5529747,250.89308,1.8867164,2.2599647,0.58284795,1.2878425,1.7236907,0.50500506,2.9802322e-08,0.0016758144,0.0,0.98971623,0.00018432736,0.0,0.00038406253,0.968715
7.727029,0.06529493,1.0770489,60.90284,19.588036,2.6737564,1.9889991,5.866613,33.901466,298.56436,4.5493317,250.9755,2.0422144,2.2477205,0.5890518,1.4915552,1.7818013,0.5227208,0.0,0.0,0.0004994273,0.0,0.99831104,0.0,0.0,0.46301025
301.73267,0.33190626,2.3286388,59.131916,28.429388,0.7739111,1.9593076,0.328901,68.96456,298.7535,4.1937666,254.89958,1.8957065,2.234697,0.578495,1.2932138,1.7352543,0.5044064,0.0,0.0,0.0,0.9999999,0.0,0.0,0.0,35.216278
191.98459,0.041948866,2.8936398,34.547737,53.59407,1.4818785,2.6967747,0.17284401,18.723768,279.54898,8.860243,254.31892,1.8901893,2.2386942,0.57910794,1.2915041,1.7301428,0.4926074,0.0,0.0,0.0,1.0,0.0,0.0,0.0,215.81009
5.047645,0.0034130379,6.9917307,85.34119,10.789834,4.4014897,2.7866874,0.12369639,12.628286,297.29037,3.5961015,252.3975,1.8922162,2.2384214,0.58097416,1.2871364,1.7216779,0.4904091,0.0,0.0,0.0,0.9993905,0.0,0.0,2.631545e-05,252.54092
14.144761,0.01591293,11.376268,25.435589,45.371853,3.9931753,4.134134,0.30539402,1.4642295,301.60712,6.905242,195.35999,1.6405559,2.0535395,0.4775757,1.247096,1.3544899,-0.46876034,0.12460089,8.940697e-06,0.0,0.0,0.0,0.0,0.9394508,6.4531374
38.677055,0.23436646,44.443817,72.52378,21.70574,5.9889793,0.6292764,5.834653,28.865433,297.5334,6.166751,254.93794,1.9041151,2.2266705,0.5764669,1.3040509,1.7315269,0.49284908,0.0,1.1920929e-07,0.0,0.99599046,0.0010363758,0.0,0.0,0.90542656
86.02228,0.3484096,15.833984,52.720177,27.28611,1.4393078,1.597838,1.8830919,142.55989,298.07077,4.959376,255.06621,1.8949846,2.2477844,0.58087814,1.2857361,1.728257,0.48235393,0.0,0.0,0.0,0.9999981,0.0,0.0,0.0,3.4604132
966.3715,0.5786014,2.3191776,68.20679,6.678053,2.8879728,0.8793726,0.6360102,13.764805,297.6953,4.587648,252.38773,2.0825775,2.5605214,0.65326965,1.3678045,1.7418021,-0.34767267,0.99959624,2.682209e-07,0.0,3.2782555e-07,0.0,1.7881393e-07,1.3113022e-06,27.694271
84.7448,0.16244166,19.33531,59.253216,35.043175,4.3557835,0.35379618,6.4611993,90.33514,298.0948,5.563321,253.43141,1.8955247,2.2305908,0.581073,1.2914728,1.732303,0.4855449,0.0,0.0,0.0,1.0,0.0,0.0,0.0,1.4824245
2.2858498,0.022070644,4.24125,47.23587,21.278114,3.127454,6.352829,0.9459901,33.182796,300.6355,5.5303736,204.48476,1.6392651,2.0026731,0.46923062,1.2334509,1.4166014,-0.13073653,0.0,2.9802322e-08,0.0,0.32364783,0.0,0.0,0.9146393,1.6966696
45.75814,0.019114504,1.0211798,32.783295,1.8690476,1.3282886,0.00013605297,2.052255,53.24323,285.15063,4.3774195,253.81372,2.1133082,2.53479,0.6703838,1.3914316,1.7244192,0.32284918,0.27455014,7.748604e-07,0.0,0.0,0.0,0.8276403,0.0,0.26991007
11.638117,0.102126375,24.816427,70.752975,27.611443,6.9420586,0.71686834,7.0821924,5.888475,297.98184,6.866845,254.25336,1.904195,2.2400322,0.5827269,1.2920468,1.7355126,0.48994333,0.0,0.0,0.0,1.0,0.0,0.0,0.0,1.2867109
26.037064,0.033104096,9.716979,85.45861,13.008302,3.6721218,1.2954723,1.2250826,36.525986,297.8319,4.5179257,254.61943,1.9009485,2.2433033,0.5811872,1.2919825,1.7350754,0.49002323,0.0,0.0,0.0,0.99999297,0.0,0.0,0.0,12.109626
91.04206,0.119171456,6.102559,63.118225,27.684383,3.3330543,1.5274799,6.7893333,6.994837,299.2381,5.252052,249.4423,2.0367153,2.5044215,0.60224885,1.3815049,1.7326516,-0.010291126,0.018818796,0.8370151,0.00013452768,5.9604645e-08,2.682209e-07,0.0007407069,0.013638496,8.84167
2787.4434,1.3790829,2.0948334,79.72888,9.254286,1.5720843,0.5666997,0.013020279,9.503545,294.7836,6.081947,189.86583,1.5877808,1.9629701,0.45513862,1.2387745,1.3503978,-0.4379075,0.009943962,0.0,0.0,6.3180923e-06,0.0,0.0,0.9925248,258.84622
4.9177356,0.0028346274,1.0277866,72.642525,20.122355,4.8745375,5.666654,0.021954421,15.4419775,299.30078,4.7574167,277.63812,2.1281939,2.546982,0.59409213,1.5274829,1.9977857,0.75079095,0.0,0.0,0.9999982,0.0,0.0,0.0,0.0,0.6580112
8.608384,0.0046720128,6.636535,85.651436,13.725754,3.5968702,2.6794903,0.108133286,14.151627,298.05017,3.852561,248.44406,1.865113,2.2148776,0.56766057,1.2793561,1.6988975,0.4329477,0.0,0.0,0.0,0.9884199,0.0,0.0,0.0053637326,248.19513
1.3013793,0.21310613,1.0571598,76.28342,6.822287,1.4427749,0.9638624,19.934069,48.62505,298.31586,6.1386547,251.90953,2.0322044,2.2364142,0.5847977,1.4513072,1.7597505,0.5634115,0.0,1.758337e-06,0.0,0.07425654,0.9787062,0.0,2.3245811e-06,0.24015735
0.79422474,0.0856025,1.0842875,38.861515,41.15902,2.3568149,2.8871493,0.08670326,33.05558,299.13055,4.097616,249.82343,2.036004,2.2116747,0.59336466,1.5053849,1.7700288,0.5784208,0.0,0.0,1.1265278e-05,0.0,0.9999627,0.0,0.0,0.3489521
5.9515314,0.26850617,6.836058,70.81547,23.439346,4.4596443,0.29984957,13.57984,19.395655,298.1661,6.5318165,255.49411,1.89645,2.2432022,0.5817293,1.2908723,1.7412165,0.50682515,0.0,0.0,0.0,0.9999995,0.0,0.0,0.0,0.24160112
28.133682,0.047536414,1.1337857,12.741173,11.258505,0.58963543,0.9755359,0.19910008,96.01177,306.95764,6.1217246,254.0841,1.8812582,2.226475,0.57943773,1.2892183,1.7403176,0.48010725,0.0,0.0,0.0,0.99999905,0.0,0.0,0.0,40.80942
695.2097,0.5433093,5.7728553,59.803352,14.682915,2.6362777,1.0012822,1.2622796,6.875774,296.90137,4.321792,237.48895,1.9841105,2.4464724,0.60388774,1.3335104,1.634315,-0.35462347,0.92802346,0.0011438727,8.940697e-08,1.2516975e-06,2.9802322e-08,0.00029599667,0.06089914,61.0935
10.289088,0.31994516,6.8459,74.034676,20.60266,3.2899642,0.20117973,16.022095,14.646795,298.00748,6.3200455,255.11026,1.8938681,2.2473674,0.5817702,1.2902423,1.7364025,0.50196296,0.0,0.0,0.0,0.9999964,0.0,0.0,0.0,0.2518172
24.608465,0.029994255,5.660516,60.48199,23.564985,3.8848908,2.2929966,0.9410008,1.6321386,299.91577,8.43918,250.31502,2.0776474,2.5442536,0.6455538,1.3627641,1.7167002,-0.35320547,0.99952257,4.5597553e-06,0.0,0.0,0.0,0.0,2.0861626e-07,2.2648404
7.745703,0.0023719976,1.020038,11.516159,1.2265446,0.66292614,5.877018e-06,0.66467935,41.235725,280.16605,5.009001,257.07245,2.1202512,2.539224,0.6746598,1.3983798,1.7065314,0.6130231,0.015259892,0.0,0.0,0.0,0.0,0.9917406,0.0,0.22279552
855.32416,0.49971974,2.506575,45.368595,14.55162,1.2384423,0.69294834,0.17749012,18.077877,297.54187,4.8294106,223.06671,1.787571,2.234808,0.5537933,1.2834033,1.5394521,-0.20777015,0.3897261,1.1920929e-07,0.0,0.06375468,0.0,3.5762787e-07,0.3045789,23.129898
533.1471,0.42578578,1.1123362,88.48144,5.914423,1.7996563,1.8267553,0.04445928,69.496475,297.45828,6.122646,252.43855,2.086065,2.5647879,0.6560007,1.3655217,1.7347081,-0.35850683,0.9999974,0.0,0.0,0.0,0.0,0.0,0.0,332.35712
4.863539,0.012862534,6.322679,91.09445,8.2936,2.0986688,0.89210314,4.343127,43.279324,298.74747,5.7635293,258.2722,2.063534,2.5224538,0.64447474,1.3691056,1.7724501,0.0873089,0.16701227,0.4879318,8.940697e-08,0.03436467,1.9133091e-05,3.5762787e-06,1.8715858e-05,2.1447513
112.703964,0.64704794,37.515034,31.864601,30.368118,1.2885681,5.1175413,0.14476296,99.28946,298.0286,4.4429593,251.9804,1.9402798,2.233324,0.57590497,1.3363645,1.7321799,0.49494106,0.0,0.0,0.0,0.9571559,0.057148695,4.3809414e-06,0.0,48.958393
707.71906,0.3756067,1.4214964,55.11816,42.884117,1.07643,2.2818522,0.043220595,27.177116,289.37158,5.514487,254.12062,1.8939596,2.235487,0.5775687,1.2905849,1.7304764,0.49779028,0.0,0.0,0.0,1.0,0.0,0.0,0.0,283.48108
774.0888,0.28449944,1.3016518,48.970177,43.313324,1.6403602,1.649413,0.027198127,27.823257,288.23508,5.0969234,253.44556,1.8908209,2.236571,0.5791181,1.2925692,1.730738,0.48039016,0.0,0.0,0.0,1.0,0.0,0.0,0.0,284.92175
856.8134,0.38331434,2.3111093,85.78621,9.405386,1.2885022,0.657948,0.4613241,49.742462,300.06287,4.5122313,269.0677,2.1208975,2.5298676,0.62777835,1.4795675,1.8978585,0.7271922,0.0,0.00073578954,0.8819306,0.0,0.0,0.15581009,0.0,43.171143
2.21034,0.5335025,15.02309,59.707684,27.488646,2.0856926,1.4535011,9.5740185,11.751528,297.989,4.8962293,251.10388,2.0522294,2.2548044,0.60003185,1.499879,1.7829014,0.54175025,0.0,0.0,0.0,5.9604645e-08,0.9999901,0.0,0.0,0.2796327
881.6221,1.1081748,1.3150711,76.882355,12.91987,1.7863194,0.21753311,0.008750122,312.93015,296.2375,6.0730515,253.38513,1.8851224,2.2349591,0.57821864,1.2856543,1.727217,0.47734353,1.1950731e-05,0.0,0.0,0.997773,0.0,0.0,0.00018212199,377.97003
2.8315713,0.048779245,1.1259457,46.604244,26.89252,3.7365847,3.23901,0.31587306,37.738262,298.2058,4.8049984,250.91174,2.0507245,2.2539022,0.58928525,1.5028952,1.7879522,0.56343484,0.0,0.0,0.0012383759,0.0,0.99876803,0.0,0.0,0.74408937
46.76017,0.06369261,11.354507,50.05673,49.165474,4.0252028,0.33152404,2.9649653,0.22031686,287.08734,8.375578,255.87994,1.8978088,2.2479026,0.5827757,1.2987144,1.7499423,0.5004274,0.0,0.0,0.0,1.0,0.0,0.0,0.0,34.7298
11.669275,0.13372256,23.561693,70.14316,31.069332,7.0603666,0.13237454,6.985879,4.074563,298.2867,6.634188,255.1462,1.8931733,2.2354736,0.5832262,1.2916732,1.7439378,0.4899282,0.0,0.0,0.0,1.0,0.0,0.0,0.0,0.279322
3.9407754,0.14160065,25.530281,63.709663,33.898506,7.5018096,0.08113547,7.4248857,9.349927,298.48477,6.6837626,254.88129,1.8926318,2.2435558,0.5842011,1.2963923,1.7396545,0.5076133,0.0,0.0,0.0,1.0,0.0,0.0,0.0,0.26616356
173.2555,0.08887695,3.0311205,90.24172,3.674228,1.8105047,0.34858122,1.6340358,41.658375,298.34314,4.1615806,252.05931,2.0810235,2.5492404,0.6519438,1.369917,1.7384938,-0.3081161,0.99571544,0.00115785,0.0,9.089708e-06,0.0,0.00010693073,2.9802322e-08,2.6396186
70.81637,0.16618776,8.967138,60.407276,27.87433,2.0363932,0.8940837,2.8697147,90.08513,298.4552,4.7656097,253.55362,1.898777,2.2415252,0.58253694,1.2893679,1.7403349,0.5001193,0.0,0.0,0.0,0.9999995,0.0,0.0,0.0,1.7639604
121.80362,0.01436339,1.0368292,21.148174,2.4252703,0.87033665,0.025472466,1.8462704,48.352665,302.08167,5.918802,252.82379,2.0965805,2.5061142,0.66422147,1.3891051,1.703936,0.24154027,0.4836266,5.9604645e-08,0.0,5.364418e-07,0.0,0.54551387,0.0,0.49300057
492.42825,0.17494397,1.1076932,70.44757,20.349058,1.7657695,2.5379403,0.014209512,46.902454,298.39832,4.995028,276.8995,2.1282868,2.5454514,0.58875364,1.5248863,1.9920392,0.7555855,0.0,0.0,0.9999877,0.0,0.0,8.940697e-08,0.0,107.69678
39.858624,0.18629612,14.122464,54.5708,43.59134,1.3854508,0.37188065,2.3975449,85.81689,297.79623,5.0687704,254.2632,1.8970938,2.2390456,0.57533514,1.2922665,1.7271568,0.5043829,0.0,0.0,0.0,1.0,0.0,0.0,0.0,2.497087
65.5663,0.07042158,14.647907,52.58319,42.642483,4.351018,0.58329934,5.0165086,12.78051,297.09415,6.8814497,254.53906,1.8956496,2.2420826,0.5833015,1.2964898,1.7448236,0.5086646,0.0,0.0,0.0,1.0,0.0,0.0,0.0,19.917318
32.956673,0.13897502,2.4113767,17.85278,15.674402,0.7732541,2.058723,0.27140316,126.39062,301.61853,4.8069735,255.08582,1.8954612,2.2446609,0.5764016,1.2865388,1.7377869,0.48945314,0.0,0.0,0.0,0.9999814,0.0,0.0,0.0,14.206862
570.4442,0.27926672,10.753709,53.10783,25.919722,3.624226,1.7023464,0.38693628,0.91245484,299.997,6.2148156,198.03528,1.6690403,2.0756333,0.48835722,1.2543727,1.3864383,-0.4736186,0.16309014,1.1920929e-06,0.0,0.0,0.0,0.0,0.8986355,9.894474
5.1218357,0.067207456,1.0470592,58.40479,31.618832,1.5988758,0.21624517,7.9254975,9.580854,298.10336,9.0350895,273.75333,2.1225386,2.6260567,0.65603435,1.4537815,1.9507172,0.2825236,0.0,0.9961181,0.000100404024,0.0,0.0,0.0,0.0,1.9511393
39.693398,0.2121707,15.143727,74.18039,19.16337,4.8073616,2.0400984,3.7451665,31.377073,298.06665,5.669996,256.01382,1.9000267,2.2495942,0.585085,1.291947,1.7388264,0.5056065,0.0,8.940697e-08,0.0,0.9996172,1.0430813e-06,0.0,8.6426735e-07,1.2618195
440.04376,0.49335968,11.480578,57.828033,32.766827,2.4005878,2.6957185,0.0083545055,57.33232,299.49426,4.7665334,267.69867,2.1156442,2.4798887,0.60540783,1.494292,1.8942945,0.73676586,0.0,0.0,0.8210859,0.0,0.038705885,0.007437706,0.0,149.93707
1646.8105,0.6957928,1.2423651,55.615078,13.360339,4.8607345,0.7896926,0.07855499,0.7065346,298.59552,5.1472516,252.50374,2.0908701,2.5611038,0.65241534,1.3679,1.7379283,-0.32429975,0.99995244,0.0,0.0,0.0,0.0,0.0,2.9802322e-08,66.01748
66.3695,0.18184564,6.0501914,58.941452,15.931737,4.1105504,4.1810355,2.2667787,39.292095,298.4611,4.9928885,246.12465,1.8722194,2.2194238,0.563081,1.294554,1.6951345,0.40919116,5.9604645e-08,0.0014776587,2.682209e-07,0.95019364,0.003017813,1.1622906e-06,0.0125101805,4.2713757
47.72911,0.827028,49.778725,26.088808,43.103622,3.463893,5.808559,0.082863875,80.759575,297.02502,4.838689,247.5233,2.0458965,2.2327003,0.59259045,1.4737002,1.7466242,0.5351392,0.0,0.0,4.172325e-07,8.788705e-05,0.9996036,3.1590462e-06,0.0,51.956398
1245.5461,1.3712631,1.1282293,75.60913,18.8994,2.9129002,0.21769768,0.00932031,183.24266,298.05872,5.886461,254.02573,1.8883544,2.2242973,0.5763181,1.2853686,1.7246594,0.5032038,3.2782555e-07,0.0,0.0,0.9988398,0.0,0.0,7.69496e-05,379.7815
59.40199,0.0043907813,1.0224509,21.975784,1.6316695,0.7477521,0.011070538,0.1502867,30.206573,311.10492,6.270769,256.1116,2.1118815,2.5015326,0.6739177,1.4040853,1.6976131,0.73421365,4.827976e-06,0.0,0.0,3.33786e-05,0.0,0.9995808,0.0,1.470984
298.02728,0.18541114,6.311216,57.16505,25.090092,3.1888785,1.3057908,3.130183,4.185235,298.87073,6.846691,251.10689,2.0821831,2.5575309,0.6461606,1.3752198,1.7327627,-0.30389878,0.99071074,0.007847369,0.0,0.0,0.0,1.4901161e-07,1.937151e-06,16.442392
3.2385535,0.024513744,4.1759653,50.664436,15.237967,2.2023702,7.8343983,0.20665134,2.1836271,301.38425,5.2590714,174.13068,1.5048815,1.8384489,0.4146826,1.1991208,1.2216113,-0.52759314,0.0,0.0,0.0,2.9027462e-05,0.0,0.0,0.9999949,0.72685546
337.02878,0.30697888,3.8861995,81.71507,8.387876,4.136165,1.8006537,0.34260756,2.4398594,299.16223,6.9297423,252.59203,2.0882301,2.5594583,0.65323937,1.3738711,1.7386426,-0.34301877,0.99998295,0.0,0.0,0.0,0.0,0.0,0.0,13.558462
10.843233,0.010997895,4.2003303,39.42846,39.963875,2.8891034,1.4421532,1.5546582,0.7207068,300.43417,7.3043575,203.99176,1.6922832,2.1896412,0.5014653,1.2799911,1.4312389,-0.3679977,0.0011584759,0.13725054,0.0,0.0,0.0,0.0,0.80794954,1.1676269
301.7622,0.062016327,3.1024487,72.86923,9.638667,1.7538522,1.2546431,0.13732013,65.72658,287.4956,4.510087,253.64098,1.8900017,2.229329,0.58309877,1.28936,1.7328604,0.481935,0.0,0.0,0.0,1.0,0.0,0.0,0.0,344.66037
179.62573,0.22002761,1.4560759,39.44807,57.028404,0.7488678,2.554031,0.1272474,14.031503,288.71313,7.355969,253.96465,1.8925505,2.2345674,0.58063966,1.2891918,1.7232229,0.49147508,0.0,0.0,0.0,1.0,0.0,0.0,0.0,159.29004
5.398908,0.099902794,22.704712,66.80352,32.68619,7.442872,0.23059067,7.755952,5.693485,298.78076,6.518874,255.57182,1.8994224,2.243049,0.58071125,1.2957814,1.7417523,0.50213087,0.0,0.0,0.0,1.0,0.0,0.0,0.0,0.3646874
2.2505307,0.004948307,1.0901941,63.415554,27.384165,6.211119,4.399606,2.0545065,18.516453,298.20935,4.709613,272.49576,2.1148028,2.514471,0.59820604,1.5023181,1.9445326,0.67729855,0.0,0.0025773048,0.98111445,0.0,0.0016994476,0.0,1.1920929e-07,0.41180196
1983.6655,0.9324507,8.515428,81.30759,8.325373,1.6034617,2.9706712,0.033536334,19.02658,296.43536,5.2319784,203.0395,1.6215959,1.9750522,0.4669087,1.2321709,1.3963125,-0.14379404,0.0,0.0,0.0,0.10234311,0.0,0.0,0.89364594,261.07275
448.6172,0.26652026,1.5555974,62.38188,27.587662,2.2143216,0.9491778,2.612633,26.093472,297.95248,5.470175,271.97842,2.1220744,2.5678675,0.6188263,1.4916205,1.9457783,0.6633231,0.0,0.083544195,0.89642185,0.0,0.0,0.00091552734,0.0,70.82132
619.6504,0.36374116,6.1708655,50.64979,18.82708,2.4925578,3.2329504,0.112637,5.680755,298.85623,4.6662393,184.81212,1.5457708,1.9081283,0.43498388,1.217635,1.2944726,-0.41383645,3.5464764e-06,3.5762787e-07,0.0,0.01454708,2.9802322e-08,0.0,0.9972383,24.977802
779.0205,0.8860216,1.094761,72.51342,19.359678,2.1986475,0.34506646,0.011668391,250.23882,298.2288,6.444796,255.18916,1.964513,2.339415,0.61118823,1.311707,1.7442291,0.18630406,0.19748738,0.0,0.0,0.7854996,0.0,0.0,2.861023e-06,498.0835
87.066826,0.017521173,1.0203348,13.602995,2.281763,0.7804899,0.013333779,3.553905,33.495266,295.9758,5.4498467,251.4403,2.0889652,2.5499115,0.6567746,1.3676968,1.7342299,-0.37237483,0.99927986,0.0,0.0,0.0,0.0,9.587407e-05,0.0,0.29153013
12.959947,0.06559265,1.6820413,26.247236,25.942123,0.6612602,2.438209,0.10629581,87.06532,304.3855,4.1538343,256.17325,1.8972042,2.2353501,0.5772663,1.2874829,1.7409422,0.49633038,0.0,0.0,0.0,0.9999999,0.0,0.0,0.0,40.295437
314.9325,0.46347982,1.0229456,70.16795,25.747667,1.8662145,0.3313219,0.009062326,345.85196,297.21463,6.7156444,253.06102,2.090668,2.5677056,0.65375775,1.3763621,1.7715821,-0.38616365,0.999848,0.0,0.0,8.940697e-07,0.0,0.0,5.3346157e-06,569.16095
2.6599486,0.0032248262,1.0216365,71.18766,16.913164,4.5257826,4.4523005,0.32149392,20.244606,298.07275,4.8534675,272.39545,2.1156554,2.4945583,0.58882266,1.5170847,1.9522909,0.7045649,0.0,0.0,0.9940794,0.0,0.004635513,0.0,0.0,0.38952398
15.490542,0.053936996,23.480911,60.402462,35.332508,7.69634,0.10109088,7.8855424,7.114985,298.6928,6.4460564,254.96324,1.8997221,2.2408352,0.5837347,1.289929,1.7409667,0.511323,0.0,0.0,0.0,1.0,0.0,0.0,0.0,1.7463062
52.824303,0.1386336,31.392534,63.75326,33.713177,7.4668174,0.19153026,7.5080423,32.72725,298.13995,6.421833,253.78912,1.8961426,2.2415543,0.58456963,1.2898355,1.7304997,0.49279442,0.0,0.0,0.0,0.9999999,0.0,0.0,0.0,0.6229037
1.324824,0.00583782,1.02239,72.48104,13.529981,4.6217127,2.6418414,7.9019175,19.344736,297.8388,5.190264,267.27127,2.1045551,2.4163642,0.58493924,1.5054357,1.9013579,0.6240593,0.0,2.682209e-07,0.7985851,0.0,0.3082628,0.0,0.0,0.27111626
32.121094,0.29382163,5.523385,78.92507,13.132512,3.1939392,0.7149551,17.389654,17.059565,297.35147,5.9213815,251.6564,1.9919086,2.2209132,0.5887803,1.425768,1.7619487,0.5365658,0.0,2.9802322e-08,5.9604645e-08,0.1195637,0.8640862,0.0,0.0,0.43057105
75.5131,0.09076267,1.1067036,53.134323,36.207848,1.9470499,1.6637318,0.008,42.93335,298.6851,4.7614202,277.8469,2.1293364,2.560115,0.58200383,1.528897,2.0008783,0.7596687,0.0,0.0,0.9999999,0.0,0.0,0.0,0.0,142.50768
37.17934,0.007944588,1.0454074,74.05916,20.231853,5.0669503,5.4294024,0.12307555,18.228682,299.2143,4.9022636,276.93524,2.1268976,2.5389395,0.5955527,1.5240784,1.990896,0.74060726,0.0,4.4703484e-07,0.9999801,0.0,0.0,0.0,0.0,3.1357286
12.753512,0.027221981,1.2531431,70.607155,16.91666,2.896519,3.0995157,0.7327218,21.39519,297.87695,4.1962776,264.05246,2.0888746,2.388778,0.58961004,1.5079749,1.879099,0.5930006,0.0,0.0,0.39129603,0.0,0.66660666,0.0,0.0,0.48188898
399.67154,0.54791576,1.3967434,85.12012,7.228038,1.9325837,0.038773037,5.283167,39.48369,296.81717,5.4016542,255.35954,2.1037688,2.5736275,0.6583793,1.3900045,1.7577882,-0.14426215,0.87160325,0.13530162,0.0,0.0,0.0,7.650256e-05,0.0,7.5925126
659.1887,0.4812456,10.317275,76.16838,13.739437,2.5561821,2.1012459,0.06615086,6.2855945,298.09277,4.840032,202.22523,1.6701896,2.0903451,0.49079585,1.2608459,1.4181706,-0.41447365,0.16467172,0.0,0.0,0.00012040138,0.0,0.0,0.9057188,57.153988
630.6233,0.37274444,1.0813875,71.414116,4.8105803,2.7012305,0.28275216,0.38564992,18.515572,295.97604,4.5744424,252.43698,2.0898154,2.5637765,0.6517102,1.3722342,1.7416769,-0.3473908,0.9999989,0.0,0.0,0.0,0.0,0.0,0.0,10.197977
1132.6458,0.69500273,1.3890939,70.2987,8.16779,4.6930885,1.1617374,0.11892873,2.1580482,299.32077,5.9120927,252.09929,2.0907977,2.5582695,0.65242875,1.370745,1.7437348,-0.33417445,0.9999995,0.0,0.0,0.0,0.0,0.0,0.0,27.95605
65.56924,0.058607087,9.97365,74.934044,23.591722,2.8477912,0.53836745,2.8145156,55.97129,298.2594,4.623789,253.7289,1.8959035,2.2283125,0.5799647,1.2896659,1.7241832,0.48846766,0.0,0.0,0.0,1.0,0.0,0.0,0.0,7.8437476
0.5246625,0.6206805,1.0409775,83.23475,9.647581,0.6767544,0.34945306,19.993633,1.3090265,298.3267,6.687759,255.45447,2.0713186,2.2948003,0.600102,1.5087644,1.7926838,0.5633268,0.0,0.0,0.0,0.0,0.9999999,0.0,0.0,0.22200966
2408.5457,1.2197441,1.1965814,77.85602,12.2266,1.8743982,0.30485737,0.009719502,4.0072417,296.07632,6.252845,212.23726,1.8383272,2.211195,0.54245794,1.2848727,1.4727191,-0.4545262,0.6050927,0.0,0.0,0.0,0.0,0.0,0.31309456,150.90755
144.67946,0.10120784,3.4010289,77.92377,19.406427,1.1136699,1.5656412,0.3935134,55.097557,298.40033,3.7909486,253.27174,1.8889726,2.221553,0.5789777,1.2867436,1.7304087,0.48544285,0.0,0.0,0.0,0.9999999,0.0,0.0,0.0,34.02144
141.48166,0.12115365,8.676177,61.46904,38.930252,2.368512,0.8762484,3.0723193,30.867077,299.14325,5.996345,253.1529,1.887808,2.2195268,0.5772825,1.2914176,1.7207408,0.4763002,0.0,0.0,0.0,1.0,0.0,0.0,0.0,5.762666
366.55072,0.02032692,1.0286163,69.52164,1.6855513,1.0354205,0.001972621,0.06376108,47.20555,309.00943,4.929985,255.96344,2.122132,2.5184786,0.6773044,1.4100728,1.7037344,0.7566189,0.0,0.0,0.0,0.0,0.0,0.9999865,0.0,0.76260257
14.063669,0.16387205,14.36398,69.5984,25.950352,7.034437,2.541314,5.488784,23.390324,297.53275,7.1198835,255.30998,1.8964276,2.2383215,0.58372915,1.2944987,1.7513958,0.5039573,0.0,0.0,0.0,0.999959,0.0,0.0,1.1920929e-07,0.50723726
602.904,0.41266567,1.021644,38.596184,54.63489,3.279519,1.9939258,0.010208065,4.7062573,301.9812,6.740942,253.01787,1.8890091,2.2453473,0.5828713,1.2895042,1.7408233,0.5048306,0.0,0.0,0.0,1.0,0.0,0.0,0.0,293.688
5.695569,0.021113934,1.6532619,68.13221,27.08488,3.887201,1.7761095,6.7461295,27.519966,298.81763,5.7666287,271.07684,2.1119561,2.5822349,0.62853247,1.4652727,1.919017,0.45176986,2.9802322e-08,0.8900701,0.105287224,2.0861626e-06,0.00042968988,1.847744e-06,6.2584877e-07,0.6068029
125.787575,0.11286448,2.7413547,84.995514,10.797204,1.3950979,1.5994469,0.14327583,28.936604,297.21667,3.8045819,255.56487,1.9040006,2.233819,0.5862599,1.2902333,1.742452,0.49751902,5.364418e-07,0.0,0.0,0.999838,0.0,0.0,1.013279e-06,25.786644
65.88366,0.3926877,1.0226792,62.634632,22.813616,1.6195798,0.22448681,0.0080750715,399.10214,295.7228,8.0007515,259.52237,2.0912454,2.5777168,0.659792,1.3733534,1.7782699,-0.34248614,0.9997603,0.0,0.0,7.721782e-05,0.0,0.0,2.9802322e-08,604.80835
263.68634,0.17561792,17.497223,51.059044,22.7141,3.689015,5.6489625,0.052858386,5.617439,299.38196,4.6731877,178.4556,1.5235924,1.8705544,0.42244163,1.2093601,1.2536058,-0.47995713,0.0,0.0,0.0,0.0008651614,0.0,0.0,0.9996208,21.862247
142.81364,0.023357812,3.5817509,39.66425,46.668163,1.8960807,2.287399,0.23136605,34.027145,279.66705,8.65633,253.5621,1.8872778,2.2442136,0.57988495,1.2891448,1.7354329,0.49843523,0.0,0.0,0.0,1.0,0.0,0.0,0.0,240.05571
266.3583,0.14748311,4.070925,81.7256,9.960389,1.4542421,0.69360685,2.6355956,54.296036,300.3034,4.0350895,257.59143,2.0884342,2.5034757,0.65396255,1.4082863,1.7644405,0.56414765,0.0038547814,0.17179155,0.00031754375,0.00800997,0.0007138252,0.86215574,2.4139881e-05,5.968413
437.4113,0.0912766,1.6488624,52.215366,32.940914,1.4055332,1.6458051,0.037762996,84.63399,281.34686,6.847678,253.72421,1.89107,2.2329772,0.5768201,1.290586,1.7336996,0.4883916,0.0,0.0,0.0,1.0,0.0,0.0,0.0,309.41016
286.84006,0.17896351,1.997306,59.64853,19.374172,3.9908626,1.7011766,0.4642698,1.3404938,298.85727,8.637631,253.01567,2.0915701,2.561279,0.65586513,1.3744256,1.735717,-0.3490005,0.99996686,1.1920929e-07,0.0,0.0,0.0,0.0,0.0,5.6085114
27.99819,0.21764079,1.9986532,72.408936,11.936461,2.5205684,1.3512939,17.734701,28.205454,298.056,5.5265894,247.66202,2.03391,2.2337956,0.59251404,1.472198,1.7584677,0.52292293,0.0,2.9802322e-08,1.013279e-06,0.0005816221,0.9970996,0.0,0.0,0.49994528
424.3571,0.45836598,2.0147364,87.803276,5.7783093,2.8882153,0.2904246,1.2372437,24.903389,298.00385,5.6469283,252.35396,2.0880451,2.5610046,0.6546221,1.3668367,1.7447128,-0.33631262,0.99989855,7.95722e-06,0.0,0.0,0.0,0.0,0.0,8.740276
928.3174,0.41168588,1.1572978,57.150696,14.130865,3.0216978,2.1112309,0.02775759,0.21660991,299.40448,8.093471,253.24771,2.0965002,2.556738,0.65454394,1.376445,1.7504959,-0.3434272,0.99999964,0.0,0.0,0.0,0.0,0.0,0.0,22.061068
61.54235,0.24827161,5.9023666,21.058655,19.681452,1.0089778,3.579798,0.047703452,65.37112,302.96628,4.42482,252.84549,1.9348305,2.262692,0.58881426,1.3310951,1.7325119,0.52637684,0.0,0.0,0.0,0.95587826,0.0075474977,0.0003631413,0.0,83.972496
4.12884,0.15230517,29.447779,65.52487,31.874489,6.9612126,0.016880559,6.7344427,2.887458,298.48438,6.520962,255.0904,1.9014859,2.2448158,0.5862901,1.2900347,1.742811,0.5044109,0.0,0.0,0.0,1.0,0.0,0.0,0.0,0.28668708
654.7087,0.3631979,1.0666362,24.66076,12.773868,1.300688,0.6462019,0.15409034,19.440508,305.25787,6.7321367,253.41754,1.8909023,2.2330058,0.5777471,1.2887466,1.7403672,0.43705177,0.00015676022,0.0,0.0,0.99896455,0.0,0.0,1.4603138e-06,218.05188
978.70416,0.3335898,1.2268755,58.67871,14.127927,1.7106191,0.09084724,0.008053027,43.75143,296.60782,5.4018908,268.84375,2.1271794,2.5169694,0.6348026,1.4790397,1.8972129,0.75917935,0.0,0.0,0.8257669,0.0,0.0,0.22729689,0.0,319.1482
49.673695,0.92893314,241.65607,65.418365,24.512201,3.1924748,0.915759,1.9208655,17.172941,297.63205,5.7366557,254.23932,1.8959395,2.2534971,0.58220327,1.300121,1.7405919,0.4767943,0.0,0.0,0.0,0.99932283,4.5835972e-05,0.0,0.0,3.0124412
85.51238,0.15456723,1.3492014,19.107677,25.41861,0.610704,1.0571051,0.5085991,170.91075,301.76443,5.32601,253.32257,1.8914126,2.2344468,0.58007824,1.2915713,1.7352673,0.4976399,0.0,0.0,0.0,1.0,0.0,0.0,0.0,25.947598
1550.6553,1.1348757,1.0999141,76.17494,17.945383,2.0047035,0.23647004,0.009196978,149.23784,295.4612,6.867414,219.19614,1.8402566,2.251582,0.5487496,1.285539,1.5512812,-0.2959035,0.3399475,0.0,0.0,0.0025405586,0.0,0.0,0.45183948,359.57513
45.61179,0.044047978,9.427982,62.874172,23.551731,3.617315,2.1976416,2.885556,9.727785,299.28622,8.155408,252.64252,2.0844328,2.5669878,0.649752,1.3749593,1.7393358,-0.28888968,0.9950559,0.0029965043,0.0,0.0,0.0,0.0,6.556511e-07,4.0008597
1189.8217,0.5752215,6.666327,68.0325,11.596866,3.9314606,1.39778,0.17255682,3.1342504,298.1203,5.7266917,252.31232,2.083453,2.5528853,0.65192467,1.372205,1.7420685,-0.33813363,0.99936575,0.0,0.0,0.0,0.0,0.0,2.759695e-05,51.1437
763.0676,0.3534601,3.1309085,87.75432,9.087594,1.360913,0.66328937,2.7143567,35.21134,299.3822,4.5663137,268.94775,2.118445,2.5543354,0.6351863,1.4656562,1.8879042,0.64734083,1.5497208e-06,0.23933709,0.4117522,0.0,0.0,0.13432455,0.0,20.206165
355.14334,0.13810426,4.029929,49.933292,44.487484,1.5283357,2.165006,0.33186278,24.167841,288.341,6.5316105,254.51454,1.8932079,2.230775,0.5798252,1.2923324,1.7360065,0.49353644,0.0,0.0,0.0,1.0,0.0,0.0,0.0,190.22218
51.27625,0.06028233,7.031166,62.473255,23.367044,3.4690466,4.582497,0.9391937,51.582527,298.0927,4.2965193,262.79385,2.0873098,2.4115872,0.59007895,1.4842645,1.8683726,0.60386777,2.9802322e-08,0.0120688975,0.4729611,0.0003271401,0.5743712,0.00032663345,3.33786e-05,11.804368
739.9606,0.19082233,1.0313565,51.29101,5.8441153,1.0993693,0.5001698,0.65748435,49.90298,306.5886,6.1307044,249.77649,2.082789,2.5542417,0.64957744,1.3647742,1.7328274,-0.3493089,0.99986076,0.0,0.0,1.8179417e-06,0.0,0.0,0.0,43.472343
1120.7222,1.0893891,1.0226945,45.88311,36.087185,7.046032,0.5521473,0.015881944,13.239694,306.54352,5.3492713,255.42552,1.8792658,2.2149055,0.5768184,1.2872174,1.7379321,0.50376254,0.0,0.0,0.0,0.99999976,0.0,0.0,0.0,399.7797
85.92576,0.5454486,33.204914,38.392086,33.577923,3.2177157,6.425757,0.07705594,65.12723,297.076,4.244122,249.55415,2.0469966,2.248678,0.58978283,1.4700661,1.7608062,0.5321064,0.0,1.4901161e-07,2.0861626e-05,0.001282841,0.99726415,0.00018289685,1.4901161e-07,103.62354
539.35187,0.06348711,1.3865287,76.54102,3.577619,1.4346755,0.4841317,0.013835344,184.26027,282.5497,5.097648,254.02422,1.8949507,2.2258651,0.5828421,1.2902677,1.7306141,0.49762246,0.0,0.0,0.0,1.0,0.0,0.0,0.0,383.18497
13.2064705,0.83227074,122.590195,62.18046,21.45778,3.934117,1.7662078,10.788037,24.92475,298.05426,6.0229115,252.58284,2.016107,2.2613358,0.59442616,1.448884,1.7838748,0.51456183,0.0,0.0,0.0,0.027505934,0.98122245,0.0,0.0,0.6050119
11.862008,0.22760792,37.043716,68.36408,30.67108,7.1544533,0.038350776,7.4612994,8.461977,298.51904,6.717462,255.48158,1.9024622,2.247257,0.5842123,1.2900424,1.742303,0.5065184,0.0,0.0,0.0,0.9999999,0.0,0.0,0.0,0.27120763
682.7452,0.28593913,1.8167894,64.27441,17.890701,1.6427573,1.523182,0.046356928,42.7886,290.602,4.3061543,254.82074,1.8874327,2.2372541,0.57836425,1.2929585,1.7386566,0.48926112,0.0,0.0,0.0,1.0,0.0,0.0,0.0,351.1205
53.993896,0.109361924,15.238179,59.470158,37.550262,6.9867268,0.08519061,7.2812676,0.67656916,298.88773,6.820682,255.43166,1.8965727,2.2358432,0.58283174,1.2937355,1.7337556,0.50856084,0.0,0.0,0.0,1.0,0.0,0.0,0.0,2.7521415
230.10097,0.25545773,1.6741405,92.263725,2.2952526,2.160355,0.4052092,0.27633885,9.052966,297.62903,5.221635,251.51698,2.0892508,2.5563102,0.6520074,1.3699452,1.7325003,-0.3424339,0.9999982,0.0,0.0,0.0,0.0,0.0,0.0,5.836116
237.34778,0.1270178,1.0518469,60.918232,2.912472,1.3686708,0.09767545,0.67950064,36.157627,291.68164,4.595133,251.05699,2.085395,2.5605316,0.6529087,1.3709741,1.7366599,-0.35413042,0.99999726,0.0,0.0,0.0,0.0,0.0,0.0,0.99806565
1737.7322,0.729924,3.4918885,80.82512,8.662189,1.8106086,0.7955672,0.011272774,1.186006,296.82117,6.334305,212.40935,1.8312796,2.1988,0.53484213,1.2888474,1.4573289,-0.4784044,0.67209667,0.0,0.0,0.0,0.0,0.0,0.334018,138.0403
38.13022,0.87106895,242.19267,72.80444,21.984613,6.4704385,0.9316599,4.0464168,10.160497,299.00583,6.4599257,255.96324,1.9087051,2.2452214,0.57987267,1.3056968,1.7402315,0.47772178,0.0,0.0,0.0,0.99466133,0.001201123,0.0,0.0,0.7895591
167.74693,0.20722668,1.1638972,21.123714,13.24322,0.7168834,0.6734998,0.3232563,72.225876,299.25137,5.1403236,254.3361,1.8804052,2.2247415,0.5788732,1.2872537,1.734274,0.48885363,2.9802322e-08,0.0,0.0,0.9999927,0.0,0.0,0.0,28.647692
10.143447,0.00890431,1.0834274,68.07834,20.105639,4.7812824,5.243504,0.058515582,23.25399,298.25278,4.5677214,274.19873,2.1177835,2.5128746,0.593126,1.520526,1.9649127,0.72024065,0.0,0.0,0.997799,0.0,0.0005470216,0.0,0.0,1.0415068
850.8505,1.1469694,1.0415788,63.82199,30.954967,4.1005263,0.3862432,0.013462368,157.27498,298.47778,5.631653,252.65642,1.9656609,2.331829,0.6079356,1.3102665,1.7347578,0.19797008,0.3433206,0.0,0.0,0.7106427,0.0,0.0,0.00012600422,447.49884
125.64173,0.54598284,18.340977,32.346104,26.936935,1.5176917,4.963496,0.058055617,69.762665,299.4241,4.40974,251.69011,1.9770262,2.257959,0.5946927,1.3713095,1.7416725,0.503191,0.0,0.0,0.0,0.61930424,0.41140795,0.0018610954,0.0,83.880646
146.69032,0.06735286,5.1874094,38.464554,54.641865,1.7370832,2.458432,0.6335746,7.1698027,283.83353,8.450005,255.05553,1.8919073,2.2290337,0.5802727,1.2932106,1.7482162,0.49171212,0.0,0.0,0.0,1.0,0.0,0.0,0.0,195.83986
1652.8939,0.5467626,1.0319425,59.87197,14.878654,1.1578374,0.123980686,0.0080005955,30.383028,298.35806,5.8238435,276.90262,2.1296532,2.5404792,0.5860074,1.5245411,1.9916759,0.759956,0.0,0.0,0.99999356,0.0,0.0,1.5199184e-06,0.0,499.76715
300.72272,0.46187663,1.3301649,77.38209,13.441714,1.899296,0.5923846,0.012163507,334.06375,297.58304,7.430705,255.04199,2.0604875,2.5120637,0.6403316,1.3527623,1.7545892,-0.1768178,0.98471665,0.0,0.0,0.012894601,0.0,0.0,0.00045272708,557.4038
4.4797983,0.006325038,6.014234,89.04034,10.445623,2.5188327,1.9239776,1.3074217,26.114582,299.2566,5.1293087,255.17516,2.0784485,2.5408685,0.65079486,1.3663981,1.7504792,-0.23738232,0.9842606,0.0005546808,0.0,0.008402079,2.9802322e-08,0.0,9.277463e-05,7.251014
29.477028,0.036937255,2.0801506,73.528496,14.740213,4.376837,3.2468832,8.1679735,60.32664,298.05087,4.8509226,260.64017,2.0655131,2.3609183,0.5802775,1.4782772,1.8411359,0.53245443,0.0,0.009806693,0.21217453,0.0003235638,0.68621314,2.5629997e-06,7.1525574e-07,1.0958037
624.9583,0.25854477,1.6330911,67.66196,16.506523,2.0915077,1.0150033,0.011444367,0.06375503,298.4246,7.9817166,242.11592,2.0385053,2.4704678,0.62108606,1.3424428,1.637821,-0.46758613,0.9992476,0.0,0.0,0.0,0.0,0.0,3.8146973e-06,12.335677
1380.2231,0.9703882,1.3886372,72.37699,14.727241,1.6145488,0.99519485,0.024250664,37.96149,297.6935,4.7903647,254.4934,1.8909607,2.239472,0.5821544,1.2914115,1.7352297,0.4858541,0.0,0.0,0.0,0.99999726,0.0,0.0,0.0,427.0986
0.68400466,0.09833869,1.0201522,85.9359,3.7682676,0.9776498,0.3778376,19.99403,13.683717,297.5181,6.3319407,252.47539,2.06896,2.2377582,0.59718686,1.4966216,1.7682827,0.5685462,0.0,0.0,2.9802322e-08,8.940697e-08,0.99996126,0.0,0.0,0.22356309
568.3383,0.33964786,8.778066,78.71744,12.031254,2.645926,1.5000477,0.050064642,3.7305083,297.1642,6.415891,227.65067,1.9429983,2.360205,0.58762664,1.3094664,1.567516,-0.3965279,0.9257998,0.0,0.0,2.9802322e-08,0.0,0.0,0.11462501,70.762436
178.00786,0.102459006,10.160339,56.3363,41.637383,2.2894347,1.643638,1.7071326,26.480116,296.37927,5.790791,253.86665,1.8895411,2.22982,0.5811688,1.2901666,1.734639,0.48672292,0.0,0.0,0.0,1.0,0.0,0.0,0.0,63.114033
120.86614,0.18972757,6.2579727,76.90624,13.701297,2.5540411,2.5539405,1.2406011,33.15717,297.9084,4.498079,253.65005,1.8968111,2.2318285,0.5819433,1.2899296,1.7264097,0.46576226,0.0,0.0,0.0,0.9999827,0.0,0.0,2.9802322e-08,5.8325157
10.976594,0.22932129,2.4871883,74.4096,12.420958,3.339049,1.5926007,16.104359,66.58754,297.78894,6.572047,255.48032,1.9055431,2.2675867,0.58666974,1.2896792,1.7419482,0.492657,0.0,4.053116e-05,0.0,0.997724,8.9883804e-05,0.0,3.0398369e-06,0.6029833
858.0478,0.59741503,1.0215907,62.176678,25.83472,1.8221979,0.15246396,0.008182317,28.14079,297.1619,6.794277,249.31349,2.0735533,2.5387797,0.6453279,1.3592116,1.7099816,-0.42108625,0.9998647,0.0,0.0,0.0,0.0,0.0,6.2584877e-07,361.69278
36.458546,0.0023177855,1.02,38.55512,1.1432667,0.55923367,0.0,0.008,7.2523804,288.95618,5.148839,255.24153,2.1298852,2.529097,0.6797638,1.3649728,1.6395944,0.76000005,0.0,0.0,0.0,0.0,0.0,1.0,0.0,0.515242
687.7389,0.49742633,1.5070355,55.849026,26.09996,1.0951058,1.7989209,0.14750725,38.42947,298.1575,4.2135463,254.30083,1.8934609,2.231007,0.58113146,1.2905835,1.7227062,0.50460154,0.0,0.0,0.0,0.99999976,0.0,0.0,0.0,215.25908
20.681036,0.025413824,5.2089195,90.73054,7.525426,2.1871781,0.9255857,2.117543,31.571718,298.31317,5.070812,254.02856,2.0752697,2.549937,0.6468179,1.3662174,1.7508531,-0.19496845,0.94912255,0.019995153,0.0,0.0025906563,3.5762787e-07,2.5629997e-06,1.4781952e-05,4.097922
1061.4889,0.5428808,1.0353754,55.308826,10.285155,4.8010583,0.053839363,0.47011763,2.390644,297.47916,5.0845027,254.17728,2.0967207,2.5733786,0.6545411,1.3759197,1.7507273,-0.3526417,0.99999917,0.0,0.0,0.0,0.0,0.0,0.0,4.5417633
23.949175,0.003755295,1.0201979,75.611305,19.009048,2.9746609,4.9597387,0.008190659,17.685024,299.2207,4.5551176,278.17322,2.1297367,2.5368307,0.58779263,1.5295404,2.0031617,0.75941104,0.0,0.0,1.0,0.0,0.0,0.0,0.0,3.6545734
4.9631023,0.4089491,2.0764437,70.90439,14.033688,1.9943924,0.48748395,19.122265,20.34226,298.0059,6.119776,255.72992,1.8938417,2.2466757,0.583804,1.2891611,1.7467448,0.49229696,0.0,0.0,0.0,0.9999789,2.9802322e-08,0.0,0.0,0.24383076
898.97473,0.58147275,5.9442153,60.404957,16.076382,4.2827835,1.7911029,0.9737363,4.3046083,299.2449,6.0898466,251.20557,2.0756805,2.5549033,0.64884645,1.3675545,1.7271533,-0.32935086,0.9994435,9.983778e-06,0.0,0.0,0.0,0.0,5.364418e-07,44.6632
275.06253,0.27338645,2.5394876,61.398933,28.82771,0.81663597,1.3551551,0.46024808,94.71186,297.7029,4.022041,253.28442,1.8859305,2.2341456,0.57702273,1.2863759,1.7301617,0.49905622,0.0,0.0,0.0,1.0,0.0,0.0,0.0,45.30992
11.594375,0.0128636705,5.3286195,89.00247,13.156017,2.7452536,1.5323287,0.4562943,22.150928,298.05664,4.162704,252.38254,1.961694,2.341989,0.6092819,1.3184267,1.7237228,0.26261267,0.187462,7.7962875e-05,0.0,0.8662334,1.1920929e-07,0.0,0.00045862794,8.072102
42.713284,0.09335201,12.764335,54.874607,43.423058,4.3152223,0.15634455,6.3110676,23.755417,298.6496,5.4609504,254.22664,1.8881415,2.236949,0.5776331,1.2926347,1.7341995,0.50804824,0.0,0.0,0.0,1.0,0.0,0.0,0.0,1.1649039
86.81422,0.3519278,74.12398,60.192116,31.54643,3.2983208,0.5678225,5.1854734,63.84434,298.20166,5.114311,253.50525,1.8932732,2.2532773,0.58411974,1.2887336,1.7254663,0.4886054,0.0,0.0,0.0,0.999997,0.0,0.0,0.0,1.838927
33.590286,0.07493303,12.586771,69.417755,18.445581,4.692748,4.6048627,0.6899362,20.083252,298.83752,6.018451,247.24724,1.8692324,2.2067702,0.57130903,1.2753545,1.6830044,0.44130006,0.0,0.0,0.0,0.98540014,0.0,0.0,0.0049526095,6.6455064
343.22983,0.23989852,10.036605,67.47556,18.63778,2.8785825,2.86504,0.019031387,3.4035583,297.8136,5.581502,187.60501,1.5632867,1.9421436,0.44569147,1.2311321,1.3092774,-0.4797648,0.020011812,0.0,0.0,2.9802322e-08,0.0,0.0,0.9935455,98.402176
21.369862,0.01879323,5.9405766,41.91111,36.4519,5.0471153,2.1163652,1.612983,1.231562,299.50143,8.643859,248.94765,2.0735865,2.5406814,0.6446294,1.3599949,1.6988233,-0.36146578,0.996843,0.00014045835,0.0,0.0,0.0,0.0,3.07858e-05,2.8749537
34.197006,0.045256298,2.744917,67.906715,29.853287,3.0951917,2.3910518,5.2650824,10.3854885,298.52496,5.3237762,272.4659,2.1178634,2.575677,0.6201569,1.4874772,1.943228,0.5538845,2.9802322e-08,0.45079133,0.66561353,0.0,0.0,2.7388334e-05,2.9802322e-08,4.3680353
794.03,0.36295015,1.0975621,43.274464,52.581593,1.809434,1.9252359,0.015044834,11.810802,285.15527,6.4000015,253.4808,1.8848681,2.229248,0.571542,1.2918472,1.7265673,0.4849787,0.0,0.0,0.0,1.0,0.0,0.0,0.0,281.51712
282.13388,0.12831838,10.148975,58.582222,36.405376,2.5988557,1.777986,1.9444357,16.011,294.09854,7.1649666,253.42458,1.8817446,2.2208085,0.5790301,1.293316,1.7356011,0.48682332,0.0,0.0,0.0,1.0,0.0,0.0,0.0,62.074753
226.46867,0.20765999,3.531522,84.37302,11.715046,1.7841468,1.5850652,0.19060504,25.264904,297.26843,4.2927957,254.51558,1.9184197,2.2856207,0.59047973,1.2974688,1.7289289,0.40361702,0.021355182,1.8775463e-06,0.0,0.98802024,0.0,0.0,0.00013872981,24.923504
247.66919,0.039703257,1.0324221,45.59164,2.3405535,1.4845093,0.030858751,2.487174,58.93942,300.91644,5.182527,251.68973,2.0860527,2.5437706,0.65788454,1.3693988,1.7290815,-0.31222624,0.99653804,5.9604645e-08,0.0,0.0,0.0,0.0021012425,0.0,0.41825327
264.86737,0.5660248,1.2532953,72.415474,23.565458,1.280411,0.46190864,7.948024,45.944046,298.7459,7.092714,270.89883,2.119623,2.5974503,0.6334954,1.4705523,1.9354112,0.45267436,2.9802322e-07,0.83701116,0.13934028,0.0,0.0,3.695488e-06,0.0,46.496906
161.36583,0.07567339,1.7394403,47.08315,3.192724,1.209938,0.02592617,3.2371418,50.861664,289.24442,4.4330225,253.0691,2.0926385,2.5384696,0.66254777,1.3801885,1.7192441,0.04006897,0.865497,0.00032895803,0.0,0.0,0.0,0.2552052,0.0,0.86269814
1081.0232,1.4103522,1.0558658,67.701614,25.865555,6.0660944,0.19634382,0.008506437,138.77684,296.09427,4.728592,254.20273,1.8954766,2.2378693,0.5867707,1.2865856,1.7426318,0.503852,0.0,0.0,0.0,0.9999963,0.0,0.0,0.0,380.02637
130.71552,0.04811912,4.427323,34.363464,55.409657,1.6106306,2.7378812,0.35636598,10.660923,281.63593,8.69011,255.21654,1.8935361,2.2272155,0.5742859,1.2913558,1.7366974,0.47769788,0.0,0.0,0.0,1.0,0.0,0.0,0.0,189.2404
130.15335,0.028172225,1.035383,68.49495,26.489042,3.0207112,4.2259316,0.077513516,17.384691,298.98706,4.4774103,276.67102,2.128148,2.543168,0.5938075,1.5232298,1.9902219,0.74982435,0.0,7.748604e-07,0.99997914,0.0,0.0,2.9802322e-08,0.0,17.246447
233.1379,0.1768399,10.968074,73.62778,15.031569,3.3741577,1.9111944,2.1673698,21.725607,298.08044,5.9610753,250.7677,2.0676067,2.5436494,0.64064324,1.3693632,1.7086539,-0.29896,0.9884602,0.0026892722,0.0,7.897615e-06,0.0,2.0861626e-07,0.000105559826,12.722334
1637.0387,0.5791625,2.1369636,67.54454,14.791892,2.470332,0.4339032,0.015684137,0.07001273,299.4102,6.9865303,223.9094,1.9550838,2.3319888,0.5792942,1.3123902,1.5179006,-0.49018455,0.9216063,0.0,0.0,0.0,0.0,0.0,0.009310633,12.309487
134.90906,0.052658666,12.036255,53.475513,33.882988,3.4719033,1.6771928,2.938702,7.765059,289.98874,7.883608,254.07199,1.878015,2.236333,0.57857937,1.2918767,1.749214,0.48164627,0.0,0.0,0.0,1.0,0.0,0.0,0.0,100.51661
1.8918587,0.06426406,22.038887,64.958694,33.961876,7.4804573,0.04376439,8.305167,0.6239329,298.14047,6.513341,257.11447,1.9046435,2.2538252,0.58782,1.2989981,1.7533703,0.52312946,0.0,0.0,0.0,1.0,0.0,0.0,0.0,0.35851026
21.356565,0.08310948,1.6062907,76.90417,10.071678,3.9278069,1.4973428,14.991772,32.027588,297.37817,5.1284614,251.71382,2.042699,2.265744,0.5800497,1.4676023,1.7784312,0.5297281,0.0,0.0011166036,0.003764391,0.00089529157,0.9751371,5.066395e-07,1.1920929e-07,0.97536737
95.43747,0.033004113,1.0639645,23.800129,3.8956287,1.35772,0.021553963,1.3072125,7.2214375,298.7171,5.251479,252.17047,2.1020977,2.492487,0.66805303,1.3972465,1.7010009,0.541764,0.020703018,4.4703484e-07,0.0,0.0,0.0,0.9888787,1.3411045e-06,2.5091124
3.816854,0.70951986,50.666267,80.672745,17.731783,3.2272599,0.30813527,18.80037,2.9288068,298.3548,6.0213623,254.87387,2.0099373,2.2685966,0.59307367,1.4316024,1.7652042,0.512566,0.0,0.0,0.0,0.098270565,0.92828476,0.0,0.0,0.23769015
0.5049731,0.8272312,1.0201979,92.60883,2.343244,0.4970686,0.17398736,19.999994,0.086842984,299.12454,4.93357,256.5968,2.0622175,2.238802,0.5959929,1.497712,1.8063366,0.5428067,0.0,0.0,0.0,0.00011083484,0.99995947,0.0,0.0,0.22190002
846.33844,0.33505464,1.2375926,75.801605,15.713111,1.2736361,1.9303248,0.02575925,31.393404,298.9094,4.996367,275.9903,2.12776,2.5450592,0.5939408,1.5193676,1.984008,0.75424975,0.0,1.1920929e-07,0.9998777,0.0,0.0,9.715557e-06,0.0,133.5888
100.037384,0.078595705,1.4284915,19.565287,13.950579,0.75175303,0.52818847,0.34957257,75.28437,300.29337,6.0084,255.92401,1.8855246,2.199128,0.579908,1.2857738,1.7339175,0.532996,1.5497208e-06,8.940697e-08,0.0,0.9993069,0.0,4.7177076e-05,7.748604e-07,3.6332092
287.54898,0.13032305,1.0860077,63.446114,24.340982,2.2136688,2.2552485,0.029226853,35.401314,298.3954,4.9073095,276.35297,2.1278396,2.5535853,0.5939382,1.5214587,1.9856404,0.7511725,0.0,1.7881393e-07,0.9999664,0.0,0.0,5.9604645e-07,0.0,173.49495
51.545303,0.012774749,1.0464959,74.8306,21.134665,3.5132189,5.282858,0.039169695,22.049852,299.05447,4.57151,277.1279,2.1280386,2.5408401,0.59471077,1.5248444,1.9938542,0.7486697,0.0,1.1920929e-07,0.9999933,0.0,0.0,0.0,0.0,4.798883
196.51276,0.16893265,3.2936826,89.173874,6.50854,1.7284663,1.6835496,0.09844127,35.873062,297.6959,5.764825,252.78795,2.0880148,2.563641,0.6562516,1.3747728,1.739467,-0.3247513,0.9995491,0.0,0.0,1.4334917e-05,0.0,0.0,9.030104e-06,188.40193
34.281956,0.06703761,2.1519432,65.61661,29.277477,2.32775,0.7639682,11.460272,5.4600906,298.00186,7.54839,267.19766,2.1113272,2.6065645,0.6488618,1.4320797,1.8820403,0.2461201,2.7924776e-05,0.9937983,0.00011482835,0.0,0.0,2.0563602e-06,0.0,4.0169244
7.599251,0.0060451394,1.0541608,74.16332,19.34593,4.5780225,5.0990696,0.8948227,28.927116,298.39044,4.617463,274.75064,2.1209593,2.5168493,0.59096986,1.518119,1.968236,0.69473076,0.0,2.7418137e-06,0.99919444,0.0,0.000118762255,0.0,0.0,0.7173704
737.9537,0.5485831,6.7027793,80.71264,7.853059,2.7674444,1.2752,0.23643936,10.17064,297.4533,5.596225,251.8657,2.0864336,2.557589,0.65248924,1.3744342,1.7412673,-0.3381186,0.9992312,2.9802322e-08,0.0,2.0861626e-07,0.0,0.0,5.683303e-05,48.82149
5.9135733,0.50075567,1.8651001,72.75929,10.0091715,1.7928541,1.1277163,19.722816,36.234722,298.65497,6.5102453,255.09573,1.8865144,2.2445767,0.5864778,1.2925539,1.7365475,0.49616414,0.0,0.0,0.0,0.99743444,0.00030329823,0.0,0.0,0.23931667
1004.1507,0.27318817,1.086137,61.920876,5.6237097,0.9608404,0.018424451,0.029668942,44.90328,295.47723,5.098373,264.877,2.1263053,2.518879,0.6589497,1.4409183,1.8195893,0.7572473,0.0,5.9604645e-08,0.039727867,0.0,0.0,0.96209663,0.0,44.209656
488.79272,0.64052534,1.0200609,44.03583,43.63012,6.7445364,0.28159526,0.025167018,80.05139,304.05713,4.9019613,249.96281,2.090545,2.5698574,0.65733,1.3708962,1.7500732,-0.37514207,0.9999435,0.0,0.0,2.2053719e-06,0.0,0.0,0.0,377.90823
239.62485,0.102991946,1.2977319,33.78457,57.143085,1.1425234,3.142629,0.03199021,6.8664885,280.21445,8.576093,254.00883,1.8937291,2.2331583,0.57727706,1.2889812,1.7306029,0.48944518,0.0,0.0,0.0,1.0,0.0,0.0,0.0,177.7119
532.9782,0.099203914,1.0907878,68.66255,3.073092,1.182247,0.0069595645,0.008678625,31.636917,306.3985,4.8123055,253.4865,2.1242805,2.5235476,0.6758587,1.3966671,1.660883,0.75873953,0.0,0.0,5.662441e-07,0.0,0.0,0.9999846,0.0,11.983433
36.777637,0.03178913,12.706258,73.83669,24.667164,5.243384,0.43962917,4.8659625,29.661974,298.58554,5.4445896,253.4643,1.8938138,2.2381809,0.5811194,1.2920693,1.7303197,0.4790915,0.0,0.0,0.0,1.0,0.0,0.0,0.0,7.2979646
715.14777,0.30255553,1.5422696,82.40281,3.4506493,1.5133585,0.22902298,0.0099649755,213.16031,289.3173,5.6249537,252.04066,1.884702,2.2252054,0.5722659,1.281449,1.7196529,0.46690202,0.0,0.0,0.0,0.99823534,0.0,0.0,0.00018674135,340.91217
1397.7288,0.5815909,1.2791519,72.869194,11.143025,1.2395276,0.14190795,0.0080095325,28.367857,300.32425,5.4346023,274.15765,2.128576,2.5271287,0.61227596,1.5088158,1.9593456,0.75960034,0.0,0.0,0.9948878,0.0,0.0,0.0068309903,0.0,267.38382
275.54523,0.2040775,1.4814453,36.52401,57.075558,0.9987946,2.6495163,0.095321625,6.1402016,283.1154,8.552847,254.4469,1.8915534,2.2407482,0.57960093,1.2908751,1.7342128,0.49758366,0.0,0.0,0.0,1.0,0.0,0.0,0.0,200.28307
1.3188359,0.48695585,1.0208677,83.330536,3.9133992,0.6881682,0.7339191,19.99909,11.587492,296.9768,6.462703,252.4457,2.059022,2.2524064,0.60103863,1.4818892,1.7745386,0.5736815,0.0,0.0,0.0,0.0015308261,0.9993864,0.0,0.0,0.22425756
475.41733,0.18552534,4.1950626,74.18727,18.241888,2.1535904,3.2631085,0.059588037,44.88379,299.02145,4.4850564,271.92938,2.119814,2.5334365,0.60255456,1.5068425,1.9450973,0.7241468,0.0,9.447336e-06,0.99013585,0.0,3.1590462e-06,0.001675576,0.0,81.214485
834.1348,0.66392004,1.0255259,81.89834,6.318384,2.0841846,1.447898,0.022003276,6.3479333,297.81064,5.5651436,251.7209,2.0929544,2.5631683,0.65651876,1.367264,1.7432151,-0.34235173,1.0,0.0,0.0,0.0,0.0,0.0,0.0,232.71785
7.36856,0.0080146,1.1046941,64.07639,29.540117,4.2184553,4.481025,0.09728958,19.719315,298.82825,4.739483,273.3525,2.1140735,2.493913,0.582395,1.5140697,1.957359,0.71796876,0.0,1.7881393e-07,0.99635386,0.0,0.0007173717,0.0,0.0,1.2673386
231.83981,0.10399937,1.1894797,32.381966,3.7413614,1.4004471,0.0028956067,1.5872786,44.39842,287.49988,4.7729216,253.95157,2.1152503,2.527338,0.67048365,1.4026537,1.7060441,0.6817803,0.0001668632,0.001514405,1.3411045e-06,0.0,0.0,0.9982792,0.0,2.074317
1343.2537,1.1829098,1.2054716,78.83371,10.098001,1.3986042,0.43102285,0.010593553,66.89791,295.72537,4.9862137,253.95929,1.8897036,2.2335489,0.5789838,1.2853657,1.7238482,0.5134621,0.0,0.0,0.0,0.99982905,0.0,0.0,3.5464764e-06,434.78494
1084.0999,0.5005024,1.58765,74.85943,10.543202,1.7530007,0.47205618,0.01569486,163.66396,292.78177,5.4380317,253.32083,1.8887577,2.2258575,0.5774149,1.2881632,1.7271947,0.48804712,0.0,0.0,0.0,0.9999988,0.0,0.0,0.0,419.33475
407.15372,0.11752633,1.1095732,58.686516,23.534445,2.5999253,1.0008926,0.008013704,42.45085,298.39124,5.527669,276.57904,2.1288283,2.536714,0.58969176,1.5239459,1.9866443,0.7593588,0.0,0.0,0.99998057,0.0,0.0,9.834766e-07,0.0,326.24994
5.822738,0.17735699,27.158842,68.97964,28.930574,6.968227,0.024226831,7.6659694,0.51997155,298.16037,6.5977726,256.1671,1.9022968,2.2424746,0.5855503,1.2936271,1.7445483,0.51551753,0.0,0.0,0.0,1.0,0.0,0.0,0.0,0.23471121
596.1956,0.42019215,4.41025,62.572456,8.800038,2.081442,0.65665126,1.7325377,31.467482,297.8847,4.441939,250.90044,2.0748389,2.544902,0.6486202,1.3682252,1.7228718,-0.29654282,0.9955988,0.0003091991,2.9802322e-08,2.8401613e-05,0.0,0.00018200278,5.8352947e-05,15.654713
1.15584,0.0074038,1.380782,50.59828,30.290092,2.8378525,0.7555556,8.00705,6.1840057,297.67377,7.69796,265.97546,2.1042273,2.6113708,0.6549075,1.4089257,1.8615392,0.21670493,7.7188015e-06,0.99591994,2.3841858e-07,0.0,0.0,0.0,1.5795231e-06,0.44159123
750.51715,0.66821593,1.0765846,84.042145,5.951604,2.366912,1.5221212,0.058019273,20.204592,298.0711,5.388026,252.03828,2.0884829,2.560808,0.65295666,1.3697325,1.7337358,-0.33492056,0.99999976,0.0,0.0,0.0,0.0,0.0,0.0,134.22516
8.124877,0.08571295,6.881332,56.464027,22.77953,5.2080793,4.5392704,2.8627527,37.859627,299.5923,6.207666,249.5584,1.8703434,2.2141244,0.56632406,1.2745026,1.689389,0.43470314,0.0,1.4901161e-07,0.0,0.99227345,5.9604645e-08,0.0,0.0024137795,1.4959118
141.5935,0.09554558,10.458775,45.672127,50.725132,2.535422,1.2241961,2.1338866,6.958566,289.20618,8.143987,254.02452,1.8894978,2.2306936,0.5794542,1.2960949,1.7375677,0.49290562,0.0,0.0,0.0,1.0,0.0,0.0,0.0,111.41695
1115.9971,1.3125067,1.1412526,80.65964,10.682404,1.812322,0.07301725,0.0080935415,360.4646,295.28998,6.752023,242.74132,1.8242669,2.1820452,0.5451174,1.2662188,1.6504881,0.30154744,2.9802322e-06,0.0,0.0,0.9460739,0.0,0.0,0.06017399,319.66254
1109.9271,0.5414785,1.2782918,55.35532,14.951681,4.7429757,0.9081027,0.10264291,0.8882703,299.62006,6.8800597,251.47816,2.0932412,2.5615566,0.65443325,1.375229,1.7474108,-0.33561307,0.9999993,0.0,0.0,0.0,0.0,0.0,0.0,11.439587
172.75565,0.087427735,1.1218888,43.710323,29.011972,4.075289,1.0368576,0.21745215,0.54143846,299.9504,9.2603855,254.23413,2.0972424,2.5786588,0.659945,1.3688734,1.751486,-0.32963073,0.99996793,2.3841858e-07,0.0,0.0,0.0,0.0,0.0,2.3166883
299.18146,0.16651611,2.6339095,85.44226,10.043481,1.2513598,1.3874035,0.087303236,34.09698,298.02246,3.8068948,254.60242,1.8940426,2.2309878,0.58271736,1.2912035,1.734069,0.500143,5.9604645e-08,0.0,0.0,0.9999633,0.0,0.0,8.940697e-08,170.74521
28.496414,0.034272224,22.572111,61.607025,34.629276,6.139677,0.54275644,6.2840476,25.675207,298.3404,6.2010055,254.04109,1.894979,2.236911,0.5828272,1.2920063,1.7312181,0.49177825,0.0,0.0,0.0,1.0,0.0,0.0,0.0,12.487529
6.7437763,0.020544114,1.0347512,32.90261,55.507027,0.59616905,3.7174182,0.025413683,10.728697,301.8235,4.145299,256.13995,1.8845875,2.2270453,0.58180386,1.293474,1.753792,0.5195631,0.0,0.0,0.0,1.0,0.0,0.0,0.0,136.73076
940.51117,0.3888615,2.3251069,80.32888,4.8314934,1.2194015,0.6534227,0.023195488,106.36794,291.93637,4.926999,252.91907,1.9003496,2.233745,0.5835428,1.2867613,1.7339443,0.5033327,0.0,0.0,0.0,0.9998448,0.0,0.0,2.2649765e-06,383.428
35.382225,0.0063244947,1.02,10.308382,1.582116,0.7059877,0.0026120406,2.0899804,28.451637,284.3794,4.9233656,252.8081,2.0909393,2.576496,0.65767264,1.3655429,1.7470945,-0.38275662,1.0,0.0,0.0,0.0,0.0,0.0,0.0,0.23034334
113.00103,0.09250368,16.088552,55.809006,41.772263,4.8832855,0.38970682,5.688069,8.8714695,298.02856,6.8785768,254.71777,1.894216,2.2295535,0.5816891,1.2929838,1.7345784,0.49916092,0.0,0.0,0.0,1.0,0.0,0.0,0.0,14.835836
18.939438,0.7191284,228.97281,77.58763,21.437355,7.105949,0.15581708,7.3582764,5.4427834,298.75293,6.520048,254.74287,1.8991209,2.2383523,0.58671474,1.2892183,1.7329327,0.49734583,0.0,0.0,0.0,0.9996695,5.8710575e-06,0.0,0.0,0.25931022
1563.1552,0.8375705,3.5904129,82.55731,9.356888,1.5576093,1.4066408,0.03026773,18.722315,296.52625,6.3538814,217.05934,1.8249514,2.250954,0.54303503,1.2883649,1.5266386,-0.3726034,0.5260773,0.0,0.0,0.00013422966,0.0,0.0,0.545047,277.65964
280.0802,0.1933508,7.708667,52.139484,25.774208,3.005376,2.2025573,1.0742652,5.4165726,300.38647,4.8634324,201.38231,1.6485435,2.0769782,0.4801029,1.258455,1.4218951,-0.36557996,0.023920357,0.0059654117,2.9802322e-08,2.5391579e-05,5.662441e-07,3.3974648e-06,0.9586801,8.746764
4.106004,0.14546354,20.473738,66.445206,32.94536,7.524547,0.061048992,6.9093356,7.422256,298.52127,6.5251193,254.93613,1.8970628,2.23107,0.58249635,1.2937821,1.7416699,0.5043096,0.0,0.0,0.0,1.0,0.0,0.0,0.0,0.23761705
181.4056,0.105917625,14.127061,56.52066,33.77374,3.3550107,1.8480148,3.2610564,7.4938803,291.6433,8.131764,253.63925,1.8879817,2.2360334,0.5813567,1.2953844,1.7516527,0.47897297,0.0,0.0,0.0,1.0,0.0,0.0,0.0,74.74003
564.3343,0.29815823,5.981801,53.85529,23.278435,4.0049043,1.6231008,0.26015133,0.34148988,300.05414,7.276141,235.20964,2.0150487,2.4296706,0.6120593,1.3312967,1.6185181,-0.44774687,0.9784418,2.9802322e-08,0.0,0.0,0.0,0.0,0.010305047,10.355422
226.63339,0.5051804,56.39265,49.396774,30.01764,2.9447467,5.182407,0.02389735,72.769905,299.135,4.4294047,254.29941,2.0708098,2.3115246,0.5961129,1.4822489,1.8135875,0.6183714,0.0,0.0,0.016044348,1.0430813e-06,0.98696667,0.00078958273,0.0,41.685043
29.924301,0.03208394,1.1017637,12.284224,11.287111,0.63348585,2.0148845,0.07746407,57.08039,310.20032,5.6906705,254.17055,1.8765769,2.2178397,0.5754317,1.2870245,1.7343682,0.4842777,0.0,0.0,0.0,0.99999213,0.0,8.940697e-08,0.0,88.67058
584.88336,0.9934769,1.1449138,73.551285,14.739971,2.794297,0.14380299,0.00854159,377.27643,297.60165,6.6013193,254.36731,1.9021567,2.2566893,0.589082,1.2963421,1.7388045,0.40220797,0.0064799786,0.0,0.0,0.9830024,0.0,0.0,4.503131e-05,476.6195
184.8138,0.12558882,3.719361,86.178055,9.715147,1.876001,1.4475372,0.034335908,52.059628,297.4909,5.3002515,248.81068,1.9164653,2.3042774,0.5883158,1.3044107,1.6992397,0.2525119,0.10688943,0.0,0.0,0.85704195,0.0,0.0,0.005165249,292.90588
973.7113,0.34404123,1.1242712,69.053116,7.4076967,1.2658435,0.025865344,0.008017874,32.34218,299.73206,5.388907,268.54547,2.128133,2.5190318,0.6497951,1.4754018,1.8810102,0.75970954,0.0,0.0,0.353356,0.0,0.0,0.6513393,0.0,305.90408
307.26895,0.214555,9.826982,62.329334,22.621365,2.8971052,2.2064586,0.51467574,4.1119423,298.54602,6.562508,229.07227,1.9428082,2.3872852,0.58816355,1.3109928,1.5719575,-0.3879357,0.8774876,6.735325e-06,0.0,5.9604645e-08,0.0,0.0,0.13348866,14.5470085
12.558851,0.034532074,2.5525033,33.123077,27.434973,3.1611197,4.660641,1.781602,13.735089,301.1834,5.222081,177.28177,1.5162659,1.8649781,0.42324895,1.2113134,1.2489744,-0.4737167,0.0,8.735061e-05,0.0,0.00029227138,4.762411e-05,0.0,0.9998238,0.5712019
6.8969274,0.15578537,1.3581299,63.230774,16.964912,2.6308882,1.9035785,12.512341,34.599445,298.04858,4.986941,248.5884,2.0368762,2.2235057,0.592664,1.4852009,1.7618097,0.52685124,0.0,0.0,7.480383e-06,2.9802322e-08,0.9995734,0.0,0.0,0.43132034
840.4061,0.39823106,1.0300092,68.82906,5.16041,2.0755236,0.33837518,0.6149556,9.612846,296.63904,4.208857,251.69612,2.0905535,2.5588017,0.6522008,1.3676032,1.744244,-0.32535535,0.99999964,0.0,0.0,0.0,0.0,0.0,0.0,16.398201
11.439295,0.0551581,1.1414429,59.40802,34.161102,2.7776825,0.8236414,6.288879,9.502401,299.49075,7.8738165,273.83765,2.120059,2.6040688,0.635851,1.4730153,1.9536417,0.38479215,0.0,0.91757536,0.036491364,0.0,0.0,0.0,0.0,1.4712763
3009.4739,1.4316748,7.0191627,83.0174,8.486594,1.4050168,1.0493516,0.010855708,1.4448724,294.89587,5.57907,175.36086,1.5077076,1.839667,0.4159727,1.2058548,1.2310348,-0.5130984,4.9561262e-05,0.0,0.0,2.9802322e-08,0.0,0.0,0.99997795,149.42487
6.87125,0.057005905,10.800048,65.63735,19.88137,4.885394,6.0421576,0.6416156,17.928051,299.25943,6.2451963,229.30078,1.7532146,2.112485,0.5297938,1.2553413,1.5770645,0.22121581,0.0,0.0,0.0,0.84642196,0.0,0.0,0.14030999,1.1461531
391.9123,0.14460641,10.844431,78.848625,8.289278,2.689166,3.1941433,0.060930986,13.018767,298.3479,4.083662,216.89929,1.677013,2.0453815,0.4974488,1.2445737,1.4990336,0.016322684,0.0,0.0,0.0,0.36625245,0.0,0.0,0.4976629,237.4294
388.3612,0.028817585,1.0393258,63.3466,1.6270206,0.88284767,0.0015518266,0.054456938,56.35487,303.2951,5.0035105,254.69443,2.1243978,2.5170693,0.6773371,1.3958514,1.6741627,0.7581199,0.0,0.0,2.9802322e-08,0.0,0.0,0.9999895,0.0,1.023816
128.0208,0.20546207,5.409234,80.157265,12.473377,2.1133733,2.1106358,0.8342749,34.64665,297.66327,4.5152893,254.69124,1.9027478,2.2366302,0.5816867,1.2929187,1.7362623,0.49654165,0.0,0.0,0.0,0.9999893,0.0,0.0,2.9802322e-08,3.503763
465.99432,0.014835253,1.0892884,78.35264,1.3646017,0.8147358,0.0036766625,0.029679667,48.31318,309.96854,4.9265614,256.85666,2.1213472,2.5155957,0.67737025,1.4033228,1.7007089,0.75645816,0.0,0.0,0.0,0.0,0.0,0.99999523,0.0,0.6194679
1364.9169,0.47973937,1.028738,57.48908,16.819134,1.1907834,0.06844023,0.008002979,30.72179,298.12708,5.9469585,276.58853,2.1295922,2.5392468,0.5914064,1.5226445,1.988444,0.7599357,0.0,0.0,0.999987,0.0,0.0,7.301569e-06,0.0,549.42883
4.153198,0.34551284,1.3422596,61.79978,8.195242,2.1108813,1.6319404,19.72911,55.677296,297.92108,6.9306726,251.7186,1.9527436,2.229438,0.58328867,1.3527354,1.7376829,0.5224021,0.0,2.9802322e-08,0.0,0.84127486,0.1811732,0.0,1.1712313e-05,0.24551211
330.84396,0.11926847,1.0281596,38.17095,2.9931083,1.2053504,0.0005142391,0.12005182,44.315945,290.13083,4.4669127,257.45804,2.1260467,2.5205636,0.67069405,1.405544,1.7046818,0.7560262,0.0,1.0728836e-06,0.00017789006,0.0,0.0,0.9995344,0.0,4.4794436
31.58684,0.10361129,8.483809,30.2609,29.182573,4.407398,5.287118,0.7275341,18.602953,301.16577,5.3127036,185.29366,1.5555477,1.923368,0.437697,1.2283617,1.3186445,-0.37649035,2.9802322e-08,7.1167946e-05,0.0,0.0094539225,0.00016441941,0.0,0.99724644,1.5927361
50.154766,0.015456076,1.2109368,66.87751,26.856703,4.9275384,4.682996,0.014520523,31.553982,298.65237,5.086231,275.90793,2.1248403,2.5390158,0.5942493,1.5215176,1.9822708,0.7441255,0.0,0.0,0.99988925,0.0,1.6391277e-06,5.9604645e-08,0.0,12.959953
102.025406,0.13075364,5.4310718,77.202065,19.56046,2.6187356,1.7235276,8.030961,26.243443,296.8114,5.23626,266.6069,2.1054752,2.5798705,0.63511074,1.4465786,1.881621,0.32570487,0.00093895197,0.94844174,0.02666539,1.937151e-06,2.7120113e-06,0.005752504,2.6524067e-06,6.9699535
14.744781,0.09362915,11.42034,83.33084,16.449173,4.569389,0.6471672,8.173609,44.28528,297.03436,5.561296,256.3946,1.894831,2.2492027,0.5855642,1.3042858,1.7488637,0.4929587,0.0,0.0004993677,5.9604645e-08,0.998787,0.00022599101,1.1920929e-07,8.940697e-08,1.2452434
27.642664,0.03336044,6.7165637,81.844376,14.613178,3.2917125,3.964305,0.5098122,21.664223,297.88107,4.5638576,252.58131,1.8897146,2.2299712,0.57789856,1.2868481,1.720935,0.48700926,0.0,0.0,0.0,0.9994206,0.0,0.0,1.3679266e-05,29.165403
94.7866,0.1006237,8.376593,46.210503,53.30849,2.0792727,0.544253,1.9896243,4.8883743,293.13525,6.844496,253.41661,1.892072,2.2234616,0.5803322,1.2911503,1.7399668,0.49749753,0.0,0.0,0.0,1.0,0.0,0.0,0.0,52.25475
106.91406,0.11835116,1.2284435,28.013708,33.111717,0.6841336,3.0512633,0.28473377,74.03688,300.194,4.4608307,254.48094,1.8917675,2.2269151,0.57914656,1.2922494,1.7310092,0.5115556,0.0,0.0,0.0,1.0,0.0,0.0,0.0,41.307526
1250.7957,0.8831773,1.7029884,73.50103,7.6989803,1.0860023,2.613052,0.037573528,16.408524,297.68756,4.495829,251.47816,1.885359,2.2181594,0.5746628,1.2828915,1.7203585,0.49375826,0.0,0.0,0.0,0.99881417,0.0,0.0,0.00021797419,332.82684
160.38472,0.020917032,1.0200304,19.558064,2.1687078,0.8574127,0.023631783,1.7058986,32.05211,293.35178,4.9243336,252.6508,2.0869663,2.5636957,0.6547895,1.3745039,1.736608,-0.36558753,0.9999981,0.0,0.0,0.0,0.0,0.0,0.0,0.3298541
177.5213,0.17522322,6.867806,77.63034,13.905363,2.7070808,1.4796492,2.7459142,27.78347,298.71558,4.3265095,251.83661,2.009215,2.4557993,0.6181467,1.3547766,1.7328992,-0.0007841637,0.4526195,0.1092003,4.3213367e-06,0.07078755,0.00013300776,0.000382483,0.012424648,5.1954093
2.2139935,0.07954585,1.0521057,42.198975,41.23079,2.3219786,3.3656359,0.020763995,46.543056,299.16458,4.0562596,259.02786,2.077905,2.2683544,0.5963124,1.5144403,1.8457513,0.6772178,0.0,0.0,0.0026420057,0.0,0.99898297,0.0,0.0,0.6969931
526.52435,0.3054984,1.3834232,42.34983,29.44251,0.8666267,2.2073967,0.15490183,35.35168,298.96265,4.7648396,254.2103,1.8881813,2.2177827,0.5754737,1.2903825,1.7312447,0.504831,0.0,0.0,0.0,0.9999999,0.0,0.0,0.0,157.31439
108.60908,0.02949193,6.6084332,85.05252,4.534952,3.022084,1.8457078,0.18915008,16.519304,296.46237,3.6151218,253.51375,1.9016234,2.2375195,0.5883091,1.286485,1.7316662,0.46994027,0.0,0.0,0.0,0.9999796,0.0,0.0,8.940697e-08,263.34457
38.958088,0.7337506,228.52292,72.353966,23.692041,7.0094037,0.38010702,6.081742,25.57779,298.89923,6.640418,255.07268,1.8987489,2.2599876,0.5826437,1.2867999,1.7290254,0.48410764,0.0,0.0,0.0,0.9999876,0.0,0.0,0.0,0.54748017
109.70285,0.16375332,2.704469,52.594204,17.006674,1.350932,1.1495829,0.90981084,69.073235,297.31006,4.418566,255.25629,1.8916742,2.233168,0.5836191,1.2890321,1.743936,0.48636797,8.34465e-07,6.7949295e-06,0.0,0.99979854,2.9802322e-08,1.7285347e-06,5.662441e-07,3.7530973
163.38695,0.14765537,1.0433828,37.75584,57.628616,0.8088188,3.140143,0.013893734,2.2317102,280.01837,9.071958,254.516,1.8867188,2.2394605,0.5761038,1.28462,1.7251266,0.49892113,0.0,0.0,0.0,1.0,0.0,0.0,0.0,204.08751
626.00916,0.2953526,3.2516742,76.76634,14.558171,1.2415645,1.7340629,0.31277546,44.21803,297.39816,4.3811297,254.36078,1.8877498,2.2368023,0.5810868,1.2924924,1.7308176,0.49107242,0.0,0.0,0.0,0.9999994,0.0,0.0,0.0,114.14456
410.53604,0.18118197,1.0428271,48.998447,3.5248115,1.3359656,0.0011601234,0.45081165,55.949715,295.63907,4.5708375,254.59663,2.1233222,2.52142,0.67367417,1.4028552,1.6976864,0.75217974,2.9802322e-08,2.002716e-05,2.3901463e-05,0.0,0.0,0.99974066,0.0,6.5427794
66.118515,0.14233415,7.2854924,53.006046,29.673365,4.3018427,5.407756,0.063978545,75.07102,298.47687,4.485608,256.03088,2.0744736,2.3217304,0.5885502,1.4923333,1.8246108,0.6141839,0.0,0.0,0.062169403,5.9604645e-08,0.9513126,1.0430813e-06,0.0,14.705623
17.59731,0.59449536,42.17497,70.05011,19.361618,3.8237026,1.0191413,15.791018,12.583362,297.75168,6.0931945,251.83633,1.9903393,2.2518873,0.59326357,1.4143312,1.7606012,0.5122566,0.0,0.0,0.0,0.22153199,0.81087756,0.0,0.0,0.35958853
2193.5747,0.89830446,7.8479056,81.74527,10.055775,1.8990253,0.6545664,0.0082800295,3.6982663,294.13254,5.4481096,173.07407,1.5011753,1.8248093,0.411341,1.1965103,1.2075796,-0.5312158,3.5762787e-07,0.0,0.0,2.9802322e-08,0.0,0.0,0.9999999,215.6674
3.0656114,0.016314927,1.3961041,51.07143,28.511806,4.642797,2.1981745,4.5179415,12.59763,300.96045,5.020032,200.16222,1.6438365,2.0496988,0.4755023,1.2992804,1.4251826,-0.17334901,0.0,0.26564187,7.2419643e-06,4.6491623e-06,0.029595852,0.0,0.92587554,0.32824582
22.831343,0.09098836,19.27221,63.75044,36.04558,7.716331,0.14254649,7.9592314,5.762415,298.8211,6.2738104,254.83751,1.9019269,2.2358274,0.58142453,1.2935351,1.738576,0.50681525,0.0,0.0,0.0,1.0,0.0,0.0,0.0,1.1279322
757.90594,0.5002396,2.7489433,52.656097,17.499575,4.55773,0.24215488,2.8994205,4.6383405,298.59546,5.9404984,252.50862,2.089822,2.56653,0.6520856,1.3731973,1.7448559,-0.30886683,0.9950454,0.001993686,0.0,0.0,0.0,8.046627e-07,0.0,43.59658
26.98033,0.003893047,1.02,10.134645,1.4179842,0.5880436,0.0037421912,2.4239635,18.352716,306.7964,5.299721,252.5095,2.091242,2.558639,0.6568311,1.3691902,1.7402444,-0.37768528,0.9999957,0.0,0.0,0.0,0.0,5.9604645e-08,0.0,0.23323089
731.015,1.1648401,1.0580732,64.37345,19.695707,5.558753,0.097735986,0.008135248,380.14334,292.90475,5.7202835,253.3111,1.8824658,2.2265875,0.58138496,1.2871337,1.7348489,0.47172952,0.0,0.0,0.0,0.99999297,0.0,0.0,0.0,339.89026
72.69427,0.19256131,2.2606747,43.08816,56.79467,0.8562893,1.134945,0.36776674,2.9386878,290.68402,7.4891944,253.58775,1.8986568,2.2361557,0.5778261,1.2910109,1.7363638,0.49935395,0.0,0.0,0.0,1.0,0.0,0.0,0.0,70.22126
333.23837,0.69784653,1.0331832,65.74111,27.408998,2.3757854,0.3322913,0.00856423,328.95764,297.64877,7.0854373,251.73727,2.0716906,2.5306606,0.64259565,1.3596202,1.7461547,-0.32191142,0.9965353,0.0,0.0,0.0002631843,0.0,0.0,0.00032395124,540.46265
28.540258,0.053837903,4.6285734,74.08972,13.974002,4.378242,2.2372644,5.6046743,50.16099,298.3311,4.6553583,256.89624,2.0436187,2.3619514,0.5886086,1.4538233,1.8191159,0.5025764,1.7881393e-07,0.1577054,0.018332154,0.018789321,0.7410952,9.49204e-05,2.4348497e-05,1.3030676
979.6035,0.76547354,1.0200913,64.24633,7.47188,3.3967855,0.4078136,0.056782972,2.391121,298.75287,4.1529026,253.19098,2.0965095,2.5785215,0.6538091,1.3667468,1.7517633,-0.34644425,1.0,0.0,0.0,0.0,0.0,0.0,0.0,27.606604
1123.9146,0.67311954,1.0212026,65.50885,21.309618,2.939031,0.25376287,0.061408825,46.74638,307.55173,5.5609694,251.03477,2.0333533,2.4521706,0.63296026,1.3520702,1.7404228,-0.10449845,0.95075023,0.0,0.0,0.03271398,0.0,0.0,0.0,343.46848
936.44977,0.6017704,2.0891323,82.93635,8.023182,2.2678943,1.9542234,0.03038272,8.697613,297.8228,5.6623135,252.23625,2.090987,2.5659099,0.655105,1.3714563,1.7356683,-0.34667075,0.9999646,0.0,0.0,0.0,0.0,0.0,8.940697e-08,261.46527
261.89267,0.09196699,3.0090392,49.190536,44.311607,1.3203063,2.2864397,0.16753535,34.342247,284.79016,6.7492447,254.7285,1.8926111,2.2390964,0.578602,1.2925087,1.7363272,0.48775056,0.0,0.0,0.0,1.0,0.0,0.0,0.0,214.20761
749.3374,0.4195037,1.0200151,77.283226,5.6123505,2.5486836,0.014099554,0.09800574,2.2495894,295.7364,5.021968,255.57951,2.100705,2.5825908,0.653439,1.3700649,1.752837,-0.38641298,1.0,0.0,0.0,0.0,0.0,0.0,0.0,1.8379767
32.119164,0.13237901,11.551541,73.082306,17.092388,5.558415,4.2261295,1.61872,26.685558,298.46237,6.3945403,252.06052,1.8909757,2.23222,0.57759494,1.2846,1.7173266,0.47083157,0.0,0.0,0.0,0.9984585,0.0,0.0,0.00011044741,1.9559275
374.9242,0.29872543,1.0306714,92.18661,2.4965668,1.3250394,0.59766746,0.16660291,43.279564,298.47293,5.670814,251.6049,2.0845108,2.551625,0.64979154,1.3658433,1.7324042,-0.3433507,0.99999976,0.0,0.0,0.0,0.0,0.0,0.0,43.470573
1008.09155,0.52368176,1.0642005,71.90545,9.622674,1.802518,1.0036007,0.26430708,40.393723,299.78958,5.4643517,249.50792,2.0823653,2.5621605,0.65171427,1.366608,1.7202256,-0.36154196,0.99993324,0.0,0.0,3.5762787e-07,0.0,0.0,0.0,174.94934
1288.3757,1.0128484,1.4266722,84.070496,8.1057,1.8161819,0.13399924,0.008160273,268.59515,296.77008,6.6370807,223.05707,1.7058815,2.0973423,0.50710785,1.256936,1.554236,0.05030323,3.144145e-05,0.0,0.0,0.4685593,0.0,0.0,0.5892565,341.42188
671.4501,0.32845104,1.8220338,45.392845,49.11042,0.9992331,2.7245696,0.10145785,28.460852,285.40506,8.254617,253.90944,1.8869174,2.231544,0.57674855,1.2926879,1.7301965,0.49941492,0.0,0.0,0.0,1.0,0.0,0.0,0.0,187.35107
622.2021,0.28312388,1.8914591,53.194046,40.071198,1.2212701,2.1659591,0.05369669,31.567833,284.5071,6.1668572,254.17087,1.8890907,2.2209084,0.57718974,1.2937027,1.7341689,0.4730484,0.0,0.0,0.0,1.0,0.0,0.0,0.0,262.96323
225.9939,0.33855408,1.9074435,63.09222,32.70499,2.8680158,0.20180857,0.008023237,35.675293,300.23416,4.997437,262.37427,2.123698,2.515429,0.6556843,1.4527506,1.8155826,0.7560611,0.0,0.0,0.013858527,0.0,6.774068e-05,0.9308001,0.0,472.33603
68.2198,0.026939763,1.0894939,67.51594,27.634539,2.7836802,3.9617054,0.013299117,40.146492,298.99792,4.790206,276.92755,2.1277556,2.5455153,0.59137344,1.5256335,1.9936326,0.7531767,0.0,0.0,0.9999875,0.0,0.0,0.0,0.0,27.39636
665.44336,0.3318429,2.1576366,79.52333,14.586984,1.5572072,0.7773567,0.01638004,22.553602,302.3033,4.3043246,267.21106,2.121508,2.5193043,0.63225615,1.478855,1.8872257,0.74618876,0.0,4.7683716e-07,0.5808987,0.0,1.8775463e-06,0.37048405,0.0,245.04517
27.064465,0.04274975,1.8057145,86.84285,7.045889,2.7161531,3.0200658,0.301588,4.7656283,296.98633,8.424714,251.56377,2.0877328,2.5668304,0.65435255,1.3686693,1.7379434,-0.35611486,0.9999951,0.0,0.0,0.0,0.0,0.0,0.0,6.777164
42.485233,0.051146753,1.0615288,14.195421,15.226291,0.5803539,1.3977535,0.10936958,69.08613,306.98026,6.0217547,255.19159,1.8904071,2.2307487,0.57647467,1.2926639,1.7383891,0.49022326,0.0,0.0,0.0,1.0,0.0,0.0,0.0,86.65329
577.87695,0.33440262,3.8138514,82.10588,9.366083,1.9061304,0.97986877,0.011173274,31.9809,297.22314,7.2374415,232.64249,1.9623667,2.402043,0.6016527,1.3184688,1.6101451,-0.39649278,0.96908665,0.0,0.0,8.940697e-08,0.0,0.0,0.0655306,426.24835
900.4737,1.067843,1.0417919,65.333954,17.402758,4.237976,0.13378856,0.008107245,312.12216,286.50775,5.4643164,256.0273,1.902233,2.2443967,0.5829274,1.2924335,1.7386614,0.46808073,0.0,0.0,0.0,0.99999976,0.0,0.0,0.0,307.052
15.6184225,0.014139432,3.5064723,91.98528,4.97046,1.8091072,1.2311538,0.68758935,32.64506,298.33652,4.8822007,252.57823,2.0879247,2.555812,0.6547061,1.3702438,1.7453793,-0.3062128,0.9978098,2.9802322e-06,0.0,0.0008506775,0.0,0.0,1.847744e-06,10.904183
48.71805,0.047374025,18.881142,71.39114,26.537794,6.4561505,0.95672095,5.2987947,15.203922,298.12527,6.2975407,254.34486,1.8837863,2.2320747,0.5826799,1.2931764,1.7358693,0.49682978,0.0,0.0,0.0,1.0,0.0,0.0,0.0,17.757048
18.137245,0.007585988,1.0728092,73.23245,20.447468,4.607362,5.7587543,0.365312,30.571295,298.37338,4.7537374,276.46576,2.1256673,2.5405195,0.597038,1.5222005,1.9874766,0.7243401,0.0,5.185604e-06,0.99991226,0.0,2.9802322e-08,0.0,0.0,1.441615
272.69656,0.12514219,3.8839464,63.76125,27.588615,3.643478,3.8755112,0.011264433,60.76202,299.18414,4.912946,271.84204,2.1194527,2.5158656,0.59316224,1.5114645,1.9464836,0.73065203,0.0,0.0,0.9945861,0.0,0.00045838952,8.645654e-05,0.0,49.62231
19.798666,0.08746131,2.3634999,26.116934,27.846521,0.7608057,2.8687077,0.19237459,75.2039,303.0293,3.9955676,254.64188,1.885018,2.2264419,0.5781273,1.2880664,1.7432176,0.48115388,0.0,0.0,0.0,0.99999917,0.0,0.0,0.0,43.748764
728.3696,0.7154874,1.0205251,86.264854,4.4688916,1.7522734,0.7269372,0.08189092,7.294909,297.3309,4.6881523,253.27852,2.093376,2.558877,0.6513852,1.3704807,1.7494022,-0.3261761,1.0,0.0,0.0,0.0,0.0,0.0,0.0,77.8763
1.0045158,0.43247262,1.0257924,86.0841,5.303052,0.9681378,0.30530962,19.990086,9.442577,297.16312,5.971838,250.59447,2.0567853,2.2444983,0.5927063,1.4834462,1.7626109,0.5505985,0.0,0.0,0.0,4.49121e-05,0.9998784,0.0,0.0,0.22504342
1573.0315,0.78065944,3.8041084,77.30236,8.968419,2.1017442,1.0682253,0.016932355,0.68735623,297.36694,6.8084626,231.35551,1.973122,2.3720438,0.59493494,1.3248664,1.5729755,-0.45040613,0.9529178,0.0,0.0,0.0,0.0,0.0,0.028452963,86.46182
938.9337,0.50949,3.3911793,70.00275,10.737031,1.8416686,2.1403785,0.6345833,18.42086,298.0652,4.6631317,245.89882,2.0054996,2.4464715,0.6245425,1.3340548,1.6855408,-0.20063561,0.94551903,1.3589859e-05,0.0,0.05034986,8.940697e-08,1.4305115e-06,0.013110429,49.95019
879.2942,0.57611173,1.923032,61.33028,7.91304,3.734065,0.4148634,0.6063325,8.309396,297.1305,4.504285,253.85754,2.0898716,2.5695891,0.65326136,1.3693081,1.7384713,-0.33853927,0.99995697,2.9802322e-08,0.0,0.0,0.0,0.0,0.0,12.143948
1292.9092,0.36340955,7.5747027,75.12478,9.044307,2.007567,1.9395473,0.020777699,9.351024,298.14856,4.4035897,181.12953,1.5287102,1.8801569,0.42709,1.2142541,1.2822028,-0.4443639,0.0,0.0,0.0,0.0012977421,0.0,0.0,0.9992981,253.8991
0.5006089,0.0013010369,1.02,80.59326,16.787334,4.039945,5.278335,0.008043494,1.5417893,301.84286,3.9190075,278.304,2.1299424,2.600896,0.5959764,1.5299021,2.0040946,0.7599032,0.0,0.0,1.0,0.0,0.0,0.0,0.0,0.22217414
416.39923,0.12648115,2.0234976,71.01676,3.5567584,1.2256752,0.09930456,1.7985569,50.90007,299.59924,4.28536,254.68132,2.0955327,2.523517,0.66347086,1.391975,1.7230103,0.411958,0.15967399,0.0060082376,3.2782555e-07,4.6789646e-06,0.0,0.8539087,5.9604645e-08,2.2922904
189.90016,0.2693072,2.5659835,70.50138,11.091936,1.6423699,2.8933861,0.2797689,28.180328,297.67303,4.1918488,253.87358,1.8964996,2.2181637,0.5808391,1.2837306,1.7162467,0.4710462,0.0,2.9802322e-08,0.0,0.99892884,0.0,0.0,8.293986e-05,12.714659
47.296555,0.009030459,1.0225194,39.79701,1.4686594,0.83286846,0.00014075458,1.1968586,40.792645,287.3758,4.629049,255.33174,2.1173096,2.5332758,0.6730687,1.3934073,1.7164266,0.6352354,0.0038917065,1.3709068e-06,0.0,0.0,0.0,0.99581283,0.0,0.23566155
23.378487,0.05237136,23.543327,62.85787,34.957912,7.762115,0.15172991,7.6947045,23.108107,298.15393,6.322807,254.2648,1.8919468,2.244257,0.5815705,1.2913461,1.7408775,0.4970723,0.0,0.0,0.0,1.0,0.0,0.0,0.0,1.9097633
1274.6667,0.32533053,1.3169206,87.14081,4.3834376,1.016923,0.034357928,0.011941271,35.88523,305.40564,4.7705293,259.96622,2.1231015,2.51265,0.66703534,1.4201468,1.7518132,0.7574582,0.0,0.0,0.0017802417,0.0,0.0,0.99784124,0.0,73.28963
456.08536,0.09484586,1.2250183,69.10381,3.411952,1.5017055,0.036362287,0.55098784,52.67907,299.40558,4.511489,255.11565,2.113993,2.523653,0.671521,1.3957322,1.6798518,0.72662985,8.761883e-06,0.00012522936,4.61936e-06,0.0,0.0,0.99924856,0.0,9.128652
43.2587,0.09218616,6.46889,80.46078,12.180361,4.265631,4.7199244,0.5454522,18.852463,298.21124,4.7261124,254.45305,1.8931521,2.2431707,0.5808611,1.2904186,1.7262484,0.48688588,0.0,0.0,0.0,0.99975103,0.0,0.0,2.861023e-06,9.350098
12.450458,0.07024156,10.428298,87.829636,12.437394,3.9333544,0.3973311,7.7348537,45.486675,296.93253,5.409552,255.72635,1.898688,2.2577713,0.5840174,1.299964,1.7519162,0.4687625,2.9802322e-07,0.028996736,7.1525574e-07,0.99381024,0.001586616,1.3113022e-06,6.854534e-07,1.6537402
424.58026,0.21143,3.7338686,72.53707,13.813885,1.4197015,1.9397122,1.1842835,44.082348,298.5257,3.9029377,251.2689,1.9066943,2.2569368,0.5931377,1.3109583,1.7168509,0.5493151,3.7908554e-05,0.0035749674,4.798174e-06,0.9741833,0.0017496645,0.023970664,1.3679266e-05,14.924564
1311.6931,1.365476,1.1596042,75.351135,16.642975,3.1241465,0.5472326,0.011392531,39.79611,298.4393,4.920373,254.44566,1.8927023,2.225674,0.5795497,1.2874306,1.7305118,0.499616,0.0,0.0,0.0,0.999845,0.0,0.0,8.016825e-06,439.04974
447.26227,0.5034289,1.2990258,76.56699,10.304056,2.0484881,0.23623496,0.00920532,324.56277,295.55228,6.351922,254.00539,1.8949901,2.237106,0.5868817,1.2865801,1.730172,0.45428488,0.0010224879,0.0,0.0,0.9978313,0.0,0.0,1.1324883e-06,504.38748
24.686918,0.042627998,5.930073,73.89939,21.405449,3.4425144,3.0002868,0.49968103,25.574928,298.35974,4.2263064,238.56262,1.8255676,2.1944783,0.55176073,1.2838205,1.6449975,0.24921863,0.0045989454,0.00047019124,0.0,0.9291029,2.3543835e-06,1.1920929e-07,0.06650323,4.06466
381.9393,0.4293541,3.521254,82.39033,6.759956,1.8190958,0.16814324,6.117256,58.605484,297.02118,4.4492726,256.30917,2.1019123,2.564162,0.65756315,1.3922842,1.7531018,0.22753234,0.12957016,0.6193813,7.030368e-05,0.0,0.0,0.2953413,0.0,9.235327
2392.1587,1.1706355,1.2388105,66.43998,12.469711,1.1174654,0.52717555,0.031567782,6.9189577,296.01013,5.358592,203.28035,1.6973306,2.0895896,0.49111348,1.261929,1.4420993,-0.34837857,0.087629676,0.0,0.0,0.0007934272,0.0,0.0,0.891348,178.37071
1.4735094,0.03196031,4.213544,73.28538,15.734085,3.5887606,4.396529,3.7466512,25.118916,299.0391,6.449855,253.1973,1.90991,2.2421112,0.58517027,1.2882683,1.7298837,0.51346207,0.0,0.0,0.0,0.9995294,0.0,0.0,1.41859055e-05,1.0935924
9.207287,0.18647258,8.605107,66.96411,18.13052,5.3786564,3.5992882,5.2491064,23.57206,297.76852,7.352351,255.09549,1.895912,2.2362988,0.58340746,1.2904438,1.7308611,0.49745896,0.0,0.0,0.0,0.9994399,0.0,0.0,2.30968e-05,0.3815741
323.10297,0.13089238,1.1528299,76.12358,4.1326847,0.9588585,0.40476844,0.5192551,41.125126,300.3999,5.4932714,251.71745,2.0841095,2.559863,0.6545078,1.3661023,1.7383538,-0.362404,0.9999472,0.0,0.0,3.874302e-07,0.0,0.0,0.0,8.7525215
743.4937,0.45223522,1.8106011,77.98124,11.752037,0.96237725,1.0621194,0.05860376,32.18974,298.53165,3.9160397,253.62885,1.8833199,2.2164505,0.5763152,1.2879407,1.7239856,0.48065093,0.0,0.0,0.0,0.9999938,0.0,0.0,0.0,353.33926
65.81292,0.015211331,1.067481,73.58997,22.15704,2.731118,4.083735,0.008005958,28.672052,298.89267,4.5416255,277.76422,2.1288462,2.5626636,0.5884421,1.5287696,1.9998713,0.759136,0.0,0.0,0.99999976,0.0,0.0,0.0,0.0,12.673648
109.97241,0.05767916,1.0311509,24.230309,5.8205724,1.5965741,0.011290045,1.123461,5.174179,294.69077,5.349019,252.15054,2.0916827,2.5310872,0.6575592,1.3771127,1.720697,-0.1619751,0.929146,0.0,0.0,0.0,0.0,0.0679563,5.066395e-07,2.0463004
105.83957,0.11100182,11.268998,59.841793,38.880222,3.3341787,0.667408,4.2088494,46.576885,298.8425,5.816681,253.93585,1.8880789,2.2302547,0.57848746,1.2959272,1.7245574,0.48748687,0.0,0.0,0.0,1.0,0.0,0.0,0.0,3.2394428
391.13184,0.40272835,1.1798283,88.279335,6.0269012,1.2458297,1.0836146,0.033849727,143.1114,297.42294,6.445729,251.62851,2.0810266,2.569634,0.6550882,1.3712091,1.7338091,-0.3719425,0.999943,0.0,0.0,4.4703484e-07,0.0,0.0,2.9802322e-08,440.28815
47.09722,0.16605693,14.433374,39.25768,39.73865,3.5034785,4.779459,0.009009895,88.06223,298.84256,4.357766,265.1648,2.0991871,2.3900304,0.5897129,1.511233,1.8966457,0.68611526,0.0,0.0,0.40405717,0.0,0.6609124,2.9802322e-08,0.0,19.519659
161.6497,0.5894389,38.515205,42.436665,27.968884,2.1496577,5.154347,0.31184483,87.24441,297.6637,4.3609705,251.2377,1.9769095,2.2307854,0.58679867,1.3985939,1.745577,0.52243316,0.0,8.940697e-08,1.4901161e-07,0.43872395,0.77539533,0.00017166138,2.9802322e-08,54.006832
1.6385351,0.08954216,1.1083096,68.06891,10.670047,3.0152073,1.3238641,18.064482,22.916967,297.87085,6.5832524,250.05798,2.0552557,2.2483711,0.5949738,1.4902353,1.7821167,0.53730136,0.0,0.0,2.682209e-07,5.8710575e-06,0.9998057,0.0,8.940697e-08,0.2757948
136.00243,0.31374514,3.7501118,26.142683,17.305603,0.78830165,0.799057,0.3638124,161.04074,300.1286,5.4367256,252.61557,1.8813229,2.2392738,0.57818806,1.2791183,1.7228115,0.4861391,0.0,0.0,0.0,0.9999218,8.940697e-08,5.662441e-07,0.0,12.5798025
2.6150892,0.6873431,1.1171163,80.31707,5.1724625,0.73695225,0.9769126,19.97249,8.18361,298.00858,5.5975676,255.97043,1.8935701,2.2563202,0.5822985,1.2845933,1.738694,0.50133705,0.0,0.0,0.0,0.99991655,1.1920929e-07,0.0,0.0,0.22294173
1.7083615,0.7709658,1.0935508,83.31507,5.1575913,0.6879209,0.33878598,19.98158,3.7423444,297.7338,5.54126,255.29816,1.8897854,2.2521358,0.5797441,1.28248,1.7295643,0.505007,0.0,0.0,0.0,0.99988794,1.8179417e-06,0.0,0.0,0.22243
86.03354,0.16862361,4.9122047,77.476326,16.796453,2.3188252,1.2904704,1.0905194,59.8717,297.84827,4.40983,254.06197,1.8941876,2.2375128,0.58114654,1.2913365,1.727396,0.4646096,0.0,0.0,0.0,0.99999917,0.0,0.0,0.0,3.9385767
1433.727,0.7938692,1.3970404,79.21803,11.894486,1.1312726,0.57221466,0.050875537,68.169334,299.18658,5.606959,253.27274,1.8947793,2.2254436,0.5790961,1.287275,1.7290026,0.48456722,0.00010505319,0.0,0.0,0.9991437,0.0,0.0,2.682209e-07,429.40997
221.18105,0.27953523,3.3659546,48.445396,23.561499,1.08801,1.495171,0.9674314,84.326546,299.00284,4.602251,254.69655,1.8844665,2.2300637,0.5810831,1.2881242,1.7330595,0.48537484,0.0,0.0,0.0,0.99999845,0.0,0.0,0.0,12.954526
932.07855,0.47526416,2.0071554,81.587036,10.823109,1.4480299,0.81024563,0.04834752,32.251198,298.5872,4.7880025,252.63193,1.8833021,2.2225275,0.5779506,1.2871892,1.7184244,0.4793085,1.9341707e-05,0.0,0.0,0.99985814,0.0,0.0,0.0,417.68246
1061.1958,0.7102104,1.0200533,65.60696,11.423939,2.3991911,0.5511711,0.013691755,4.453899,297.7202,4.6001573,250.96947,2.0913992,2.562996,0.65568477,1.3683044,1.7325602,-0.35159773,1.0,0.0,0.0,0.0,0.0,0.0,0.0,228.96681
704.30927,0.45840764,2.153199,79.793,9.012712,1.6766647,1.2410076,0.21435276,30.405067,297.83673,4.904227,252.2294,2.0247576,2.4566226,0.6365247,1.3393124,1.7267747,-0.05439673,0.91011244,1.4901161e-07,0.0,0.2362625,0.0,2.9802322e-08,0.00011506677,52.655422
24.123537,0.055761397,15.869515,60.974926,37.33639,7.8113594,0.066676825,7.9450073,2.7254968,298.81345,6.330227,255.64032,1.898961,2.2421806,0.58530587,1.2959368,1.7456402,0.5180075,0.0,0.0,0.0,1.0,0.0,0.0,0.0,1.5644455
0.7184104,0.0035524191,1.0375828,55.759007,33.948757,3.744151,1.260179,3.7761252,3.0724955,298.48145,5.288173,250.9634,2.0048473,2.362122,0.53678036,1.4250212,1.7624384,0.10745138,0.0,0.36120558,0.00508371,0.0,1.49309635e-05,0.0,0.00066819787,0.24129045
64.28679,0.042788364,19.341703,52.409782,43.59853,4.9490557,0.7167141,4.6327496,7.133627,294.75824,6.7237635,254.91023,1.8955466,2.2368472,0.5818361,1.2965761,1.7417996,0.49601585,0.0,0.0,0.0,1.0,0.0,0.0,0.0,52.900536
425.7581,0.2031857,1.1950209,42.1025,55.32322,1.0670384,2.446191,0.02213912,28.511414,280.89703,8.614946,255.00197,1.8888998,2.2383263,0.5791938,1.2943558,1.7348996,0.49026605,0.0,0.0,0.0,1.0,0.0,0.0,0.0,221.8299
12.923308,0.011900788,9.257961,86.12473,14.533409,4.0508876,1.1735741,1.1333848,27.711107,297.98358,4.349649,254.74245,1.8954277,2.24477,0.58329135,1.2944207,1.7403547,0.5020828,0.0,0.0,0.0,0.99999905,0.0,0.0,0.0,25.47044
371.326,0.35067868,1.5073932,82.9069,7.9649467,1.5055271,1.5452644,0.036243685,218.65842,297.9758,7.114028,254.46884,2.093362,2.5804477,0.66028804,1.3748765,1.7472354,-0.35881576,0.999905,0.0,0.0,1.66893e-06,0.0,0.0,1.4901161e-07,505.44214
165.18436,0.029414905,1.0204794,14.219748,2.6864781,0.56159204,0.11490011,0.32387656,28.003633,311.60187,8.233792,252.10576,1.9111667,2.238134,0.5850957,1.3014368,1.7303969,0.43728298,0.0016622245,0.0,0.0,0.99600166,0.0,3.5375357e-05,0.0,21.640564
22.02428,0.047504075,1.1180068,11.5268135,12.770465,0.58698505,1.1257739,0.08282157,95.688644,307.8881,6.408306,255.17177,1.8860983,2.2271738,0.5774913,1.2903094,1.7237526,0.49142408,0.0,0.0,0.0,0.9999989,0.0,0.0,0.0,68.650925
1213.2698,0.6509783,1.2047486,62.40144,9.402641,4.4394784,1.1196524,0.07893333,1.3483249,299.69073,6.0672507,251.92744,2.0946603,2.562262,0.6538664,1.3689822,1.7381325,-0.33407938,0.99999964,0.0,0.0,0.0,0.0,0.0,0.0,40.23849
41.558815,0.203068,4.178576,60.744736,17.41334,3.8782928,3.3872569,6.055644,54.99764,298.97784,4.85928,249.48233,2.0264268,2.211201,0.58845305,1.4743383,1.7749687,0.53413945,0.0,1.1920929e-07,9.87947e-05,0.00012525916,0.9958866,5.9604645e-08,0.0,2.209721
910.63873,0.34522676,1.3294036,84.95624,2.4162037,1.2705618,0.1564568,0.008940781,234.70721,287.54904,5.9202533,242.06256,1.7882746,2.1278794,0.54100806,1.2571635,1.6291406,0.33039814,0.0,0.0,0.0,0.97371733,0.0,0.0,0.017062336,343.48083
457.9047,0.158632,1.0231055,28.105608,6.6843834,1.1387175,0.4415001,0.6340268,28.766489,307.0123,5.5153103,251.59038,2.08842,2.5607872,0.65163213,1.3672854,1.7267132,-0.3679714,0.9997901,0.0,0.0,1.2725592e-05,0.0,5.9604645e-08,2.9802322e-08,22.194918
5.4821315,0.01895404,1.035893,69.4884,12.424807,5.3835254,2.1151752,13.314725,31.121305,297.142,5.312797,256.18134,2.0701964,2.2900872,0.58348584,1.4884347,1.8096625,0.5535373,0.0,4.172325e-07,0.04911247,5.9604645e-08,0.9700937,0.0,0.0,0.4018783
315.84662,0.25635082,3.0856576,85.814285,6.323043,3.1311977,2.2187748,0.13686731,6.866739,298.6114,6.8946557,251.57784,2.0886533,2.5566223,0.65551883,1.3711555,1.7350154,-0.34054825,0.9999857,0.0,0.0,0.0,0.0,0.0,0.0,53.544388
25.225433,0.1803394,3.516588,11.59578,14.493779,0.9765455,2.1169338,0.014927461,73.43541,301.22,5.5732164,253.82365,2.0202856,2.3497088,0.62279844,1.3911474,1.7460738,0.6019049,0.0,0.0,0.0,0.3087996,0.07362884,0.023857176,0.0,87.84633
3183.8655,1.4726418,6.2869806,82.61334,6.1904716,1.0941294,0.56965345,0.009791,3.6095262,295.10886,5.1062536,172.91698,1.5018799,1.8261219,0.4113453,1.1961356,1.2055508,-0.5427374,0.0,0.0,0.0,4.4703484e-07,0.0,0.0,1.0,123.88883
0.61316335,0.31524995,1.0202055,76.35875,2.4898837,0.6700939,1.3872278,19.999176,9.363897,297.84958,7.3165636,252.24498,2.0581412,2.257784,0.59271914,1.4784375,1.7655501,0.5334712,0.0,0.0,0.0,0.0007701516,0.99942416,0.0,5.9604645e-07,0.2223569
637.0522,0.31414428,7.6545405,61.38714,24.305544,3.5221932,0.59904885,1.3415817,0.33282444,299.591,5.5609703,217.97176,1.9050736,2.3399045,0.57236093,1.3004532,1.5140598,-0.4654308,0.65776557,0.00023442507,0.0,0.0,0.0,2.9802322e-08,0.14501306,18.258368
187.05453,0.09188266,1.020959,30.872032,57.64241,2.916406,3.3061526,0.0080655385,4.573284,278.2255,9.228139,256.56387,1.8949434,2.2170625,0.578613,1.2949916,1.7449924,0.4942668,0.0,0.0,0.0,1.0,0.0,0.0,0.0,192.77643
374.29208,0.39374444,3.1563313,76.00292,16.16705,2.816019,0.34053057,6.3626614,17.18336,298.75098,6.575163,257.61023,2.1022544,2.583818,0.65414876,1.4004844,1.7886901,-0.06233342,0.39349964,0.7379503,7.4505806e-07,0.0,0.0,2.0563602e-05,0.0,20.642313
293.39532,0.23720208,1.3630545,37.052536,56.38111,0.89977914,2.8499565,0.11171647,10.965762,292.4318,6.114501,253.46574,1.891956,2.2351217,0.578431,1.2936647,1.7283539,0.49464512,0.0,0.0,0.0,1.0,0.0,0.0,0.0,177.58272
46.29686,0.2807491,2.6215024,35.48275,51.3752,2.5494561,1.4743851,0.008,64.101845,298.03336,4.6683693,276.06915,2.1276329,2.5467649,0.6009968,1.524028,1.9842843,0.7583445,0.0,0.0,0.999658,0.0,6.28829e-06,0.0,0.0,241.15736
5.3415656,0.059221394,1.8936665,55.121803,17.94976,5.917719,3.1163523,6.5063386,39.333336,298.5879,6.035343,248.37076,2.038726,2.2434623,0.5922514,1.4817393,1.7755433,0.50512546,0.0,5.00679e-06,0.00018441677,8.100271e-05,0.99768233,0.0,5.3852797e-05,0.7582347
17.976889,0.18988518,23.530403,68.854385,29.517338,7.499999,0.27835143,7.495151,40.67444,298.07867,6.9596734,254.89127,1.8901349,2.2413123,0.5790158,1.2915237,1.7357343,0.49240512,0.0,0.0,0.0,0.9999989,0.0,0.0,0.0,0.36083126
34.175285,0.373029,14.556538,74.14226,16.895256,4.331308,0.7302994,15.811646,29.255318,298.33856,6.5271735,254.78796,1.8926041,2.2455912,0.58226603,1.2964267,1.7369956,0.5046582,0.0,0.0,0.0,0.9994768,2.2828579e-05,0.0,0.0,0.39763838
518.19574,0.08225231,1.1222998,67.35178,2.1249182,0.9849489,0.0034274769,0.20355314,69.5024,298.25024,4.697398,255.19345,2.122506,2.5287864,0.674329,1.3993323,1.6845621,0.75135845,0.0,5.4240227e-06,3.0100346e-06,0.0,0.0,0.9998977,0.0,1.8540227
4.859987,0.11156482,22.12196,64.53494,34.31544,7.080614,0.01671365,7.404971,3.4759688,298.2617,6.3035054,255.23003,1.8988878,2.2422285,0.58023995,1.2912418,1.7420115,0.51064837,0.0,0.0,0.0,1.0,0.0,0.0,0.0,0.24247836
3096.53,1.258884,3.229296,71.9829,13.818643,1.2314762,0.491391,0.008285988,0.0780226,297.27023,5.8522124,172.45503,1.5001526,1.8207841,0.41026783,1.1926247,1.2006564,-0.5444591,2.9802322e-08,0.0,0.0,0.0,0.0,0.0,1.0,27.403854
59.094975,0.34717822,17.111399,50.22084,20.024635,3.1620016,2.2358928,3.7682207,84.2405,297.89328,5.8570676,255.62263,1.8950839,2.2493737,0.5802333,1.2865057,1.7392397,0.49914515,0.0,0.0,0.0,0.99996686,0.0,0.0,0.0,1.240565
849.4983,0.25707382,2.1432583,76.02517,8.631168,1.6115105,0.18525624,0.08892324,47.73076,301.067,4.665534,261.58585,2.1192784,2.5193717,0.65887725,1.4309537,1.7687955,0.74609077,0.0,9.000301e-06,0.013148308,0.0,0.0,0.9808302,0.0,75.38582
6.628583,0.0016135712,1.02,8.264482,1.3023365,0.54680544,0.015042521,0.025512585,8.428472,313.02045,8.22123,254.5656,2.0205696,2.3404055,0.63108456,1.3320235,1.7565279,0.6103322,3.1888485e-06,0.0,0.0,0.6136376,0.0,0.21010864,0.0,5.8595634
4.252863,0.00732574,1.0224053,61.601948,28.013205,5.1375995,3.5831711,1.7621155,17.348146,299.39978,5.488715,276.872,2.127082,2.5921137,0.6200032,1.5155649,1.9889194,0.68543786,0.0,0.0053105354,0.9981,0.0,0.0,0.0,0.0,0.6666921
7.5615973,0.05841404,1.1829338,66.72131,21.012579,1.4172353,0.27773818,7.7725334,14.927582,298.28928,9.33166,265.35544,2.113572,2.6249325,0.66281354,1.4111981,1.8482845,0.093714945,0.015383691,0.9668461,0.0,0.0,0.0,0.0,0.0,2.5153625
64.75426,0.006011862,3.4449248,81.47355,2.9768457,3.5465233,0.8590384,0.11487544,35.89627,287.09885,3.844778,255.104,1.8929272,2.234438,0.5843031,1.2849336,1.74071,0.48080984,0.0,0.0,0.0,0.9999989,0.0,0.0,0.0,402.8205
24.02438,0.028232262,10.4295845,43.29858,35.791447,3.5255756,2.147752,2.530532,7.6709194,301.04388,6.3239155,220.07297,1.8112822,2.2762542,0.53124774,1.302356,1.5510828,-0.23572683,0.018801123,0.19948456,0.0,3.3676624e-06,2.0861626e-07,1.1920929e-07,0.6072015,1.7022437
324.3898,0.030066982,1.0905899,73.68678,2.410806,1.4983633,0.2021891,0.008946739,348.64157,278.72275,6.099485,254.59534,1.8979918,2.228352,0.58241594,1.2809002,1.7101387,0.4985861,0.0,0.0,0.0,1.0,0.0,0.0,0.0,456.1801
486.6342,0.30459478,1.5442866,47.34267,13.222105,0.9212693,1.5789796,0.26518056,50.784653,299.80197,4.470119,253.31023,1.8825204,2.2264342,0.5759791,1.2914186,1.7381504,0.48900566,2.9802322e-08,0.0,0.0,0.99998784,0.0,0.0,0.0,112.6233
20.324192,0.37975767,4.264488,77.0851,11.797979,2.4742637,0.4636068,19.220402,23.128965,298.10114,6.5248327,254.14761,1.8955224,2.2453184,0.5838358,1.2851477,1.7371944,0.49928048,0.0,0.0,0.0,0.999825,3.4868717e-06,0.0,0.0,0.2790844
24.3115,0.010190391,1.0209743,9.061151,4.5450797,0.5457687,0.62636787,0.016495626,42.251835,311.5135,7.596783,253.75656,1.8799117,2.2176635,0.5713522,1.2815927,1.722431,0.45381615,0.0,0.0,0.0,1.0,0.0,0.0,0.0,160.24768
956.3295,0.5953257,1.2501137,69.44866,9.208692,1.9618996,0.46917528,0.011475349,225.64807,284.0368,5.280013,253.63191,1.9001244,2.241149,0.5835129,1.2896036,1.734032,0.47654235,0.0,0.0,0.0,1.0,0.0,0.0,0.0,359.64172
446.74954,0.42128128,1.2060578,88.04052,3.8227568,2.6538765,1.630233,0.036142994,2.165319,298.62738,7.249341,253.95753,2.093663,2.5602002,0.65420276,1.3716762,1.7510492,-0.35187835,1.0,0.0,0.0,0.0,0.0,0.0,0.0,27.972902
51.80624,0.006596691,4.3390512,84.48313,4.2230186,3.4090023,1.0012946,0.18312468,14.133699,294.67145,3.6233625,253.04254,1.896152,2.2524617,0.58730817,1.2871552,1.7329504,0.49507597,0.0,0.0,0.0,0.99998665,0.0,0.0,2.9802322e-08,353.00912
544.0314,0.9946978,1.021568,58.98544,43.032516,4.300682,0.25866902,0.0080190655,200.49982,279.10187,7.0121355,255.97575,1.8919115,2.2226324,0.58171356,1.2922951,1.736715,0.48116606,0.0,0.0,0.0,1.0,0.0,0.0,0.0,289.0871
14.505057,0.0056161825,1.054587,66.47508,27.13229,5.8031235,4.9122777,0.019069517,20.13491,298.83792,4.7051005,276.06204,2.1247923,2.5526166,0.6025428,1.5217698,1.982272,0.7439072,0.0,0.0,0.999907,0.0,1.168251e-05,0.0,0.0,2.5822332
8.559261,0.14460863,25.609966,65.8818,32.513836,7.808349,0.24115784,7.9874163,16.145987,298.21127,6.6307197,254.37117,1.8966298,2.2340167,0.5834878,1.2931787,1.7352831,0.4939185,0.0,0.0,0.0,1.0,0.0,0.0,0.0,0.37822965
8.04003,0.21178994,41.231472,71.713326,29.096836,7.254036,0.020831972,7.3862085,1.2030388,297.96576,6.508879,256.12015,1.909952,2.2489164,0.5837826,1.2929069,1.7476904,0.5127035,0.0,0.0,0.0,1.0,0.0,0.0,0.0,0.23739773
22.031893,0.02588623,2.3175485,60.07281,32.17468,3.9717891,3.7428665,3.1626027,16.282167,297.95752,4.6814804,268.12988,2.1021943,2.5334158,0.6044282,1.4808425,1.904405,0.539336,2.9802322e-08,0.21555951,0.7272073,5.9604645e-08,0.00014975667,5.0783157e-05,3.9070845e-05,3.6150434
698.216,0.8578863,1.0374076,66.55038,27.795385,3.6938913,0.4225946,0.016396128,184.57564,300.9285,5.8196363,252.68144,2.0139787,2.4226267,0.6268929,1.3338417,1.7499181,-0.0052126283,0.82549846,0.0,0.0,0.17374516,0.0,0.0,0.0,501.47955
28.366402,0.09158439,4.2899413,66.131485,14.005134,5.461229,2.4202256,8.98925,45.834946,297.76086,5.075465,253.64453,2.0055103,2.2681303,0.5863156,1.4314016,1.7780304,0.5298218,0.0,0.0024096072,0.00014275312,0.27048674,0.83814275,8.612871e-06,1.886487e-05,2.415194
405.28873,0.13441958,1.2577101,32.671158,4.8566017,1.6815449,0.15133439,1.0510453,20.856812,293.598,4.7968287,251.34203,2.0856545,2.5553327,0.6522547,1.3651218,1.730132,-0.3622001,0.9999542,0.0,0.0,0.0,0.0,5.9604645e-08,0.0,1.9991859
62.12187,0.16439728,36.792824,57.92818,41.33815,2.7442195,0.25138563,4.016374,20.206022,298.3618,5.2771254,254.01973,1.8982619,2.2370849,0.5786885,1.2888566,1.733257,0.4960183,0.0,0.0,0.0,1.0,0.0,0.0,0.0,1.7914287
3.47574,0.011880002,9.891193,64.17917,23.683607,4.7488313,6.4930315,0.2753319,15.81893,299.87976,4.8213015,222.52434,1.7261018,2.098551,0.5165078,1.2524765,1.5498514,0.16010909,0.0,0.0,0.0,0.7948833,0.0,0.0,0.21209252,11.399362
266.4875,0.14999332,7.0758233,42.657597,51.697933,1.9098829,2.2797534,1.092976,13.086338,289.25793,8.161452,253.92525,1.8884026,2.2335474,0.57732534,1.2951344,1.7332122,0.4792699,0.0,0.0,0.0,1.0,0.0,0.0,0.0,122.97291
106.59771,0.09526618,7.0587735,57.605972,23.427254,4.248525,2.0901372,1.4034837,2.29238,298.8914,8.513156,252.1501,2.0867875,2.5594325,0.65010345,1.3778368,1.7283951,-0.33319885,0.99937296,2.4467707e-05,0.0,0.0,0.0,0.0,0.0,4.6373267
0.6166141,0.6334716,1.0325819,72.557526,3.5651014,0.6548333,2.5832617,19.990786,26.208853,296.966,5.9938436,255.94714,1.9109379,2.2454987,0.5819189,1.2822349,1.7380308,0.51558805,0.0,0.0,0.0,0.99995446,0.0,0.0,0.0,0.22237517
1203.9923,0.76559323,1.5099127,72.3064,12.568017,1.3199114,0.93788683,0.01804294,106.46641,292.6352,4.4774656,253.8542,1.8913571,2.232725,0.5819768,1.2924236,1.7287862,0.48782465,0.0,0.0,0.0,0.99999976,0.0,0.0,0.0,389.77304
1346.6422,0.842903,1.4146383,67.52317,17.628845,1.3505201,0.9935131,0.06990684,39.344692,298.644,4.7548175,253.58144,1.8897886,2.2265873,0.58090824,1.292966,1.7297815,0.48636046,5.9604645e-08,0.0,0.0,0.9999635,0.0,0.0,2.9802322e-08,406.44788
324.00708,0.25029683,1.8873565,83.07415,6.0254674,2.8236668,2.672678,0.059821,1.5084625,298.73746,7.8932695,252.7265,2.0916717,2.5585237,0.6531259,1.3728179,1.7389591,-0.33689043,0.99999917,0.0,0.0,0.0,0.0,0.0,0.0,27.276619
883.50525,0.67497206,1.024955,82.67688,3.8220887,2.8559902,0.30557466,0.08058908,7.019224,299.0252,4.5424542,252.84042,2.0962849,2.5730608,0.6528262,1.3700206,1.7432405,-0.33118927,1.0,0.0,0.0,0.0,0.0,0.0,0.0,10.566067
1100.444,0.45649204,17.153309,57.885677,19.694029,2.210609,3.6148422,0.013831174,1.894247,298.5559,4.0804067,172.75974,1.5014791,1.825605,0.41120976,1.1963,1.204616,-0.54401493,0.0,0.0,0.0,3.874302e-07,0.0,0.0,0.9999999,28.318401
66.47373,0.055919886,5.502659,83.62157,16.013742,2.2105458,1.4439992,0.8805674,48.092537,298.3632,4.060588,254.76323,1.8945299,2.235289,0.58152133,1.2887924,1.7313086,0.49453557,0.0,0.0,0.0,0.99999976,0.0,0.0,0.0,15.828714
2.5856566,0.007951796,1.0270711,67.43457,17.843897,3.6199017,3.6693144,0.5535278,27.729559,298.27216,4.348306,266.8677,2.101579,2.4222696,0.58363765,1.5147438,1.9117192,0.6517186,0.0,0.0,0.79701626,0.0,0.16884512,0.0,0.0,0.38053238
23.912638,0.07276464,1.2173839,14.952112,13.774106,0.59090424,1.251943,0.108262576,130.32481,307.00494,5.729606,254.65027,1.8905956,2.2355664,0.5755504,1.2853626,1.7418381,0.49767485,0.0,0.0,0.0,0.9999974,0.0,0.0,0.0,32.596836
6.6648154,0.086690195,18.784557,63.628304,34.07336,7.504693,0.016647829,7.6941366,0.67057365,298.48032,6.391471,255.93262,1.899092,2.2363997,0.5826933,1.2930878,1.747167,0.5200112,0.0,0.0,0.0,1.0,0.0,0.0,0.0,0.26640114
506.6767,0.60692465,3.5448956,70.50863,16.050127,2.4744327,0.2744056,9.696647,32.239517,297.65375,5.823783,258.93295,2.1052752,2.5823145,0.6524271,1.4037596,1.8019052,0.087550096,0.10405284,0.91863024,9.319186e-05,0.0,0.0,0.00712806,0.0,35.53117
3.586772,0.010576492,10.797468,83.20949,15.366245,3.861874,2.0314171,1.4729389,16.702541,298.14703,5.19422,255.84464,1.9073377,2.2557335,0.5861114,1.2960688,1.7455094,0.5225334,0.0,0.0,0.0,0.9999802,0.0,0.0,2.9802322e-08,15.158072
10.799186,0.47675315,4.6781025,64.144455,19.187256,2.628253,2.0187883,17.442226,23.81959,298.29227,6.237013,249.81677,2.037226,2.231202,0.5941395,1.4784042,1.7757008,0.50960743,0.0,0.0,0.0,0.00071784854,0.99909884,0.0,0.0,0.60009575
131.43367,0.27398401,55.372864,60.292286,32.66812,3.0671897,0.68721,3.622299,72.593414,298.69125,5.4270587,252.88037,1.8875784,2.2421942,0.5789017,1.2877533,1.7217174,0.4658166,0.0,0.0,0.0,0.99996555,8.940697e-08,0.0,0.0,3.393616
252.85623,0.30694968,1.7597328,84.831406,3.7512662,1.6135583,0.036319382,2.408882,62.044052,294.08157,4.307385,252.85735,2.0913143,2.5603852,0.65659505,1.3726737,1.7357422,-0.2921791,0.9929974,0.0013942122,0.0,0.0,0.0,0.00027620792,0.0,3.1559963
3.6225986,1.0897264,252.0547,79.541115,13.687037,5.690931,0.66110635,11.172364,0.9602399,298.8377,6.258015,256.6157,1.9287575,2.264604,0.5837951,1.3374631,1.7283999,0.50528324,0.0,0.0,0.0,0.98148465,0.004115224,0.0,0.0,0.23876841
1.8096503,0.2945101,1.7093593,53.55135,26.028841,2.0204184,2.0636837,7.2521687,29.307024,298.38443,4.9859405,247.38077,2.0437322,2.2313628,0.5992072,1.4945618,1.7609333,0.5189201,0.0,0.0,0.0,0.0,0.99998474,0.0,0.0,0.3495735
95.178154,0.020683002,1.02,64.61216,23.830599,1.2861515,1.8087469,0.008,42.79084,299.64865,4.728173,278.3055,2.1299844,2.5585952,0.5663217,1.5299592,2.0041666,0.7599947,0.0,0.0,1.0,0.0,0.0,0.0,0.0,144.76335
0.8182783,0.0014408627,1.020076,71.61665,21.169075,5.3015566,5.377445,0.06943436,7.4114094,298.91797,4.589393,277.84573,2.1285918,2.563094,0.59061193,1.5269024,1.9996163,0.753769,0.0,0.0,0.99999964,0.0,0.0,0.0,0.0,0.25514337
427.0721,0.07107928,1.1454238,73.31468,3.8110452,1.9256692,0.16222039,0.008647048,313.31436,283.37842,6.0438004,254.89989,1.9034344,2.232341,0.58547467,1.2927107,1.7412567,0.4746402,0.0,0.0,0.0,0.9999999,0.0,0.0,0.0,387.70905
1.942909,0.006702696,1.0251758,68.28599,21.048307,3.80604,4.061111,0.09267326,17.699924,298.23816,4.324912,270.59366,2.1127443,2.4743364,0.5934781,1.5192126,1.9364407,0.69334954,0.0,0.0,0.9339999,0.0,0.032824755,0.0,0.0,0.4194412
196.84119,0.06779357,1.0361594,46.624176,2.5270896,1.4907782,0.047212142,1.1763337,33.007713,290.27158,4.499471,251.08405,2.0858793,2.5625412,0.6540346,1.3718497,1.7353894,-0.35308176,0.99999166,0.0,0.0,0.0,0.0,0.0,0.0,0.51303065
128.41277,0.12992766,4.160529,72.389915,14.958251,2.80586,2.1922288,0.025455983,0.4539021,298.43674,7.5743494,245.95047,2.0444505,2.4980605,0.62951,1.347443,1.6678997,-0.42385957,0.99935776,0.0,0.0,0.0,0.0,0.0,4.979968e-05,33.02783
525.65515,0.4436424,1.0365323,39.386597,57.075108,4.3603296,2.5657744,0.011562932,3.4612958,291.6097,6.3186483,252.52365,1.877627,2.2189448,0.5800041,1.2880816,1.723661,0.47841406,0.0,0.0,0.0,1.0,0.0,0.0,0.0,254.64145
1137.8123,0.42885637,1.1400195,67.91343,11.128293,1.4176857,0.05964615,0.008030386,32.372013,299.48962,5.384674,269.7189,2.1275935,2.5187805,0.63561624,1.4801483,1.9035761,0.7593024,0.0,0.0,0.8470847,0.0,0.0,0.20039028,0.0,369.0248
45.68527,0.15263781,34.724525,59.840492,37.873898,4.603155,0.15160444,6.8354807,40.383865,298.23746,5.6027184,253.87459,1.893768,2.2369485,0.58017856,1.2861283,1.7295486,0.5078596,0.0,0.0,0.0,1.0,0.0,0.0,0.0,1.5247873
326.90637,0.062033758,1.564267,66.07328,2.21451,0.9048108,0.014481266,1.4417882,65.349266,296.68457,4.601015,254.70078,2.1085882,2.5232549,0.66876,1.3971272,1.7168725,0.56515247,0.007857323,0.0009173751,5.9604645e-08,0.0,0.0,0.97512645,0.0,0.56858855
23.126278,0.017074935,8.733348,75.764854,17.679163,3.933338,4.3552585,0.109256975,16.010845,299.46576,4.1158094,232.69098,1.7799426,2.146354,0.5310384,1.258466,1.6007172,0.21555924,0.0,0.0,0.0,0.8857851,0.0,0.0,0.07539871,87.105484
59.42939,0.7147506,235.78777,72.6361,25.50093,6.781541,0.4385807,6.063786,20.70988,298.10822,6.8669047,255.98712,1.9009299,2.2643447,0.5815758,1.2919468,1.7415514,0.49488086,0.0,0.0,0.0,0.99998736,2.9802322e-08,0.0,0.0,0.8557351
829.0435,0.20427884,1.1542,74.20563,2.57568,1.0393491,0.007564016,0.074962266,64.54938,299.35202,4.7503395,257.1732,2.1244416,2.5224133,0.6727159,1.3996043,1.7051096,0.75581676,0.0,4.172325e-07,6.502867e-05,0.0,0.0,0.9997162,0.0,7.5289865
6.035262,0.0024604255,1.02,67.95482,29.98056,1.6710894,4.004166,0.0080005955,8.387338,298.64935,4.984243,278.32242,2.1299934,2.563717,0.5739743,1.5299822,2.0042577,0.75998986,0.0,0.0,1.0,0.0,0.0,0.0,0.0,7.4986672
22.02773,0.13988028,34.925777,65.47669,32.22512,7.511782,0.05428719,7.5056424,17.7895,298.45627,6.492305,255.3283,1.9022223,2.2396579,0.5819371,1.2912288,1.7368431,0.50618035,0.0,0.0,0.0,1.0,0.0,0.0,0.0,0.3371826
87.32137,0.45954728,1.0229837,62.61661,24.595505,1.9943335,0.23281543,0.008131674,398.00323,297.556,7.7259917,258.14053,2.088865,2.5698137,0.6573883,1.3708153,1.7714905,-0.3251419,0.9995524,0.0,0.0,0.00017213821,0.0,0.0,1.1920929e-07,602.08954
31.313826,0.6135851,171.85352,58.684402,26.125814,5.0969167,1.8439972,3.0655806,16.653326,298.50565,6.169615,253.93388,1.9091649,2.2407146,0.5750718,1.3145026,1.746201,0.44708315,0.0,0.0,0.0,0.98402417,0.0049963593,0.0,0.0,0.91659296
3027.2268,1.2157056,10.310615,80.66587,10.492575,1.3898488,0.7581979,0.0085493345,2.056864,294.2499,5.297838,172.59396,1.5005575,1.8222742,0.41066688,1.1939735,1.2028809,-0.5414361,0.0,0.0,0.0,0.0,0.0,0.0,1.0,193.42816
76.31986,0.269943,9.890599,41.868225,35.148933,3.3313696,5.0276375,0.042031363,66.48776,297.80167,4.37261,254.72565,2.0587673,2.2876036,0.58092964,1.4920356,1.8116144,0.5903886,0.0,0.0,0.013205528,8.940697e-08,0.9909498,1.3113022e-06,0.0,29.613213
7.917529,0.038041543,1.0454379,80.792206,9.479801,3.058405,1.1818445,17.34878,29.319695,298.02646,5.005481,252.79573,2.0502682,2.26265,0.5835372,1.4842209,1.7844268,0.55582744,0.0,2.3841858e-07,0.0048909485,2.682209e-07,0.984574,0.0,0.0,0.29951656
60.816685,0.07272026,3.13288,52.347084,37.450684,4.0931363,4.6880593,0.0096629,56.834328,298.271,4.978061,272.01205,2.1152744,2.501859,0.59729165,1.5139487,1.9480815,0.72131276,0.0,0.0,0.98873377,0.0,0.009359777,2.0861626e-07,0.0,28.334612
156.59166,0.24859126,2.0983272,43.35892,14.1611595,0.91035724,1.6463952,0.5913288,64.52988,298.40503,4.4573708,255.39685,1.884298,2.2274966,0.5842513,1.2864361,1.7509066,0.5160485,0.0,8.940697e-08,0.0,0.9999584,0.0,1.1920929e-07,5.9604645e-08,6.911764
15.69312,0.9790419,234.62544,65.83081,25.479713,5.216996,1.0329306,3.8803463,7.1373696,298.1796,5.713999,255.41516,2.0199594,2.2779894,0.5931246,1.4421866,1.7683904,0.51678514,0.0,0.0,0.0,0.056491673,0.95554054,0.0,0.0,0.540042
153.40036,0.111417346,4.0597973,91.258545,4.4091616,2.2295196,1.3147013,0.27809945,17.503479,297.30383,5.426987,252.62206,2.0905492,2.566508,0.6552519,1.376099,1.7420752,-0.33514732,0.99985707,2.9802322e-08,0.0,3.5762787e-07,0.0,0.0,8.940697e-08,28.768696
103.53408,0.07506308,1.0976915,16.526222,14.166258,0.6301158,1.0518613,0.23907402,74.87671,305.73013,5.815951,253.46667,1.8882147,2.2216163,0.5762397,1.291471,1.7379155,0.4684543,0.0,0.0,0.0,0.9999994,0.0,0.0,0.0,62.165142
102.574165,0.075391464,8.702826,67.98886,27.944122,4.0580826,0.93711346,3.6110191,24.315523,298.63858,5.7384205,253.81541,1.890899,2.228392,0.5807679,1.292015,1.7357162,0.47477752,0.0,0.0,0.0,1.0,0.0,0.0,0.0,9.017317
373.53052,0.053108014,1.096116,54.679714,2.7519872,1.467981,0.010316517,1.2162218,49.972755,299.4559,4.700054,253.92236,2.109817,2.502169,0.6717373,1.3971986,1.6840696,0.68664,0.0009778738,3.4064054e-05,2.9802322e-08,0.0,0.0,0.9978877,0.0,1.3620977
2.2005968,0.59730023,35.03492,82.37599,16.60472,2.993775,0.047115464,15.6591215,0.88501626,297.69467,5.9988065,256.29257,1.8987839,2.2428598,0.5789473,1.2953472,1.7314552,0.49996144,0.0,0.0,0.0,0.99999785,0.0,0.0,0.0,0.2238555
2266.3784,1.1261632,5.493228,82.03817,8.870415,1.9771134,1.0891998,0.0136589855,2.4993017,296.1164,5.749692,192.76414,1.6273502,1.9966283,0.46896914,1.2455827,1.354018,-0.4736113,0.05437976,0.0,0.0,0.0,0.0,0.0,0.96531516,170.93315
52.861046,0.01400489,7.967514,84.859825,8.277626,3.445127,1.8114241,0.22411388,24.402773,298.01825,3.8985732,252.66469,1.8954488,2.2379017,0.5832199,1.286524,1.7425132,0.4868009,0.0,0.0,0.0,0.99967366,0.0,0.0,4.142523e-06,259.01465
9.823342,0.03375681,1.0375218,58.381474,28.662458,1.3037329,0.09130741,7.372982,2.5166326,298.75903,9.396324,269.3705,2.1185677,2.6282413,0.6658904,1.426671,1.884733,0.25661543,3.0338764e-05,0.99796706,0.0,0.0,0.0,0.0,0.0,1.0132161
22.742031,0.058878988,28.586914,63.651512,34.314728,7.2931614,0.37822577,8.032956,4.5133653,298.41284,6.7058263,254.90227,1.8948826,2.2360876,0.5824934,1.2970334,1.7388003,0.5066325,0.0,0.0,0.0,1.0,0.0,0.0,0.0,5.2175593
45.285393,0.07894967,16.393991,71.058395,29.24931,6.062498,0.41766968,5.973549,24.809881,298.43732,6.36981,253.97812,1.8942438,2.234716,0.5837152,1.2911301,1.7278882,0.48902547,0.0,0.0,0.0,0.9999999,0.0,0.0,0.0,1.2726021
15.006427,0.037490584,1.0878649,60.480957,33.499874,2.9732277,1.1586356,6.049426,10.340624,299.55478,7.1724477,274.47018,2.1237547,2.6078029,0.6331052,1.4836524,1.9632957,0.49022678,0.0,0.8008996,0.14264381,0.0,0.0,0.0,0.0,1.6889938
299.2261,0.17705281,3.015905,68.88689,19.831648,1.2015685,1.5258728,0.4502099,38.450962,297.9252,3.899984,253.17607,1.892812,2.2193687,0.577936,1.2865762,1.7293998,0.49081802,0.0,0.0,0.0,0.99999976,0.0,0.0,0.0,26.284582
39.83843,0.13200323,27.23145,70.546524,27.081484,6.2251425,0.7246736,7.20884,8.489511,298.51938,6.6756377,255.29918,1.8972789,2.24574,0.58152044,1.2904823,1.7299619,0.48674542,0.0,0.0,0.0,1.0,0.0,0.0,0.0,0.77311105
75.354065,0.27504373,10.146334,35.713768,23.160252,0.75979185,2.0396879,0.37111044,110.11044,301.41638,5.2018757,252.54341,1.8832512,2.2321079,0.571489,1.2795893,1.7334208,0.4587237,0.0,0.0,0.0,0.9999846,2.9802322e-08,0.0,0.0,16.554714
7.567484,0.0073593142,1.0885576,69.273895,21.549227,4.594531,4.917515,3.1091855,27.167725,298.15067,4.9908376,273.6826,2.1164052,2.5300004,0.5992368,1.5081083,1.9545385,0.64810735,0.0,0.0018362105,0.99011725,0.0,0.0019547343,0.0,0.0,0.9319993
1.7752446,0.043215442,2.0779583,37.23776,19.575954,2.155988,5.69166,4.8701477,25.944075,300.55273,6.191423,191.82736,1.5821563,1.9458537,0.45022565,1.2247669,1.3438627,-0.27790436,0.0,2.9802322e-08,0.0,0.04231277,6.854534e-07,0.0,0.9839076,0.3635726
48.41753,0.14775644,37.07315,64.4383,33.73143,7.4200144,0.118222095,7.8652925,16.906733,297.98187,6.456759,255.5183,1.9015899,2.2471418,0.58521,1.2933743,1.7368449,0.5056769,0.0,0.0,0.0,0.99999964,0.0,0.0,0.0,0.49510226
105.35007,0.051931098,1.8861005,70.43989,19.695116,3.626122,4.5509195,0.61290836,50.738728,298.10367,4.772801,264.7704,2.0853379,2.4005816,0.5827553,1.4979969,1.8803643,0.6227221,0.0,2.3841858e-07,0.8212033,2.9802322e-08,0.2683479,1.013279e-06,0.0,4.83887
80.00564,0.44540104,1.0229609,62.75615,24.439669,1.9693295,0.09763813,0.008015491,399.23688,296.7633,8.295292,257.07437,2.080838,2.5491989,0.6525217,1.3801388,1.7962439,-0.2858569,0.99812394,0.0,0.0,0.00029486418,0.0,0.0,9.864569e-06,600.43384
1.2221142,0.0051830285,1.0345076,58.810883,35.48719,3.3555484,1.2375951,8.3854065,4.6058364,299.19574,7.098675,274.84436,2.122778,2.619877,0.6420958,1.4772924,1.9645011,0.3972068,0.0,0.9481293,0.02616492,0.0,0.0,0.0,0.0,0.3017279
13.865659,0.45445505,20.048021,36.486355,37.17648,3.3706226,4.1397185,0.18903568,81.33843,298.50357,4.2691307,249.0369,2.042631,2.2096248,0.5959796,1.4911604,1.7744813,0.5455406,0.0,0.0,1.1622906e-06,0.0,0.9999496,0.0,0.0,2.1987374
5.1504564,0.00805474,1.0239199,10.776252,10.806679,0.53373164,2.5483077,0.02137172,54.308815,310.95926,5.3590746,257.76187,1.8901992,2.2269783,0.5790232,1.2917999,1.7408587,0.50237656,0.0,0.0,0.0,1.0,0.0,0.0,0.0,122.145905
34.56928,0.047362175,1.1495874,9.74052,7.4273987,0.59624153,0.6058559,0.16035765,94.35824,307.3927,7.418741,255.88838,1.8904313,2.2336195,0.5835728,1.2873406,1.7322444,0.50523347,0.0,0.0,0.0,0.9999659,0.0,2.503395e-06,0.0,45.207287
187.3452,0.14403614,2.652512,71.04972,14.999654,3.3399708,3.1762235,0.18918404,1.141749,298.54257,8.494221,253.52478,2.0918963,2.555718,0.65213746,1.3774527,1.7423341,-0.36558867,0.9999765,0.0,0.0,0.0,0.0,0.0,0.0,14.34839
498.2122,0.24784246,1.5925746,79.891426,7.748729,0.97239804,0.927511,0.18891414,44.229065,298.8458,4.2496142,253.95853,1.8925506,2.2286518,0.58485883,1.292267,1.7347074,0.47599655,0.00014990568,2.9802322e-08,0.0,0.99968415,0.0,0.0,1.1920929e-07,56.040215
137.2933,0.009635038,1.0326352,45.217743,1.771253,1.0969439,0.003025489,0.09041395,27.565117,305.92792,5.1270394,255.28554,2.120113,2.516055,0.6775236,1.4010717,1.6935177,0.75516653,2.9802322e-08,0.0,0.0,0.0,0.0,0.9999814,0.0,1.1711906
1.4815273,0.039944794,1.059839,62.25309,10.535106,2.740697,1.9222997,18.452898,30.257837,299.0411,5.760987,230.05927,1.9327896,2.1768808,0.5529573,1.4032089,1.6045966,0.26755747,0.0,0.0019901395,5.066395e-07,0.0030054152,0.9036827,0.0,0.0648042,0.24551211
87.48863,0.095511116,10.513327,54.752224,42.823265,3.4378536,0.5348953,4.7651777,44.339035,299.1924,5.6376824,253.88214,1.8894293,2.2310324,0.5771896,1.2936617,1.7343993,0.49284533,0.0,0.0,0.0,1.0,0.0,0.0,0.0,3.5313408
740.6941,0.52784765,1.0293089,83.51633,5.713173,2.8317554,0.72409946,0.48344228,19.642828,298.21964,4.703565,252.34126,2.0860472,2.5548744,0.64976615,1.3687552,1.7393696,-0.3403636,0.99999976,0.0,0.0,0.0,0.0,0.0,0.0,20.266346
1286.1176,0.6968052,1.8862833,79.44467,5.8611875,0.9148316,1.8067187,0.038217597,49.588284,294.36023,4.9537163,254.78987,1.8974295,2.238697,0.5841712,1.2928444,1.7377304,0.5078639,0.0,0.0,0.0,0.9998108,0.0,0.0,7.3313713e-06,364.766
43.92175,0.014096329,1.8641868,73.44476,17.415596,3.510403,5.063306,0.12751015,20.409641,298.41934,4.722092,273.4927,2.116846,2.514528,0.59084785,1.5160841,1.9597846,0.69159174,0.0,5.364418e-07,0.9968671,0.0,0.00073847175,2.9802322e-08,0.0,2.2541492
1091.0677,0.6885623,1.0653498,46.670628,50.285496,3.633169,1.3233175,0.01132461,22.653572,287.54803,5.565726,253.76346,1.8821149,2.225227,0.58331263,1.2944278,1.724394,0.48635072,0.0,0.0,0.0,1.0,0.0,0.0,0.0,300.35428
415.57492,0.20554492,1.5362412,72.66498,3.4077232,1.6925769,0.16963395,1.1998258,36.579647,296.47827,4.1803255,251.18842,2.0831869,2.5542889,0.65441555,1.3657694,1.7319223,-0.3553644,0.99949,2.5629997e-06,0.0,0.0,0.0,1.3560057e-05,0.0,2.0370164
0.7030851,0.24183618,20.93411,70.97468,26.260786,5.5704813,0.0066783493,9.000452,0.6611931,298.2216,6.3755827,256.16095,1.8932393,2.2549767,0.58622056,1.2977351,1.7381011,0.512268,0.0,0.0,0.0,1.0,0.0,0.0,0.0,0.22232035
0.68623745,0.0037784018,1.0948067,53.367058,30.327747,2.6989996,0.9546205,5.4474006,3.2265782,298.40048,6.1891866,248.46167,1.9914595,2.4697173,0.58265936,1.3824155,1.7335724,-0.005985875,0.0,0.96635324,2.6524067e-06,0.0,2.9802322e-08,0.0,0.0049626827,0.24227732
75.21888,0.7080552,179.68619,60.080383,27.069565,4.974766,1.4316562,2.5875795,50.393562,298.71762,6.2909913,254.71826,1.8961254,2.2253382,0.574978,1.3126187,1.7417971,0.4674257,0.0,0.0,0.0,0.99569714,0.0011128187,0.0,0.0,2.030218
2.5002005,0.0031631587,1.0346979,59.484074,32.215878,6.335447,3.856073,0.8895301,7.0540767,298.51205,4.478215,274.39124,2.1166465,2.522156,0.58213896,1.5083108,1.9677472,0.69773465,0.0,0.0005850196,0.9968556,0.0,4.6789646e-06,0.0,0.0,0.32336625
61.784203,0.030042985,1.7609127,72.322556,22.500471,4.3351254,4.7875204,1.8574799,28.833942,298.5738,4.6096206,273.31888,2.1161513,2.5436194,0.60210496,1.5036719,1.9516662,0.66731274,0.0,0.007602304,0.99104303,2.9802322e-08,4.9054623e-05,2.5987625e-05,0.0,5.0569897
1.6702006,0.5333672,1.3181994,74.18744,8.780569,1.0524446,0.41848335,19.80097,14.677679,297.77634,5.87511,255.55095,1.8971035,2.2465909,0.58439654,1.2869263,1.7353017,0.5098979,0.0,0.0,0.0,0.9999989,0.0,0.0,0.0,0.2252079
7.196328,0.054383874,21.072275,73.121666,26.739462,6.342143,0.64464307,6.6118793,24.129364,298.11142,6.7701087,255.218,1.8975483,2.2364213,0.5815426,1.2976812,1.7463694,0.49828804,0.0,0.0,0.0,0.9999995,0.0,0.0,0.0,0.76475906
585.0642,0.441853,1.0959485,74.93921,4.4661994,0.79516596,0.012990267,1.1270525,68.311104,296.208,4.934804,265.23895,2.124172,2.5372138,0.650946,1.4549973,1.8424191,0.73579186,0.0,0.004612565,0.047721654,0.0,0.0,0.75679815,0.0,13.710132
3.114429,0.12763506,1.1491535,67.49419,15.104337,2.6075032,1.0257633,10.4737215,22.666958,297.70917,4.5922775,247.34872,2.0393426,2.2162743,0.5898537,1.4891508,1.7604871,0.49891067,0.0,0.0,8.881092e-06,0.0,0.99978757,0.0,0.0,0.26883182
637.1184,0.20950118,1.314386,79.493,5.3885765,1.29306,0.05770732,0.008739994,31.265436,308.149,4.901615,254.23183,2.1205792,2.527144,0.67288435,1.394385,1.6679548,0.75481665,0.0,0.0,3.9339066e-06,0.0,2.1368265e-05,0.9999291,0.0,79.89393
646.7993,0.71796054,1.1070614,63.10593,14.1355715,2.1747031,0.00932624,2.1678758,13.123575,299.51614,4.1043534,262.97726,2.1213353,2.540272,0.6518854,1.4467396,1.8413917,0.72098196,2.0861626e-07,0.019139022,0.04970494,0.0,0.0,0.83014596,0.0,54.144703
9.135126,0.008469477,1.0697113,72.76294,18.231457,4.4518905,4.330103,1.5065323,25.972002,297.94028,4.7895284,272.4515,2.1153371,2.5043325,0.58775735,1.5118759,1.9471973,0.665802,0.0,6.824732e-06,0.9929166,0.0,0.0045880377,0.0,0.0,0.7335626
238.12236,0.22689259,9.546722,54.07422,44.101982,2.5854535,1.105274,3.3132725,8.020755,298.12646,7.51537,253.16803,1.8898901,2.2309232,0.58108574,1.2927662,1.7224357,0.49503982,0.0,0.0,0.0,1.0,0.0,0.0,0.0,13.683705
1051.8789,0.64308923,1.0202892,64.33395,8.068414,4.1114645,0.20355052,0.059950884,1.349195,299.71863,6.9833508,253.51015,2.0959868,2.5689366,0.655106,1.3734633,1.7573054,-0.3537627,1.0,0.0,0.0,0.0,0.0,0.0,0.0,4.7331643
268.38,0.10900476,1.0226868,19.53151,5.026688,2.38912,0.008684176,1.3821205,27.018648,287.80258,4.149705,251.95207,2.0916047,2.5648975,0.6551245,1.3720706,1.7478648,-0.36560848,0.9999862,0.0,0.0,0.0,0.0,2.9802322e-08,0.0,0.57096434
728.0458,0.22989056,1.0767292,81.53759,4.500845,2.615602,0.6368725,0.5853046,38.882816,301.59518,5.23877,252.12155,2.0884488,2.5584671,0.6529328,1.3710679,1.7328894,-0.33448237,0.9999881,0.0,0.0,0.0,0.0,0.0,0.0,16.11502
870.57745,0.37251127,1.0305191,57.773994,6.3488903,2.695447,0.24562232,0.98244643,22.597645,298.2429,4.463697,251.45403,2.0891404,2.5574849,0.6522653,1.365259,1.7337283,-0.34933227,0.99999785,0.0,0.0,0.0,0.0,0.0,0.0,9.715958
38.38131,0.027713446,1.041419,13.976386,11.728147,0.5796937,1.9533316,0.058478046,67.02826,309.75836,5.9758654,255.15102,1.8833861,2.2257483,0.5757303,1.2944324,1.7298652,0.47155407,0.0,0.0,0.0,0.9999999,0.0,0.0,0.0,141.18054
1346.2697,0.7656684,1.0600522,54.66586,19.870691,2.8095524,0.84869754,0.19672637,18.26711,303.33237,5.356655,252.56573,2.0406523,2.4712536,0.6356834,1.3414698,1.7337445,-0.12284197,0.9616849,0.0,0.0,0.054594874,0.0,2.9802322e-08,1.1116266e-05,188.73297
305.96588,0.18591051,7.5871477,76.813126,16.967134,2.9734745,2.5475662,1.7561759,64.45323,298.56342,4.000498,257.46686,2.061673,2.4079702,0.62040126,1.4373032,1.7945594,0.58323294,9.149313e-06,0.118798256,0.028876662,0.025277227,0.34833577,0.24114347,3.5226345e-05,17.79634
455.2158,0.3624964,1.0306714,71.1551,7.8861976,3.5381973,1.6254506,0.015574508,0.54273766,298.94894,8.785129,253.39609,2.0976079,2.5668018,0.6559548,1.3690441,1.7665355,-0.35677767,1.0,0.0,0.0,0.0,0.0,0.0,0.0,8.319627
157.14754,0.09954548,6.355249,58.097652,26.165503,4.568605,1.2480224,3.0685346,2.2704008,299.12515,8.326097,252.31998,2.0840166,2.5612993,0.6495207,1.3726224,1.7356614,-0.3063201,0.9938487,0.001768291,0.0,0.0,0.0,0.0,5.9604645e-08,6.652031
0.6587332,0.90864354,1.0215603,80.73044,2.4498167,0.5313526,1.3773503,19.999136,8.446672,297.81787,5.3947735,256.13174,1.9067836,2.2646065,0.58446527,1.2841916,1.7307642,0.49330875,0.0,0.0,0.0,0.9998932,2.9802322e-08,0.0,0.0,0.2219731
2.2407875,0.3284062,1.2008514,59.105938,7.0269628,1.5490191,5.1127906,19.60933,40.362923,297.53204,7.02658,255.0952,1.8952566,2.238637,0.5826923,1.2901924,1.7259597,0.48515028,0.0,0.0,0.0,0.99522686,1.2308359e-05,0.0,8.267164e-05,0.26424462
621.474,0.55523986,5.682216,74.345985,11.31132,2.9047365,0.35176128,6.3055005,23.754118,297.27637,5.2913513,257.46036,2.0951052,2.5726407,0.6549623,1.3948306,1.7799951,-0.09960954,0.72270614,0.40037733,7.5101852e-06,0.0,0.0,0.0020518005,0.0,39.32771
149.20073,0.19504298,1.2055249,91.20189,3.8343012,1.3549356,1.4298749,0.027773082,195.20842,297.25928,7.36404,253.93001,2.0940323,2.5780582,0.6593995,1.3704529,1.7500112,-0.37100676,0.9999957,0.0,0.0,0.0,0.0,0.0,0.0,494.72803
446.92206,0.4211028,1.1595052,87.43626,4.597688,2.0259752,2.7233634,0.021564167,17.034939,298.083,6.6768527,251.19246,2.0879622,2.5554678,0.6559964,1.3705034,1.7344061,-0.35537675,0.99999976,0.0,0.0,0.0,0.0,0.0,0.0,234.52496
2.3006678,0.7658774,1.6426513,82.43148,7.10081,0.92276204,0.34389693,19.916521,2.3679137,298.20633,5.885833,254.51546,1.8944103,2.2314966,0.57664603,1.2932088,1.7325797,0.47526273,0.0,0.0,0.0,0.99771726,0.000395149,0.0,0.0,0.22345343
842.9896,0.41865605,1.2744784,66.24986,21.200045,1.8387997,1.2332902,0.017612766,33.25794,299.37848,5.162408,274.99707,2.1272018,2.5361257,0.5930163,1.5177028,1.9731615,0.75462574,0.0,2.9802322e-08,0.9997315,0.0,0.0,5.5462122e-05,0.0,320.8989
655.56287,0.17133585,1.92699,67.10341,13.664788,1.5271906,1.2122995,0.041387293,94.0903,285.96634,4.5192347,253.4704,1.8938485,2.237425,0.5788105,1.2898115,1.7287997,0.4900481,0.0,0.0,0.0,1.0,0.0,0.0,0.0,344.62753
297.22034,0.10913135,1.02,36.9024,11.077924,1.5190374,0.08214514,0.25095087,21.722473,311.71713,5.9337516,252.29544,2.0958416,2.5770838,0.65742207,1.3726543,1.7523668,-0.3808887,0.999997,0.0,0.0,0.0,0.0,0.0,0.0,37.33278
1207.6299,0.72788596,1.0217582,67.40559,9.677679,2.6822903,0.6613332,0.051440362,4.1959267,298.59412,4.489466,251.8092,2.0918515,2.5619164,0.6524307,1.3684741,1.7394326,-0.33796844,1.0,0.0,0.0,0.0,0.0,0.0,0.0,119.817276
184.7261,0.06550664,1.1959877,47.58377,31.705399,3.8570602,0.89538664,0.251956,0.12626056,299.66354,9.250415,253.87881,2.09493,2.5650733,0.65909755,1.3649637,1.7362177,-0.35476246,0.99992,1.4901161e-07,0.0,0.0,0.0,0.0,0.0,1.5095272
66.463684,0.055390157,9.743056,46.81491,29.269117,3.6602921,2.6267314,0.08918778,0.5844796,299.1919,7.4472566,221.28592,1.8971642,2.2791553,0.5563263,1.2948523,1.5132495,-0.45795482,0.91358346,0.0,0.0,0.0,0.0,0.0,0.095418006,10.513451
944.6629,0.3904652,1.269919,60.161667,27.152172,1.538842,1.054334,0.019312011,79.271385,284.44724,5.663988,253.0377,1.8931882,2.2254326,0.57700783,1.2905545,1.7237339,0.47458732,0.0,0.0,0.0,1.0,0.0,0.0,0.0,330.17117
256.83948,0.25276768,1.0200151,43.923203,34.647892,1.236845,0.027673114,0.008,36.069878,298.28516,5.5368476,278.31094,2.1299963,2.5871983,0.55397725,1.5299522,2.0041459,0.76000005,0.0,0.0,1.0,0.0,0.0,0.0,0.0,586.0649
45.18938,0.062134974,10.966072,73.164474,16.07854,3.8024237,5.215504,0.31449735,15.0720215,298.80145,5.304687,234.62532,1.79865,2.135313,0.5415101,1.2619776,1.6145129,0.31315458,0.0,0.0,0.0,0.8941813,0.0,0.0,0.06688574,18.610064
695.10443,0.24571338,1.9429896,81.30596,4.544447,1.958187,0.3537824,1.4520493,42.074554,299.66373,4.371623,251.52995,2.0838392,2.5497653,0.6543852,1.3735957,1.7251585,-0.26591465,0.9943761,0.00016129017,0.0,6.556511e-07,0.0,0.001201421,0.0,7.4634686
2039.7308,1.0780461,8.251891,75.90188,12.00775,1.7975327,1.7661705,0.021172125,6.6264668,295.62366,5.575095,184.80183,1.5456924,1.9137911,0.4363299,1.2280424,1.3052318,-0.45282662,0.0024325848,0.0,0.0,3.4749508e-05,0.0,0.0,0.9983392,156.75665
293.7749,0.24291815,9.455102,63.73986,19.286171,3.8090913,1.5507364,1.7811378,4.235726,299.24176,6.353339,250.06125,2.0732393,2.5465267,0.64492524,1.370613,1.7117732,-0.34719867,0.99820864,6.908178e-05,0.0,0.0,0.0,0.0,2.321601e-05,10.196296
380.56165,0.062348858,1.034325,42.260193,3.8918197,1.416807,0.14343745,1.316239,39.065193,309.52924,5.428058,250.27122,2.0780032,2.5371404,0.658102,1.3664566,1.7304485,-0.25894317,0.98795927,2.9802322e-08,0.0,8.6426735e-07,0.0,0.011335939,0.0,1.706703
16.409348,0.086026415,20.462975,63.10767,35.621517,7.536018,0.08803362,7.643172,10.85869,298.29697,6.47671,255.17502,1.8959293,2.236332,0.5820248,1.2943966,1.7391444,0.5083848,0.0,0.0,0.0,1.0,0.0,0.0,0.0,0.45464003
592.9095,0.36712328,1.1388779,41.018593,50.467022,1.9413395,2.3729608,0.052866727,9.36323,297.31796,4.609696,252.85045,1.8872676,2.2271247,0.57870156,1.2942104,1.7290721,0.46365583,0.0,0.0,0.0,1.0,0.0,0.0,0.0,282.5277
17.592031,0.14420362,25.914286,65.993004,31.81743,7.7602177,0.2798101,7.6504383,27.44156,297.7233,6.711622,254.82082,1.8986503,2.2450476,0.58513594,1.2950077,1.7426219,0.48806992,0.0,0.0,0.0,0.9999994,0.0,0.0,0.0,0.37163216
609.4653,0.24870384,1.02,51.927704,12.5942135,1.6592436,0.30099618,0.20821117,72.50324,309.05142,5.552758,251.25256,2.0883772,2.578079,0.6575782,1.3703135,1.7260637,-0.37100485,0.99999976,0.0,0.0,0.0,0.0,0.0,0.0,136.08868
21.465975,0.38430285,2.5408273,52.156414,10.739577,3.6258638,4.553089,18.334106,35.79033,298.75122,6.694882,252.50867,1.9045928,2.250284,0.57902366,1.3018086,1.732387,0.4938333,0.0,2.9802322e-08,0.0,0.98359287,0.0029364228,0.0,6.2704086e-05,0.5216933
210.24521,0.17733938,8.6994915,66.49481,15.528641,2.9877663,5.023629,0.17859355,15.114729,299.0054,5.056366,207.98027,1.6567066,2.0133204,0.4814627,1.236033,1.4548081,-0.057397228,0.0,0.0,0.0,0.39392707,0.0,0.0,0.69902414,13.548045
1469.9698,0.71255076,1.0283195,61.763218,11.807443,3.4084554,0.6877921,0.080640316,4.754281,298.12393,4.675496,252.35603,2.0911672,2.5618815,0.65301734,1.3703117,1.7447739,-0.32973218,0.9999976,0.0,0.0,0.0,0.0,0.0,0.0,196.39545
617.1854,0.5076759,1.2193248,66.38815,23.739067,1.506966,0.7445221,4.52315,29.864616,298.95404,5.4670773,272.0503,2.1215699,2.567645,0.61750877,1.4919385,1.9433613,0.62973416,2.9802322e-08,0.124646276,0.88958335,0.0,0.0,7.471442e-05,0.0,114.49405
65.16459,0.18193911,18.950445,74.582375,25.353983,6.7560663,0.5331043,6.3254547,13.623226,297.94193,6.67627,256.18948,1.899398,2.2381523,0.5855894,1.2926971,1.7412285,0.5162811,0.0,0.0,0.0,0.99999857,0.0,0.0,0.0,0.7783013
0.9963964,0.0021894637,1.2924037,41.801365,44.507023,1.3991516,0.5654256,2.1313038,0.12930003,300.28726,8.351401,220.28468,1.8687732,2.3943698,0.5721933,1.300134,1.4916052,-0.3455268,2.849102e-05,0.7842646,0.0,0.0,0.0,0.0,0.03606695,0.27711067
829.5872,0.5176365,1.1509955,55.198124,12.683644,1.2445265,0.033338852,0.22914846,31.464098,295.303,4.8011007,268.80627,2.1257417,2.5234947,0.6440903,1.4798553,1.8767384,0.7501487,0.0,2.2292137e-05,0.67174226,0.0,0.0,0.5040257,0.0,208.83472
940.191,0.56454307,1.0787843,82.73906,6.1603484,2.3611345,0.8921128,0.24439041,20.462158,297.69827,4.891086,251.42926,2.088687,2.556509,0.6515627,1.370182,1.730863,-0.3411669,0.9999931,0.0,0.0,0.0,0.0,0.0,0.0,99.93102
1.1831414,0.2806846,1.0482618,74.30296,13.570432,1.3931082,1.2865386,19.82191,13.553652,297.91193,5.9880686,248.70195,2.0484223,2.2407224,0.598418,1.4928305,1.765523,0.54816,0.0,0.0,0.0,2.9802322e-08,0.9999877,0.0,0.0,0.25337064
89.0719,0.004040674,1.0204794,35.65196,1.3323718,0.67600864,0.0047183638,0.452132,47.666847,311.03302,5.844567,255.9174,2.115604,2.517106,0.675294,1.3960931,1.6963986,0.7278206,4.6223402e-05,0.0,0.0,0.0,0.0,0.9996172,0.0,0.31601945
1515.0148,1.0139296,1.322949,72.35809,18.107943,2.0890203,0.5958629,0.02079319,59.43125,297.9746,4.8537855,253.49689,1.886923,2.227436,0.5765299,1.2874583,1.7231511,0.48327795,0.0,0.0,0.0,0.99999785,0.0,0.0,0.0,455.8599
429.67566,0.26699165,1.2479063,68.07833,3.7597156,2.5280015,0.19540292,0.8960703,31.319824,294.99402,4.577837,251.29958,2.0876603,2.5615542,0.6530326,1.3719947,1.7387358,-0.34640673,0.9999838,0.0,0.0,0.0,0.0,0.0,0.0,3.07562
208.53801,0.19935946,1.4962956,41.123344,56.285183,0.7754338,2.2040036,0.19861984,32.40218,292.9959,5.938279,253.89519,1.8899577,2.2309494,0.5763535,1.286792,1.7247484,0.49312338,0.0,0.0,0.0,1.0,0.0,0.0,0.0,146.87082
39.363953,0.018142093,7.3939347,81.7753,7.294574,3.7322366,3.299961,0.09293124,6.005941,298.60672,3.67323,243.54572,1.8273731,2.1755526,0.5603632,1.26765,1.6667875,0.39323664,0.0,0.0,0.0,0.9774418,0.0,0.0,0.007198006,213.78607
9.401034,0.01757183,10.974788,79.912254,17.95437,3.5821736,4.040025,0.4011749,18.910725,299.1373,4.883616,249.73228,1.8914887,2.2254658,0.57719433,1.2802116,1.6978917,0.47174615,0.0,0.0,0.0,0.9955819,0.0,0.0,0.00037619472,36.608936
41.728104,1.002012,195.2551,41.31892,32.13916,2.0041425,3.7153573,0.1325769,41.653095,298.22543,4.5227294,252.19601,1.958148,2.2245135,0.58116066,1.3790096,1.766087,0.5082895,0.0,0.0,0.0,0.7558775,0.4147346,0.0,0.0,36.30556
64.77496,0.5674862,107.16141,60.803463,22.289278,4.552475,1.633141,3.084848,76.01692,298.39563,6.0453963,254.1282,1.8995762,2.2416127,0.583348,1.3038268,1.7227651,0.47834846,0.0,0.0,0.0,0.9967558,0.000667423,0.0,0.0,1.7734089
351.45947,0.1944944,1.0342336,36.516205,56.99687,2.3020666,2.3637767,0.00862679,31.55844,278.5091,8.7509575,253.64793,1.888115,2.2155328,0.57824284,1.2952886,1.7387208,0.49200425,0.0,0.0,0.0,1.0,0.0,0.0,0.0,208.133
850.98566,0.65409714,1.0200456,74.6002,5.913966,1.9298924,0.4537916,0.16540533,7.7218513,297.91174,3.9990184,252.68407,2.0924942,2.564932,0.6524513,1.3705368,1.7412401,-0.34137976,1.0,0.0,0.0,0.0,0.0,0.0,0.0,36.16506
310.94284,0.13399747,1.1008427,23.961838,15.251803,0.9546484,2.0228717,0.13261324,24.680185,304.8924,5.1122093,253.04088,1.8796839,2.2329628,0.5758432,1.2923368,1.7295448,0.4797655,0.0,0.0,0.0,0.9999982,0.0,0.0,0.0,229.70793
767.7093,0.5181007,8.872442,63.549564,17.864216,2.9963849,1.8342083,0.18395105,2.1689663,298.4927,5.7580175,198.8337,1.6676291,2.0754485,0.48455793,1.2520877,1.4022553,-0.43966773,0.0910494,1.7881393e-07,0.0,2.9802322e-07,0.0,0.0,0.9447888,18.793587
803.8991,0.6136267,1.0441743,41.0476,54.314728,3.4114501,2.3170567,0.023297967,7.3067093,297.14273,5.7344947,254.61543,1.8894233,2.24259,0.5839116,1.2940291,1.7283801,0.49931872,0.0,0.0,0.0,1.0,0.0,0.0,0.0,306.1704
58.892296,1.0375141,221.41754,47.674118,28.588535,3.884365,4.0210223,0.4126442,52.14782,297.2593,5.433846,255.42218,1.9632201,2.239131,0.5809047,1.3831834,1.7718339,0.5043094,0.0,0.0,0.0,0.86565554,0.2394104,0.0,0.0,12.433781
580.6284,0.3088502,1.0536584,32.14106,9.29935,1.2465683,0.57560134,0.69058925,17.934963,303.85934,5.7026243,248.73961,2.0667899,2.5229506,0.63877684,1.3655628,1.7066538,-0.33712536,0.995968,0.0,0.0,0.0006683469,0.0,2.0861626e-07,0.00026133657,42.991604
571.72455,0.59811324,1.1160507,77.70346,8.660541,3.1948965,0.06526105,1.7777829,18.599579,298.00757,5.411602,253.80089,2.0957873,2.5717864,0.65626943,1.3744695,1.7424217,-0.3262056,0.9998872,3.1769276e-05,0.0,0.0,0.0,0.0,0.0,8.05114
49.778637,0.090618305,16.645813,53.66198,45.594654,4.495319,0.11448284,5.4664865,6.1734333,298.1833,5.8568583,254.77486,1.8936738,2.2287438,0.5786627,1.2913797,1.7370886,0.49734715,0.0,0.0,0.0,1.0,0.0,0.0,0.0,3.6952732
733.0565,0.42108473,1.5265288,64.66365,12.867966,4.6187506,1.2857523,0.10209119,0.5173731,299.4455,7.9113717,252.88164,2.0917041,2.554355,0.6518309,1.3734411,1.7519612,-0.32313454,0.99999833,0.0,0.0,0.0,0.0,0.0,0.0,7.40601
466.9537,0.2015356,1.0200076,35.14563,18.251562,1.8733152,0.12047622,0.35641125,9.754759,305.55118,4.7106915,251.45798,2.0971186,2.5667715,0.656066,1.3670042,1.7411642,-0.35177463,0.9999869,0.0,0.0,0.0,0.0,0.0,0.0,37.43781
96.03231,0.09269313,10.965158,54.208588,42.703846,4.3922977,0.5007845,5.1637826,14.4052725,298.44324,6.6470265,253.98013,1.8932129,2.2329984,0.5808881,1.2908882,1.7347875,0.48975,0.0,0.0,0.0,1.0,0.0,0.0,0.0,8.711529
39.144527,0.023480555,1.532953,68.801834,20.404512,5.0469394,4.695618,1.2562459,31.752178,298.22662,4.6308765,268.6026,2.1054382,2.464146,0.5887231,1.5021194,1.9163101,0.65412414,0.0,5.7131052e-05,0.9624143,2.3841858e-07,0.043821454,1.6093254e-06,0.0,4.0509353
151.78572,0.16231748,8.100459,50.979485,49.121643,2.1342058,0.6283931,2.7711334,17.527832,298.05014,6.698094,254.85822,1.8912005,2.2287893,0.5812441,1.2933197,1.7386607,0.5070863,0.0,0.0,0.0,1.0,0.0,0.0,0.0,12.958802
49.527443,0.0017030359,1.0200609,26.808704,1.1860713,0.5454576,0.000802213,0.21728472,43.527916,312.06534,5.8825955,255.2056,2.1198452,2.5113192,0.6771272,1.3988559,1.7087022,0.74817145,8.34465e-07,0.0,0.0,0.0,0.0,0.99996567,0.0,0.23370606
5.18608,0.48414448,1.4118145,74.382454,9.0816145,1.6761636,0.89535457,19.86229,17.32731,298.05377,6.7075496,252.71924,1.9902743,2.2453616,0.5886639,1.4049549,1.7591292,0.52916366,0.0,0.0,0.0,0.4550949,0.67467123,0.0,0.0,0.24797933
1396.9398,0.61483854,6.209449,68.83128,13.639418,3.2415888,1.0810674,0.09828696,0.5948733,298.5229,6.2121983,235.81816,2.0047493,2.429576,0.6090709,1.3324667,1.6105821,-0.42509007,0.97991115,0.0,0.0,0.0,0.0,0.0,0.016677707,45.173695
932.1969,0.7407294,1.0321252,80.32703,6.087254,2.9169152,0.7736753,0.039589144,4.2959547,297.99408,5.096293,251.47247,2.0932882,2.5586576,0.65410095,1.3651422,1.7365205,-0.33433568,1.0,0.0,0.0,0.0,0.0,0.0,0.0,57.60925
451.54684,0.46256295,1.0258,73.435646,5.47816,2.5483623,0.036649376,0.008010725,393.03815,280.30658,6.464965,256.49783,1.89265,2.2293837,0.5825497,1.2949723,1.743161,0.4835157,0.0,0.0,0.0,0.9999999,0.0,0.0,0.0,274.50677
19.452173,1.1329069,132.01219,18.02839,51.12712,3.200012,6.4817863,0.008696499,87.46571,297.4416,4.2317705,247.49094,2.0492837,2.213561,0.5922031,1.4964209,1.7701405,0.51808566,0.0,0.0,8.940697e-07,0.0,0.99997807,0.0,0.0,33.218754
813.17395,0.26095968,1.3788638,83.89748,4.5863576,1.5640334,0.78293693,0.37632078,43.599457,300.8781,5.374351,249.64323,2.0736303,2.536354,0.6499838,1.3636938,1.7193975,-0.34910655,0.99964833,2.9802322e-08,0.0,6.67572e-06,0.0,2.9802322e-08,2.9802322e-08,29.457632
293.85333,0.100244164,1.0945555,25.409317,6.4816523,0.75868976,0.23400258,1.0059797,44.5207,303.30637,5.779563,252.04689,1.997566,2.4089549,0.6259059,1.3414953,1.7167234,0.13075326,0.39541182,3.2782555e-07,0.0,0.60138565,0.0,0.0024681091,4.2527914e-05,4.0724273
1233.3774,0.70899636,2.4984155,75.82255,11.759475,1.618061,1.866791,0.090511665,29.725086,297.40015,5.108073,252.98541,1.9235786,2.3017602,0.6011795,1.3082975,1.713815,0.32531938,0.090034604,0.0,0.0,0.9179022,0.0,0.0,0.0003142655,233.8839
79.89115,0.11474991,11.596548,56.987686,39.11033,2.7825518,0.4479572,4.440895,136.99084,298.18765,4.9654727,252.94138,1.8918446,2.2273867,0.5772245,1.2917492,1.725099,0.5018924,0.0,0.0,0.0,1.0,0.0,0.0,0.0,2.4554734
1288.5966,0.7825706,4.2685833,75.81099,8.451573,3.2999475,0.97256714,0.13134775,1.3706976,297.66318,4.996581,249.72636,2.0777335,2.5382817,0.6429091,1.3722116,1.7121339,-0.3706015,0.99924016,0.0,0.0,0.0,0.0,0.0,0.00040268898,62.37076
66.4037,0.08484264,5.559304,38.76305,54.75382,2.481655,0.9647854,1.4293346,1.2785723,286.4495,8.451886,254.79591,1.8998233,2.2318482,0.5804459,1.2920268,1.7378899,0.50046366,0.0,0.0,0.0,1.0,0.0,0.0,0.0,135.6952
35.52188,0.038786046,7.808759,79.35589,12.140367,3.5688498,4.169908,0.21021606,13.582604,297.90417,4.3993464,248.34819,1.8818697,2.225591,0.57460284,1.2792476,1.6971723,0.43323427,0.0,0.0,0.0,0.99320495,0.0,0.0,0.0009135902,50.252872
8.378201,0.011000511,11.069773,68.22923,21.634487,3.6475224,4.211023,0.31140333,4.726127,300.13754,5.696331,227.36572,1.9329551,2.3786616,0.58517146,1.3161148,1.5700017,-0.42157328,0.9578731,5.066395e-07,0.0,1.4901161e-07,0.0,0.0,0.08345252,14.419024
251.7931,0.04020825,1.1644071,52.101997,3.6042302,0.85190874,0.11984062,0.31158087,43.551468,308.94626,5.0110703,253.9229,2.095219,2.4795523,0.6681528,1.3965651,1.6965051,0.69497937,6.482005e-05,2.3841858e-06,0.0,0.0014350414,1.9073486e-06,0.99740064,6.556511e-07,4.6213903
676.4539,0.43558878,4.1310797,64.559616,21.505228,2.0989249,1.2207383,0.0081304815,31.48783,301.24893,5.007709,272.24884,2.1243908,2.508642,0.6067972,1.5088499,1.9429023,0.7548741,0.0,0.0,0.99190265,0.0,3.33786e-06,0.0028203726,0.0,202.48744
70.76745,0.13691984,10.492509,74.90311,16.789198,3.9273248,2.170993,2.9804504,52.073467,296.8257,4.6526303,256.00638,1.9355581,2.2537766,0.58829325,1.3418392,1.7674636,0.5304164,7.1525574e-07,0.013378829,1.2785196e-05,0.96559227,0.032422572,0.0002630651,3.9339066e-06,4.750179
0.8144216,0.63133556,1.0294992,66.41769,2.851396,0.7145539,3.7417443,19.989397,31.426456,297.6638,6.5300026,256.02512,1.9107189,2.239073,0.58643746,1.2917702,1.7246398,0.50247437,0.0,0.0,0.0,0.99629056,1.6838312e-05,0.0,5.364418e-07,0.22266759
76.67376,0.050705355,4.826376,86.31294,11.617412,2.2730315,1.0992836,0.5844163,34.276573,298.21182,3.906023,253.5399,1.8957306,2.2326627,0.5815683,1.2911574,1.7282908,0.48859867,0.0,0.0,0.0,0.9999988,0.0,0.0,0.0,33.55468
704.898,0.55407166,1.0200533,51.343575,35.58709,4.145384,0.2844982,0.038992148,71.62518,303.4516,4.879972,249.94313,2.088496,2.5577047,0.65513706,1.3657556,1.744007,-0.36932722,0.99997437,0.0,0.0,1.1920929e-07,0.0,0.0,0.0,374.4289
25.18981,0.008585851,1.0200456,62.87091,32.295685,1.6784222,3.313999,0.008097713,12.239295,299.41376,4.782414,278.23782,2.1298823,2.5553637,0.5828956,1.5297406,2.0036905,0.75970036,0.0,0.0,1.0,0.0,0.0,0.0,0.0,20.96314
1605.1971,0.76312816,1.0731441,69.78499,16.215353,1.6029148,0.7095036,0.06531554,22.928934,302.91916,5.599178,253.47824,1.9370202,2.2928512,0.5946835,1.3075538,1.7314692,0.31735986,0.056443065,0.0,0.0,0.9504017,0.0,0.0,1.1920929e-07,409.41132
47.279808,0.0173378,1.0201293,60.88954,31.144058,1.9809504,3.0264974,0.008094138,22.98684,299.30176,4.9416647,278.20673,2.1298723,2.558705,0.5819555,1.5296625,2.003475,0.7596501,0.0,0.0,1.0,0.0,0.0,0.0,0.0,30.658321
71.84255,0.026093798,1.0207839,18.110514,2.471246,1.6010532,0.0011448431,1.2351869,31.925844,283.5768,4.4598246,252.00485,2.092503,2.5647116,0.65763205,1.3739085,1.7351148,-0.36543956,0.9998704,0.0,0.0,0.0,0.0,1.4841557e-05,0.0,0.26492083
12.587675,0.08194392,20.085989,72.382576,27.817368,6.7073994,0.7489331,6.4578333,26.643602,298.2945,6.6640396,253.74,1.8917106,2.2335331,0.57985014,1.2908118,1.7306522,0.48378336,0.0,0.0,0.0,1.0,0.0,0.0,0.0,1.2911701
1055.0137,0.47030568,1.2528843,67.93971,11.40825,1.7690605,0.43342742,0.0113401,204.46974,284.1338,5.4148216,254.2938,1.8929821,2.2323241,0.5796676,1.2944168,1.7363257,0.4708329,0.0,0.0,0.0,1.0,0.0,0.0,0.0,348.1433
5.775037,0.22223929,47.73492,71.28872,29.365997,6.8371696,0.046050254,7.409251,1.5650084,298.83127,6.685319,255.31007,1.897663,2.2455165,0.58442885,1.2883749,1.7365476,0.4904586,0.0,0.0,0.0,0.99999964,0.0,0.0,0.0,0.23483916
43.659695,0.043330137,1.1609135,23.988176,10.365591,1.0695117,1.7091091,0.03309484,23.802475,307.3272,4.463798,253.0558,1.9928983,2.3499382,0.63253033,1.3491356,1.7156425,0.6230881,0.0,0.0,0.0,0.5873779,0.00012299418,0.5275865,8.34465e-07,147.65521
966.3908,0.6336856,1.1098244,79.85043,6.761631,2.454841,2.5950446,0.026218023,13.31928,297.52332,6.4810157,252.19601,2.0898294,2.5579944,0.6555958,1.3720429,1.7423613,-0.33913797,0.9999995,0.0,0.0,0.0,0.0,0.0,0.0,203.76373
149.39944,0.032391436,3.5840952,86.89817,5.792583,1.9865556,0.9044378,0.10128447,32.61839,297.7029,3.7483244,252.88622,1.8939445,2.226778,0.5826371,1.2905251,1.7305603,0.50010407,0.0,0.0,0.0,0.9999964,0.0,0.0,0.0,273.50308
276.22644,0.25731784,1.2940555,57.190758,5.5529766,1.9977614,0.016532639,3.8134985,40.907654,292.93262,4.680437,252.52945,2.1049564,2.5426924,0.6643537,1.3855416,1.7147833,0.21653877,0.22437006,0.010622233,2.3841858e-07,0.0,0.0,0.671468,0.0,3.3049607
22.608568,0.024897376,11.896377,44.57105,31.416775,3.9181335,3.6620195,0.123916835,1.2520397,300.244,5.777501,195.4709,1.6365736,2.0330017,0.47129127,1.2450603,1.3626872,-0.4905676,0.22702593,5.9604645e-08,0.0,0.0,0.0,0.0,0.9204689,12.082669
9.113103,0.055096384,1.1688447,24.93112,31.06324,0.53652424,0.9370829,0.22836855,238.25037,302.46918,4.696087,256.113,1.9046623,2.2440963,0.57914376,1.2926677,1.7376659,0.49404436,0.0,0.0,0.0,1.0,0.0,0.0,0.0,16.732626
0.5146148,0.00136305,1.0200227,49.251564,43.830574,5.3263063,2.3670566,0.4739856,1.6543326,299.1937,5.205978,277.5621,2.1278045,2.591874,0.5949533,1.5205878,1.9956925,0.7254987,0.0,0.00019669533,0.99983275,0.0,0.0,0.0,0.0,0.22286862
22.973635,0.71686345,241.34174,75.70731,25.114803,6.692687,0.20296958,6.2236934,12.675297,298.2346,6.8306065,255.75914,1.9005233,2.2554243,0.5840017,1.2896894,1.7486023,0.5092467,0.0,0.0,0.0,0.9999912,0.0,0.0,0.0,0.36978632
0.80264854,0.0084609855,1.0201598,83.32979,7.8050437,2.4804127,1.2500036,17.389458,15.674538,297.65027,4.638194,264.39645,2.1054945,2.3817403,0.5869551,1.503992,1.8678508,0.5909926,0.0,2.9802322e-08,0.23737729,0.0,0.8568439,0.0,0.0,0.2337609
845.54706,0.567333,1.6943644,80.209564,9.409915,2.2878966,2.1845586,0.023236003,29.220549,297.62863,6.5563507,252.99342,2.0878873,2.560838,0.6556496,1.3705246,1.7374079,-0.34881556,0.99994457,0.0,0.0,0.0,0.0,0.0,2.9802322e-08,392.93762
110.8015,0.08899066,11.710121,53.499138,46.439465,2.226014,1.2885573,2.2647011,29.1397,296.75375,6.2370095,253.557,1.8893412,2.2306714,0.5795393,1.2899827,1.7267766,0.49136028,0.0,0.0,0.0,1.0,0.0,0.0,0.0,37.567913
929.884,0.57781494,1.0259446,70.991165,12.6577,1.8371763,1.2716146,0.04761587,57.23513,297.3529,5.407045,251.36446,2.088094,2.5602694,0.6561729,1.3654354,1.7349397,-0.3552662,0.9999994,0.0,0.0,0.0,0.0,0.0,0.0,402.89816
488.25217,0.3077559,6.2918825,68.304565,15.723377,3.4505265,1.8370215,0.16969754,1.2626599,298.13858,7.161153,241.81088,2.0409167,2.486443,0.6244922,1.3539456,1.657359,-0.42580727,0.9951135,0.0,0.0,0.0,0.0,0.0,0.0032548606,20.29546
0.7203387,0.0051195836,1.1139575,51.18849,34.869846,3.4915483,1.0656815,5.9424415,6.541481,298.3714,6.7727704,263.77087,2.077272,2.5660481,0.61782074,1.4159358,1.845446,0.17128608,0.0,0.97083145,0.00017121434,0.0,2.0861626e-07,0.0,0.00012356043,0.2617226
434.1477,0.084128894,1.1739672,75.04685,5.464186,1.568833,0.026952298,0.009521098,28.196634,309.01962,4.4079833,253.15836,2.1209066,2.5262547,0.6745975,1.38949,1.6603789,0.7557501,0.0,0.0,6.854534e-07,0.0,6.2584877e-07,0.99995875,0.0,57.677383
591.7572,0.5958677,1.035832,89.93504,3.5365148,2.399367,0.75618327,0.047474664,7.1727467,298.08258,5.4450746,251.68382,2.092199,2.5577157,0.6534851,1.371851,1.7346265,-0.33170187,1.0,0.0,0.0,0.0,0.0,0.0,0.0,38.79362
332.9287,0.06965767,1.1027304,65.81113,5.837007,3.1017084,0.24850617,0.008867497,341.2368,279.45135,5.878341,254.25703,1.8945698,2.207198,0.57796353,1.2936229,1.7237455,0.4605754,0.0,0.0,0.0,1.0,0.0,0.0,0.0,375.69055
37.64925,0.017985282,6.0621414,87.668396,9.205927,2.8772619,1.2574556,0.6775577,28.877996,298.09094,3.9155772,252.72585,1.8912144,2.2373097,0.5833425,1.2925591,1.7345587,0.48210788,0.0,0.0,0.0,0.99999905,0.0,0.0,0.0,64.06038
348.9291,0.10155696,1.2129006,71.102295,20.261827,2.624969,3.2285984,0.013579147,59.31761,298.86642,4.8638115,276.14877,2.1272209,2.5380986,0.5951067,1.5231876,1.9860142,0.753152,0.0,0.0,0.99995697,0.0,0.0,5.662441e-07,0.0,83.55066
122.42556,0.80321807,23.930483,30.43737,47.678234,4.0826993,3.904181,0.008079242,71.37933,299.42236,4.4894824,255.79538,2.1019392,2.3401659,0.61381453,1.4855449,1.788836,0.715523,0.0,0.0,0.004468024,0.0,0.95989096,0.0027304888,0.0,339.86493
0.9311372,0.86748,1.0213395,85.25912,2.7562716,0.5332043,1.1996111,19.999664,5.519306,297.75635,5.861695,254.7462,1.943011,2.2410614,0.57906014,1.3262848,1.7457052,0.49035388,0.0,0.0,0.0,0.9448147,0.027920991,0.0,0.0,0.22221069
716.5667,0.5065874,4.769487,71.7339,9.201863,3.5915902,0.300933,1.9632871,20.798883,298.40677,5.435541,251.40851,2.0832489,2.563004,0.6548244,1.3705299,1.7356724,-0.32753,0.99913585,0.00025388598,0.0,0.0,0.0,3.5762787e-07,0.0,15.011429
1213.0636,1.2322919,1.1052574,73.37332,21.175179,3.1421251,0.3055215,0.011104756,152.94356,299.46317,5.581771,253.8612,1.8925515,2.2277336,0.5825184,1.2858324,1.7369429,0.49300322,4.0233135e-06,0.0,0.0,0.99993587,0.0,0.0,0.0,447.66107
267.7066,0.07414918,1.0645201,78.643036,16.775778,1.7982001,4.0958624,0.04188956,21.15792,298.15616,4.71384,277.0533,2.1283262,2.5539088,0.5945474,1.5251641,1.9939547,0.75233996,0.0,8.940697e-08,0.99999046,0.0,0.0,0.0,0.0,45.39333
0.53288335,0.6220681,1.020076,81.19913,1.8844852,0.5336428,1.6211554,19.99992,3.6888142,298.66705,7.207988,254.77086,2.055247,2.274129,0.59693587,1.4784217,1.778837,0.5354918,0.0,0.0,0.0,0.001773417,0.9992062,0.0,0.0,0.22195484
663.16864,0.15174986,1.7580812,72.299324,8.130543,1.2712053,0.78738403,0.033635236,100.58532,288.12845,4.1995873,253.58733,1.8889081,2.2291172,0.5764663,1.288401,1.7302119,0.49059516,0.0,0.0,0.0,1.0,0.0,0.0,0.0,373.99225
45.563377,0.011222939,1.020822,75.11444,19.442234,2.4277825,4.4991274,0.008491541,15.428412,298.8,4.621724,278.12625,2.1296487,2.5527375,0.5858338,1.5293244,2.0027204,0.7591251,0.0,0.0,1.0,0.0,0.0,0.0,0.0,6.0507994
30.67666,0.044089995,5.7134013,66.50718,18.101841,5.6793003,3.4937334,3.379478,51.335033,297.76978,4.9423785,257.88132,2.0547614,2.3417654,0.5850876,1.4762797,1.831195,0.526825,0.0,0.009828448,0.09411913,0.0011737049,0.85684514,1.7911196e-05,5.751848e-06,1.2632998
47.450516,0.002979588,1.0202739,21.495266,1.485428,0.61187965,0.012477791,0.12377741,27.655157,312.7073,6.819296,256.49045,2.1083946,2.5075462,0.6722218,1.3956459,1.7126504,0.7147848,1.3232231e-05,0.0,0.0,2.0086765e-05,0.0,0.99883336,0.0,0.8827282
1945.203,0.8612389,10.849485,83.534065,8.888984,1.6325572,0.9012601,0.011713076,5.5010576,295.8554,4.7462664,176.12955,1.5134767,1.850427,0.41781348,1.2076483,1.2389734,-0.49829897,0.0,0.0,0.0,6.514788e-05,0.0,0.0,0.9999815,206.60938
128.61372,0.023207271,7.986932,80.58215,5.793497,3.7247465,1.2065789,0.72976124,29.421904,293.44272,4.178922,253.55138,1.8944432,2.2297075,0.58017117,1.2920477,1.7376934,0.49969158,0.0,0.0,0.0,0.9999999,0.0,0.0,0.0,273.27127
439.83966,0.29971427,10.823712,62.040977,20.013626,3.1683025,1.5046506,2.3236365,5.684891,299.06506,5.1773143,242.49701,2.023263,2.477615,0.61560667,1.3457062,1.6758869,-0.3266032,0.94008815,0.003345281,2.9802322e-08,4.172325e-07,0.0,8.7320805e-06,0.03120184,19.613468
1308.0352,0.6719271,2.441496,77.902214,9.302482,2.0623975,1.384897,0.026928822,4.97249,297.12375,6.44341,250.86887,2.080135,2.5486164,0.6490785,1.3654401,1.721463,-0.37064976,0.99937594,0.0,0.0,0.0,0.0,0.0,0.000114798546,207.9061
354.6037,0.06140306,1.3615094,53.61546,5.882736,0.7215081,0.28510442,0.43954137,61.048374,308.13916,5.1194715,254.94763,2.0036519,2.3337312,0.6347825,1.33903,1.7142687,0.5546905,0.0003132224,7.778406e-06,0.0,0.5786856,1.5199184e-06,0.47629648,6.556511e-07,5.3694115
84.69192,0.052563917,1.0888621,11.757076,10.435387,0.673447,0.8907015,0.18771715,83.18249,304.07434,6.3511677,254.7886,1.8822333,2.2248795,0.5706092,1.2880253,1.7346871,0.51054734,0.0,0.0,0.0,0.999992,0.0,2.9802322e-08,0.0,53.84301
2193.636,0.9247342,7.8153205,66.60788,15.367321,2.5214276,1.0984067,0.020321906,0.35079896,298.40204,6.0726666,181.50015,1.5355546,1.8834685,0.4302793,1.2217773,1.2776424,-0.51001817,0.0024697185,0.0,0.0,0.0,0.0,0.0,0.99823296,40.838882
158.88263,0.14319587,9.83177,55.59903,18.116016,3.3731003,5.626372,0.23456495,14.640014,299.66058,5.120298,199.15825,1.6087563,1.9639072,0.45589024,1.2273672,1.3753864,-0.21529981,0.0,0.0,0.0,0.17553967,0.0,0.0,0.92949,5.9430647
1043.1101,0.60884225,1.0441287,59.714428,14.968913,2.7296617,1.5174531,0.026002936,41.297123,297.77676,5.6872616,251.33492,2.088241,2.5594544,0.65595263,1.3664625,1.7318715,-0.35898796,0.999997,0.0,0.0,0.0,0.0,0.0,0.0,409.02103
19.07229,0.014979523,19.462088,68.87304,25.956223,6.32363,0.71176714,6.252794,17.848774,297.92612,5.82071,253.94368,1.8900391,2.239688,0.58419496,1.2932281,1.7364916,0.48799995,0.0,0.0,0.0,1.0,0.0,0.0,0.0,44.806774
34.380806,0.0062567545,1.0202816,11.601153,2.091936,1.2682546,0.00096500636,2.149393,34.83726,286.80017,5.880033,252.08015,2.1087413,2.533396,0.6684223,1.3870288,1.7097502,0.18543954,0.58652806,0.0,0.0,0.0,0.0,0.3868222,0.0,0.24149148
2973.192,1.2281461,6.9923244,67.496124,11.938131,1.4469076,1.0161769,0.008798978,0.5970426,297.5728,4.697713,172.26016,1.5000619,1.8204693,0.4100971,1.1912429,1.1981826,-0.5490374,0.0,0.0,0.0,0.0,0.0,0.0,1.0,42.070805
29.0602,0.20180829,14.846197,77.55887,15.262676,5.4693794,1.7303842,4.7323155,35.7891,297.94174,6.472445,255.35112,1.900534,2.2411096,0.5843621,1.2885234,1.7388573,0.47434887,0.0,1.3411045e-06,0.0,0.9994474,7.56979e-06,0.0,1.1026859e-06,1.2923214
8.00532,0.0640993,1.4956105,10.315109,7.4789357,0.64252496,1.778576,0.05042272,107.94349,304.68506,6.3135314,257.136,1.8974051,2.2625244,0.58149326,1.289421,1.7413516,0.5014616,0.0,0.0,0.0,0.99995935,2.9802322e-08,2.3841858e-07,0.0,30.943531
38.803616,0.6310269,56.300346,23.769009,37.4911,1.4386165,6.0142965,0.010186616,41.17099,304.30106,3.9229298,248.40843,2.030417,2.2519886,0.5967177,1.4468088,1.7495995,0.5086082,0.0,0.0,0.0,0.0033042133,0.9971509,4.246831e-05,0.0,154.36879
41.144627,0.012912747,1.2452575,73.75458,18.623573,3.5374641,4.942282,0.016366933,28.345877,298.7254,4.711186,276.2928,2.1246095,2.5296075,0.5858433,1.524803,1.9861853,0.73981214,0.0,0.0,0.99990845,0.0,1.6391277e-06,0.0,0.0,2.7583005
19.725796,0.001533043,1.0200227,30.55833,1.1323935,0.63972694,1.2341738e-05,0.01876506,24.979387,303.59204,5.3144608,256.20996,2.126523,2.515106,0.67951035,1.4038922,1.692408,0.75972515,0.0,0.0,0.0,0.0,0.0,0.9999999,0.0,0.22783959
73.26455,0.014711227,1.0274669,74.568504,21.162462,2.9071493,5.050208,0.01750016,26.37943,297.75482,4.735305,277.44305,2.1287491,2.5368364,0.5919957,1.5272208,1.9976321,0.75450414,0.0,0.0,0.9999989,0.0,0.0,0.0,0.0,12.512274
1034.1537,1.5044434,1.0226412,53.556416,46.179665,13.732778,0.19210032,0.008732248,34.44006,302.80524,4.4548135,253.17546,1.8741177,2.2281392,0.57915187,1.2796605,1.726684,0.500896,5.9604645e-08,0.0,0.0,0.99999464,0.0,0.0,0.0,402.2178
962.7811,0.56690234,3.608163,67.93366,9.9744835,3.9594197,1.6318228,0.22896852,2.8469322,299.32285,6.2571282,252.54984,2.0936365,2.5617168,0.6548251,1.373134,1.7412591,-0.30908093,0.99997604,0.0,0.0,0.0,0.0,0.0,0.0,37.584984
43.182987,0.041281287,23.982706,64.70239,32.13616,6.995628,0.628359,7.056115,9.603215,298.2799,6.5233994,254.24106,1.8898337,2.2358491,0.58206546,1.2960563,1.7376804,0.49434343,0.0,0.0,0.0,1.0,0.0,0.0,0.0,15.305063
652.43823,0.61899316,4.822685,79.87617,10.269229,2.7862356,0.29131672,6.0117755,26.82889,297.7171,5.5756025,256.68024,2.0951416,2.5744798,0.6531812,1.3951392,1.7684424,-0.1346349,0.8141996,0.2632491,1.2516975e-06,0.0,0.0,0.00012597442,0.0,30.419569
189.48242,0.029818239,1.0274365,68.33227,1.9024312,1.151209,0.0009441429,0.0081138,21.975094,308.2037,4.9668117,252.82393,2.1271422,2.5308893,0.6786164,1.384584,1.648896,0.759812,0.0,0.0,0.0,0.0,0.0,0.9999995,0.0,8.829187
319.9339,0.20779759,7.3213124,71.31214,23.057854,2.6052701,2.9654355,0.11214247,15.220144,298.59372,4.443779,208.73312,1.6458675,2.036464,0.4804188,1.2467722,1.4439179,-0.14430329,0.00019922853,5.9604645e-08,0.0,0.21736586,0.0,0.0,0.80867654,25.719975
197.3594,0.052478008,1.2083108,71.6147,22.68171,2.4374933,3.530202,0.008072688,33.207447,299.16248,4.979969,277.15234,2.1280348,2.5584881,0.59648806,1.5268416,1.9940647,0.7568181,0.0,0.0,0.99999607,0.0,0.0,0.0,0.0,25.636984
7.3951507,0.3449648,8.627745,30.864227,40.790634,2.6203597,4.534139,0.032779656,65.55488,297.85104,4.0701866,247.95596,2.033929,2.225948,0.5931667,1.4999682,1.7667706,0.48382732,0.0,0.0,7.599592e-06,0.0,0.99996245,0.0,0.0,1.5540649
49.145836,0.052747488,21.153477,69.69678,28.96965,6.578861,0.5428202,6.3625436,16.729156,298.50534,6.3220983,253.45726,1.8914657,2.2339592,0.5843401,1.2936841,1.734423,0.49460912,0.0,0.0,0.0,1.0,0.0,0.0,0.0,5.311441
7.192776,0.10812591,23.295341,63.34815,33.945354,7.699879,0.09204497,7.4626117,7.1463094,298.36447,6.386898,254.68524,1.8950094,2.2354329,0.58274883,1.2945565,1.7371076,0.5123244,0.0,0.0,0.0,1.0,0.0,0.0,0.0,0.27824375
0.77544874,0.1804034,1.0236382,77.61946,4.032842,0.82068485,1.2306604,19.985668,61.475685,297.8229,5.916368,254.17516,2.020186,2.2643054,0.59159034,1.4229488,1.7581661,0.52875406,0.0,1.66893e-06,0.0,0.34234795,0.83065856,0.0,1.4305115e-06,0.2385491
99.13136,0.084838495,2.721199,90.82164,7.3708987,1.651068,0.6470991,0.10967464,28.187838,297.78912,4.6101737,253.44046,2.0380125,2.453393,0.6353891,1.3422968,1.7368525,-0.060224775,0.9379871,0.0,0.0,0.124442786,0.0,0.0,0.00013425946,98.28746
21.541586,0.13737862,30.935062,65.8718,32.92505,7.7268405,0.12147561,7.5175614,29.498129,298.44437,6.3943896,254.8238,1.8984644,2.2330017,0.5799882,1.2912712,1.736805,0.5006649,0.0,0.0,0.0,1.0,0.0,0.0,0.0,0.56009036
508.09363,0.43340474,4.835472,81.06429,7.7539954,3.1837676,0.9872053,1.6392188,19.101387,298.0734,5.1877975,252.35672,2.082372,2.5664864,0.6546747,1.3690655,1.7363942,-0.33655092,0.9995128,7.766485e-05,0.0,0.0,0.0,3.874302e-07,0.0,13.773109
2151.5266,1.0932063,3.6342328,73.84367,9.680284,1.8541534,1.8300534,0.035492968,9.651322,295.7616,5.103609,213.06763,1.7217361,2.1298635,0.5077739,1.2682507,1.471829,-0.24189036,0.060129732,0.0,0.0,0.026569605,0.0,0.0,0.8210523,255.81203
67.82216,0.0873008,1.2974426,17.581373,18.184927,0.6245007,2.095544,0.14928396,92.34343,306.84555,5.0608106,253.83528,1.8871921,2.225935,0.5752574,1.2859328,1.7403913,0.49130687,0.0,0.0,0.0,0.9999974,0.0,0.0,0.0,46.81364
208.39389,0.02969199,1.4537696,49.141285,25.951576,1.6252304,2.1042542,0.02808469,66.79388,278.42337,8.939755,253.53351,1.8896818,2.245572,0.58636576,1.2963291,1.7444293,0.5094042,0.0,0.0,0.0,1.0,0.0,0.0,0.0,264.67786
86.2688,0.073920034,2.128644,84.88615,9.955082,1.3131636,1.028085,0.20133555,34.000576,297.124,3.8611567,255.23154,1.9002751,2.2287123,0.5845018,1.2899816,1.7376907,0.50601786,3.4570694e-06,2.9802322e-08,0.0,0.9999211,0.0,0.0,5.9604645e-08,24.68221
10.16537,0.06974101,2.336395,32.20934,18.720713,2.7084723,6.0956717,2.4078677,28.95905,300.3875,5.5042152,187.95938,1.5684379,1.9455608,0.4429547,1.2219087,1.3280818,-0.36910865,0.0,1.1920929e-06,0.0,0.023186296,7.5101852e-06,0.0,0.9944147,0.46209648
246.3974,0.0999611,3.1813428,86.65029,7.0423617,2.2205675,0.6068379,0.045712262,70.782715,296.90125,4.543537,251.53433,1.8834505,2.2196708,0.57950824,1.2908677,1.7151688,0.46053457,7.647276e-05,0.0,0.0,0.99977106,0.0,0.0,2.9802322e-08,357.10455
4.197753,0.030931413,19.612585,62.062374,37.538094,7.9333367,0.07770769,8.011315,4.6296988,298.2119,6.130999,255.50737,1.897536,2.2366617,0.583319,1.2917094,1.7405065,0.49796876,0.0,0.0,0.0,1.0,0.0,0.0,0.0,1.0259178
10.538149,0.05455688,1.5379766,31.70357,31.779835,0.5981107,1.8774539,0.17250022,89.02403,303.95822,4.2490416,257.04773,1.9037031,2.2377129,0.5766542,1.2856944,1.7453749,0.50756794,0.0,0.0,0.0,1.0,0.0,0.0,0.0,37.557808
371.7546,0.12522583,1.0345305,20.881565,10.168589,0.9344139,0.93008924,0.08717812,19.9578,309.3838,6.9872036,253.5056,1.8812267,2.221075,0.5766696,1.2900565,1.7388949,0.48871908,0.0,0.0,0.0,0.9999957,0.0,2.9802322e-08,0.0,202.98943
677.03485,0.43770114,1.3414224,52.702812,17.779625,0.8453969,0.9973529,0.14940728,55.03907,298.50806,4.198141,252.86671,1.8867519,2.222587,0.5778192,1.2921841,1.7304213,0.47429606,0.0,0.0,0.0,0.9999999,0.0,0.0,0.0,231.34663
14.823437,0.012598337,5.5902987,84.08249,12.766976,3.4201224,3.9799953,0.108467534,14.551941,298.444,3.7324615,249.2149,1.8774852,2.2207174,0.57097936,1.2847339,1.7110937,0.43422866,0.0,0.0,0.0,0.9903854,0.0,0.0,0.003574878,181.54536
579.511,0.49117604,1.0574719,90.951164,3.7044892,2.092462,0.83795524,0.13968311,16.74339,298.2968,5.122801,252.86613,2.0884688,2.5559177,0.65176743,1.3699121,1.7378603,-0.331831,0.9999994,0.0,0.0,0.0,0.0,0.0,0.0,61.071457
111.43126,0.85468614,86.70832,27.200472,44.711147,3.079225,5.971796,0.013429599,100.690735,297.77408,4.3017316,247.87144,2.0479517,2.2386136,0.58315426,1.4887013,1.7843596,0.55391264,0.0,0.0,0.00019735098,2.9802322e-07,0.9992949,5.722046e-06,0.0,54.52672
1427.1676,0.8834192,2.0197906,83.96426,6.314086,1.5303106,0.30763105,0.009344739,133.86365,296.55362,5.956644,230.54593,1.7551441,2.1128223,0.5186568,1.2600672,1.5777895,0.15255159,4.172325e-07,0.0,0.0,0.7481079,0.0,0.0,0.28899437,381.43774
6.0772796,0.09281409,23.804245,64.56639,32.356857,7.128347,0.026189756,6.989313,2.4068902,298.67154,6.515023,255.10948,1.8978647,2.237502,0.5831792,1.2905041,1.7401917,0.5141379,0.0,0.0,0.0,1.0,0.0,0.0,0.0,0.32643655
79.48681,0.0073243575,1.0218953,36.28701,1.3088981,0.87559116,0.00011783421,0.015088924,27.845272,293.61075,4.848074,254.6784,2.126181,2.5183847,0.6789151,1.3981593,1.6637477,0.75968385,0.0,0.0,0.0,0.0,0.0,0.99999964,0.0,0.6730338
15.2947645,0.042805593,24.52211,68.16038,29.47861,7.516056,0.31473076,6.8711534,35.74965,298.63638,5.9978313,253.4368,1.8904779,2.2281165,0.57977945,1.2882745,1.7248207,0.48140037,0.0,0.0,0.0,1.0,0.0,0.0,0.0,3.3597877
1.4770616,0.37396768,3.2225978,69.68525,13.665788,2.6522472,0.7668956,18.36741,16.291357,298.45477,6.4824653,254.64601,1.8918655,2.2404587,0.5850688,1.2925397,1.7368089,0.5089455,0.0,0.0,0.0,0.99999654,0.0,0.0,0.0,0.2294844
2027.0923,1.1368538,1.2603513,77.45806,10.341994,1.4586064,1.0230837,0.034851875,22.915203,296.6096,5.664143,227.35187,1.8274778,2.2117348,0.55006933,1.289206,1.5748153,-0.069054574,0.22105742,0.0,0.0,0.076155424,0.0,0.0,0.31202513,361.75134
79.15869,0.13390574,1.1936814,41.94883,56.431583,0.62175554,1.9506713,0.18138252,42.370586,295.39777,4.9642444,253.05472,1.8926824,2.2252254,0.5752838,1.2918311,1.7273793,0.49558094,0.0,0.0,0.0,1.0,0.0,0.0,0.0,91.00627
450.94073,0.33905667,7.316015,84.07974,8.108138,2.8043215,1.3078545,0.12502801,2.3057895,297.35495,5.807366,249.90817,2.080247,2.5397518,0.6459159,1.3655578,1.7204349,-0.36731723,0.9991448,0.0,0.0,0.0,0.0,0.0,0.00017052889,47.32415
1.1648729,0.8873485,3.108241,82.96706,10.177462,1.1012341,1.3559065,19.915941,2.4151027,298.36215,6.2298865,254.30185,2.0428338,2.2708135,0.5973263,1.472606,1.7832805,0.5326816,0.0,0.0,0.0,0.001903981,0.9987967,0.0,0.0,0.22785786
1.6120458,0.2237274,12.003525,68.50672,19.726698,5.2918906,1.090985,12.176199,8.014104,297.73843,7.1624484,255.52129,1.9060532,2.2539692,0.5863657,1.2932467,1.7518069,0.51061785,0.0,0.0,0.0,0.9999982,0.0,0.0,0.0,0.2467183
7.2545843,0.07146429,15.723898,63.991375,20.669748,4.735592,4.328969,1.573547,32.345005,298.93536,7.129178,242.19008,1.8362284,2.1742988,0.5587556,1.2705655,1.6478804,0.35422122,0.0,0.0,0.0,0.97497785,0.0,0.0,0.012381107,1.6767491
411.21097,0.26543385,4.246936,83.482414,9.875387,2.0181544,1.9233626,0.059137605,30.554335,297.20715,4.5007787,247.58403,1.8703812,2.2193325,0.57171154,1.2890422,1.6808647,0.3591485,0.002662629,0.0,0.0,0.9581561,0.0,0.0,0.006633371,214.25735
1277.3234,0.7072224,1.028837,51.72779,19.3344,4.3269362,0.8393645,0.12648536,6.987864,298.23715,4.48473,250.83516,2.0898125,2.559332,0.65379035,1.3682127,1.7365052,-0.3349009,0.9999851,0.0,0.0,0.0,0.0,0.0,0.0,175.11577
49.27615,0.054344326,4.421508,64.05862,23.96642,3.6837952,5.0157957,0.017509097,43.83335,297.81863,4.5075974,271.37128,2.1104357,2.4810212,0.5896059,1.5145715,1.94282,0.6999196,0.0,0.0,0.97537327,0.0,0.016874194,5.9604645e-08,0.0,9.377822
1467.9059,0.7242274,1.1878508,62.827393,13.786596,1.7429669,1.4512985,0.08410554,15.779786,300.7402,4.8157835,253.4601,1.8825015,2.2305386,0.5779254,1.2903246,1.7255913,0.46314743,1.6331673e-05,0.0,0.0,0.9998548,0.0,0.0,2.9802322e-08,387.95016
95.88241,0.06649322,8.401802,52.292767,45.559727,2.0671012,1.0718223,2.2109032,27.42454,297.76547,5.2538786,254.16026,1.8903246,2.2320068,0.58042574,1.2924182,1.7352687,0.49243495,0.0,0.0,0.0,1.0,0.0,0.0,0.0,16.427351
1205.7885,0.86384404,2.23016,85.01401,7.0073624,1.5887482,0.28300458,0.0108860945,151.1863,296.5295,6.311295,241.75246,1.819964,2.186408,0.5524471,1.2720337,1.6532723,0.35114783,1.7881393e-07,0.0,0.0,0.9407564,0.0,0.0,0.06278354,355.5642
896.37573,0.63783395,1.0771173,46.095337,18.323063,1.5690967,0.93081266,0.057435382,37.115425,300.84265,5.161845,253.88031,1.8861252,2.2300556,0.584249,1.2943932,1.7309382,0.5008,0.0,0.0,0.0,0.99999595,0.0,0.0,0.0,355.14056
0.7686488,0.0051791775,1.0200227,79.60824,7.987575,2.2821567,1.1169649,16.645058,8.733668,298.24014,5.087188,257.52945,2.0802634,2.2746418,0.5796889,1.5067306,1.8415146,0.6210116,0.0,0.0,0.035344303,0.0,0.9732871,0.0,0.0,0.22886302
4.498067,0.43750972,4.6796627,52.322773,26.654402,2.6513367,2.913479,8.915692,42.533405,298.43616,5.568702,250.2426,2.0432982,2.2515428,0.60093415,1.4893917,1.7747937,0.5298951,0.0,0.0,0.0,1.758337e-06,0.99993694,0.0,0.0,0.7435228
188.27223,0.040300727,1.7509872,81.35589,6.02414,2.1179402,0.5454343,0.02445026,73.73347,289.48328,4.202879,255.73781,1.8951496,2.244642,0.58524096,1.2866997,1.7462486,0.5134732,0.0,0.0,0.0,1.0,0.0,0.0,0.0,420.70752
1078.9669,0.917744,1.1003251,72.390656,22.082489,2.8454583,0.42404535,0.02309718,151.74889,300.69803,6.077409,254.50705,1.9757704,2.3365097,0.6099683,1.3187131,1.752192,0.21123193,0.15459293,0.0,0.0,0.7772463,0.0,0.0,0.0,489.09854
248.85056,0.01606495,1.0353982,79.99329,1.649349,0.82735246,0.051127706,1.322778,69.64294,309.51996,5.314653,254.58246,2.0907686,2.5330422,0.6592045,1.3789122,1.7345912,-0.19551642,0.986814,2.682209e-07,0.0,0.0,0.0,0.057009876,0.0,0.4904968
2.0063415,0.5451172,1.0911835,63.01221,4.4850173,1.0679443,3.1121457,19.937622,39.981884,297.93845,6.891773,255.44345,1.9130856,2.2364974,0.5832096,1.2972827,1.7337966,0.5044248,0.0,0.0,0.0,0.994822,0.00013160706,0.0,1.2516975e-06,0.22613995
68.683716,0.10776884,17.205524,58.396576,38.86435,6.363034,0.08021218,7.1237583,11.965374,298.72327,6.088951,254.0,1.891651,2.228796,0.58028656,1.2925122,1.7372767,0.49068534,0.0,0.0,0.0,1.0,0.0,0.0,0.0,1.6925942
1899.3916,1.0965697,2.6444895,81.021126,7.4314604,1.1278453,1.8078912,0.028198488,24.530275,296.85846,5.2132287,231.60875,1.7793156,2.1402826,0.53589445,1.2709723,1.5894966,0.20621586,9.834766e-06,0.0,0.0,0.76859224,0.0,0.0,0.108174324,374.96155
930.6019,0.5932905,1.3084642,50.81293,21.24948,1.159207,1.5348438,0.12727958,32.06853,299.89294,4.3079214,254.14883,1.8880708,2.2352588,0.5813677,1.2937964,1.7333165,0.49924767,0.0,0.0,0.0,0.9999994,0.0,0.0,0.0,305.74182
1466.1924,1.0426854,1.0743239,66.94765,22.65186,3.3132348,0.5239173,0.029023683,25.547764,301.22137,5.4978733,254.5574,1.8955294,2.2230322,0.57869136,1.2962492,1.7266413,0.46180582,0.0042842627,0.0,0.0,0.99365175,0.0,0.0,9.357929e-06,470.9072
329.81473,0.23943682,1.1941457,29.828964,26.494936,1.0583125,1.9765689,0.17323723,36.557606,301.23077,4.9391217,253.272,1.8827755,2.218547,0.57490236,1.2870166,1.724527,0.4959366,0.0,0.0,0.0,0.9999999,0.0,0.0,0.0,178.73763
744.7258,1.5419029,1.022976,61.837578,35.44107,8.841612,0.088264875,0.008020854,252.36635,291.267,4.8267546,255.49107,1.8923713,2.2371464,0.58064705,1.2876018,1.7569159,0.49232757,0.0,0.0,0.0,0.9999987,0.0,0.0,0.0,240.71689
23.906141,0.66146064,49.9637,75.591896,13.665345,3.599887,0.4864678,17.94487,20.683802,299.29218,6.4553833,254.71458,1.8961723,2.2367735,0.5839738,1.2838099,1.7273098,0.4965653,0.0,0.0,0.0,0.99989533,8.046627e-07,0.0,0.0,0.27531964
114.120995,1.1303726,127.34191,25.02106,43.888977,2.1702135,6.6945105,0.014098692,95.09321,298.7404,4.6138473,248.94995,2.0448837,2.2255383,0.59444726,1.4757309,1.7581382,0.51527035,0.0,0.0,1.4901161e-07,9.819865e-05,0.9995017,3.4183264e-05,0.0,122.885574
10.15309,0.02418467,5.1516047,68.316246,22.382526,2.3558135,0.9943062,7.18437,13.6322365,297.77832,8.582281,260.12146,2.0995164,2.595138,0.65680295,1.4007883,1.8174673,-0.048168942,0.37048095,0.73022795,0.0,0.0,0.0,2.9802322e-08,0.0,2.8597667
22.307545,0.06547677,8.626724,78.45569,17.040274,4.1771803,1.7597044,1.5616875,29.731905,297.8211,5.090187,254.6422,1.8939099,2.2463267,0.5814187,1.2866473,1.7396203,0.50117224,0.0,0.0,0.0,0.99998224,0.0,0.0,2.9802322e-08,6.5407505
7.528511,0.04649893,7.9947033,50.138218,24.156504,4.7922354,4.2941,1.4645636,44.75388,299.3236,6.294774,236.3036,1.8214734,2.1531892,0.5426024,1.2634095,1.6282107,0.29173088,0.0,8.34465e-07,0.0,0.9445283,2.682209e-07,0.0,0.07944295,1.2228192
300.68933,0.2454595,2.8533137,47.178455,48.118053,0.99371666,1.6518831,0.7659274,59.882343,298.7519,5.283033,254.17932,1.8925922,2.2289255,0.5757403,1.294099,1.7296958,0.48638132,0.0,0.0,0.0,1.0,0.0,0.0,0.0,26.96182
1439.8639,0.5807448,1.020038,40.28441,22.249964,3.8422258,0.20698005,0.030478051,0.33654332,298.47348,3.7801602,252.06389,2.0933478,2.5635567,0.6545191,1.3623071,1.7327629,-0.35348073,0.9999999,0.0,0.0,0.0,0.0,0.0,0.0,86.11811
264.87134,0.051272508,1.1437949,65.58179,22.245728,3.4044147,2.787678,0.008276455,51.58093,298.78918,4.9682126,276.40176,2.12796,2.5415678,0.59290475,1.5244241,1.9877032,0.7566924,0.0,0.0,0.9999783,0.0,0.0,1.4901161e-07,0.0,111.94695
541.7769,0.3125801,1.1523199,40.389355,56.098003,1.5288588,2.4800546,0.036915757,7.804584,288.89294,7.326731,252.66573,1.8912946,2.2391257,0.5760955,1.2910746,1.7344698,0.48278686,0.0,0.0,0.0,1.0,0.0,0.0,0.0,228.08948
1219.354,0.45180422,1.3397326,55.2533,17.885672,4.415538,0.75271845,0.05136052,0.116498545,300.09213,7.419991,252.39824,2.0917425,2.5544322,0.65536934,1.3671339,1.7337029,-0.34797978,0.9999937,0.0,0.0,0.0,0.0,0.0,0.0,12.080238
163.82812,0.1761627,3.287129,83.80802,8.100041,2.738126,1.1594883,1.3459907,20.045061,298.2842,7.3261223,251.72768,2.083926,2.5657773,0.65303636,1.3730322,1.7315488,-0.34215143,0.9997802,2.3752451e-05,0.0,0.0,0.0,0.0,0.0,6.4249744
0.58099043,1.0090536,1.0202055,89.560135,2.059222,0.49923033,0.35414645,19.999971,0.8191495,297.98907,4.5150642,256.38104,1.9326831,2.2630048,0.582721,1.3155364,1.749043,0.51169574,0.0,0.0,0.0,0.99073565,0.006641805,0.0,0.0,0.22191828
3.2399743,0.01823141,1.0200076,36.88795,47.731125,1.4389324,0.68952703,0.1478713,6.0606394,298.3388,8.311841,278.01926,2.1295316,2.6091967,0.59477794,1.5267917,2.0019157,0.73927975,0.0,3.823638e-05,0.9998975,0.0,0.0,0.0,0.0,1.3118947
424.84467,0.11134852,1.6060243,80.21352,4.350626,1.6829363,0.33980095,0.010958187,158.85492,290.48682,4.991285,254.3682,1.9005944,2.2424216,0.58271456,1.2887629,1.745943,0.48138538,0.0,0.0,0.0,0.9999616,0.0,0.0,2.682209e-07,394.90036
523.00934,0.4989462,1.2638069,77.4317,14.093831,2.0504966,0.5293791,0.012519204,289.353,296.71573,6.1672425,253.85349,1.9466567,2.3212419,0.60645735,1.3106143,1.7372808,0.2471133,0.062321216,0.0,0.0,0.94935143,0.0,0.0,2.9802322e-08,524.6164
53.421585,0.24277645,23.224295,65.00115,19.742006,4.4299273,1.7337306,3.5418625,46.657223,297.85004,5.720695,256.07474,1.8961562,2.249788,0.5834817,1.2892754,1.7491924,0.5065033,0.0,0.0,0.0,0.9999486,0.0,0.0,0.0,0.7354998
60.485718,0.08820098,12.329103,55.609905,41.12866,5.846611,0.24741599,6.211245,2.087664,298.60715,6.803031,253.71051,1.8915495,2.228036,0.5822277,1.2960551,1.7376437,0.49358952,0.0,0.0,0.0,1.0,0.0,0.0,0.0,8.767398
28.188284,0.11735115,23.024857,69.65074,28.986525,7.3157673,0.54520714,7.597364,6.1284013,298.56754,6.6304607,254.99837,1.8978926,2.249408,0.58378845,1.292997,1.7360635,0.5085148,0.0,0.0,0.0,1.0,0.0,0.0,0.0,0.44530118
106.68885,0.09000661,1.0257771,17.284687,3.602545,2.0042176,0.0007678324,3.3884716,20.5971,284.73547,4.4436727,252.56937,2.0997834,2.563121,0.6633538,1.3693898,1.7306194,-0.23314618,0.9904011,2.026558e-06,0.0,0.0,0.0,0.004938543,0.0,0.49537638
24.187172,0.06642869,1.4287959,73.72182,11.692542,4.305852,2.0565388,8.634886,31.570263,298.46716,4.8231015,252.50444,2.0426056,2.2545938,0.5857118,1.4815652,1.7857745,0.5366279,0.0,3.5762787e-07,0.004804194,5.155802e-06,0.98779416,0.0,0.0,0.7050161
738.35516,0.23967154,1.230042,72.568535,5.571587,1.5473161,0.27888918,0.00960034,289.5433,282.94806,5.721686,254.42871,1.8978125,2.2219505,0.5812542,1.2944728,1.7364593,0.4774485,0.0,0.0,0.0,0.9999999,0.0,0.0,0.0,357.56616
1.2952898,0.004089702,3.0575404,33.62226,44.482426,2.6669526,1.6095794,3.7261167,3.1188025,297.9102,9.05871,253.52597,2.0768247,2.5727727,0.64891714,1.3809011,1.758666,-0.15934151,0.62065524,0.3589648,0.0,0.0,0.0,0.0,6.6161156e-06,0.6556719
72.74167,0.08481218,15.8427,59.784843,36.953384,6.7787404,0.23157008,7.6954055,5.78033,298.6001,6.726667,254.5364,1.8971344,2.2321463,0.57989603,1.2941012,1.7318703,0.5076611,0.0,0.0,0.0,1.0,0.0,0.0,0.0,1.2560809
41.928143,0.09824291,23.788633,62.70812,33.85319,7.4744387,0.2008847,7.5566263,18.886278,298.37842,6.304992,253.76337,1.8932711,2.2422495,0.582916,1.2917619,1.7365187,0.48502782,0.0,0.0,0.0,1.0,0.0,0.0,0.0,0.6990948
57.145115,0.07883887,12.965898,58.99259,20.297716,3.5671446,5.3090463,0.18819916,17.173847,299.5124,5.1299996,194.19186,1.5818952,1.9534858,0.45252538,1.2258304,1.3600222,-0.25945047,0.0,0.0,0.0,0.067445636,0.0,0.0,0.94838417,7.388502
106.21509,0.22100678,8.965174,68.14381,15.16299,2.4244637,3.6397822,1.6522819,40.152355,298.3521,4.8014565,255.75458,1.895436,2.2476957,0.58548933,1.291983,1.7371788,0.5013909,0.0,0.0,0.0,0.99997914,0.0,0.0,8.940697e-08,3.5910475
2.6888738,0.0022539455,1.0238057,66.95872,26.507107,5.523365,5.3001547,0.3415077,9.402027,298.41852,4.460562,277.22693,2.1271906,2.5618556,0.60430473,1.5225716,1.9928807,0.7367145,0.0,1.0222197e-05,0.9999703,0.0,0.0,0.0,0.0,0.4255635
1.2768183,0.22710155,1.0237677,76.513885,8.365334,1.108374,0.6733273,19.982334,10.195755,297.8911,6.722514,249.9525,2.0511355,2.2482603,0.5945827,1.4893552,1.7777896,0.54189557,0.0,0.0,0.0,8.940697e-08,0.9999716,0.0,0.0,0.23080024
329.88617,0.19997811,1.103659,43.984272,3.6251602,1.3751271,0.0016311663,1.8745373,51.181034,289.36603,4.5820255,255.57007,2.120081,2.5302117,0.6693067,1.3989613,1.7132369,0.7034729,7.2717667e-06,0.00804764,8.046627e-06,0.0,0.0,0.9973807,0.0,2.2061574
73.355385,0.12847614,1.0285554,66.262825,28.255224,1.3805957,0.034039393,6.7383857,1.2731013,298.83142,8.893048,265.4752,2.114207,2.6117537,0.66322047,1.4110453,1.8549874,0.13746957,0.004098356,0.99288154,0.0,0.0,0.0,0.0,0.0,4.9751697
9.834405,0.3946489,7.408039,68.31131,14.690195,4.4310093,1.6407385,15.531083,25.805355,297.41144,7.2353463,255.3668,1.8919941,2.2473173,0.58161503,1.2929883,1.732351,0.51160824,0.0,0.0,0.0,0.99938715,8.940697e-07,0.0,2.0861626e-07,0.26302016
1273.0693,0.7996024,1.7387477,76.397125,12.742855,1.3706005,1.1404471,0.044442,43.858932,299.15637,4.860376,254.64209,1.8875688,2.2260458,0.58048755,1.2901001,1.7350528,0.4788092,2.9802322e-07,0.0,0.0,0.9999062,0.0,0.0,1.1920929e-07,429.10428
2.80904,0.5056386,1.1099994,78.1065,7.0844884,0.93764776,0.6798079,19.938276,36.97704,297.98975,5.7138853,254.44565,1.8923349,2.2319481,0.5794959,1.277575,1.7265854,0.5083555,0.0,0.0,0.0,0.9999199,1.1026859e-06,0.0,0.0,0.23500364
656.3686,0.4840264,4.682517,82.27737,9.636936,1.8368124,1.2702845,0.02846541,70.26391,296.64264,5.8656507,225.9258,1.8389467,2.244538,0.5556983,1.2918484,1.5806887,-0.17101946,0.33591425,0.0,0.0,0.05439371,0.0,0.0,0.30386487,407.5057
494.06644,0.4923188,1.167604,90.95474,3.383089,2.2359648,0.7741972,0.1819265,18.001247,298.38663,5.1919975,251.13918,2.0859017,2.5560343,0.6498921,1.3686426,1.7311465,-0.35349256,0.9999994,0.0,0.0,0.0,0.0,0.0,0.0,25.14029
1653.0217,1.0016679,1.1283358,73.68879,16.19489,2.026781,0.73493165,0.028970059,33.105595,299.73373,5.5481977,253.91402,1.8984108,2.2383304,0.5837217,1.2899812,1.7209897,0.43307364,0.0058192015,0.0,0.0,0.99197805,0.0,0.0,1.9073486e-06,465.53748
888.0549,0.21016687,1.5192673,71.70438,15.920167,1.7743156,2.0497391,0.009795766,55.625744,298.70602,5.2365327,275.557,2.1273868,2.5439248,0.59421307,1.5200733,1.9778697,0.7554538,0.0,0.0,0.9998392,0.0,0.0,3.129244e-05,0.0,137.6784
3.4356508,0.8009138,216.27043,82.81418,19.482128,6.001579,0.031414717,10.9410305,0.48442778,298.58868,6.183135,256.4151,1.8996998,2.2529128,0.58458364,1.2976246,1.7418892,0.49135163,0.0,0.0,0.0,0.99999917,0.0,0.0,0.0,0.22414792
976.1725,0.47833914,1.0407872,63.052372,6.7997646,3.5074353,0.14962329,0.162981,0.6513238,297.3275,5.226098,254.87186,2.1002283,2.5760975,0.6511346,1.3802421,1.7617464,-0.3544247,1.0,0.0,0.0,0.0,0.0,0.0,0.0,6.031336
670.55194,0.23861998,1.076029,63.139805,6.603742,0.7872763,0.45622057,0.2346716,53.56716,304.85483,5.935011,252.87007,1.9310466,2.274273,0.5924922,1.3006198,1.7301028,0.32442456,0.029997617,0.0,0.0,0.9791357,0.0,2.9802322e-08,2.9802322e-08,86.42483
5.744488,0.41247824,2.3766146,64.3763,7.923362,2.9674153,3.4819295,17.908752,26.123032,297.91257,7.3002586,254.03418,1.8876799,2.2282188,0.5788204,1.2872938,1.7227658,0.4827805,0.0,0.0,0.0,0.994074,1.66893e-06,0.0,0.00012734532,0.2560023
9.3969755,0.632294,14.0458,76.69026,13.200002,2.362704,1.3661804,19.396982,9.590939,298.15097,6.6352816,253.51772,1.9501632,2.243522,0.5859748,1.3676217,1.7525347,0.49649933,0.0,0.0,0.0,0.7666101,0.15853167,0.0,0.0,0.26727837
508.5543,0.47056922,1.097996,72.555244,21.855686,1.2833388,1.3930436,1.6765991,44.784023,298.99796,5.3269362,275.2201,2.1262324,2.5688329,0.6045819,1.511782,1.9760331,0.7040109,0.0,0.0053515136,0.9961455,0.0,0.0,2.2053719e-06,0.0,72.311005
27.32195,0.007620895,4.3530416,80.65456,5.253323,3.6914697,1.7209004,0.024987083,8.451071,296.26047,3.5303018,214.8529,1.64133,2.009018,0.49340263,1.2369436,1.4660052,0.033769462,0.0,0.0,0.0,0.4134104,0.0,0.0,0.43989658,352.0315
780.6369,0.6671175,1.0202816,78.71383,6.28622,2.1494794,0.62858117,0.12273296,7.5885444,298.8215,3.981247,252.63289,2.0913894,2.5661068,0.65448785,1.3688272,1.736241,-0.34723255,1.0,0.0,0.0,0.0,0.0,0.0,0.0,92.10038
2.1117914,0.26316905,2.3391807,63.759716,11.862677,2.7460773,3.766351,17.276548,35.42514,298.06787,6.9912305,254.65999,1.8906058,2.2337716,0.581883,1.2839411,1.7208499,0.49640423,0.0,0.0,0.0,0.9959124,2.682209e-07,0.0,7.304549e-05,0.23867702
126.57424,0.013928854,2.3043349,81.46661,1.9967494,2.3285513,0.6401818,0.034646917,52.19688,288.01254,3.8469126,253.94623,1.8890278,2.2191744,0.5845945,1.2789394,1.7197374,0.49223903,0.0,0.0,0.0,0.99990904,0.0,0.0,2.4735928e-06,417.073
72.88639,0.044196296,6.400378,83.319496,8.647733,3.0931096,3.8247745,0.110266276,9.593204,298.36874,3.9920173,243.37593,1.8400608,2.1778452,0.5593233,1.2719612,1.6656194,0.37358698,0.0,0.0,0.0,0.9599992,0.0,0.0,0.008926094,177.51877
137.13385,0.08188808,1.0407263,68.61687,28.482199,1.9966952,3.4881673,0.28343967,32.712505,298.63168,5.1910677,276.8726,2.1277056,2.5639477,0.59353554,1.5223689,1.9920924,0.7354055,0.0,4.4375658e-05,0.99991286,0.0,0.0,0.0,0.0,13.607697
45.252407,0.13749327,2.4594517,42.009007,51.612103,0.81126165,1.1649355,1.0876012,98.44206,299.57733,4.413368,253.50906,1.8993909,2.2267988,0.5741043,1.2920651,1.7359426,0.50092596,0.0,0.0,0.0,1.0,0.0,0.0,0.0,11.098344
72.12236,0.07848165,4.3517933,59.078213,30.867191,3.2673209,4.455458,0.009056368,36.734432,297.758,4.646788,272.01926,2.1160898,2.5034132,0.5937225,1.514961,1.9507601,0.7219426,0.0,0.0,0.9897307,0.0,0.004497409,8.34465e-07,0.0,60.377167
75.07009,0.03792843,1.6556063,73.59835,20.647192,3.8308866,4.3844757,3.156025,29.008585,298.03107,4.6924314,273.5467,2.119016,2.558517,0.61629677,1.5001011,1.9517798,0.59940994,2.9802322e-08,0.063782424,0.9628289,5.9604645e-08,1.5199184e-06,1.5497208e-05,0.0,5.1239333
915.0938,0.46471047,1.0201446,54.658985,16.109016,2.0497704,0.3364349,0.12760548,25.703945,309.61502,5.7599206,249.97707,2.0604675,2.5204356,0.6383068,1.3625133,1.7253278,-0.3056991,0.99416,0.0,0.0,0.00078216195,0.0,0.0,0.0,158.73401
0.5940829,0.040675227,1.0200076,88.45476,5.357085,0.82149875,0.21801415,19.98478,3.8387725,298.33286,4.9044366,249.45303,2.0492241,2.2308939,0.5895407,1.4945382,1.7357068,0.55910665,0.0,0.0,6.556511e-07,0.0,0.99995506,0.0,0.0,0.22244827
56.010437,0.46964198,48.6414,38.01483,23.85557,1.4785014,2.3937275,0.5883224,89.59493,298.22055,4.709584,252.24486,1.8871663,2.226958,0.5738517,1.2821864,1.7327964,0.47729403,0.0,0.0,0.0,0.9998858,3.5762787e-06,0.0,0.0,12.6012945
71.62566,0.10823117,1.4544165,22.700321,23.728045,0.6806546,1.9776942,0.34413582,109.30308,301.2615,4.6419935,254.39258,1.8914176,2.2270372,0.57586163,1.2912977,1.7290351,0.4981458,0.0,0.0,0.0,0.9999999,0.0,0.0,0.0,23.164768
1781.0579,0.7710051,1.0215223,57.74439,20.006514,2.9938776,0.11953355,0.009133822,0.09170611,298.22217,5.178611,249.7095,2.0827646,2.538595,0.64447904,1.3540509,1.7166045,-0.41062894,0.99998915,0.0,0.0,0.0,0.0,0.0,0.0,36.277782
182.13623,0.14664282,5.62344,62.437412,35.164383,1.3018696,1.3927997,1.0400789,62.881927,297.90002,4.550917,253.08324,1.8849103,2.2324579,0.57908034,1.2908574,1.7264626,0.48141488,0.0,0.0,0.0,1.0,0.0,0.0,0.0,18.995277
1098.7158,0.6088215,1.02,49.931564,23.269165,2.2577705,0.28088003,0.016093457,3.8663185,298.00232,3.9541225,251.59067,2.0926921,2.5692232,0.65701383,1.3625921,1.7445898,-0.36124086,1.0,0.0,0.0,0.0,0.0,0.0,0.0,230.30748
59.127556,0.4732105,32.569576,29.515182,48.83304,3.0438771,4.944291,0.008066731,89.908134,298.81754,4.415276,261.55234,2.103628,2.3503265,0.6011312,1.508037,1.8786653,0.6990231,0.0,0.0,0.069678456,0.0,0.95372725,7.1525574e-07,0.0,72.58958
58.98435,0.010075005,1.0202131,17.730385,1.6565213,0.9036199,0.009398821,2.226614,30.906612,287.5781,5.1244183,252.17595,2.0871687,2.5648115,0.65541714,1.3731809,1.7387985,-0.35666457,0.9999962,0.0,0.0,0.0,0.0,2.9802322e-08,0.0,0.23902427
2.445801,0.0023652827,1.023486,73.73381,16.8038,5.477744,5.585485,0.04220355,21.139969,299.48132,4.70026,276.78043,2.12561,2.5430892,0.5910798,1.5247871,1.989032,0.74045295,0.0,0.0,0.99997735,0.0,3.874302e-07,0.0,0.0,0.5730112
65.118416,0.039103765,8.764807,84.392876,11.955937,4.149169,1.3544282,1.3651727,24.33078,297.87814,4.5120683,253.0229,1.8881997,2.2374043,0.580235,1.291051,1.7331474,0.48798496,0.0,0.0,0.0,0.99999917,0.0,0.0,0.0,34.1096
48.913216,0.07303901,6.090335,80.268555,15.058615,3.2380877,3.882343,0.15092064,18.491507,298.32135,4.0010967,250.1178,1.8754722,2.2177424,0.5729405,1.2800065,1.6977354,0.43846858,1.1920929e-07,0.0,0.0,0.9948724,0.0,0.0,0.00068959594,29.22977
810.8437,0.5884906,1.0221921,66.912766,20.079926,1.8307952,0.45314336,0.036891326,182.45256,302.81036,5.6054444,250.85753,2.0782492,2.551562,0.65067303,1.3681965,1.7360964,-0.37372229,0.99993527,0.0,0.0,1.4305115e-06,0.0,0.0,0.0,462.1789
62.132015,0.012051279,1.0391964,70.70556,22.280361,4.30516,4.7946067,0.05363472,25.097567,298.79898,4.8157396,276.9645,2.1276522,2.5312717,0.59478253,1.5251564,1.9929321,0.7487369,0.0,1.4901161e-07,0.99998665,0.0,0.0,0.0,0.0,9.7897
90.9701,0.083702356,1.4130476,33.07988,7.2054276,0.8418536,0.46245342,0.020992786,61.249695,308.15753,5.480185,252.10832,2.0827165,2.4721951,0.66130644,1.4014899,1.7044458,0.69793504,0.0,0.0,0.0,0.0015455186,0.005034864,0.9905604,0.0,44.022606
116.1692,0.021880705,1.0200076,13.159686,2.3261533,0.9857328,0.008292766,1.3778014,19.567677,286.40317,4.3407593,252.232,2.0923557,2.5831995,0.6560808,1.3739963,1.7416358,-0.3718905,0.9999999,0.0,0.0,0.0,0.0,0.0,0.0,0.27500898
2725.3948,1.2579669,1.1584396,75.95553,12.593926,2.661334,0.280399,0.016219769,0.97053826,296.40634,4.944532,195.71878,1.6484897,2.0351992,0.48128408,1.251193,1.3739506,-0.46973035,0.07681286,0.0,0.0,0.0,0.0,0.0,0.90799356,92.162384
140.13335,0.113026425,6.585888,38.814964,53.265884,1.6348376,2.5389526,0.9471162,4.735234,285.0996,8.678505,254.79265,1.8951339,2.2373242,0.578474,1.2971405,1.7408957,0.48617673,0.0,0.0,0.0,1.0,0.0,0.0,0.0,171.35948
640.8983,0.29750744,2.686262,73.85976,11.416568,1.8568398,0.48980832,3.0831869,56.69511,296.30286,4.791976,265.25778,2.1173909,2.5397348,0.6465271,1.448452,1.845286,0.6580622,1.1026859e-06,0.12458742,0.08569729,0.0,0.0,0.57714343,0.0,22.723595
28.229185,0.038074132,23.336033,63.355255,33.812923,7.239961,0.27711815,7.601552,19.29452,298.34277,6.4492383,254.09984,1.8961504,2.2349193,0.58299166,1.2923628,1.7331998,0.51181984,0.0,0.0,0.0,1.0,0.0,0.0,0.0,4.358459
38.37705,0.05223662,9.3195095,54.64216,34.499504,3.7092237,1.9035461,2.6889203,8.786614,300.82303,6.496504,230.7103,1.9164397,2.3882124,0.5731833,1.3199949,1.5993325,-0.26598328,0.39316556,0.050870806,0.0,3.7550926e-06,5.9604645e-08,1.7881393e-07,0.30769786,4.3293643
578.81055,0.14098556,1.0683564,62.91229,3.2100492,1.1755686,0.004986356,0.008159677,28.551619,299.32956,5.2589827,257.50464,2.1269963,2.5052462,0.6728276,1.4092408,1.7083673,0.75968343,0.0,0.0,9.986758e-05,0.0,0.0,0.999817,0.0,40.255104
0.5645488,0.106749274,1.020076,80.40345,2.8440347,0.7833784,0.67105174,19.997429,5.82591,298.76367,7.488179,252.43082,2.0766323,2.2560785,0.6077853,1.5056138,1.7757635,0.56850564,0.0,0.0,0.0,2.9802322e-08,0.99999523,0.0,0.0,0.22252138
150.0567,0.047835916,9.154262,77.20323,15.49533,3.3023,1.4543933,1.6139077,25.117031,297.41983,4.5201087,254.47072,1.8911408,2.2274382,0.57887846,1.2897964,1.7272824,0.48203057,0.0,0.0,0.0,1.0,0.0,0.0,0.0,101.83559
518.1921,0.26569325,6.6485543,79.28619,11.410025,2.2415233,2.4443212,0.035430405,12.368311,298.41818,4.4967513,204.44066,1.6146111,1.9909654,0.46979067,1.2388552,1.4204847,-0.15476501,0.0,0.0,0.0,0.0994243,0.0,0.0,0.91155535,234.02287
460.53812,0.14159824,1.0216516,29.637411,4.3368936,1.4897082,0.10822411,1.696134,15.691749,295.9407,4.4250402,251.58913,2.084733,2.5529935,0.6512008,1.3695564,1.7478056,-0.36062008,0.99999714,0.0,0.0,0.0,0.0,0.0,0.0,1.6884456
200.85011,0.11992163,1.042652,32.271523,50.953053,0.75768137,2.2589023,0.04619189,11.667496,302.3634,5.57818,254.60056,1.8903675,2.2172503,0.5780032,1.296427,1.7439032,0.48258215,0.0,0.0,0.0,1.0,0.0,0.0,0.0,178.6794
321.67682,0.28923464,6.1974072,85.6553,7.9230156,2.56264,1.6597828,0.06809677,6.47596,297.42493,5.6672583,249.8624,2.0845094,2.5500722,0.65033704,1.3688425,1.7180572,-0.3670975,0.99926466,0.0,0.0,0.0,0.0,0.0,0.0002541542,59.21893
239.82622,0.16420601,1.0708835,35.87878,57.452015,0.9960832,2.9061346,0.018084647,4.199395,281.26212,8.228631,253.7829,1.8923523,2.2337487,0.578772,1.2887079,1.7252421,0.48442167,0.0,0.0,0.0,1.0,0.0,0.0,0.0,177.7992
28.301447,0.12882836,46.542812,67.3022,33.11201,7.7251143,0.036681406,7.426168,6.748355,298.7552,6.270265,255.78827,1.8965898,2.2521236,0.58437157,1.2928224,1.7392522,0.5107901,0.0,0.0,0.0,1.0,0.0,0.0,0.0,0.3344778
163.7446,0.14760847,6.1040435,45.71993,50.585865,1.6319405,1.4054084,1.5493888,22.049566,297.65527,5.869601,253.77286,1.8847574,2.2311952,0.5791306,1.2939094,1.7322667,0.49828562,0.0,0.0,0.0,1.0,0.0,0.0,0.0,23.95455
136.03835,0.054629903,7.736137,84.17418,6.3977637,2.5579479,2.0759487,0.3657136,19.338215,297.4648,3.8948631,253.29643,1.8953663,2.2366142,0.5856675,1.289269,1.7321402,0.4879235,0.0,0.0,0.0,0.99999595,0.0,0.0,0.0,159.91087
622.02374,0.34558848,2.0382943,82.88405,11.181444,1.6101524,1.0503354,0.078930944,26.103878,297.75592,4.32692,254.18271,1.8920697,2.2243578,0.58292085,1.2896001,1.7298156,0.497845,1.0222197e-05,0.0,0.0,0.9998245,0.0,0.0,1.1920929e-07,276.0686
543.979,0.25889492,5.2681684,68.951256,14.444855,2.122658,2.6665394,0.6865699,13.599435,293.7708,6.174593,254.51588,1.898405,2.230956,0.5842945,1.2899396,1.7463403,0.49751776,0.0,0.0,0.0,0.99999964,0.0,0.0,0.0,139.79787
351.26187,0.2837909,2.7724023,41.88501,52.56065,0.9808466,2.9644866,0.3429168,29.65431,294.38535,6.6141415,254.00047,1.8894606,2.2362366,0.5783699,1.2920508,1.7318447,0.48692968,0.0,0.0,0.0,1.0,0.0,0.0,0.0,100.808
37.84797,0.0025209081,1.020137,19.979132,1.1545902,0.69375724,4.995465e-06,0.01208069,26.257734,289.47543,5.07551,254.00957,2.1280136,2.5225618,0.6795564,1.4038054,1.6725503,0.75992554,0.0,0.0,0.0,0.0,0.0,1.0,0.0,0.25238374
658.38513,0.48241308,1.02,64.797585,11.169551,1.1919432,0.5073039,0.22888511,22.388567,298.02808,4.21371,252.0416,2.0867712,2.5659287,0.6549723,1.359209,1.7527568,-0.35682717,1.0,0.0,0.0,0.0,0.0,0.0,0.0,119.55775
1158.5347,0.71879303,1.0200076,59.160133,9.678001,1.9727017,0.36048275,0.18645404,5.3128734,297.61234,3.7488966,252.64055,2.0911021,2.5640616,0.6526579,1.3706677,1.7488652,-0.35104468,1.0,0.0,0.0,0.0,0.0,0.0,0.0,93.03463
35.499855,0.002112688,1.0200456,35.923225,1.1742164,0.80954176,4.701614e-06,0.021931184,26.410864,295.758,5.1571183,254.40085,2.1275628,2.5079749,0.6794657,1.3994598,1.6705745,0.7598406,0.0,0.0,0.0,0.0,0.0,1.0,0.0,0.2348757
330.6975,0.3204482,5.0011234,84.1381,10.311561,2.1476393,1.87081,0.061750222,17.87676,297.88757,5.4232087,243.82256,2.0310204,2.4751287,0.63102245,1.3395698,1.659092,-0.30629832,0.98323834,0.0,0.0,0.0012905002,0.0,0.0,0.012631267,115.00483
0.91510147,0.4280257,1.4495299,79.45475,17.017962,1.0833585,0.5174726,19.607393,4.155949,296.86252,4.9098573,252.22057,2.0658796,2.288055,0.6064617,1.5023584,1.7916045,0.5476132,0.0,0.0,0.0,0.0,0.9999993,0.0,0.0,0.22361791
65.54062,0.029881831,1.4204612,82.39516,13.642336,3.080148,4.1908226,0.6274318,32.30729,298.82095,4.708001,275.60684,2.124032,2.5547824,0.6038546,1.5175605,1.9782151,0.7008018,0.0,0.00043168664,0.998703,0.0,2.9802322e-08,1.4901161e-07,0.0,3.143057
39.89577,0.0051089684,1.020038,27.347652,2.38993,1.0427779,0.046447836,0.14831458,12.999386,312.78714,6.7146354,253.05637,2.070229,2.447623,0.6557401,1.372312,1.7232779,0.54194695,0.0049360096,0.0,0.0,0.026837379,0.0,0.8987688,2.9802322e-08,7.971622
258.5276,0.17317283,1.0965117,36.57029,57.232906,1.0352441,3.0820851,0.036893114,5.829343,287.31314,7.223863,253.83221,1.8904334,2.2330446,0.5751257,1.2919983,1.729098,0.48920506,0.0,0.0,0.0,1.0,0.0,0.0,0.0,198.18716
669.6392,0.408155,2.1222045,66.49057,23.722332,0.96067154,2.3693333,0.12565063,32.1818,295.9336,4.594737,254.0941,1.8855088,2.229043,0.57688344,1.294328,1.7296072,0.49853683,0.0,0.0,0.0,0.9999999,0.0,0.0,0.0,218.29732
926.0525,0.4281392,1.021058,58.364037,17.03947,2.1377208,0.2782777,0.084548816,14.749064,298.51334,4.584196,252.36618,2.098511,2.5661507,0.6555513,1.3719442,1.7379508,-0.34812886,0.99994564,0.0,0.0,0.0,0.0,0.0,1.7881393e-07,271.21735
1.4268231,0.014925212,1.07781,67.19655,13.61371,3.6788704,1.5432426,16.300936,29.961617,298.22458,6.000288,248.82886,2.037294,2.328212,0.589076,1.4463221,1.7401147,0.35637268,0.0,0.06802198,0.00023043156,0.0005129874,0.9377716,0.0,0.002191335,0.2856271
9.555303,0.35338536,4.546848,69.28024,13.26197,4.0215244,1.7299544,17.451427,31.270157,297.7898,6.9609003,255.68512,1.8939468,2.2395282,0.58691835,1.2899958,1.7411199,0.51605064,0.0,0.0,0.0,0.9999865,0.0,0.0,0.0,0.26002297
0.5760174,0.0027184514,1.0202359,58.002148,43.685863,3.0143137,3.5950463,0.008015491,23.121815,299.8164,4.2120075,276.5306,2.125904,2.5331302,0.6031164,1.5281359,1.9910613,0.75489515,0.0,0.0,0.9993845,0.0,3.6418438e-05,0.0,0.0,0.380441
3.1248827,0.0072964123,9.912163,81.142456,13.550244,4.233998,4.2726507,0.30878654,8.967433,298.83734,4.3041253,250.56917,1.8931897,2.2305439,0.5769086,1.2809675,1.714756,0.4821705,0.0,0.0,0.0,0.9975992,0.0,0.0,0.00047931075,60.97399
2815.2104,1.2507585,5.130787,82.14756,9.230981,1.5564859,0.5715767,0.008636323,2.6835403,294.5549,5.9868875,174.08223,1.503632,1.8301283,0.41331276,1.2006435,1.2191671,-0.5164835,8.404255e-06,0.0,0.0,2.9802322e-08,0.0,0.0,0.99999785,207.35498
919.681,0.4686158,2.8336604,83.11726,6.898902,1.7812223,0.80155975,0.026611255,82.08607,298.84256,4.8841395,248.11201,1.8631598,2.199757,0.56429195,1.2770678,1.6901786,0.40656602,0.0,0.0,0.0,0.9853504,0.0,0.0,0.0071092844,386.88086
580.5839,0.49567026,4.1931753,65.35009,20.366533,2.119666,0.7793099,0.008229386,46.13179,302.3459,4.951934,261.3564,2.1182537,2.4861975,0.6365786,1.4612244,1.8050147,0.7488117,0.0,0.0,0.093707114,0.0,0.0077883005,0.70157635,0.0,204.85242
12.131875,0.07445643,1.1161344,69.86385,11.185193,3.1593196,2.2706816,15.182849,31.83143,297.46243,5.1240087,247.75624,2.0403929,2.2277575,0.58249557,1.4812592,1.7509893,0.50181234,0.0,0.0,0.00010997057,4.4703484e-07,0.9980976,0.0,0.0,0.48422825
446.11053,0.16068988,1.1434904,51.189613,4.786844,1.4604728,0.00555055,0.70384896,66.09402,295.87152,4.5753284,256.4473,2.121322,2.523457,0.6705077,1.4009862,1.6993054,0.74054205,3.874302e-07,0.00012680888,0.00010302663,0.0,0.0,0.9989165,0.0,8.163809
28.225227,0.0027439282,1.0200609,18.159779,1.1294079,0.560241,1.4692545e-06,0.015035301,35.84325,282.38898,4.7352304,253.40698,2.1286218,2.5267982,0.67935973,1.3856207,1.6452374,0.75992787,0.0,0.0,0.0,0.0,0.0,1.0,0.0,0.23103783
9.912959,0.0016822497,1.0200913,15.3906,1.3546005,0.5992809,0.008941001,0.011958549,12.779997,312.87103,7.3678102,256.249,2.1123507,2.5264988,0.67461234,1.40455,1.7033764,0.74288976,0.0,0.0,0.0,3.0726194e-05,0.0,0.9998344,0.0,5.7697387
1.2215053,0.018984552,1.0284336,61.034077,21.566525,2.7500558,1.8714153,0.6355259,19.806017,298.2338,4.1855135,255.39427,2.0645947,2.293815,0.58301514,1.5082599,1.8135428,0.58502,0.0,0.0,0.010898918,0.0,0.98842365,0.0,0.0,0.26470152
2.2795575,0.027731467,1.0311053,71.16925,11.660111,2.787311,1.7643169,7.6287494,22.500383,298.46204,4.707902,248.99246,2.0434022,2.2318075,0.58295906,1.4951239,1.7654581,0.5391927,0.0,0.0,0.0018472075,0.0,0.99634707,0.0,0.0,0.30521855
9.889312,0.010924772,14.192613,82.52043,17.679983,5.0862627,0.7278076,2.9559734,18.629486,297.93658,4.975731,253.77325,1.893298,2.2488046,0.58212495,1.2916548,1.7373675,0.49132648,0.0,0.0,0.0,0.99999976,0.0,0.0,0.0,22.941916
0.6443213,0.08954902,7.951766,69.63261,14.905552,4.922044,2.9601343,11.844928,7.315613,299.02466,7.2204165,255.72339,1.9269303,2.2670488,0.59519464,1.2934725,1.7640992,0.5304785,0.0,0.0,0.0,0.9999944,0.0,0.0,0.0,0.29359528
44.283566,0.04739392,7.0282965,59.094772,31.770746,3.3102555,1.6898725,5.0002723,6.906895,298.7812,8.101226,252.85489,2.0691605,2.5636823,0.63602054,1.3810403,1.7436918,-0.1755911,0.7332215,0.21384218,0.0,0.0,0.0,2.9802322e-08,0.0005915165,3.8490808
2126.0503,1.140062,3.4626446,83.808266,7.406249,1.1590408,1.1133088,0.014962018,23.289831,296.58798,5.4954042,213.00409,1.6646347,2.023283,0.4835117,1.243519,1.4648241,-0.043180548,0.0,0.0,0.0,0.391138,0.0,0.0,0.7553024,358.50143
10.477051,0.10900401,31.171904,59.993065,35.775066,7.358734,0.06897033,7.347859,15.576285,298.55722,6.6942096,254.26884,1.896252,2.2368584,0.5804942,1.2894102,1.7344021,0.4933555,0.0,0.0,0.0,1.0,0.0,0.0,0.0,0.49616224
12.713322,0.12986778,5.901103,41.73366,41.185417,3.7176669,4.4461193,0.009470454,51.44225,299.0224,4.2836347,263.38428,2.0915155,2.366883,0.5953671,1.5122027,1.8782288,0.6504015,0.0,0.0,0.0896821,0.0,0.94586766,0.0,0.0,4.5212765
3.8184779,0.008142526,6.3172975,77.79538,18.403471,3.2153482,3.8266227,0.32757056,30.387999,298.58005,4.241299,248.10214,1.8641019,2.2099779,0.56975025,1.282993,1.7026012,0.44904253,1.4901161e-07,1.1920929e-07,0.0,0.9958377,0.0,0.0,0.0006301701,46.788986
353.10486,0.23035274,5.545558,76.46845,14.126672,1.828141,2.6313848,0.06702789,11.5976715,298.11905,4.2518916,212.35097,1.6694505,2.038139,0.48757294,1.2476496,1.4783102,-0.07893632,7.1525574e-07,0.0,0.0,0.3825254,0.0,0.0,0.6455747,69.641464
1543.4637,0.67957,1.2861013,77.53138,10.050917,1.2572495,0.2356023,0.011773849,32.155224,301.7765,5.20928,271.55594,2.1264296,2.5196817,0.6227222,1.4885216,1.9225186,0.75727427,0.0,0.0,0.9438776,0.0,0.0,0.09147149,0.0,203.39636
507.27277,0.4334561,1.4682316,75.32251,8.526022,4.303625,1.1419345,0.3339475,8.498593,299.71368,7.8476467,252.73819,2.087838,2.5642555,0.654139,1.3718846,1.7462223,-0.3479185,0.9999958,2.9802322e-08,0.0,0.0,0.0,0.0,0.0,9.441402
418.47696,0.081109606,2.4240043,70.92909,13.793054,1.3227977,1.4455324,0.09539789,69.894516,287.24442,4.676278,254.81937,1.8874395,2.2241964,0.5795601,1.290518,1.7325392,0.4945109,0.0,0.0,0.0,1.0,0.0,0.0,0.0,304.82782
1001.8911,0.7285899,1.0461686,68.46139,19.061415,2.1463246,0.549478,0.05380572,114.163765,300.23236,5.946734,254.25986,2.0581324,2.4952528,0.64237183,1.3519795,1.7572618,-0.15133005,0.98279995,0.0,0.0,0.01609397,0.0,0.0,1.013279e-06,437.19055
0.92890435,0.2364992,1.0310748,58.90491,4.625787,0.8497345,4.240393,19.941088,55.264297,297.6627,6.5991364,253.54393,1.9043566,2.2394502,0.57832855,1.2966294,1.7168064,0.4888234,0.0,2.9802322e-08,0.0,0.97737247,0.00016742945,0.0,0.00030899048,0.23158608
236.53189,0.17737792,4.6604815,66.21457,30.564339,1.4120598,1.7143323,0.7654835,39.513462,297.77383,4.957987,253.64119,1.8863691,2.2254822,0.578598,1.2933521,1.7257371,0.4894415,0.0,0.0,0.0,1.0,0.0,0.0,0.0,26.697994
1084.9297,0.98843944,1.0352993,54.197384,18.448465,2.4267578,0.63631356,0.02338555,14.107465,301.9523,5.1575727,252.7587,1.8846129,2.2327049,0.5792794,1.2907102,1.7354636,0.4769351,0.0,0.0,0.0,0.999866,0.0,0.0,1.001358e-05,455.3685
0.56505626,0.006353181,1.0200304,78.7447,8.804269,2.5467737,0.9521339,16.709059,8.822612,297.60626,5.3338327,254.94933,2.0785613,2.2554152,0.5863854,1.5086739,1.8194405,0.61941695,0.0,0.0,0.002460599,0.0,0.9986125,0.0,0.0,0.2243855
500.71252,0.46319145,1.8134022,78.23737,11.58637,1.7402784,1.1487783,0.010852134,98.605705,298.22772,7.3021326,246.59836,2.0592573,2.5122015,0.64159644,1.3569671,1.707225,-0.37008327,0.9968671,0.0,0.0,3.2782555e-07,0.0,0.0,0.002359122,527.6584
4.5506396,0.46841744,1.3771207,77.571236,8.878667,1.7625813,0.6129847,19.744072,40.19648,297.41925,5.919096,255.00578,1.9161408,2.2377973,0.5811712,1.3226243,1.744186,0.521085,0.0,0.0,0.0,0.98443526,0.008626074,0.0,0.0,0.25287718
892.23694,0.42465937,1.6552256,82.80407,9.7326355,1.2060177,0.8974724,0.096479274,41.86805,299.37247,4.87909,251.7314,1.8897799,2.2146873,0.5783571,1.2880636,1.7104033,0.46531415,0.00025901198,0.0,0.0,0.99932724,0.0,0.0,2.9802322e-08,365.86923
238.33307,0.19838177,1.9274163,40.266346,55.013157,0.8341923,2.167697,0.2459139,51.276867,294.41907,5.6254187,253.78947,1.8920368,2.2349446,0.57582504,1.2894123,1.7345179,0.48110443,0.0,0.0,0.0,1.0,0.0,0.0,0.0,117.5473
98.919655,0.005030662,1.0204871,69.40084,1.3785415,0.9600483,0.0002262652,0.00893244,12.921767,310.99292,5.011905,254.26865,2.1262758,2.5254865,0.6792799,1.3950739,1.672509,0.7597923,0.0,0.0,0.0,0.0,0.0,0.9999999,0.0,1.3552626
160.47464,0.023351986,1.0240798,42.82095,2.0435364,0.8568189,0.04948567,1.9963783,46.68087,303.81705,4.9054813,251.86621,2.084448,2.5472913,0.6527298,1.3716528,1.7312764,-0.36492315,0.99977934,0.0,0.0,0.0,0.0,2.592802e-05,0.0,0.40955406
3.7115054,0.0046362663,8.886127,71.32621,25.799334,3.8000398,3.324511,0.14727311,19.914818,300.159,4.2329836,217.42892,1.6833836,2.063454,0.4922922,1.2562314,1.4992814,0.011149433,1.3709068e-06,0.0,0.0,0.50951964,0.0,0.0,0.72371936,90.60331
458.74606,0.10952925,1.5531694,77.50339,2.8457434,1.3030785,0.084316105,1.5340462,73.7544,301.64877,4.4302053,255.48073,2.105803,2.5214832,0.66858923,1.4001474,1.7019005,0.6520696,0.0018734038,0.0017256737,1.758337e-06,1.4901161e-07,0.0,0.9938334,0.0,3.152999
78.414345,0.008540526,5.20245,83.4184,3.9574318,3.5352087,0.994201,0.22846745,32.268337,291.64075,3.6666565,253.38292,1.8939779,2.234124,0.5833295,1.2904036,1.7421045,0.50221175,0.0,0.0,0.0,0.9999999,0.0,0.0,0.0,350.05856
426.2153,0.1060619,3.114163,76.95194,17.718145,2.3236105,3.1217003,0.62307525,38.674274,298.43063,4.331456,267.8494,2.1146717,2.5138843,0.6178018,1.4804838,1.8954955,0.6792711,5.9604645e-08,0.0032737255,0.86483437,1.1026859e-06,0.00016084313,0.054673105,0.0,47.83048
670.7925,0.55286855,1.1450052,84.66203,4.9221716,3.0247965,0.4592531,0.360253,15.378816,298.47083,4.6070914,251.5412,2.090107,2.562403,0.65028554,1.3691199,1.7399498,-0.35139215,0.9999989,0.0,0.0,0.0,0.0,0.0,0.0,16.178492
1436.946,0.7929467,8.18032,74.75833,9.821915,1.9708135,3.3105874,0.03244362,7.4575853,297.2826,4.516765,187.25835,1.5590289,1.917101,0.43991798,1.2211411,1.3089124,-0.36008048,0.0,0.0,0.0,0.013878167,0.0,0.0,0.99457914,131.03317
1470.5466,0.91062313,1.2252618,73.18574,14.463157,1.6702118,0.3725189,0.012335099,135.20282,295.68228,4.9846005,253.04103,1.8928871,2.2335253,0.5806809,1.287859,1.7300618,0.4712561,0.0,0.0,0.0,0.99999785,0.0,0.0,0.0,423.23843
1005.6516,0.57106376,1.041929,51.664497,9.707121,2.5433052,0.7653335,1.0098876,19.137623,299.7364,4.7152443,251.7919,2.089016,2.5702193,0.65153027,1.3717792,1.7439806,-0.34008563,0.99998224,0.0,0.0,0.0,0.0,0.0,0.0,21.681993
10.7422495,0.11436978,22.952751,65.77835,33.73072,7.5694556,0.06207806,7.453493,8.685777,298.08554,6.532132,254.95813,1.9015996,2.2385902,0.5848699,1.2918049,1.7390261,0.51736593,0.0,0.0,0.0,1.0,0.0,0.0,0.0,0.27776858
2.0644963,0.0040656077,1.5179886,32.73772,44.720703,2.250331,0.7252822,2.8231416,0.43719104,299.58655,9.338549,256.4244,2.0893216,2.582604,0.6536652,1.3770425,1.7496445,-0.19708587,0.7096938,0.19572014,0.0,0.0,0.0,0.0,0.0,0.4524104
150.27126,0.026564326,1.0227172,33.82996,1.7586763,0.931319,0.00014163613,0.18760812,46.839615,290.62653,4.7576184,254.09772,2.125564,2.5122733,0.6764332,1.3974459,1.6820954,0.75784105,0.0,5.9604645e-08,8.940697e-08,0.0,0.0,0.9999833,0.0,0.7384422
0.7317058,0.010936771,1.0246049,60.35365,13.013541,4.9149494,1.7788911,11.633799,12.585424,297.62677,5.6860523,243.55525,2.0282643,2.1548946,0.57011783,1.4896299,1.7112011,0.48654675,0.0,0.0,0.00037527084,0.0,0.9994917,0.0,1.9669533e-06,0.23739773
3.7703707,0.0064995238,10.0352955,29.957487,37.438557,3.2012475,6.6076155,0.032883924,3.53615,301.13608,4.3407,173.64217,1.5028495,1.8309282,0.41246033,1.199755,1.2141756,-0.5258213,9.23872e-07,0.0,0.0,3.7252903e-06,0.0,0.0,0.99999857,20.402828
55.037537,0.019649712,1.0235089,10.394551,4.4645834,0.5520937,0.59514153,0.0407754,48.50502,311.1987,7.775496,255.10161,1.8812126,2.2208877,0.57345575,1.284825,1.7321719,0.48250556,0.0,0.0,0.0,0.99999976,0.0,0.0,0.0,152.14879
127.489494,0.01714149,1.0209285,20.499697,2.5978818,0.9613111,0.020769382,3.3027713,50.9174,302.792,5.4731665,250.75522,2.0912561,2.5413668,0.65975845,1.3756037,1.7115881,-0.24286224,0.9848391,0.0,0.0,0.0,0.0,0.016195863,0.0,0.32608932
738.96375,0.4340263,8.546194,78.14581,17.624746,1.6663803,2.4747126,0.025604341,38.625713,303.6269,4.3933725,260.82828,2.1056159,2.4546785,0.62588423,1.469463,1.8200358,0.71525854,0.0,1.6987324e-06,0.16128564,1.4901161e-07,0.093257844,0.37263688,0.0,111.96903
2902.6914,1.448774,3.5568533,82.983536,8.529693,1.3479902,0.7635857,0.010592957,16.307674,295.27716,5.996631,182.20479,1.5373904,1.8880993,0.4298161,1.2197891,1.2827171,-0.43295455,1.9818544e-05,0.0,0.0,0.0009547174,0.0,0.0,0.99961126,269.24734
1028.1313,0.45575783,1.0200989,53.913967,15.563322,3.5630608,0.16645743,0.043599527,17.819822,311.56482,7.0903926,252.6753,1.987753,2.3811247,0.6223615,1.3257968,1.7419534,0.1721178,0.14185381,0.0,0.0,0.76586103,0.0,0.0,0.0,216.50462
76.16539,0.07875577,1.10799,22.174673,29.22084,0.6719821,2.6596441,0.1162893,53.99495,305.48593,4.841968,254.36813,1.8884522,2.233982,0.5787736,1.2903397,1.7421951,0.4877868,0.0,0.0,0.0,1.0,0.0,0.0,0.0,112.915924
60.993988,0.09091978,7.9738317,46.882355,50.285572,2.053901,0.52165383,2.9683805,68.33211,298.80627,5.168605,253.83087,1.8899218,2.236074,0.5822761,1.2945776,1.7388743,0.5024404,0.0,0.0,0.0,1.0,0.0,0.0,0.0,10.497606
25.997684,0.10033333,20.141674,63.19933,34.310337,7.901789,0.09812857,7.6642504,13.959806,298.4302,6.3475385,254.89435,1.897902,2.235359,0.5814534,1.2910017,1.7390655,0.5089719,0.0,0.0,0.0,1.0,0.0,0.0,0.0,0.44893804
154.46997,0.09988102,13.316982,55.87586,27.892807,3.2470274,2.6438618,0.5747153,8.540789,299.49893,5.4480314,198.12622,1.6374267,2.05679,0.47755775,1.2512752,1.3946884,-0.41437984,0.07474047,7.838011e-05,0.0,9.354949e-05,2.9802322e-08,0.0,0.9627482,4.4837384
1338.6896,0.6701115,1.0657152,65.62797,10.912245,3.0220869,1.0975416,0.017851686,1.3953471,298.71057,5.4339323,252.54602,2.093052,2.5661354,0.6554579,1.3708606,1.7441128,-0.3340833,0.99999833,0.0,0.0,0.0,0.0,0.0,0.0,133.3258
164.6022,0.080895126,1.0266297,80.986374,2.0114753,1.0700172,0.17932633,0.89468807,39.87077,297.26233,4.6762166,252.13628,2.0885406,2.566593,0.6522957,1.3698882,1.7505683,-0.35932484,0.9999995,0.0,0.0,0.0,0.0,0.0,0.0,1.2191641
83.63895,0.1488385,2.712933,72.70018,22.841284,2.6389155,0.6566607,10.658398,20.095875,297.71957,7.9007397,263.6642,2.1073277,2.6008532,0.65301454,1.4202132,1.8434538,0.13343124,0.0057661235,0.98162156,4.7385693e-06,0.0,0.0,5.6624413e-06,0.0,7.18694
6.8310595,0.27010864,33.764202,69.094215,29.67966,6.40864,0.040970456,7.136938,4.363216,298.11298,6.621766,255.53923,1.8969326,2.2379222,0.5815489,1.2911496,1.7378275,0.5085402,0.0,0.0,0.0,1.0,0.0,0.0,0.0,0.23297504
7.3166976,0.3080828,2.6094685,66.786446,12.247928,3.236032,1.4854275,17.73143,37.822487,298.1845,6.8894362,253.68346,1.8897231,2.2310257,0.57846546,1.2966563,1.7322081,0.48508295,0.0,8.940697e-08,0.0,0.9873734,0.0017839074,0.0,2.5063753e-05,0.3244445
21.00246,0.017317703,1.69696,67.105675,23.947681,4.529622,4.653222,2.156912,31.09903,298.87878,4.9814878,273.76218,2.1175606,2.5552437,0.60887796,1.5012332,1.9560798,0.64354813,0.0,0.03157851,0.9717315,8.940697e-08,0.00011643767,3.9339066e-06,2.9802322e-08,2.6751463
834.2483,1.0049111,1.0307703,72.56893,22.668608,3.021889,0.24230975,0.009620598,246.31665,299.56897,6.1758842,253.60876,1.9066482,2.2333202,0.5910119,1.2976209,1.7310944,0.40994698,0.0049087703,0.0,0.0,0.99162245,0.0,0.0,0.0,514.6382
33.682747,0.009746968,5.45173,81.470184,7.442074,3.8811436,1.9424096,0.056636404,15.69188,297.1699,3.7010067,240.34799,1.7982565,2.1581311,0.54585356,1.2583375,1.6330098,0.34769675,0.0,0.0,0.0,0.958397,0.0,0.0,0.017998219,294.31586
47.467873,1.0813402,140.69226,18.81952,48.981987,2.8901618,6.9921145,0.00900632,84.41479,298.6455,4.19038,245.1984,2.060084,2.2265785,0.5904673,1.4859723,1.7593217,0.54012793,0.0,0.0,1.758337e-06,4.172325e-07,0.9998449,8.016825e-06,0.0,106.23915
14.795933,0.06678176,18.57361,60.719418,37.600033,7.6724257,0.032125838,7.8909035,1.9652989,298.92703,6.443407,256.1019,1.901006,2.2423925,0.5842656,1.2935113,1.749636,0.52427065,0.0,0.0,0.0,1.0,0.0,0.0,0.0,0.74277353
619.4768,0.27235553,2.7500699,81.15896,11.382777,1.7819736,2.1914043,0.32059127,29.237272,299.6919,4.180771,269.0782,2.1158206,2.5128775,0.61130375,1.4919518,1.9152972,0.6990551,0.0,0.00059723854,0.9337106,0.0,4.351139e-06,0.021408916,0.0,89.95725
1448.4619,0.7046842,9.804093,68.93774,17.91626,2.2074354,2.802436,0.054202527,7.1856074,297.025,5.566831,182.27605,1.538016,1.890151,0.43143988,1.2198093,1.2840254,-0.4549021,0.00085410476,0.0,0.0,0.0009608567,0.0,0.0,0.99932915,115.77977
0.9967009,0.0014267418,1.0200227,72.36729,19.197641,4.363414,5.5382395,0.008124524,9.56909,299.87866,4.666985,278.24957,2.1297638,2.5684478,0.5941083,1.5297292,2.0037034,0.759522,0.0,0.0,1.0,0.0,0.0,0.0,0.0,0.32314694
264.96005,0.16485256,3.1854837,37.3688,56.16297,1.2610189,2.426235,0.4022271,3.721688,284.72934,8.858386,254.66422,1.8949325,2.230137,0.57706964,1.2950292,1.7327868,0.4933197,0.0,0.0,0.0,1.0,0.0,0.0,0.0,200.83177
48.553833,0.104176275,13.193583,77.29249,15.014516,4.7734203,3.6857355,1.3060048,13.848611,298.7588,6.1476955,251.36934,1.8990774,2.2325666,0.5762117,1.2892454,1.7297301,0.4919937,0.0,0.0,0.0,0.9987565,0.0,0.0,0.00010937452,5.4333577
653.09235,0.66085863,1.0355352,59.087425,9.67631,4.062907,0.010024136,2.9082277,10.183167,295.89478,5.101384,254.1756,2.0996096,2.5717208,0.6571607,1.3779991,1.7513863,-0.31706572,0.9993745,0.000102221966,0.0,0.0,0.0,2.9802322e-08,0.0,3.647903
150.94902,0.18771279,4.8360047,45.208893,52.639103,1.1031795,1.083529,1.4780152,49.75411,298.78387,5.116385,255.51451,1.8916636,2.2295506,0.57981545,1.2933626,1.741592,0.5140693,0.0,0.0,0.0,1.0,0.0,0.0,0.0,20.656147
