SBET,VTotal,Dp,C,O,H,N,Dosage,Initial concentration,Temperature,Initial pH,MW,E,S,A,B,V,Kow,Pollutant_Sulfadiazine,Pollutant_Sulfamerazine,Pollutant_Sulfamethazine,Pollutant_Sulfamethoxazole,Pollutant_Sulfapyridine,Pollutant_Sulfathiazole,Pollutant_Sulfonamide
0.5078149,1.6579942,1.0202968,12.409891,57.699944,18.769968,3.2323598e-05,19.999895,0.050667487,312.54388,8.227622,172.44656,2.129997,1.8200006,0.4100003,1.1900011,1.9138656,0.7599989,0.9999975,0.8150289,0.9999969,1.7285347e-06,3.695488e-06,2.670288e-05,0.9999987
0.5017254,1.6579975,1.0201066,10.457446,57.69999,18.769989,7.933974e-06,19.999933,0.050226465,312.791,8.106742,172.32416,2.1299956,1.8200003,0.41000032,1.1900007,1.9273813,0.7599998,0.9999993,0.81093085,0.9999985,1.2814999e-06,3.695488e-06,2.4944544e-05,0.99999917
0.53054905,1.657991,1.0213624,12.502502,57.69978,18.769852,0.000114308,19.999771,0.053897653,312.1722,7.648766,172.46193,2.129987,1.820003,0.41000047,1.1900041,1.9053869,0.7599964,0.999995,0.7671013,0.99998784,5.5134296e-06,6.2286854e-06,8.881092e-05,0.9999909
0.52080584,1.6579953,1.0203121,12.210096,57.69991,18.769943,4.4077635e-05,19.999743,0.05097739,312.4828,7.848899,172.42274,2.1299918,1.8200015,0.41000146,1.1900015,1.9277549,0.75999266,0.9999974,0.7825365,0.9999896,3.0398369e-06,5.185604e-06,2.2739172e-05,0.99999785
0.50142086,1.6579983,1.020076,10.913013,57.69998,18.769995,1.2341738e-05,19.99992,0.05010727,312.766,8.102471,172.28752,2.129998,1.8200003,0.41000006,1.1900003,1.9531271,0.7599991,0.9999995,0.78318596,0.999999,3.2782555e-07,4.172325e-07,1.0967255e-05,0.9999997
0.61082906,1.6579177,1.0318435,19.96868,57.6986,18.768995,0.0011169272,19.99611,0.071514584,311.62457,7.8085027,173.55124,2.1298974,1.8200192,0.4100105,1.1900231,1.8904428,0.7599515,0.9999596,0.7357496,0.9999075,4.7951937e-05,0.00012633204,0.0007737279,0.9999701
0.58119345,1.657962,1.0326047,14.441406,57.698647,18.76957,0.00040933432,19.997133,0.0707279,311.52124,7.872882,172.78134,2.1299322,1.820021,0.41000876,1.190021,1.8904372,0.7599498,0.99996614,0.7179078,0.9998703,2.989173e-05,8.043647e-05,0.00056797266,0.9999775
0.5108596,1.6579983,1.0201522,12.915084,57.699955,18.769981,1.2047887e-05,19.99994,0.05052445,312.75296,7.8247166,172.32973,2.1299977,1.8200005,0.41000015,1.1900007,1.9160614,0.75999904,0.9999992,0.80116427,0.99999905,1.1026859e-06,1.1324883e-06,1.8924475e-05,0.9999993
0.58707994,1.6579288,1.0234709,16.024117,57.698814,18.76944,0.00038200617,19.998127,0.05820057,311.8267,7.699195,172.74344,2.129924,1.8200114,0.41000625,1.1900165,1.8877796,0.75996745,0.9999553,0.77847505,0.9999337,3.3140182e-05,5.77569e-05,0.00044214725,0.99997914
0.5446564,1.6579833,1.0212255,13.315725,57.69974,18.769869,0.000262115,19.99951,0.055923957,312.27567,7.8175836,172.46263,2.1299825,1.8200036,0.4100013,1.1900064,1.9198573,0.7599945,0.9999921,0.7555952,0.9999732,5.841255e-06,1.0102987e-05,0.0002219677,0.9999948
0.7774786,1.657817,1.0448747,16.926113,57.69595,18.768969,0.0011630618,19.995995,0.1042692,310.48944,7.755818,173.97661,2.1298115,1.8200558,0.41002607,1.190037,1.8769261,0.7599115,0.9998914,0.73204136,0.9997778,0.000101059675,0.00026455522,0.0011535287,0.9998743
0.8210186,1.6578991,1.0331908,17.981865,57.69458,18.768719,0.0015162707,19.994537,0.10394738,311.62384,7.5532947,173.3006,2.129924,1.8200314,0.4100304,1.1900408,1.8992479,0.7599288,0.99990606,0.707066,0.9997952,0.00014418364,0.00015452504,0.00057831407,0.99994516
0.51918197,1.6579932,1.0210047,13.929839,57.699707,18.769934,4.6722293e-05,19.999739,0.051585283,312.47955,7.6573215,172.42746,2.1299865,1.8200023,0.41000175,1.190002,1.905606,0.75999683,0.9999944,0.7857777,0.99999094,9.268522e-06,1.4156103e-05,5.3465366e-05,0.9999949
0.52324164,1.6579918,1.0203881,12.126736,57.699917,18.769875,0.00010872483,19.999527,0.051537603,312.61505,7.779389,172.42964,2.1299882,1.8200017,0.4100007,1.190004,1.9092983,0.75999665,0.99999624,0.75088245,0.999993,6.9737434e-06,8.523464e-06,7.644296e-05,0.9999974
0.5076119,1.6579968,1.0206165,12.754835,57.699917,18.76996,2.909124e-05,19.999693,0.050893955,312.37897,7.940132,172.35857,2.129995,1.8200006,0.41000104,1.1900021,1.9274858,0.75999683,0.99999833,0.7410822,0.9999845,4.142523e-06,7.7188015e-06,4.2289495e-05,0.99999905
0.54546833,1.6579825,1.0225194,13.806269,57.699707,18.769796,0.00012224197,19.999264,0.054100282,312.00955,7.8921356,172.52069,2.129974,1.8200057,0.4100025,1.1900059,1.9091245,0.75999033,0.9999856,0.77460545,0.9999683,1.6599894e-05,3.5494566e-05,0.00026348233,0.9999929
0.5841367,1.6579381,1.0288522,15.274031,57.69867,18.76953,0.00030678033,19.998238,0.072503895,311.9885,7.8841014,172.90198,2.1299691,1.8200171,0.41001707,1.1900175,1.9035969,0.75996286,0.99997395,0.70622784,0.9999275,2.7090311e-05,7.83205e-05,0.00037568808,0.9999774
0.54069823,1.6579881,1.021134,13.518564,57.699833,18.769888,0.00013252675,19.999428,0.052205093,312.35962,8.064761,172.45772,2.1299746,1.820003,0.41000137,1.1900045,1.920397,0.75999385,0.9999913,0.7520583,0.9999844,1.180172e-05,1.3679266e-05,9.191036e-05,0.99999464
0.52161777,1.6579825,1.0212787,16.015564,57.699745,18.769745,0.00020246327,19.998863,0.05266995,312.31293,7.98852,172.6965,2.129968,1.8200068,0.41000205,1.1900083,1.9131533,0.75996363,0.99998957,0.7776985,0.99998116,5.066395e-06,2.5331974e-05,0.00016474724,0.9999921
0.51177305,1.6579942,1.0207155,14.972709,57.699936,18.769964,7.463813e-05,19.999653,0.050667487,312.6019,7.9285846,172.5382,2.129992,1.8200012,0.41000098,1.1900023,1.920943,0.7599953,0.9999963,0.73527735,0.9999913,2.5331974e-06,6.4074993e-06,7.072091e-05,0.99999833
0.5018268,1.6579959,1.0203577,13.561413,57.69997,18.76999,1.1166334e-05,19.999865,0.0503695,312.61588,8.126609,172.34041,2.1299968,1.8200006,0.4100003,1.1900007,1.9348512,0.7599991,0.9999993,0.8116904,0.99999493,8.046627e-07,4.5001507e-06,2.0861626e-05,0.9999988
0.53105646,1.6579839,1.0211873,12.392372,57.69955,18.769855,0.00018453837,19.999603,0.05312289,312.48294,7.824554,172.51468,2.12999,1.8200024,0.41000113,1.1900033,1.9114807,0.75999177,0.9999939,0.75004053,0.9999866,6.020069e-06,1.2427568e-05,7.7694654e-05,0.999992
0.53674,1.657973,1.0226868,13.965615,57.699524,18.76975,0.00010020316,19.999273,0.055161115,311.1176,7.771118,172.64377,2.1299815,1.8200048,0.41000485,1.1900048,1.9199722,0.75999033,0.999992,0.7685838,0.99996006,2.0682812e-05,3.287196e-05,0.00010573864,0.99999315
0.52435803,1.6579928,1.021431,14.619536,57.69964,18.769657,0.00022156358,19.999386,0.05562597,312.27457,7.9923096,172.4241,2.1299808,1.8200024,0.41000125,1.1900059,1.908967,0.7599902,0.99999094,0.7741476,0.99998844,4.2915344e-06,2.0623207e-05,0.00015708804,0.99999315
0.55267423,1.6579661,1.0260816,15.568312,57.699165,18.769566,0.00019335389,19.999022,0.06519728,311.5327,7.7170925,172.91502,2.1299667,1.8200126,0.41000673,1.1900083,1.8928683,0.75998175,0.99998176,0.7522609,0.9999437,3.3169985e-05,3.054738e-05,0.0003079176,0.99999046
0.5346087,1.6579734,1.0227782,12.842284,57.699337,18.76989,8.697987e-05,19.999493,0.05568557,311.77258,7.7478004,172.73137,2.129983,1.8200048,0.4100037,1.1900046,1.9121852,0.7599915,0.99998945,0.76236993,0.9999732,9.953976e-06,2.7477741e-05,8.201599e-05,0.9999919
0.5193849,1.657986,1.0208601,12.729905,57.6997,18.769928,4.4371485e-05,19.99968,0.052860662,312.3953,7.959717,172.48918,2.1299813,1.8200041,0.41000113,1.1900035,1.9065292,0.7599931,0.99999535,0.7422961,0.99999076,3.427267e-06,1.257658e-05,7.241964e-05,0.9999937
0.5218207,1.6579924,1.0208981,12.678997,57.699787,18.769888,4.4959186e-05,19.999723,0.05205014,311.97324,7.9348483,172.56387,2.1299934,1.8200017,0.410001,1.190004,1.9111522,0.7599964,0.99999756,0.768044,0.99998647,5.930662e-06,9.745359e-06,5.337596e-05,0.99999815
0.6014918,1.6579411,1.0288218,16.298025,57.69933,18.76941,0.00059034646,19.997936,0.07634196,311.87582,7.900034,172.81026,2.1299126,1.8200207,0.41000617,1.1900159,1.8999335,0.75997245,0.9999758,0.74392194,0.9999156,2.926588e-05,4.6551228e-05,0.00041019917,0.9999781
0.50639397,1.6579959,1.0203044,13.679458,57.699955,18.769958,2.1157264e-05,19.999899,0.05100123,312.3849,8.027097,172.54684,2.1299963,1.8200011,0.41000077,1.190001,1.9353606,0.75999814,0.99999744,0.7923809,0.9999962,1.9967556e-06,4.7683716e-06,2.2441149e-05,0.9999987
0.84365124,1.6578605,1.031836,16.1105,57.695618,18.768557,0.0022323853,19.995024,0.09068104,311.6375,7.8467517,173.02495,2.1298444,1.8200558,0.41003358,1.1900345,1.8951705,0.7599266,0.99992144,0.7273334,0.9998449,0.000104665756,0.00021195412,0.0007444322,0.9999275
0.52872217,1.6579924,1.0206469,12.3972845,57.69992,18.769829,0.00010020316,19.999655,0.050488696,312.6075,7.9885364,172.42574,2.1299808,1.8200018,0.4100002,1.1900016,1.9077679,0.7599958,0.9999969,0.76624376,0.9999951,3.516674e-06,4.1127205e-06,6.67274e-05,0.99999636
0.5135999,1.6579942,1.0207306,12.4892645,57.69985,18.769842,6.758571e-05,19.999653,0.051930945,312.34946,7.8343825,172.43843,2.1299899,1.8200018,0.41000074,1.1900017,1.9382627,0.7599973,0.9999966,0.7831726,0.99998444,2.5629997e-06,9.804964e-06,0.00010406971,0.99999803
0.5095402,1.65799,1.0205708,13.263795,57.699875,18.769957,6.112098e-05,19.99968,0.051775992,312.63046,8.104096,172.60194,2.1299922,1.8200017,0.41000095,1.1900035,1.9176133,0.7599958,0.9999963,0.76801884,0.99999094,3.0100346e-06,1.0102987e-05,8.931756e-05,0.99999785
0.5258804,1.6579872,1.0210503,13.515659,57.699715,18.76991,7.757664e-05,19.999493,0.05332552,312.30676,7.8663826,172.5484,2.129982,1.8200029,0.41000125,1.1900026,1.915337,0.7599963,0.99999434,0.776093,0.9999869,9.5665455e-06,1.6391277e-05,4.6491623e-05,0.99999416
0.5077134,1.6579962,1.0203958,13.452284,57.69992,18.769938,2.8503537e-05,19.999777,0.050834358,312.5087,7.8848915,172.39522,2.1299946,1.8200006,0.4100004,1.1900014,1.9353411,0.75999814,0.999998,0.78567016,0.9999969,2.7120113e-06,2.7418137e-06,4.2945147e-05,0.9999988
0.50811934,1.65799,1.0206622,12.720073,57.699883,18.769958,3.0854346e-05,19.999834,0.05098931,312.4501,7.807494,172.40793,2.129992,1.8200012,0.41000104,1.1900026,1.9075096,0.7599978,0.99999607,0.8033746,0.99999416,4.7385693e-06,6.377697e-06,5.108118e-05,0.9999976
0.55511004,1.6579808,1.022116,13.613591,57.699776,18.76983,6.993651e-05,19.999454,0.053397037,312.3894,7.852306,172.56635,2.1299846,1.8200047,0.4100026,1.1900047,1.8979236,0.75998634,0.9999915,0.7720636,0.99997556,7.2419643e-06,1.6719103e-05,9.664893e-05,0.99998784
0.5358266,1.6579869,1.0214766,15.342726,57.699787,18.769783,8.7861416e-05,19.99933,0.053873815,312.2863,7.9324937,172.74509,2.1299837,1.8200039,0.41000137,1.1900053,1.9144856,0.75998825,0.9999921,0.77579606,0.99998134,6.914139e-06,1.5079975e-05,0.00010475516,0.9999924
0.5037552,1.6579975,1.0202892,13.3202505,57.699955,18.76996,2.4683475e-05,19.999905,0.050822437,312.38562,7.898219,172.37045,2.129996,1.8200005,0.4100002,1.190001,1.9244584,0.75999844,0.99999756,0.7983923,0.9999963,1.758337e-06,3.516674e-06,1.9460917e-05,0.99999905
0.5046686,1.6579957,1.020411,13.08724,57.69995,18.76997,3.937602e-05,19.99986,0.050917793,312.2741,8.04657,172.4493,2.1299942,1.8200015,0.41000047,1.1900008,1.9183253,0.7599966,0.9999981,0.77097785,0.99999404,1.3113022e-06,8.821487e-06,5.364418e-05,0.9999993
0.5960112,1.6579481,1.0232729,16.248758,57.69916,18.769453,0.00048544168,19.996836,0.058796544,312.27335,7.756282,172.77641,2.1299372,1.8200102,0.41000515,1.1900238,1.9010154,0.75995046,0.99997824,0.7413904,0.9999579,3.194809e-05,2.6613474e-05,0.0004362166,0.9999746
0.53349227,1.657982,1.0216289,15.876802,57.69968,18.769875,7.581353e-05,19.999388,0.053492393,311.9835,7.573794,172.642,2.1299677,1.820005,0.41000187,1.1900034,1.905769,0.7599905,0.99998856,0.75545204,0.9999805,7.033348e-06,9.387732e-06,4.6014786e-05,0.999992
0.68248224,1.6579292,1.0258533,16.867819,57.698753,18.76956,0.00033116995,19.998999,0.06145458,311.7471,7.863188,172.94937,2.1299493,1.8200147,0.41000766,1.1900138,1.904327,0.75997645,0.99997336,0.7487773,0.999948,3.4183264e-05,4.3213367e-05,0.00019955635,0.99996936
0.53907436,1.6579812,1.0216669,12.746879,57.6997,18.769768,0.00017043352,19.999376,0.05317057,312.44,7.912055,172.63884,2.129976,1.8200045,0.41000175,1.1900053,1.9073436,0.75999135,0.9999871,0.77118266,0.9999684,8.6426735e-06,2.0503998e-05,0.00018930435,0.9999905
0.5578503,1.6579689,1.0237297,16.376402,57.699093,18.769669,0.0001472193,19.999199,0.058832303,311.6438,7.603369,172.82497,2.1299696,1.820009,0.41000324,1.1900078,1.8780282,0.7599909,0.9999856,0.7601301,0.9999677,3.0845404e-05,2.6851892e-05,0.0001527965,0.9999824
0.54617876,1.6579823,1.0213168,14.087753,57.699585,18.76979,0.0002782768,19.998652,0.053206325,312.3534,7.6843834,172.55666,2.129987,1.8200041,0.41000307,1.1900055,1.9151384,0.7599868,0.9999894,0.7353145,0.9999764,8.6426735e-06,2.7090311e-05,0.00016459823,0.9999914
0.6026082,1.6579292,1.0272995,15.223939,57.6986,18.769062,0.0005865264,19.997986,0.065888606,311.75848,7.908174,173.28989,2.1299486,1.8200209,0.41001052,1.1900213,1.9049134,0.75995344,0.9999701,0.7595224,0.9999248,2.348423e-05,9.679794e-05,0.0007713735,0.9999745
0.6842076,1.6579316,1.025701,14.132319,57.698486,18.768377,0.00046399058,19.99742,0.07798684,311.50043,7.878019,173.3215,2.1298802,1.8200347,0.41001177,1.1900251,1.9126686,0.75994754,0.99992514,0.7690534,0.999748,4.839897e-05,0.00012543797,0.0004040599,0.99994624
0.50324774,1.6579989,1.0200684,12.344883,57.69998,18.769983,2.8503537e-05,19.999914,0.050250307,312.70395,7.915077,172.40866,2.1299975,1.8200005,0.41000018,1.1900004,1.9346986,0.7599987,0.9999992,0.7504057,0.9999984,4.172325e-07,1.3411045e-06,3.4987926e-05,0.9999993
0.5333908,1.6579853,1.022253,14.573996,57.69953,18.769844,7.669508e-05,19.999645,0.053361278,312.1413,7.7647085,172.71574,2.1299913,1.8200035,0.41000086,1.1900035,1.8904492,0.7599933,0.99999297,0.7748191,0.99998814,5.185604e-06,1.7046928e-05,8.6694956e-05,0.9999962
0.5114686,1.657992,1.0208372,15.194794,57.699917,18.76983,3.7906764e-05,19.999664,0.051323056,312.61774,8.13457,172.65097,2.129994,1.8200033,0.41000128,1.1900026,1.9265984,0.7599898,0.9999977,0.80476844,0.99999315,3.606081e-06,1.1950731e-05,0.00012236834,0.9999964
0.5632294,1.6579592,1.0225499,15.7685585,57.69933,18.769772,9.99093e-05,19.999533,0.057866827,312.05316,7.9297366,172.62396,2.1299765,1.820008,0.4100025,1.1900053,1.9090068,0.75998926,0.99998593,0.7679012,0.9999742,1.0311604e-05,3.132224e-05,0.00015196204,0.99998486
0.598447,1.6579568,1.0266601,13.782903,57.698593,18.769514,0.00045223653,19.998596,0.06627003,311.7152,7.6915307,172.61794,2.129968,1.8200123,0.41000575,1.1900213,1.9054314,0.7599687,0.999972,0.7424444,0.99995655,2.5480986e-05,3.1977892e-05,0.00026538968,0.9999826
0.54272807,1.6579878,1.0209514,12.973555,57.69985,18.769903,9.63831e-05,19.99958,0.054016847,312.12997,7.992271,172.54308,2.1299865,1.8200036,0.41000444,1.1900059,1.9109355,0.7599954,0.9999939,0.7546087,0.9999781,9.506941e-06,2.488494e-05,0.00020605326,0.9999952
0.524764,1.6579869,1.0225346,14.260824,57.699787,18.769907,6.7291854e-05,19.999664,0.052395806,311.77924,8.048804,172.77248,2.1299858,1.8200047,0.4100027,1.1900035,1.9154108,0.759991,0.9999933,0.7290715,0.9999798,9.208918e-06,2.5182962e-05,0.00016114116,0.99999464
0.5694204,1.657976,1.0233338,15.967857,57.699074,18.769522,0.0006044513,19.998365,0.05666296,311.8069,7.748336,172.98325,2.1299565,1.8200134,0.41000816,1.1900134,1.9012003,0.75995356,0.9999831,0.7324931,0.9999485,1.9401312e-05,4.8935413e-05,0.00024211407,0.99998623
0.8555258,1.6578615,1.0340966,18.701736,57.696075,18.768078,0.0013170397,19.99525,0.08366049,311.82068,7.557295,173.44162,2.1298692,1.8200576,0.41000974,1.1900299,1.8809859,0.7599125,0.99992836,0.7346474,0.99986756,9.125471e-05,0.00013932586,0.0006455779,0.99993706
0.5034507,1.6579987,1.0202739,13.24158,57.699955,18.769972,1.910031e-05,19.999939,0.05076284,312.51495,8.067592,172.37135,2.1299984,1.8200005,0.41000023,1.1900003,1.929501,0.7599992,0.9999994,0.78614306,0.99999785,1.1026859e-06,2.8908253e-06,2.2858381e-05,0.99999946
0.52324164,1.6579944,1.0211873,13.340153,57.699863,18.769892,6.9054964e-05,19.999285,0.051573362,312.1967,7.7973695,172.59943,2.1299796,1.8200033,0.4100015,1.1900033,1.9023048,0.75999224,0.9999958,0.7913773,0.9999857,7.599592e-06,2.1457672e-05,0.00011104345,0.9999955
0.5169491,1.6579888,1.0203577,15.289744,57.699768,18.769875,9.5795396e-05,19.999588,0.051311135,312.34787,8.034176,172.49492,2.1299877,1.8200011,0.41000092,1.1900026,1.9070603,0.7599961,0.99999547,0.77572334,0.9999889,7.1525574e-06,1.3232231e-05,5.2154064e-05,0.9999967
0.5302445,1.6579894,1.0223824,13.112765,57.699627,18.76973,0.00016073644,19.999321,0.055053838,312.15775,7.8685274,172.45789,2.129983,1.8200029,0.4100018,1.1900059,1.9216012,0.75998735,0.9999931,0.77315605,0.9999696,8.106232e-06,2.4139881e-05,0.00019177794,0.999995
0.5263879,1.65799,1.0208981,13.461279,57.699787,18.76988,9.9027755e-05,19.999731,0.05400493,312.19836,7.813222,172.80176,2.1299837,1.8200017,0.41000077,1.1900027,1.8893163,0.7599945,0.9999938,0.76905656,0.9999893,8.881092e-06,1.30832195e-05,6.490946e-05,0.99999404
0.5240536,1.65798,1.0225803,14.654078,57.69978,18.769865,0.00012018502,19.999561,0.058033697,312.4051,7.8433833,172.62567,2.1299882,1.8200054,0.41000432,1.1900041,1.9248874,0.7599939,0.9999925,0.7832408,0.9999847,6.854534e-06,1.9311905e-05,0.00011616945,0.9999925
0.66736,1.6579452,1.0306866,17.216497,57.698742,18.769657,0.00040551423,19.99766,0.067545414,311.8958,7.8909736,172.79424,2.1299229,1.820033,0.41001362,1.1900175,1.8958867,0.7599656,0.99997663,0.75081724,0.99993217,3.2514334e-05,9.6946955e-05,0.00033286214,0.99996746
0.5197909,1.6579877,1.0207382,14.416758,57.69969,18.769896,6.170869e-05,19.999523,0.053003695,312.4484,7.741475,172.63414,2.1299922,1.8200033,0.41000128,1.1900048,1.924197,0.7599929,0.9999832,0.7212572,0.99998873,8.195639e-06,1.2099743e-05,0.00012353063,0.9999924
0.5321729,1.6579906,1.0209361,16.313221,57.699726,18.769897,7.052421e-05,19.999454,0.051907107,312.36456,7.833412,172.56903,2.1299863,1.8200017,0.41000092,1.1900038,1.904245,0.7599966,0.9999951,0.7567357,0.99998474,5.7816505e-06,1.0997057e-05,0.00021594763,0.99999547
0.5409012,1.6579918,1.0207306,12.9622965,57.6997,18.76985,0.00013664067,19.99959,0.052765306,312.5521,7.8349614,172.40535,2.1299806,1.8200029,0.41000146,1.1900035,1.8988127,0.75999594,0.9999927,0.7707734,0.9999852,8.165836e-06,1.9878149e-05,6.92904e-05,0.99999523
0.5006089,1.6579998,1.0200456,9.649336,57.69999,18.769997,1.2929439e-05,19.999962,0.050059594,312.9233,7.874905,172.24849,2.1299987,1.82,0.4100001,1.19,1.9369639,0.75999963,0.9999999,0.8159583,0.9999995,2.3841858e-07,3.5762787e-07,5.364418e-06,0.9999999
0.51644164,1.6579894,1.0210351,13.3719225,57.699833,18.769934,8.110285e-05,19.99973,0.05271763,312.1458,7.8906736,172.48761,2.1299942,1.8200027,0.41000095,1.1900018,1.9199245,0.75999427,0.99999565,0.74745846,0.9999861,2.0861626e-06,8.791685e-06,6.619096e-05,0.99999714
0.56495476,1.6579641,1.0223595,13.406022,57.69948,18.769682,0.00014751316,19.998505,0.055578295,311.46283,7.7183347,172.83037,2.1299622,1.8200066,0.41000172,1.1900086,1.9042352,0.7599797,0.99998415,0.7520102,0.99996614,8.702278e-06,1.8209219e-05,0.00027021766,0.9999857
0.51065665,1.6579956,1.0203654,13.432447,57.699944,18.769936,7.375658e-05,19.999834,0.051239617,312.60883,8.077578,172.50456,2.1299944,1.8200006,0.4100003,1.190001,1.9161798,0.7599983,0.99999887,0.7506194,0.99999785,2.9802322e-06,2.3841858e-06,4.673004e-05,0.9999985
0.5302445,1.6579647,1.0212939,14.509316,57.6996,18.7699,0.0001298821,19.999352,0.054434028,312.49713,8.019499,172.45917,2.129982,1.8200035,0.410003,1.1900054,1.9075214,0.75999355,0.99999076,0.7713492,0.99998105,6.377697e-06,1.4960766e-05,0.00010308623,0.99998605
0.50395817,1.6579986,1.0202283,12.374498,57.69997,18.769968,2.7034283e-05,19.9999,0.050309904,312.64606,8.025625,172.43535,2.1299975,1.8200006,0.41000018,1.1900007,1.9369006,0.7599982,0.9999989,0.76514655,0.9999982,1.0728836e-06,3.8146973e-06,4.8428774e-05,0.99999905
0.77686965,1.6578708,1.0293318,17.047012,57.698296,18.768612,0.0009423798,19.997149,0.073993824,311.546,7.86333,173.12158,2.1298704,1.8200521,0.41001177,1.1900296,1.8828763,0.7599006,0.99995875,0.75271344,0.9999,6.6161156e-05,8.034706e-05,0.00049108267,0.99994695
0.5967217,1.6579658,1.0244299,14.320095,57.69918,18.769558,0.00024977326,19.998653,0.058081377,312.02173,7.788972,172.92915,2.1299725,1.820005,0.41000396,1.1900082,1.9021916,0.7599871,0.99998224,0.7736114,0.9999498,2.5182962e-05,5.7667494e-05,0.00037407875,0.99999046
0.52324164,1.6579906,1.0206622,12.119221,57.69989,18.769829,5.524397e-05,19.999653,0.052121658,312.5581,7.9281707,172.40958,2.1299844,1.8200027,0.41000065,1.1900033,1.9192532,0.7599973,0.99999523,0.79582787,0.9999937,4.976988e-06,1.3619661e-05,0.00011855364,0.9999919
0.5407997,1.6579871,1.0236002,13.318004,57.699776,18.769884,0.00011136949,19.999203,0.05506576,311.9234,8.04596,172.58293,2.1299744,1.8200082,0.4100032,1.1900057,1.9072509,0.75998634,0.99999,0.7315713,0.9999427,1.296401e-05,3.2246113e-05,0.00014925003,0.99999225
0.57398754,1.6579782,1.0220779,16.20923,57.69964,18.769855,0.00014163613,19.99933,0.055506777,312.38098,7.9110985,172.63147,2.1299753,1.8200064,0.41000426,1.190011,1.9032696,0.7599853,0.99999344,0.7748116,0.9999764,1.8417835e-05,3.3646822e-05,0.00023573637,0.9999863
0.5595757,1.6579772,1.022565,16.758177,57.69972,18.76977,0.0003811246,19.998247,0.053254005,312.27954,7.8567133,172.7647,2.1299539,1.8200068,0.41000327,1.1900078,1.8962144,0.759985,0.99998987,0.78145146,0.9999787,2.1278858e-05,2.9444695e-05,0.00019934773,0.99999285
0.5112656,1.657994,1.0213853,13.342428,57.699894,18.769928,3.555596e-05,19.999813,0.052515,311.92078,7.9241056,172.51268,2.129991,1.8200018,0.41000122,1.1900026,1.9050384,0.7599978,0.99999654,0.7695049,0.9999857,8.314848e-06,1.6629696e-05,9.498e-05,0.9999963
0.54607725,1.6579887,1.0210276,15.59823,57.69983,18.769833,0.00012459279,19.999166,0.05444595,312.07184,7.956435,172.68916,2.1299882,1.8200045,0.4100019,1.1900064,1.9145364,0.7599911,0.9999895,0.7019072,0.9999653,1.2725592e-05,1.9490719e-05,0.00024235249,0.9999945
0.50162387,1.6579995,1.0200989,10.222763,57.69999,18.769987,1.3810993e-05,19.99995,0.050226465,312.85254,7.7294602,172.30934,2.129999,1.82,0.41000015,1.1900002,1.9246033,0.7599997,0.99999976,0.83496046,0.99999917,7.1525574e-07,1.4007092e-06,8.165836e-06,0.99999976
0.50700295,1.6579918,1.0210427,11.369188,57.699894,18.769928,7.9633595e-05,19.999619,0.05507768,312.2592,7.8900695,172.50375,2.1299927,1.8200018,0.41000172,1.1900042,1.9285889,0.7599951,0.9999968,0.764427,0.9999879,2.2351742e-06,1.04904175e-05,9.164214e-05,0.99999726
0.54374295,1.6579682,1.0223291,15.556319,57.69949,18.769749,0.00017395974,19.998781,0.057211258,311.97797,7.845537,172.63242,2.1299765,1.8200068,0.41000393,1.1900079,1.9263617,0.75998,0.9999869,0.7630617,0.99996716,1.8149614e-05,3.4034252e-05,0.0002411902,0.99999076
0.5147163,1.6579928,1.0206622,13.515098,57.699856,18.769955,3.0854346e-05,19.999767,0.05144225,312.44424,8.077094,172.418,2.1299918,1.8200018,0.41000065,1.190003,1.9154198,0.7599954,0.9999962,0.7361548,0.9999939,3.1292439e-06,6.7949295e-06,5.6535006e-05,0.99999714
0.51654315,1.6579959,1.0203805,12.529816,57.699894,18.769926,6.52349e-05,19.999718,0.05119194,312.56592,8.010117,172.4003,2.129991,1.8200015,0.41000095,1.1900033,1.9175506,0.7599959,0.99999607,0.7346685,0.9999915,3.8444996e-06,9.030104e-06,0.00013229251,0.99999726
0.5545011,1.6579508,1.0256554,16.054972,57.69881,18.769657,0.00024565935,19.998642,0.061049316,311.95648,8.057337,172.92209,2.1299667,1.8200117,0.41000366,1.1900135,1.8967329,0.7599764,0.9999769,0.72284913,0.9999306,2.2381544e-05,6.699562e-05,0.00039461255,0.99998695
0.50629246,1.6579957,1.0203577,11.851532,57.699955,18.769976,3.614366e-05,19.999922,0.05057213,312.19717,8.107939,172.33005,2.129987,1.8200005,0.41000044,1.1900008,1.9219049,0.7599996,0.9999958,0.82122314,0.9999945,2.4437904e-06,4.2021275e-06,5.4866076e-05,0.99999905
0.50994617,1.6579902,1.0206926,14.973431,57.699875,18.769945,0.00012811899,19.999647,0.051549524,312.40286,7.700912,172.57065,2.1299868,1.8200023,0.410001,1.1900022,1.9050989,0.7599945,0.99999547,0.76723254,0.9999927,3.0696392e-06,1.1086464e-05,0.00010704994,0.99999654
0.61194545,1.6579201,1.0289359,18.622793,57.698727,18.769321,0.00048309087,19.998528,0.06379079,311.30548,7.7009964,172.90561,2.129947,1.8200213,0.41000366,1.1900142,1.8934479,0.75997895,0.9999624,0.69762635,0.99994266,2.1159649e-05,3.8713217e-05,0.0002667904,0.9999678
0.5701308,1.6579863,1.0222378,12.847458,57.699505,18.769756,0.00031912207,19.998678,0.05735429,312.266,7.756547,172.7839,2.1299722,1.820008,0.41000274,1.1900078,1.9280128,0.7599798,0.9999881,0.76936555,0.9999473,7.897615e-06,2.3573637e-05,0.00016978383,0.9999894
0.5700293,1.6579841,1.0224128,12.717389,57.699512,18.769608,0.00030296028,19.998951,0.054732013,311.96667,7.7011356,172.6869,2.1299834,1.8200066,0.4100038,1.1900063,1.923504,0.7599845,0.99998766,0.77884406,0.9999758,1.5437603e-05,1.9788742e-05,0.00021833181,0.99998885
0.56627417,1.6579764,1.0217506,13.760696,57.6997,18.769695,0.0001645565,19.99869,0.057699956,311.85272,7.6820354,172.76537,2.1299691,1.8200042,0.4100022,1.1900095,1.9015826,0.75998825,0.99998534,0.73937607,0.9999662,6.67572e-06,2.4110079e-05,0.0001733005,0.99999064
0.5301431,1.6579926,1.0208524,15.692533,57.69966,18.769812,5.7007073e-05,19.999498,0.0520263,312.2668,8.130643,172.52963,2.1299915,1.8200033,0.4100006,1.1900023,1.9196378,0.75998825,0.9999939,0.73885345,0.9999925,5.990267e-06,1.4126301e-05,7.173419e-05,0.9999945
0.5052776,1.6579938,1.0204414,12.953897,57.699917,18.769964,2.2038817e-05,19.99976,0.051740237,312.0314,7.8025208,172.57983,2.1299965,1.8200006,0.4100005,1.190001,1.9083915,0.7599982,0.9999984,0.805403,0.9999937,4.0233135e-06,8.970499e-06,7.542968e-05,0.9999979
0.83482146,1.6579071,1.0309302,19.905273,57.698082,18.76812,0.000752846,19.997572,0.064315245,311.86237,7.691595,173.02705,2.1299102,1.8200407,0.41000524,1.1900218,1.882268,0.7599342,0.9999465,0.7250602,0.9999403,3.132224e-05,4.9829483e-05,0.00029155612,0.999936
0.5135999,1.6579896,1.0207992,11.627232,57.6999,18.769897,5.7300924e-05,19.99974,0.05115618,312.0776,8.009389,172.51027,2.1299837,1.8200011,0.41000095,1.1900028,1.9181409,0.75999695,0.9999976,0.8196372,0.9999901,6.2584877e-06,1.5348196e-05,9.444356e-05,0.9999982
0.531361,1.6579676,1.0213624,14.404908,57.69962,18.769842,7.7282784e-05,19.998823,0.055590212,312.19818,7.9707355,172.69257,2.1299558,1.820006,0.4100033,1.1900042,1.9172335,0.7599898,0.99997985,0.7290932,0.9999676,1.4990568e-05,2.5421381e-05,0.00018414855,0.99999124
0.5297371,1.6579863,1.0218724,13.158417,57.699745,18.76985,0.00018659532,19.999453,0.05438635,312.4719,7.8745303,172.51027,2.129986,1.8200058,0.41000116,1.1900053,1.9114844,0.75999254,0.99999243,0.761606,0.999987,9.775162e-06,1.6629696e-05,0.00015217066,0.9999958
0.51045364,1.6579981,1.0203958,11.36652,57.699944,18.769907,3.1442047e-05,19.999704,0.050631728,312.53842,8.098476,172.45537,2.1299863,1.8200017,0.41000032,1.190001,1.9446245,0.7599959,0.99999774,0.7474725,0.99999094,3.5464764e-06,4.2915344e-06,5.8829784e-05,0.9999989
0.58129495,1.6579553,1.0260208,14.193234,57.69934,18.769632,0.00030119717,19.998573,0.056925192,311.94598,7.8127527,172.92743,2.1299188,1.8200116,0.4100063,1.190014,1.9037628,0.7599688,0.9999764,0.7754109,0.9999557,2.5957823e-05,5.4836273e-05,0.00039556623,0.99998313
0.5028418,1.6579992,1.0201902,10.214111,57.69998,18.769985,7.0524216e-06,19.999947,0.050274145,312.59436,7.9882874,172.33258,2.1299984,1.8200003,0.4100001,1.1900004,1.9311802,0.7599997,0.9999996,0.7852001,0.9999983,5.364418e-07,1.847744e-06,2.30968e-05,0.99999976
0.5083223,1.6579974,1.0201066,12.035875,57.69995,18.769976,2.6740432e-05,19.999928,0.050965473,312.68234,7.891193,172.34795,2.1299965,1.8200003,0.4100002,1.1900005,1.9225008,0.7599996,0.9999992,0.8029472,0.99999785,2.0861626e-06,2.0861626e-06,1.5586615e-05,0.9999989
0.79929936,1.6578885,1.0284945,16.661041,57.69733,18.768604,0.00065205514,19.996532,0.076818734,311.3973,7.892301,173.12769,2.1299186,1.820046,0.4100144,1.1900344,1.9043139,0.7599146,0.9999356,0.73099506,0.99990356,3.889203e-05,0.000119805336,0.0006889403,0.99992335
0.54607725,1.6579883,1.0215832,12.007295,57.699833,18.769869,8.639217e-05,19.99948,0.05181175,312.47488,7.8671474,172.53633,2.1299758,1.8200047,0.41000077,1.1900039,1.9122012,0.7599919,0.999992,0.800785,0.9999869,6.943941e-06,1.4156103e-05,0.00010690093,0.99999416
0.54678774,1.6579758,1.0231512,15.269405,57.69956,18.769821,0.0002471286,19.999157,0.053182486,312.15292,7.9021406,172.8639,2.1299798,1.8200082,0.41000462,1.1900084,1.8771996,0.75997496,0.9999871,0.77159643,0.99997795,1.5348196e-05,2.682209e-05,0.00018161535,0.99998975
0.54008925,1.6579448,1.0236992,17.938896,57.699543,18.76973,0.00033499004,19.998442,0.061311543,311.9801,8.012104,172.56252,2.1299574,1.82001,0.4100064,1.1900076,1.9055744,0.7599842,0.99998385,0.6971626,0.9999428,1.7285347e-05,7.18534e-05,0.0002758801,0.9999836
0.63447666,1.6579502,1.0287,16.713976,57.69881,18.769484,0.00042079447,19.99866,0.061955195,311.6399,7.801199,172.85083,2.1299608,1.820024,0.41000792,1.1900103,1.9081632,0.7599533,0.999959,0.69899535,0.99993896,3.20971e-05,5.2779913e-05,0.00016325712,0.99997
0.5792651,1.6579758,1.0229228,15.792475,57.69964,18.769695,0.00018277526,19.998318,0.054982323,311.85507,7.7795362,172.64381,2.1299562,1.8200066,0.41000396,1.1900073,1.9103438,0.7599875,0.9999728,0.7537877,0.99995434,2.7418137e-05,2.4735928e-05,0.00020465255,0.99998754
0.72135365,1.6577868,1.0401098,18.878645,57.6979,18.768564,0.0009470814,19.996933,0.08267118,311.45905,7.7392893,173.23633,2.1298862,1.8200632,0.4100212,1.190035,1.8855637,0.75992364,0.9999192,0.7143072,0.99987674,7.5131655e-05,0.0001655519,0.00077062845,0.9999505
0.50081193,1.6579992,1.020076,10.707704,57.69998,18.769989,4.4077633e-06,19.999987,0.050250307,312.78763,7.9814935,172.26038,2.1299987,1.82,0.4100001,1.19,1.9245504,0.75999963,0.9999997,0.7860185,0.99999917,3.874302e-07,8.940697e-07,5.3048134e-06,0.99999964
0.5335938,1.6579922,1.0207231,15.220335,57.699867,18.769926,0.000106667874,19.999666,0.05146609,312.75906,7.95625,172.473,2.1299796,1.8200015,0.410001,1.1900041,1.9104574,0.7599961,0.9999951,0.82034373,0.9999887,8.583069e-06,1.090765e-05,9.766221e-05,0.9999972
0.54678774,1.6579875,1.0236992,13.7900095,57.699383,18.769783,0.00022009433,19.999264,0.05927332,312.1345,7.649252,172.8451,2.1299682,1.8200068,0.41000235,1.1900055,1.8993251,0.75999326,0.99998415,0.8001462,0.9999565,1.4275312e-05,3.838539e-05,0.00021713972,0.99998575
0.6619809,1.6579629,1.0236079,15.062428,57.699173,18.76971,0.0003723091,19.998838,0.058593914,311.7796,7.6987424,172.6725,2.1299481,1.8200092,0.4100032,1.1900125,1.8762735,0.7599885,0.99997807,0.72935903,0.99997056,1.7762184e-05,3.1769276e-05,0.00024852157,0.99997854
0.5147163,1.6579938,1.0204338,13.745859,57.699875,18.769905,5.2893163e-05,19.999662,0.051561445,312.40588,8.260123,172.60387,2.1299837,1.8200017,0.41000065,1.1900035,1.9103945,0.7599959,0.99999446,0.7605387,0.99999213,8.046627e-06,1.32620335e-05,0.00012981892,0.9999974
0.5085253,1.6579974,1.0205327,13.53334,57.69991,18.769957,3.6437512e-05,19.999928,0.05100123,312.48972,7.7849455,172.36461,2.1299968,1.8200011,0.41000035,1.1900007,1.9172459,0.75999886,0.9999982,0.7731639,0.9999957,1.1622906e-06,2.9206276e-06,3.7789345e-05,0.9999982
0.61316335,1.6579612,1.0232729,12.601833,57.699287,18.769287,0.00033322693,19.998781,0.055804763,311.83502,7.9735665,172.5266,2.1299534,1.8200117,0.41000327,1.190016,1.9015447,0.7599715,0.99998206,0.7378184,0.9999567,2.092123e-05,3.0070543e-05,0.0004132986,0.9999839
0.54749817,1.6579833,1.0225499,13.853126,57.699512,18.769728,0.00018336296,19.99929,0.056889433,312.0621,8.016841,172.69537,2.129991,1.8200074,0.41000187,1.1900079,1.9226956,0.759984,0.9999928,0.76608443,0.99997544,1.1920929e-05,2.6136637e-05,0.0002952814,0.99999356
0.54749817,1.6579754,1.0242091,13.809052,57.69919,18.769764,0.00022420824,19.99896,0.06016728,312.1135,7.8790627,172.60825,2.1299686,1.8200134,0.41000393,1.1900129,1.9067885,0.7599816,0.9999924,0.78752303,0.9999728,1.5586615e-05,2.8550625e-05,0.00028052926,0.99998456
0.5259819,1.6579934,1.020921,12.863638,57.699863,18.76981,0.00012664974,19.99951,0.05312289,312.50635,7.9910893,172.48386,2.1299827,1.8200068,0.41000175,1.1900038,1.9305481,0.75999355,0.99999225,0.79103696,0.99998397,6.3478947e-06,2.2053719e-05,0.00018873811,0.99998856
0.54313403,1.6579853,1.0211798,14.164804,57.69976,18.769888,0.0001639688,19.999432,0.053599667,312.4254,8.051952,172.60632,2.1299882,1.8200047,0.41000184,1.1900067,1.9226506,0.75999266,0.99998903,0.6961957,0.9999745,1.32620335e-05,1.8924475e-05,0.0002092123,0.9999953
0.5407997,1.6579809,1.020997,14.035476,57.699604,18.769785,0.00014428078,19.99931,0.05433867,312.0987,7.7109494,172.63896,2.1299853,1.8200047,0.41000357,1.1900048,1.9199177,0.7599944,0.9999765,0.7718345,0.9999686,8.165836e-06,2.4080276e-05,0.00010037422,0.99999356
0.5037552,1.6579957,1.0200913,11.213028,57.699955,18.76998,4.7897698e-05,19.999884,0.05053637,312.41483,7.9969783,172.36925,2.1299932,1.8200003,0.41000053,1.1900009,1.9215956,0.75999886,0.9999987,0.79720604,0.9999971,1.1920929e-06,6.4373016e-06,6.80089e-05,0.99999857
0.5699279,1.657991,1.0217582,13.495277,57.699745,18.769882,0.0002083403,19.998823,0.05309905,312.3254,7.8777623,172.66719,2.129979,1.8200035,0.4100033,1.1900045,1.9206831,0.75998,0.99999297,0.73616165,0.99995184,9.804964e-06,2.5570393e-05,8.952618e-05,0.99999434
0.5827158,1.65794,1.0237448,15.948285,57.698925,18.769567,0.0007117069,19.996742,0.06379079,312.15656,7.8450894,172.78357,2.1299016,1.8200186,0.41000488,1.1900145,1.9019728,0.7599689,0.9999683,0.7360144,0.99993426,3.710389e-05,9.280443e-05,0.0003247261,0.9999789
0.51116407,1.6579914,1.0212255,13.78256,57.699894,18.769938,4.3196083e-05,19.999826,0.05209782,312.08237,7.7961383,172.3926,2.129991,1.8200011,0.41000172,1.1900015,1.924664,0.7599982,0.999995,0.7488084,0.99998724,2.9802322e-06,8.910894e-06,5.0395727e-05,0.9999957
0.7428699,1.6577538,1.0299331,17.769806,57.69717,18.76871,0.0011069364,19.996498,0.082301676,311.5066,7.944446,173.41603,2.1298177,1.8200434,0.41002607,1.1900413,1.8973106,0.75986993,0.99993026,0.7282399,0.9999007,7.456541e-05,0.00015830994,0.0006276965,0.9998955
0.50700295,1.6579974,1.0202283,13.632851,57.699955,18.769983,1.2929439e-05,19.99987,0.050286062,312.6347,8.122606,172.35068,2.1299956,1.8200003,0.41000023,1.1900008,1.9275372,0.75999856,0.9999989,0.8161747,0.99999815,8.34465e-07,2.1755695e-06,1.23381615e-05,0.99999857
0.5333908,1.6579863,1.0217811,12.655749,57.69978,18.76986,0.00011401415,19.999342,0.051823672,312.03412,7.7335043,172.49245,2.129985,1.8200023,0.4100017,1.1900028,1.9205549,0.75998896,0.9999963,0.74995595,0.9999736,3.8146973e-06,1.4841557e-05,4.5865774e-05,0.9999951
0.5246625,1.6579944,1.0204947,13.01964,57.69993,18.769878,0.000108430984,19.999662,0.051764075,312.12885,7.848319,172.42024,2.1299834,1.8200039,0.41000068,1.1900023,1.9121946,0.75999635,0.999995,0.72834647,0.99998903,3.2186508e-06,5.096197e-06,5.0842762e-05,0.9999964
0.52385056,1.6579877,1.0211036,13.183782,57.699806,18.76994,5.0836206e-05,19.999609,0.052789144,312.3102,7.960054,172.49901,2.129961,1.8200024,0.41000217,1.1900057,1.9051245,0.7599946,0.99999297,0.77622545,0.9999856,6.854534e-06,1.859665e-05,8.72612e-05,0.9999931
0.6948643,1.6579345,1.0280225,15.673966,57.69869,18.768763,0.00058799563,19.997915,0.06990546,311.11603,7.6160583,173.27148,2.1299314,1.8200233,0.4100089,1.1900393,1.8891561,0.7599166,0.9999552,0.72262335,0.999903,3.093481e-05,5.0842762e-05,0.00061666965,0.9999635
0.6527452,1.6579381,1.0254726,14.458226,57.698112,18.76918,0.00054127333,19.997305,0.06242005,311.905,7.8347893,172.92378,2.129936,1.8200147,0.4100078,1.1900249,1.9033793,0.7599239,0.99996287,0.74973464,0.9999279,3.683567e-05,7.5012445e-05,0.0003991425,0.99997294
0.5765248,1.6579578,1.0262414,15.873829,57.69881,18.769619,0.00049043715,19.998718,0.0614069,311.51825,7.8272824,172.76764,2.129947,1.8200072,0.41000453,1.1900107,1.8830062,0.75997853,0.99998033,0.77336395,0.9999199,2.8401613e-05,5.477667e-05,0.00037503242,0.9999824
0.5102507,1.6579959,1.0202663,12.430048,57.69991,18.769953,2.615273e-05,19.999931,0.051513765,312.3899,8.009731,172.34457,2.1299906,1.8200009,0.41000047,1.1900017,1.9121851,0.75999814,0.99999833,0.7918834,0.9999926,2.2649765e-06,7.3313713e-06,4.8428774e-05,0.99999845
0.60819024,1.6579547,1.0245669,15.50789,57.698406,18.769672,0.00031030655,19.997965,0.058915738,312.0714,7.603161,172.95792,2.1299617,1.8200147,0.41000468,1.190021,1.8980554,0.75998133,0.9999782,0.7656108,0.9999652,2.43783e-05,3.8802624e-05,0.00036850572,0.99997497
0.62382,1.6579695,1.0236839,15.306531,57.699356,18.769306,0.00017983674,19.998823,0.055387583,311.47824,7.592232,173.14702,2.1299582,1.8200138,0.41000372,1.1900082,1.8854554,0.75997823,0.99998134,0.750582,0.9999498,1.9043684e-05,3.6120415e-05,0.00014057755,0.99998856
0.5356236,1.6579659,1.0251454,13.06364,57.69932,18.769756,0.00010578633,19.999321,0.06436292,311.54684,7.75645,172.52701,2.129971,1.8200078,0.4100062,1.1900126,1.9000942,0.7599694,0.99998176,0.720321,0.9999352,1.6838312e-05,3.6984682e-05,0.00020337105,0.9999895
0.5380594,1.657995,1.0209818,12.925901,57.699894,18.769909,0.00010431707,19.999626,0.052515,312.2945,7.9287605,172.6021,2.1299858,1.820003,0.4100006,1.1900022,1.9189937,0.7599948,0.9999954,0.7771772,0.9999887,6.2286854e-06,1.0341406e-05,0.00012886524,0.9999948
0.6406676,1.6578698,1.027406,19.711954,57.69924,18.76864,0.0007158208,19.996653,0.06296834,311.77798,7.7731314,173.75789,2.1299398,1.8200245,0.41001683,1.1900291,1.8982387,0.75988483,0.9999432,0.69474137,0.99989474,2.8431416e-05,8.1688166e-05,0.00055238605,0.99995196
0.54151016,1.6579865,1.0216898,11.959747,57.699795,18.769798,0.00013664067,19.99931,0.053289764,312.08627,7.5698395,172.48715,2.1299746,1.8200033,0.41000137,1.1900051,1.8950102,0.75998795,0.9999956,0.79591155,0.9999896,6.765127e-06,8.016825e-06,0.00010544062,0.9999951
0.56668013,1.6579503,1.02529,14.001901,57.699024,18.769663,0.00026534736,19.998985,0.06419605,312.11765,7.570486,172.72093,2.1299453,1.8200128,0.410005,1.1900166,1.8916956,0.7599799,0.9999783,0.75585544,0.9999546,1.7255545e-05,3.516674e-05,0.00031134486,0.99998
0.5072059,1.657995,1.0207306,16.024513,57.69985,18.76989,5.7007073e-05,19.999636,0.051072747,312.50888,7.8929696,172.63692,2.129994,1.8200029,0.41000164,1.1900016,1.9147272,0.75999606,0.9999946,0.7572965,0.99999213,8.314848e-06,1.1980534e-05,0.00010600686,0.9999982
0.52395207,1.6579938,1.0204947,13.086523,57.699833,18.769936,4.7897698e-05,19.999826,0.05164488,311.88528,7.9613466,172.50388,2.12999,1.8200017,0.41000128,1.190003,1.9079146,0.75999606,0.99999446,0.7327282,0.99998546,6.377697e-06,1.4722347e-05,7.9900026e-05,0.9999956
0.50751036,1.6579957,1.0202816,12.651378,57.69993,18.76997,2.6446582e-05,19.999815,0.051108506,312.71948,7.9178977,172.41914,2.1299956,1.8200011,0.41000086,1.190001,1.9271038,0.75999683,0.999998,0.79201204,0.9999926,2.6226044e-06,1.257658e-05,2.7537346e-05,0.99999887
0.55399364,1.6579914,1.0208144,11.584776,57.699776,18.769825,7.757664e-05,19.999676,0.054016847,311.9558,8.117679,172.52617,2.129986,1.8200033,0.41000116,1.190003,1.9212508,0.7599966,0.99999493,0.80219615,0.999985,5.096197e-06,1.4394522e-05,0.00012493134,0.9999951
0.6061604,1.6579713,1.0232044,15.156397,57.69925,18.769522,0.00054832577,19.997637,0.057997942,312.46902,7.864404,172.88765,2.1299622,1.8200104,0.41000485,1.1900123,1.908494,0.7599812,0.99997616,0.7680876,0.9999583,2.1785498e-05,3.0040741e-05,0.0004916489,0.9999918
0.51400584,1.6579977,1.0203729,11.334876,57.69995,18.769966,2.4095774e-05,19.999731,0.050488696,312.5702,7.8927145,172.37717,2.129993,1.8200011,0.41000032,1.1900008,1.9465284,0.75999886,0.9999981,0.790606,0.9999975,1.847744e-06,2.8908253e-06,2.1070242e-05,0.9999987
0.5108596,1.6579944,1.0205632,12.382039,57.6999,18.769955,4.0551426e-05,19.999838,0.051775992,312.5395,7.901694,172.43703,2.1299827,1.8200024,0.41000086,1.1900023,1.9058688,0.7599948,0.99999666,0.79710984,0.9999919,2.5331974e-06,9.536743e-06,3.749132e-05,0.999997
0.52395207,1.6579916,1.0209743,11.860145,57.69968,18.76993,8.9624526e-05,19.99959,0.052658033,312.46658,7.7459507,172.54617,2.1299942,1.8200027,0.41000214,1.1900028,1.9125274,0.7599944,0.99999374,0.790108,0.9999911,6.943941e-06,7.1823597e-06,4.0590763e-05,0.9999972
0.66746145,1.6578951,1.0306486,15.626416,57.698322,18.769308,0.0006097406,19.992737,0.07445869,312.12885,7.8522854,173.5033,2.1298141,1.8200291,0.41000977,1.1900243,1.9001985,0.75993145,0.999969,0.74703467,0.9998964,5.480647e-05,7.891655e-05,0.0005546212,0.9999738
0.55460256,1.6579803,1.0212635,15.501244,57.69953,18.769768,0.00021127879,19.999514,0.052944098,312.23056,7.734188,172.45207,2.1299803,1.8200045,0.41000125,1.1900053,1.9127983,0.7599925,0.9999894,0.7429237,0.9999849,7.0631504e-06,1.3321638e-05,0.00013196468,0.9999923
0.50456715,1.6579975,1.0201066,10.941152,57.699978,18.769974,2.909124e-05,19.999922,0.05059597,312.73254,7.98309,172.36967,2.129995,1.8200006,0.41000032,1.1900007,1.9376532,0.7599986,0.99999905,0.7972718,0.9999982,1.3113022e-06,3.5762787e-06,2.4169683e-05,0.99999934
0.6299095,1.6578976,1.0284564,17.762827,57.698917,18.769037,0.00079516054,19.997196,0.06587669,311.41217,7.7317266,172.81242,2.1298797,1.8200326,0.41001093,1.1900135,1.8992416,0.7599657,0.9999621,0.7413175,0.9999102,4.595518e-05,7.092953e-05,0.00076436996,0.99996465
0.7516997,1.6579084,1.0279617,14.780893,57.697506,18.768764,0.0006344241,19.996265,0.07056103,311.25266,7.838475,173.03177,2.1298988,1.8200252,0.41000664,1.1900299,1.9002739,0.7599253,0.9999475,0.75023794,0.9999124,7.9870224e-05,7.253885e-05,0.00054469705,0.9999474
0.58900833,1.6579118,1.0234632,14.577993,57.699223,18.76959,0.00041844367,19.997894,0.06326633,311.99902,7.86443,172.90242,2.1299634,1.8200179,0.410006,1.1900127,1.906211,0.7599719,0.9999585,0.7634275,0.9999423,3.9190054e-05,5.0276518e-05,0.00035437942,0.99998
1.0036024,1.6577785,1.0397292,18.374157,57.696354,18.768085,0.00087890803,19.994333,0.08040649,310.77448,7.6523476,173.5613,2.129698,1.8200443,0.41001645,1.1900594,1.8807726,0.7599113,0.9999208,0.7333089,0.9998714,7.709861e-05,0.00016018748,0.00049224496,0.9998942
0.5488176,1.6579688,1.0208601,13.131164,57.69968,18.769745,0.00017983674,19.998491,0.053599667,312.22968,7.9108877,172.69437,2.1299548,1.8200076,0.41000238,1.1900082,1.9013892,0.75997186,0.99998987,0.81196696,0.9999807,1.3232231e-05,2.9683113e-05,0.00014185905,0.9999902
0.54790413,1.6579802,1.0217202,14.950885,57.699768,18.769882,0.00020128787,19.998978,0.05183559,312.08627,7.844053,172.5749,2.129978,1.8200054,0.4100017,1.1900084,1.9013935,0.7599915,0.9999945,0.7640706,0.9999874,1.0073185e-05,1.4871359e-05,0.00012928247,0.99999565
0.5112656,1.6579953,1.0203272,13.042263,57.69992,18.769964,2.2626518e-05,19.999765,0.051454168,312.5343,7.947396,172.36647,2.129993,1.8200006,0.41000077,1.1900017,1.9116545,0.75999635,0.999998,0.78164256,0.9999907,3.427267e-06,5.6624413e-06,7.429719e-05,0.9999973
0.5064955,1.6579936,1.0203654,12.944589,57.699936,18.769957,4.4959186e-05,19.999825,0.051656798,312.5341,8.029528,172.37663,2.1299934,1.8200015,0.41000026,1.1900016,1.9259683,0.75999916,0.99999774,0.7771168,0.9999958,3.874302e-06,3.5464764e-06,5.1289797e-05,0.99999833
0.5276058,1.6579752,1.0248333,14.957935,57.698547,18.769857,0.0001298821,19.999231,0.05438635,312.2917,7.975221,172.49927,2.1299834,1.8200036,0.41000286,1.19001,1.9118801,0.7599909,0.99998,0.71852946,0.9999713,2.2649765e-05,1.9550323e-05,0.00015696883,0.9999912
0.5343042,1.6579878,1.0214614,14.410905,57.699646,18.769709,0.0002142173,19.999065,0.052610353,312.04315,7.9690833,172.73439,2.1299565,1.8200064,0.41000172,1.1900051,1.9177291,0.7599925,0.9999894,0.77685744,0.9999871,1.424551e-05,2.798438e-05,0.00020775199,0.9999945
0.5161372,1.657991,1.0210276,11.423347,57.699787,18.769938,9.315074e-05,19.999622,0.05243156,312.43753,7.8042016,172.71626,2.1299934,1.8200021,0.41000092,1.1900024,1.9196607,0.7599943,0.99999595,0.7973025,0.99998844,5.364418e-06,1.8239021e-05,8.6158514e-05,0.999998
0.5168476,1.6579953,1.0205404,12.46928,57.69993,18.769915,8.0221296e-05,19.999762,0.051346894,312.01593,7.695762,172.40128,2.12999,1.8200015,0.41000047,1.190001,1.9166391,0.7599976,0.9999975,0.76203203,0.99999225,2.0563602e-06,4.351139e-06,2.5421381e-05,0.9999982
0.5108596,1.6579942,1.0203272,11.303159,57.69992,18.76997,4.025757e-05,19.999805,0.052169334,312.2732,7.881918,172.35773,2.1299899,1.8200017,0.4100009,1.1900023,1.9180049,0.7599969,0.9999976,0.7640109,0.9999931,2.3543835e-06,5.185604e-06,5.4597855e-05,0.9999962
0.51918197,1.6579791,1.0218191,15.086527,57.69963,18.769857,0.00013722837,19.99959,0.0563173,311.32858,7.7440763,172.67189,2.1299834,1.8200033,0.41000205,1.1900038,1.9017639,0.75998974,0.9999912,0.7719897,0.9999857,7.122755e-06,1.7017126e-05,0.0001078248,0.99999243
0.6136708,1.6579667,1.0251454,15.5128565,57.6989,18.76952,0.00039934338,19.998692,0.059869293,312.0427,7.814151,172.67091,2.1299489,1.820021,0.41000438,1.1900108,1.8844472,0.7599828,0.99995404,0.70778716,0.9999534,3.927946e-05,2.2888184e-05,0.00024729967,0.9999682
0.5053791,1.6579977,1.0201141,11.948329,57.699978,18.769987,1.6749502e-05,19.999956,0.050286062,312.623,7.8638673,172.31105,2.1299982,1.8200003,0.41000012,1.1900005,1.911671,0.7599992,0.9999994,0.7869408,0.99999845,7.1525574e-07,1.013279e-06,1.0639429e-05,0.99999905
0.51400584,1.657995,1.020548,13.170517,57.699875,18.769957,4.995465e-05,19.999765,0.051060826,312.25455,7.975707,172.40549,2.1299894,1.8200015,0.41000062,1.1900016,1.9036535,0.7599969,0.9999976,0.7915708,0.9999894,2.6524067e-06,6.943941e-06,5.969405e-05,0.99999684
0.5147163,1.657995,1.0208068,13.456525,57.699936,18.76993,3.849447e-05,19.99978,0.050464854,312.2619,7.9670997,172.42851,2.1299882,1.8200011,0.41000032,1.1900017,1.9359475,0.7599974,0.99999744,0.73991585,0.99999654,2.861023e-06,3.993511e-06,2.6494265e-05,0.9999975
0.5916471,1.6579676,1.0235622,14.244172,57.699436,18.769526,0.00017777979,19.99915,0.056674883,311.7713,7.665292,172.53679,2.1299691,1.8200045,0.41000152,1.1900072,1.8909707,0.75999105,0.99998635,0.7592485,0.9999765,1.0997057e-05,2.193451e-05,0.00012049079,0.9999857
0.56546223,1.657962,1.026249,14.709222,57.69904,18.769386,0.0001663196,19.999012,0.06400534,311.46054,7.6903677,172.6689,2.1299772,1.820015,0.41000316,1.1900103,1.8903295,0.7599709,0.99998295,0.75624585,0.9999691,1.9162893e-05,4.5001507e-05,0.00024729967,0.9999845
0.53389823,1.657977,1.0214233,13.461974,57.6996,18.769861,0.00015721023,19.99946,0.055602133,312.19745,7.8146677,172.75055,2.1299841,1.8200054,0.410006,1.1900073,1.8953779,0.75998724,0.9999895,0.74244356,0.99995863,1.6272068e-05,3.7938356e-05,0.0001885593,0.9999907
0.5640413,1.6579385,1.027642,19.719526,57.698963,18.769592,0.00043607474,19.999023,0.069953136,311.75922,7.8163576,172.72002,2.129938,1.8200219,0.410017,1.1900147,1.8914744,0.7599762,0.9999757,0.731297,0.9999063,3.170967e-05,7.855892e-05,0.00034940243,0.99997264
0.5741905,1.6579626,1.0223291,12.769962,57.698837,18.769735,0.00022068202,19.999092,0.05867735,312.08594,7.6931996,172.93227,2.1299615,1.8200094,0.41000426,1.1900105,1.887861,0.75999135,0.9999823,0.73901963,0.9999522,1.5884638e-05,3.6865473e-05,0.00022989511,0.9999854
0.580889,1.657944,1.0239276,15.344201,57.69864,18.769314,0.0002800399,19.998653,0.05946403,311.7,7.565929,173.03578,2.129956,1.8200114,0.41000527,1.1900192,1.9012291,0.7599684,0.9999621,0.7556698,0.9999428,2.5987625e-05,5.9366226e-05,0.00043582916,0.99997675
0.51400584,1.6579877,1.0218495,13.162193,57.69982,18.7699,9.197533e-05,19.999613,0.054600902,312.00665,7.874171,172.5197,2.1299858,1.8200048,0.41000134,1.1900043,1.9158764,0.7599905,0.999995,0.73576725,0.99998045,5.3048134e-06,1.8566847e-05,0.00010052323,0.9999936
0.74723405,1.6579349,1.0286239,14.638635,57.698566,18.769005,0.0007837003,19.99782,0.07721207,311.64093,7.721388,172.74274,2.1299293,1.820033,0.4100053,1.1900213,1.9002347,0.7599427,0.99994737,0.7344837,0.99991643,4.711747e-05,8.7708235e-05,0.00039052963,0.9999671
0.5052776,1.6579974,1.0201902,11.705599,57.69997,18.769987,2.4683475e-05,19.999798,0.05084628,312.53494,8.055876,172.329,2.129997,1.8200009,0.4100003,1.1900009,1.9231856,0.7599963,0.99999875,0.7946788,0.9999947,1.66893e-06,7.0035458e-06,5.1558018e-05,0.9999993
0.54130715,1.6579841,1.021606,12.320442,57.699566,18.76985,0.000103435515,19.999338,0.056686804,311.60754,7.7272906,172.46191,2.129973,1.8200024,0.4100011,1.190008,1.8868703,0.7599945,0.99999315,0.7775762,0.9999732,9.000301e-06,1.090765e-05,0.00018131733,0.99999547
0.5156297,1.6579902,1.0214994,15.780865,57.699883,18.769949,3.1442047e-05,19.999748,0.05284874,312.01675,8.024113,172.4928,2.1299958,1.8200024,0.41000155,1.1900023,1.9185238,0.7599914,0.9999964,0.7727349,0.9999912,5.5730343e-06,5.096197e-06,4.2825937e-05,0.99999666
0.50334924,1.6579981,1.0202206,13.094812,57.69997,18.769968,1.1460185e-05,19.999937,0.050834358,312.56647,7.860757,172.42163,2.129998,1.8200006,0.41000032,1.1900005,1.9166416,0.7599984,0.9999985,0.7749078,0.9999968,1.6093254e-06,3.5464764e-06,2.670288e-05,0.99999917
0.5019283,1.6579993,1.0201598,12.356366,57.699978,18.769987,6.4647197e-06,19.999928,0.05032182,312.8514,8.167401,172.40363,2.1299987,1.8200005,0.4100002,1.1900005,1.9402074,0.7599994,0.9999994,0.7995131,0.9999985,8.046627e-07,2.3245811e-06,2.7060509e-05,0.99999976
0.5458743,1.6579797,1.020997,12.763846,57.69963,18.769888,0.00014075458,19.999447,0.053838056,311.84195,7.761245,172.52026,2.1299808,1.8200024,0.41000307,1.1900046,1.8961174,0.759993,0.9999907,0.744862,0.999977,8.493662e-06,1.3142824e-05,7.724762e-05,0.99999225
0.53998774,1.6579682,1.0252596,12.816464,57.699287,18.769787,0.0002597642,19.998743,0.06445827,312.10657,7.8555074,172.65952,2.129967,1.8200116,0.4100048,1.1900127,1.9162402,0.75998986,0.9999795,0.7459396,0.9999495,1.3589859e-05,4.297495e-05,0.00028285384,0.9999881
0.511976,1.6579926,1.0206773,12.3350525,57.699863,18.76993,8.521676e-05,19.999619,0.053885736,312.4946,7.875907,172.48035,2.1299756,1.8200029,0.4100011,1.1900036,1.9060676,0.7599973,0.99999714,0.7746029,0.9999889,3.0994415e-06,9.834766e-06,0.00014445186,0.99999535
0.51045364,1.6579912,1.0203044,14.485369,57.699955,18.769943,1.5867949e-05,19.999666,0.050691325,312.53253,8.096781,172.44125,2.1299834,1.8200036,0.41000092,1.1900012,1.9199678,0.75999504,0.9999968,0.7888486,0.9999939,3.33786e-06,5.0365925e-06,5.5491924e-05,0.9999957
0.57216066,1.6579163,1.0230979,14.138999,57.699417,18.769522,0.00025094868,19.998344,0.055721328,311.93274,7.9801307,173.06746,2.12998,1.8200203,0.41000625,1.1900086,1.9225452,0.7599696,0.9999727,0.78339154,0.99993837,1.30832195e-05,4.1007996e-05,0.00024032593,0.99998283
0.5482086,1.6579796,1.0212559,15.09824,57.699787,18.769794,0.00016808271,19.99905,0.054314833,312.05447,7.7947197,172.69437,2.129976,1.8200048,0.410003,1.1900058,1.916203,0.75998676,0.9999889,0.76722276,0.99997604,5.5134296e-06,9.655952e-06,0.00018572807,0.999987
0.5212118,1.6579905,1.0206926,12.685587,57.699776,18.769953,8.2865954e-05,19.999321,0.051275376,312.46478,7.8947425,172.4464,2.129986,1.8200018,0.41000152,1.1900032,1.9242733,0.75999755,0.99999654,0.7847748,0.99998975,8.970499e-06,8.910894e-06,8.08835e-05,0.9999976
0.54973096,1.6579503,1.0252215,14.751933,57.699505,18.769726,0.00023067296,19.998987,0.061061237,312.11383,7.7591286,172.78093,2.1299715,1.8200111,0.41000554,1.1900083,1.8945768,0.75998217,0.9999801,0.7912543,0.99995214,1.1473894e-05,5.8412552e-05,0.00032150745,0.9999851
0.5779457,1.6579664,1.0249779,15.639627,57.699093,18.76983,0.00050307275,19.998165,0.05773571,311.8701,7.7812757,172.82097,2.1299698,1.8200111,0.41000727,1.1900109,1.9044999,0.75998205,0.99997663,0.7285738,0.9999442,1.9818544e-05,4.425645e-05,0.00029072165,0.9999844
0.6525422,1.6578991,1.0268123,18.530905,57.69783,18.769358,0.0004058081,19.997568,0.066556096,311.81445,7.841214,173.0497,2.129895,1.820036,0.41001332,1.190018,1.8765994,0.7599541,0.99993914,0.74589646,0.99989444,4.4196844e-05,0.00013187528,0.0006019771,0.99994814
0.5107581,1.6579896,1.0203729,14.93325,57.69992,18.769953,5.3187014e-05,19.999655,0.051287297,312.52826,7.9535003,172.39542,2.1299899,1.8200017,0.41000128,1.1900015,1.9134094,0.7599951,0.99999744,0.79042935,0.99999094,1.6093254e-06,1.1026859e-05,3.4362078e-05,0.9999955
0.5040597,1.6579959,1.0201446,11.215185,57.69997,18.76998,2.2332668e-05,19.999844,0.050476775,312.80814,8.027682,172.43001,2.1299982,1.8200005,0.41000026,1.1900008,1.9305841,0.75999904,0.9999984,0.76945746,0.9999968,1.2218952e-06,2.8312206e-06,3.6865473e-05,0.9999988
0.5053791,1.6579983,1.0201674,12.497874,57.69997,18.769976,1.6161799e-05,19.99986,0.050512534,312.55182,7.9571786,172.33171,2.1299963,1.8200005,0.4100002,1.1900003,1.9370865,0.7599992,0.99999857,0.7771436,0.9999963,1.3709068e-06,2.413988e-06,1.835823e-05,0.9999995
0.5175581,1.6579968,1.0204871,13.447672,57.699936,18.769924,6.611645e-05,19.999807,0.051478006,312.08694,7.90432,172.51419,2.1299832,1.8200015,0.4100002,1.190003,1.9181464,0.75999576,0.9999969,0.78932834,0.9999963,2.3543835e-06,7.033348e-06,7.370114e-05,0.99999714
0.5218207,1.6579902,1.0215983,13.232841,57.699726,18.769926,5.553782e-05,19.999645,0.053635426,312.3392,7.9582453,172.58868,2.129987,1.8200029,0.41000107,1.1900023,1.9257399,0.75999516,0.9999962,0.7492519,0.9999864,4.887581e-06,1.0579824e-05,4.2557716e-05,0.9999968
0.512179,1.6579936,1.0203577,11.174509,57.699833,18.76992,5.6419372e-05,19.999676,0.052109737,312.0852,7.7817316,172.51318,2.1299927,1.8200017,0.41000104,1.1900024,1.9332292,0.7599947,0.9999939,0.7834017,0.99998724,2.861023e-06,1.0222197e-05,6.28829e-05,0.99999815
0.5113671,1.6579908,1.0211798,12.978877,57.699806,18.769943,5.259931e-05,19.999733,0.05191903,311.99597,7.8675046,172.51363,2.1299887,1.8200018,0.41000137,1.1900018,1.9104897,0.7599966,0.9999948,0.7775494,0.9999796,5.6028366e-06,1.6003847e-05,0.00010403991,0.99999744
0.5206028,1.657989,1.0207915,12.004613,57.699833,18.769909,3.878832e-05,19.999712,0.051132344,312.12836,7.96249,172.39558,2.1299903,1.8200012,0.41000104,1.1900028,1.9193968,0.7599978,0.99999666,0.7763325,0.9999883,6.914139e-06,1.04010105e-05,6.854534e-05,0.99999756
0.5150208,1.6579963,1.0209666,13.387471,57.699894,18.769955,2.5858879e-05,19.999752,0.05140649,312.25107,7.966382,172.43037,2.1299946,1.8200015,0.4100005,1.1900012,1.9043568,0.75999814,0.99999785,0.7734543,0.99999046,2.95043e-06,4.529953e-06,7.149577e-05,0.9999979
0.56972486,1.6579468,1.0266981,13.087732,57.6986,18.769693,0.0003064865,19.998478,0.063242495,311.68665,7.942366,172.71057,2.1299503,1.8200135,0.41000715,1.1900098,1.9080434,0.7599516,0.99997693,0.74937373,0.9998945,2.8640032e-05,0.00011226535,0.0003337264,0.99998164
0.8236574,1.657924,1.0262414,14.182731,57.698566,18.769047,0.0008521676,19.997412,0.06727126,311.19272,7.7424307,172.87836,2.1299047,1.8200209,0.4100086,1.1900426,1.900988,0.7599526,0.9999602,0.761906,0.999907,5.120039e-05,6.8336725e-05,0.00045362115,0.9999659
0.5936769,1.6579691,1.0222682,12.297593,57.69949,18.769753,0.00025036096,19.999432,0.05611467,312.25858,7.9016347,172.71432,2.1299691,1.8200076,0.41000447,1.1900127,1.9144114,0.759991,0.99998575,0.7594611,0.99997354,2.9444695e-05,2.297759e-05,0.00015830994,0.9999908
0.5935754,1.6579337,1.025252,17.09631,57.69927,18.769566,0.0005506766,19.998243,0.06451787,312.22183,7.8012795,173.08344,2.1299372,1.8200231,0.41000813,1.1900175,1.8898067,0.7599657,0.9999808,0.75653964,0.999959,4.3332577e-05,8.264184e-05,0.0005444288,0.99996895
0.8236574,1.6578531,1.0376893,18.462374,57.695766,18.768484,0.0017290186,19.993137,0.07609165,311.29004,7.6619487,173.62424,2.1298702,1.8200501,0.41002113,1.1900461,1.8924038,0.7599135,0.999879,0.7160294,0.99983144,8.812547e-05,0.00019583106,0.0007279217,0.9999285
0.5511519,1.6579748,1.0213244,14.45191,57.699806,18.769785,9.8440054e-05,19.999266,0.05250308,312.24615,8.024985,172.70042,2.1299813,1.820003,0.41000232,1.1900029,1.9255142,0.7599937,0.9999885,0.7587744,0.9999788,9.447336e-06,1.0669231e-05,0.00012513995,0.99999523
0.51908046,1.6579916,1.0210199,12.512079,57.69983,18.769964,7.375658e-05,19.999699,0.05164488,312.38257,7.754147,172.56462,2.1299927,1.8200017,0.41000116,1.1900029,1.9290624,0.7599959,0.9999966,0.77752817,0.9999895,4.5895576e-06,1.0877848e-05,5.2034855e-05,0.9999978
0.5113671,1.6579968,1.0203805,12.891328,57.699814,18.769958,2.8209686e-05,19.999905,0.051060826,312.5273,7.9489074,172.43858,2.1299956,1.8200006,0.4100002,1.190001,1.9158906,0.7599979,0.999997,0.7696415,0.9999963,1.0430813e-06,4.4703484e-06,2.0176172e-05,0.9999975
0.52395207,1.6579841,1.0214766,13.671627,57.699768,18.769855,0.00015838564,19.99933,0.05233621,312.3351,8.005527,172.5083,2.1299684,1.8200033,0.41000092,1.1900061,1.9040362,0.7599941,0.999993,0.79486096,0.99998856,1.0371208e-05,2.7418137e-05,9.3609095e-05,0.99999154
0.847102,1.6579262,1.0274136,15.593458,57.698654,18.768286,0.00060533284,19.997206,0.0635524,311.4639,7.89124,173.0232,2.1298895,1.8200234,0.41000792,1.1900325,1.8948185,0.75993365,0.9999497,0.7366353,0.9999152,6.604195e-05,0.00011104345,0.00065875053,0.9999393
0.5695219,1.6579815,1.024407,14.168657,57.698784,18.769318,0.00034674405,19.998735,0.057938345,311.98618,7.90262,173.02676,2.1299717,1.8200102,0.41000536,1.1900132,1.9138963,0.7599472,0.99998474,0.7559222,0.999965,1.4156103e-05,4.9471855e-05,0.0002528131,0.99998593
0.5024358,1.6579962,1.0203729,12.567521,57.69992,18.76998,1.7924905e-05,19.999823,0.050500613,312.65042,8.098566,172.39574,2.1299968,1.8200006,0.4100002,1.1900009,1.9380552,0.7599988,0.9999979,0.7596222,0.9999968,2.026558e-06,2.3841858e-06,3.8564205e-05,0.9999989
0.57875764,1.6579628,1.023037,16.661957,57.699398,18.769659,0.00026064576,19.998947,0.066806406,312.3359,8.007376,172.93738,2.129968,1.8200144,0.41000372,1.1900115,1.9079951,0.7599813,0.99997145,0.7545597,0.99996954,1.8507242e-05,3.8713217e-05,0.0002104044,0.9999789
0.5271998,1.6579865,1.020822,13.578937,57.69974,18.769915,4.260838e-05,19.999666,0.05247924,311.94125,8.172446,172.4283,2.1299748,1.8200036,0.41000175,1.1900046,1.9175533,0.75999403,0.9999917,0.7800536,0.999966,5.751848e-06,1.40070915e-05,4.7385693e-05,0.999993
0.57632184,1.6579916,1.021918,11.678409,57.699486,18.769785,0.00012018502,19.999565,0.05355199,312.17078,7.880289,172.41849,2.129985,1.820005,0.41000113,1.1900046,1.9295257,0.7599912,0.99998915,0.7682291,0.9999871,7.3611736e-06,1.1146069e-05,0.00013846159,0.9999918
0.56363535,1.6579688,1.0246202,13.691129,57.699215,18.769615,0.00023361147,19.99932,0.06485162,311.87198,7.8163204,172.70694,2.1299732,1.82001,0.41000336,1.1900127,1.8919157,0.7599704,0.9999871,0.76280636,0.9999554,1.9431114e-05,3.927946e-05,0.0001732111,0.99998045
0.51542675,1.6579944,1.0204185,11.758043,57.69995,18.769897,0.00015867948,19.99974,0.0507986,312.50934,7.7449493,172.4791,2.1299903,1.8200015,0.41000086,1.1900026,1.9153229,0.7599962,0.99999845,0.7538376,0.99999726,2.3543835e-06,2.503395e-06,2.5242567e-05,0.9999976
0.5139044,1.6579942,1.0209666,13.9765,57.699883,18.769873,9.87339e-05,19.999628,0.0533136,312.13934,7.7418895,172.70909,2.1299863,1.8200027,0.4100029,1.1900058,1.9198551,0.75999427,0.9999949,0.742664,0.99998194,6.4074993e-06,1.4126301e-05,0.00014042854,0.99999493
0.5096417,1.6579962,1.0204034,12.300519,57.699955,18.769981,3.7612914e-05,19.999805,0.050917793,312.40732,7.949579,172.4186,2.1299956,1.8200006,0.41000074,1.190001,1.9216238,0.759998,0.99999726,0.7607489,0.9999926,1.9073486e-06,5.2452087e-06,3.2156706e-05,0.99999857
0.62290657,1.6579249,1.025328,17.210762,57.698494,18.769342,0.0004487103,19.99781,0.060477182,312.08075,7.9745913,173.28622,2.1299374,1.8200147,0.41000655,1.1900226,1.9018153,0.75995004,0.9999693,0.79384923,0.9999548,2.7060509e-05,6.958842e-05,0.0004898906,0.9999671
0.52029836,1.6579849,1.0206926,16.253094,57.69985,18.769857,7.434428e-05,19.999514,0.05290834,312.37576,7.8678617,172.84285,2.129987,1.8200036,0.4100017,1.1900041,1.913649,0.75998545,0.9999919,0.74930215,0.9999875,6.4969063e-06,1.0699034e-05,9.030104e-05,0.99999547
0.6622854,1.657961,1.0250465,13.284289,57.69884,18.769413,0.00035497188,19.998491,0.055149194,311.65118,7.6193686,172.96765,2.1299658,1.8200102,0.41000557,1.1900104,1.8981453,0.75996155,0.9999765,0.79482543,0.99996394,2.2441149e-05,2.7656555e-05,0.00019973516,0.9999834
0.53349227,1.6579841,1.0213091,11.107357,57.699577,18.76988,0.00015809179,19.999681,0.053480472,312.39532,7.8582296,172.49576,2.12997,1.8200039,0.41000152,1.1900073,1.9060909,0.75998974,0.9999927,0.7440947,0.99998635,1.0579824e-05,1.6510487e-05,0.00016614795,0.9999949
0.52161777,1.6579827,1.0208448,12.617344,57.699795,18.769905,5.6713223e-05,19.99949,0.054088365,312.35162,8.01907,172.52786,2.1299782,1.8200041,0.41000202,1.1900034,1.91933,0.7599971,0.99998957,0.7773381,0.9999832,8.791685e-06,3.5732985e-05,0.00013077259,0.99999285
0.6164111,1.6579502,1.024841,15.888255,57.6991,18.76954,0.00030619264,19.99874,0.06354048,311.38785,7.79997,172.67569,2.1299593,1.8200116,0.41000456,1.1900107,1.9000869,0.75998014,0.9999771,0.7007048,0.99992067,1.7404556e-05,5.838275e-05,0.00022995472,0.99997824
0.51664466,1.6579865,1.0211416,14.336683,57.699806,18.769888,7.463813e-05,19.999807,0.052979857,312.10968,7.8631067,172.69435,2.1299927,1.8200023,0.4100013,1.190003,1.8900465,0.75999606,0.99999523,0.7659951,0.99999094,7.1823597e-06,1.8328428e-05,4.440546e-05,0.99999774
0.54861456,1.6579652,1.023037,14.283691,57.699192,18.769642,0.00019776165,19.999308,0.057330452,311.33817,7.6309786,172.96567,2.1299558,1.8200076,0.4100037,1.1900098,1.9060069,0.75998205,0.9999811,0.73163486,0.9999621,8.076429e-06,1.8239021e-05,0.00019273162,0.9999853
0.5887038,1.6579643,1.0244832,13.378874,57.698505,18.769524,0.0005289316,19.997982,0.056019314,311.63766,7.876378,172.69795,2.1299584,1.8200134,0.4100077,1.1900134,1.8899081,0.75995034,0.99998003,0.7670778,0.99993134,2.130866e-05,6.0349703e-05,0.00022286177,0.9999747
0.5095402,1.6579965,1.0202588,11.661001,57.699978,18.769972,2.5271178e-05,19.999756,0.050655566,312.6525,8.00029,172.33221,2.129997,1.8200005,0.41000023,1.1900015,1.9232473,0.7599987,0.99999917,0.808974,0.9999964,1.1026859e-06,3.2484531e-06,3.233552e-05,0.99999917
0.5184715,1.6579875,1.0209743,14.7295265,57.699627,18.7699,0.00011136949,19.999403,0.052729547,311.94794,7.6015825,172.43637,2.129989,1.8200024,0.41000304,1.1900032,1.9091327,0.7599937,0.9999911,0.7595576,0.99998534,8.225441e-06,1.6897917e-05,8.6694956e-05,0.99999523
0.5048716,1.6579962,1.0204034,12.840596,57.699978,18.769983,1.968801e-05,19.999786,0.050619807,312.599,8.143211,172.29555,2.1299973,1.8200006,0.41000032,1.1900007,1.9217027,0.75999886,0.9999991,0.75902903,0.99999416,1.1324883e-06,4.351139e-06,3.516674e-05,0.9999989
0.50324774,1.6579986,1.0201141,10.790043,57.699978,18.76999,8.815527e-06,19.999928,0.050226465,312.68506,7.8547497,172.27724,2.129995,1.8200003,0.41000044,1.1900007,1.9207497,0.75999933,0.99999917,0.7948302,0.99999666,1.6391277e-06,1.8179417e-06,1.1146069e-05,0.9999989
0.87602717,1.6579325,1.0265079,16.42421,57.69855,18.769283,0.00038053692,19.99738,0.061955195,311.4563,7.8984804,172.98259,2.1299062,1.8200225,0.41000655,1.1900206,1.9025695,0.75996006,0.9999532,0.74196744,0.99991643,3.3140182e-05,6.863475e-05,0.00028517842,0.99995625
0.53034604,1.6579866,1.0230522,16.164333,57.69983,18.769781,0.000113426446,19.999228,0.05648417,312.37595,8.037257,172.53502,2.1299841,1.8200086,0.4100026,1.1900071,1.9080257,0.75998217,0.999993,0.72115314,0.9999751,9.089708e-06,2.8252602e-05,0.00026145577,0.9999949
0.5282147,1.6579773,1.0214843,11.587443,57.699726,18.769848,9.608924e-05,19.999338,0.053075213,312.4286,7.8237205,172.42918,2.1299808,1.8200045,0.4100026,1.1900052,1.9260852,0.75999457,0.99998957,0.78654003,0.99998176,9.5665455e-06,1.9431114e-05,0.000166744,0.9999951
0.50162387,1.6579998,1.0200533,9.984211,57.69999,18.769989,4.1139124e-06,19.999975,0.050095353,312.8492,8.0381365,172.26924,2.1299992,1.82,0.41000003,1.1900003,1.9180697,0.7599992,0.99999976,0.8375977,0.9999994,4.7683716e-07,5.364418e-07,1.21593475e-05,0.9999999
0.55866224,1.6579698,1.0236079,15.098969,57.6992,18.7696,0.00015867948,19.999208,0.055816684,311.77722,7.765914,172.50452,2.1299698,1.8200086,0.41000468,1.1900084,1.900196,0.759981,0.9999784,0.757645,0.9999484,1.3500452e-05,2.4616718e-05,0.00016984344,0.99998456
0.5571399,1.657979,1.0227401,14.959922,57.699627,18.769684,0.00017484129,19.999046,0.058868058,312.29242,8.117964,172.56456,2.1299806,1.820007,0.41000363,1.1900114,1.9348304,0.7599779,0.9999886,0.72176576,0.9999709,1.5258789e-05,2.926588e-05,0.0003759265,0.9999901
0.5078149,1.6579837,1.0207231,13.280457,57.699883,18.769972,8.3453655e-05,19.999683,0.052145496,312.3947,7.932687,172.73938,2.1299925,1.8200023,0.4100019,1.1900028,1.9166639,0.75999683,0.99999666,0.801335,0.99999344,6.67572e-06,1.257658e-05,0.000105410814,0.99999726
0.5397848,1.6579797,1.0218953,12.581944,57.699577,18.769905,0.00014486849,19.999365,0.056174267,312.49805,7.734416,172.53136,2.1299837,1.8200041,0.41000566,1.1900051,1.9261341,0.7599902,0.99998856,0.7806797,0.99996054,1.0102987e-05,2.8014183e-05,7.0899725e-05,0.999988
0.51664466,1.6579865,1.0211493,14.788355,57.699814,18.769894,8.6686014e-05,19.999626,0.053003695,311.9964,7.9174404,172.51366,2.1299853,1.8200021,0.41000265,1.1900036,1.899883,0.75999516,0.99999416,0.7851535,0.9999809,5.185604e-06,2.4944544e-05,0.00010076165,0.99999547
0.5416116,1.6579673,1.0240493,13.282867,57.6996,18.769775,0.00022538364,19.998724,0.06014344,312.02603,7.740677,172.6588,2.1299756,1.8200104,0.41000238,1.1900078,1.909535,0.75997907,0.9999829,0.76561046,0.99996793,1.1086464e-05,1.9192696e-05,0.00033530593,0.99998856
0.53227437,1.6579664,1.0238894,14.871893,57.699356,18.769688,0.00018923997,19.999508,0.061573774,312.20157,7.94944,172.87263,2.129977,1.8200058,0.4100025,1.1900082,1.9048924,0.7599827,0.99999076,0.7604538,0.9999756,1.8149614e-05,5.2124262e-05,0.00019454956,0.9999908
0.518573,1.657994,1.0212482,13.436233,57.699894,18.769945,4.995465e-05,19.999617,0.05144225,312.29892,8.065185,172.48642,2.129986,1.8200024,0.41000158,1.1900046,1.9307598,0.7599948,0.99999636,0.7616791,0.9999878,4.8577785e-06,9.655952e-06,6.8068504e-05,0.99999744
0.72835654,1.6578877,1.0416093,18.885283,57.69694,18.76733,0.0008695048,19.994036,0.096128225,311.26993,7.70432,173.24178,2.129909,1.820039,0.4100124,1.1900402,1.8860178,0.75988907,0.99991304,0.6989757,0.9998466,8.2165e-05,7.4893236e-05,0.00086957216,0.99994045
0.8728809,1.6578443,1.0307475,16.532404,57.6982,18.768162,0.00097411574,19.996187,0.068379775,311.106,7.8922024,173.16606,2.1298146,1.8200454,0.41002116,1.1900377,1.9067684,0.7599125,0.9999093,0.75592303,0.99986684,8.9257956e-05,0.00012138486,0.0005224347,0.9999466
0.6484825,1.6579012,1.0311433,16.84553,57.698006,18.76894,0.000502485,19.996338,0.07014385,311.50156,7.8543715,172.95964,2.1299098,1.8200282,0.41001445,1.1900321,1.8862879,0.75995123,0.99993753,0.751964,0.9998312,7.05421e-05,0.00014993548,0.0008265972,0.9999554
0.5042626,1.6579956,1.0204338,14.195642,57.69995,18.769968,2.7328133e-05,19.999851,0.05101315,312.55927,7.823542,172.38193,2.1299942,1.8200011,0.410001,1.190001,1.9063811,0.75999695,0.9999984,0.78246427,0.99999404,1.758337e-06,7.867813e-06,4.464388e-05,0.99999857
0.6001724,1.6579595,1.0259826,15.566468,57.698727,18.769663,0.00037847995,19.998697,0.059762016,311.49603,7.851671,172.76915,2.129946,1.8200084,0.4100104,1.1900096,1.9055353,0.7599668,0.9999809,0.737716,0.99989516,2.9981136e-05,5.7399273e-05,0.000102669,0.9999819
0.5260834,1.6579894,1.021058,13.221852,57.699894,18.769894,0.00015045165,19.999407,0.052574597,312.4186,7.847678,172.61235,2.1299887,1.820003,0.41000205,1.1900046,1.9102088,0.7599941,0.9999895,0.7668745,0.99998325,5.751848e-06,1.4901161e-05,0.00014457107,0.99999654
0.52933115,1.6579845,1.0208753,12.259098,57.699665,18.769825,0.00012841284,19.99955,0.053254005,312.11743,7.8941736,172.50711,2.129989,1.8200041,0.41000164,1.1900055,1.9277811,0.75999206,0.99999255,0.7673366,0.99998546,2.95043e-06,9.208918e-06,7.927418e-05,0.99999535
0.50811934,1.6579959,1.0207078,15.413824,57.699867,18.76993,4.2020678e-05,19.99979,0.05201438,312.45496,8.057314,172.45963,2.129997,1.8200011,0.4100007,1.1900012,1.9214777,0.7599971,0.99999774,0.7087912,0.9999949,2.115965e-06,5.930662e-06,7.387996e-05,0.99999815
0.55033994,1.6579782,1.0244756,15.955531,57.69948,18.769817,0.00020569563,19.998968,0.056138508,312.19284,7.8243036,172.7713,2.1299727,1.820007,0.4100021,1.190007,1.8910985,0.759983,0.9999857,0.7416079,0.9999738,1.30832195e-05,3.3408403e-05,0.00016865134,0.9999916
0.51116407,1.6579843,1.0211722,15.175667,57.699856,18.76993,0.00011078179,19.999542,0.05227661,312.35782,7.843267,172.45859,2.129982,1.8200024,0.41000205,1.1900028,1.9035289,0.7599939,0.99999475,0.801448,0.9999821,7.599592e-06,1.9401312e-05,0.00010868907,0.999995
0.5097432,1.6579956,1.0210427,13.820186,57.69993,18.769945,3.878832e-05,19.9998,0.050882034,311.84967,7.881773,172.41957,2.1299877,1.8200012,0.41000122,1.1900015,1.9078172,0.7599976,0.9999985,0.8333354,0.99998856,4.4703484e-06,7.122755e-06,8.189678e-05,0.99999857
0.6254439,1.6579628,1.0298951,15.444169,57.698708,18.76908,0.00035644113,19.998768,0.063826546,311.088,7.7883363,173.26857,2.1299467,1.8200144,0.410007,1.1900146,1.8814762,0.75996923,0.9999679,0.75158924,0.9999416,4.9620867e-05,7.161498e-05,0.00057947636,0.9999802
0.5320714,1.6579632,1.0228238,14.306497,57.699566,18.76956,0.00029590784,19.998974,0.057199337,312.2424,7.7897024,172.59592,2.129958,1.8200084,0.41000283,1.1900069,1.9173282,0.7599858,0.99998426,0.7748239,0.99997705,7.987022e-06,1.9967556e-05,0.0003169477,0.99999046
0.52009535,1.6579924,1.0206013,11.079722,57.69983,18.769926,0.00010519862,19.999722,0.05181175,312.55652,7.9709578,172.48149,2.1299946,1.8200023,0.4100007,1.1900038,1.9346583,0.75999594,0.9999974,0.77549374,0.9999918,2.7120113e-06,9.715557e-06,9.471178e-05,0.99999785
0.6326498,1.6579713,1.0219866,15.04619,57.699093,18.76979,0.00016103029,19.999151,0.055780925,311.85486,7.8326907,172.75377,2.1299465,1.8200066,0.41000214,1.1900092,1.8999623,0.75998914,0.99997973,0.7612821,0.9999762,2.9414892e-05,3.4451485e-05,0.00013923645,0.99998033
0.5294326,1.6579924,1.0206089,14.79283,57.699512,18.76977,0.00022185742,19.999233,0.053420875,312.38712,7.984289,172.7788,2.1299865,1.8200021,0.41000116,1.1900032,1.9133854,0.7599858,0.99999195,0.75480413,0.9999887,4.3213367e-06,2.0056963e-05,7.903576e-05,0.9999965
0.6015933,1.6579393,1.024742,14.644558,57.69924,18.7697,0.000443421,19.997572,0.05947595,311.60187,7.6714325,172.78346,2.129959,1.8200197,0.41000554,1.1900249,1.9018644,0.75996035,0.99998105,0.72283614,0.9999535,1.5854836e-05,3.260374e-05,0.0005043149,0.9999709
0.5097432,1.6579918,1.0209818,14.316136,57.699856,18.76994,4.1432977e-05,19.999756,0.054970402,312.28455,8.005144,172.42206,2.129995,1.8200024,0.4100006,1.1900017,1.9175787,0.7599943,0.9999975,0.7582859,0.9999913,2.7418137e-06,2.5629997e-06,6.7174435e-05,0.99999726
0.8483199,1.6578227,1.0294079,16.856052,57.697994,18.76856,0.00093503355,19.993309,0.10348252,311.44678,7.765647,173.1231,2.129917,1.8200564,0.41001785,1.1900436,1.9156188,0.7599445,0.99995446,0.747862,0.9998373,5.1379204e-05,0.00011104345,0.0006774366,0.9999356
0.56789804,1.6579875,1.0219104,14.759082,57.699715,18.76976,0.00020216942,19.999119,0.05233621,312.3548,7.8061156,172.67299,2.129962,1.8200041,0.41000208,1.1900069,1.8877444,0.75998074,0.99998766,0.7514484,0.99996406,1.3679266e-05,1.7881393e-05,0.00017130375,0.9999912
0.512179,1.6579851,1.021134,15.358472,57.699814,18.769926,6.141484e-05,19.999424,0.05268187,312.45474,7.897872,172.4588,2.1299841,1.8200036,0.41000244,1.1900036,1.9069281,0.7599951,0.99999535,0.76886356,0.99998426,7.867813e-06,1.40070915e-05,0.00012949109,0.99999475
0.58099043,1.6579442,1.0235926,16.183985,57.699444,18.769482,0.00054509344,19.997822,0.06327825,311.85782,7.7712684,172.91716,2.1299534,1.8200191,0.41001484,1.1900145,1.9020698,0.7599687,0.999974,0.76862895,0.9999363,3.182888e-05,4.6521425e-05,0.00089138746,0.9999711
0.5321729,1.6579857,1.0220475,14.483763,57.69984,18.769905,9.256303e-05,19.999237,0.053611588,312.52808,7.6929865,172.48709,2.1299872,1.8200036,0.41000128,1.1900023,1.9078921,0.7599962,0.99999475,0.77518,0.999987,5.4836273e-06,1.2993813e-05,0.000120699406,0.9999939
0.52202374,1.6579902,1.0207535,13.136492,57.699894,18.769869,0.00013693451,19.999702,0.053659264,312.31598,7.8232827,172.41423,2.129982,1.8200041,0.41000187,1.1900069,1.9144261,0.7599833,0.99999326,0.7630711,0.9999795,6.943941e-06,1.12354755e-05,0.00014671683,0.9999946
0.5193849,1.6579894,1.0207611,13.988202,57.69989,18.769926,0.0002142173,19.999374,0.052979857,312.37646,7.962636,172.67628,2.1299865,1.8200063,0.41000235,1.1900036,1.9109703,0.75999457,0.99999607,0.7282634,0.999984,4.6491623e-06,2.5868416e-05,0.00014007092,0.999996
0.5210088,1.6579814,1.0210732,13.85818,57.699867,18.76991,0.00011754036,19.99951,0.053945333,312.26895,8.006905,172.59366,2.1299675,1.8200035,0.41000128,1.1900034,1.9189864,0.7599962,0.9999893,0.7486108,0.999982,7.56979e-06,1.5050173e-05,8.5264444e-05,0.99999493
0.5422206,1.6579853,1.0216973,13.421353,57.699787,18.769766,0.00012547434,19.999388,0.052610353,312.2763,7.9233775,172.59653,2.129974,1.8200068,0.41000113,1.1900065,1.9175948,0.75998557,0.99999243,0.78788424,0.99999243,1.0073185e-05,1.0997057e-05,0.00014573336,0.99998975
0.51045364,1.6579936,1.0203654,13.4724045,57.69992,18.769945,3.878832e-05,19.999842,0.050715163,312.4839,7.990843,172.41292,2.1299946,1.8200006,0.41000074,1.1900015,1.9236655,0.7599978,0.9999982,0.77342993,0.9999932,1.3113022e-06,5.930662e-06,3.248453e-05,0.99999833
0.5229371,1.6579894,1.0208448,14.621042,57.69993,18.769873,0.0001316452,19.999454,0.051096585,312.464,8.090954,172.60638,2.1299784,1.8200024,0.41000083,1.190003,1.9321054,0.75999403,0.9999963,0.76015896,0.99999416,4.7385693e-06,5.841255e-06,9.0390444e-05,0.99999714
0.5161372,1.6579944,1.0209894,11.344324,57.69991,18.769922,3.849447e-05,19.999767,0.051704478,312.2673,8.201076,172.48413,2.1299922,1.8200033,0.41000104,1.1900026,1.9495618,0.75999755,0.9999964,0.7577977,0.9999883,2.3543835e-06,1.0848045e-05,9.158254e-05,0.999997
0.506191,1.6579946,1.0202588,10.786912,57.699955,18.769966,6.4647197e-06,19.999931,0.050619807,312.2515,8.042389,172.41046,2.1299968,1.8200006,0.41000035,1.190001,1.9272419,0.75999886,0.99999857,0.7924661,0.99999636,2.0861626e-06,3.1590462e-06,1.1086464e-05,0.99999905
0.52567744,1.6579888,1.0206165,16.71262,57.699856,18.76986,0.00010314167,19.99959,0.051942866,312.43625,7.9941096,172.51523,2.1299806,1.8200033,0.4100009,1.190003,1.8854225,0.75999063,0.9999937,0.7661335,0.99998975,8.046627e-06,2.1457672e-05,6.967783e-05,0.99999243
0.54496086,1.6579659,1.0221845,15.5430975,57.699627,18.769781,0.00035320877,19.998959,0.05433867,312.2828,8.125325,172.74557,2.1299727,1.8200094,0.410003,1.1900109,1.9203535,0.759974,0.9999927,0.748596,0.99997836,8.583069e-06,2.488494e-05,0.0001809597,0.99999267
0.57622033,1.6579607,1.0237601,13.948972,57.698788,18.769653,0.00030384184,19.99787,0.061394982,312.17883,7.7999234,172.6317,2.129978,1.8200094,0.4100057,1.1900098,1.9061534,0.75995475,0.9999775,0.7598841,0.99995404,1.7046928e-05,5.492568e-05,0.00017946959,0.9999881
0.5001015,1.6579999,1.0200456,11.187476,57.699997,18.769997,1.4692545e-06,19.99999,0.05010727,312.78192,8.045629,172.2531,2.1299996,1.82,0.41000003,1.19,1.9333876,0.7599999,0.9999999,0.8019346,0.9999997,5.9604645e-08,3.2782555e-07,4.351139e-06,0.9999999
0.5456713,1.6579658,1.023722,16.502949,57.699425,18.769665,0.00017454743,19.998764,0.057616517,311.41885,7.7756433,172.80075,2.1299384,1.8200111,0.41000515,1.1900094,1.9012634,0.75997645,0.9999827,0.7435858,0.9999392,2.6106834e-05,4.9889088e-05,0.00019922853,0.99998784
0.5017254,1.6579989,1.0200533,9.907023,57.69999,18.769995,4.4077633e-06,19.999985,0.050202627,312.6422,7.9823613,172.29402,2.1299992,1.82,0.41000012,1.1900002,1.9321736,0.75999963,0.99999976,0.8026819,0.9999989,2.3841858e-07,7.1525574e-07,5.4240227e-06,0.99999964
0.586877,1.6579646,1.0218115,12.208081,57.699223,18.769651,0.00016867042,19.999043,0.05954747,312.27335,7.832658,172.52977,2.129966,1.8200098,0.41000247,1.1900115,1.9112105,0.7599851,0.99998033,0.7653378,0.9999783,1.7255545e-05,2.1845102e-05,0.00015062094,0.99998105
0.5206028,1.6579953,1.0208601,16.371813,57.699863,18.769804,0.00012958824,19.999634,0.052836824,312.7198,8.01324,172.47229,2.129995,1.8200021,0.4100005,1.1900023,1.9147695,0.7599953,0.9999958,0.75334036,0.9999908,5.00679e-06,4.8577785e-06,0.000117868185,0.99999624
0.52029836,1.6579745,1.0219485,14.903012,57.69964,18.769773,0.00017366587,19.999498,0.057092063,311.76852,7.8293886,172.58821,2.129982,1.8200045,0.41000137,1.1900073,1.8925763,0.7599906,0.9999921,0.7573737,0.9999858,9.953976e-06,2.6106834e-05,0.00015303493,0.9999914
0.6165126,1.6579399,1.0237753,17.16219,57.69932,18.769617,0.00033851623,19.998346,0.061728723,312.0653,7.680544,172.89458,2.1299639,1.8200117,0.41000462,1.1900084,1.8913913,0.7599754,0.99997747,0.72190344,0.9999559,2.0861626e-05,4.9859285e-05,0.00015220046,0.99997824
0.6401602,1.6579475,1.025427,17.362314,57.698715,18.769333,0.00054773805,19.997587,0.07253966,312.20322,7.9294896,173.15913,2.1299183,1.8200246,0.41000655,1.1900232,1.8956448,0.75996417,0.9999565,0.7420231,0.99994147,6.1273575e-05,0.00010338426,0.00054723024,0.9999455
0.8997762,1.6578242,1.0360148,17.41606,57.697514,18.768862,0.0016152984,19.994617,0.10226674,311.0065,7.5731826,173.22781,2.1298766,1.820065,0.41004375,1.1900429,1.8918315,0.759912,0.99991107,0.6958138,0.99977785,9.903312e-05,0.00022357702,0.0007377267,0.9999078
0.5294326,1.6579704,1.0208753,14.379019,57.699715,18.769922,0.00011783421,19.999454,0.052240852,312.3939,8.016188,172.50502,2.12998,1.8200023,0.41000277,1.1900038,1.9132569,0.7599953,0.9999926,0.7733279,0.99998873,1.052022e-05,1.7404556e-05,8.5145235e-05,0.9999943
0.53044754,1.6579825,1.0228924,14.555929,57.699577,18.769857,0.00026387812,19.998964,0.05393341,311.94412,8.019924,172.79794,2.1299534,1.8200048,0.41000336,1.1900055,1.9233637,0.7599875,0.9999852,0.74893177,0.9999665,1.0609627e-05,2.604723e-05,0.00018194318,0.99999106
2.129045,1.6575183,1.075694,18.43633,57.687737,18.763357,0.004602587,19.984997,0.13975337,311.05255,7.6620684,174.26793,2.129644,1.8201412,0.4100542,1.190163,1.8676883,0.7597381,0.99971217,0.72901356,0.9995303,0.00035318732,0.00057920814,0.0024836361,0.9997399
0.52141476,1.6579963,1.0207078,10.575567,57.699875,18.769865,4.4665336e-05,19.99972,0.051478006,312.5721,7.9504776,172.37874,2.1299903,1.8200015,0.4100006,1.1900026,1.9321812,0.75999606,0.99999577,0.82946646,0.9999918,4.142523e-06,1.3232231e-05,8.931756e-05,0.9999959
1.0842884,1.6577592,1.0432991,19.968103,57.696564,18.767862,0.0023384655,19.99469,0.094471425,310.69803,7.6883903,173.47473,2.1297417,1.8201226,0.41002795,1.1900522,1.88684,0.7598188,0.9998569,0.73760986,0.99975336,9.6827745e-05,0.0002488792,0.001293093,0.9998836
0.5961127,1.6579715,1.0241482,13.378297,57.699593,18.769714,0.00037671684,19.999155,0.060703654,311.96295,7.7681746,172.81075,2.1299567,1.8200063,0.4100063,1.190014,1.9069399,0.75997746,0.9999846,0.74148566,0.9999639,1.1175871e-05,2.592802e-05,0.0001425147,0.99999
0.5663756,1.6579827,1.0223138,14.334166,57.69956,18.76978,0.00014986396,19.998993,0.05418372,311.97287,7.8105626,172.50732,2.129979,1.8200064,0.41000175,1.1900098,1.8901806,0.75998056,0.99998486,0.73925924,0.9999579,1.32620335e-05,1.5348196e-05,0.00030899048,0.99998164
0.5174566,1.6579857,1.0219485,14.555471,57.699512,18.769869,0.00010196626,19.999308,0.056376897,312.16425,7.6434994,172.67093,2.1299856,1.8200029,0.41000122,1.1900038,1.905784,0.75998384,0.99999166,0.7840419,0.99998444,6.7055225e-06,1.4901161e-05,0.00013121963,0.99999666
0.57378453,1.6579745,1.0218953,14.003887,57.69934,18.769636,0.00047368766,19.998043,0.055471018,312.23026,7.816402,172.74223,2.1299686,1.8200064,0.41000423,1.1900119,1.907528,0.75997496,0.99998295,0.7340994,0.9999583,2.1785498e-05,3.5315752e-05,0.00018063188,0.9999928
0.53531915,1.6579742,1.021918,13.569328,57.699593,18.769695,0.00014281154,19.99936,0.05542334,312.25348,7.8329225,172.59644,2.1299765,1.8200063,0.4100023,1.1900057,1.9092569,0.75998896,0.9999887,0.80422306,0.9999782,1.0967255e-05,2.3841858e-05,0.000101178885,0.9999897
0.5768293,1.6579745,1.0232121,15.198305,57.699398,18.769562,0.00018248141,19.998976,0.058367442,311.75244,7.871292,172.68568,2.1299777,1.8200094,0.41000208,1.1900055,1.9048731,0.7599826,0.9999839,0.7063211,0.99996305,1.3679266e-05,1.8268824e-05,0.00025629997,0.9999836
0.5218207,1.6579912,1.0207459,14.9948,57.69989,18.769903,0.00010431707,19.999578,0.051621042,312.3676,7.9458323,172.6936,2.1299891,1.8200015,0.41000086,1.190003,1.9040687,0.75999326,0.9999952,0.7704652,0.9999846,4.082918e-06,8.255243e-06,7.709861e-05,0.9999951
0.5393788,1.6579683,1.0214766,13.801461,57.69956,18.76972,0.00023801923,19.999184,0.05591204,312.24243,7.835982,172.63402,2.1299644,1.820011,0.41000396,1.190011,1.9140885,0.75999075,0.9999884,0.7797208,0.9999714,1.692772e-05,3.0428171e-05,0.00017121434,0.9999907
0.5023343,1.6579968,1.0201674,10.823265,57.69997,18.769981,1.5867949e-05,19.999823,0.05034566,311.99045,8.025459,172.42007,2.1299958,1.8200005,0.4100003,1.1900008,1.9319408,0.7599981,0.9999985,0.7725008,0.9999937,1.6987324e-06,2.592802e-06,4.3988228e-05,0.9999995
0.556125,1.6579887,1.020997,11.4849415,57.699802,18.769806,9.87339e-05,19.999567,0.054481708,312.3538,7.778463,172.38573,2.1299806,1.8200036,0.4100013,1.1900039,1.9141029,0.7599955,0.9999945,0.78993964,0.99998784,5.00679e-06,1.0222197e-05,7.644296e-05,0.99999464
0.5711458,1.6579559,1.0212711,13.492438,57.699524,18.769754,0.0002274406,19.998676,0.05716358,311.50003,7.829183,172.91791,2.1299844,1.8200084,0.41000348,1.1900069,1.9031558,0.7599867,0.9999834,0.7340704,0.99995536,9.208918e-06,3.954768e-05,0.0002283454,0.9999906
0.5149193,1.6579947,1.0206089,13.570961,57.699833,18.769907,4.0845276e-05,19.999712,0.051942866,312.4055,7.8350463,172.42183,2.129995,1.8200011,0.41000062,1.1900016,1.9116782,0.7599964,0.999998,0.76996446,0.99999404,3.7252903e-06,9.5665455e-06,2.5838614e-05,0.9999976
0.5652592,1.6579707,1.0215907,15.342276,57.699585,18.769796,0.00015779793,19.999374,0.054934643,312.33438,7.974066,172.79366,2.1299725,1.820007,0.41000286,1.1900057,1.9157308,0.75998014,0.99999166,0.75009423,0.99998057,9.268522e-06,1.9043684e-05,0.00016120076,0.9999881
0.58058447,1.6579716,1.0229913,13.731138,57.69947,18.76979,0.00020687103,19.99884,0.058987252,311.97998,7.9135237,172.93735,2.1299715,1.8200078,0.41000405,1.1900095,1.9049273,0.759987,0.99998754,0.79202056,0.99996835,1.2725592e-05,4.4584274e-05,0.00015801191,0.99998474
0.512382,1.6579956,1.0205327,11.367747,57.699867,18.769953,5.935788e-05,19.999722,0.051251538,312.72815,8.040651,172.36652,2.1299882,1.8200027,0.41000074,1.1900015,1.9201499,0.7599971,0.99999446,0.77542055,0.99999106,4.61936e-06,1.1920929e-05,9.059906e-05,0.9999974
0.5037552,1.6579971,1.0202739,11.423663,57.699944,18.769972,1.8512606e-05,19.99987,0.05104891,312.52643,8.082313,172.42615,2.1299975,1.8200006,0.4100002,1.190001,1.9171513,0.75999886,0.9999983,0.81484854,0.99999654,2.682209e-06,6.735325e-06,5.5760145e-05,0.99999875
0.51400584,1.6579908,1.0208828,12.395728,57.699894,18.769913,6.0533286e-05,19.999666,0.052515,312.5633,7.7464886,172.33,2.1299932,1.8200023,0.41000065,1.1900026,1.9203112,0.7599949,0.9999973,0.78486544,0.99998796,4.440546e-06,6.645918e-06,0.00014844537,0.9999969
1.0676436,1.6577631,1.033876,17.780638,57.69742,18.768133,0.0014851225,19.993395,0.07904767,311.5244,7.699816,173.53557,2.1298234,1.8200818,0.4100293,1.1900623,1.8934628,0.7599216,0.9998852,0.7378466,0.99984276,6.824732e-05,0.00011712313,0.0007356405,0.99992186
0.5234446,1.6579785,1.0235013,12.291,57.699425,18.76969,0.00014104843,19.99884,0.057485405,311.70093,7.7597857,172.61911,2.1299622,1.8200108,0.41000345,1.1900072,1.9082294,0.75998485,0.99998313,0.7481349,0.99995494,1.1086464e-05,3.618002e-05,0.0003566444,0.9999906
0.6202678,1.6579555,1.0275354,14.817221,57.698917,18.769375,0.00043137313,19.998014,0.058284007,311.40518,7.7091455,173.08139,2.1299412,1.8200207,0.41001445,1.1900179,1.9152005,0.75994647,0.9999567,0.75571316,0.9998814,3.7938356e-05,6.619096e-05,0.00043174624,0.9999802
0.52192223,1.6579866,1.021606,16.499756,57.699745,18.76988,0.0001783675,19.999603,0.05233621,311.93298,7.7527146,172.5752,2.129977,1.8200029,0.4100006,1.1900052,1.8996032,0.7599949,0.99999523,0.7723368,0.99999255,7.3313713e-06,1.6093254e-05,8.010864e-05,0.9999968
0.5230386,1.6579849,1.020921,11.864423,57.699688,18.769844,0.00018894613,19.999203,0.053242084,312.046,7.630458,172.5211,2.1299796,1.8200036,0.4100034,1.1900036,1.9194913,0.7599941,0.9999943,0.78849673,0.99998677,1.257658e-05,1.6063452e-05,0.0001346767,0.99999535
0.5295341,1.6579833,1.0231739,17.026657,57.699734,18.76978,0.00010431707,19.999546,0.055947796,312.18027,7.862402,172.67978,2.1299894,1.8200076,0.41000184,1.1900076,1.9012783,0.7599862,0.9999933,0.74819714,0.9999815,7.033348e-06,2.515316e-05,0.00010699034,0.99999404
0.51908046,1.6579896,1.020959,13.109562,57.69993,18.769928,0.00011460185,19.999619,0.051561445,312.671,7.9647217,172.54395,2.1299934,1.8200033,0.41000074,1.1900024,1.9268615,0.75999457,0.9999973,0.7802112,0.9999932,4.4703484e-06,7.3611736e-06,0.000112980604,0.99999714
0.5325789,1.6579888,1.0222682,11.661689,57.69974,18.76991,0.00015485943,19.99918,0.052824903,312.18945,7.715251,172.57309,2.1299744,1.8200048,0.41000298,1.1900061,1.9269667,0.7599826,0.9999931,0.77962756,0.9999735,7.927418e-06,1.6152859e-05,0.00013563037,0.9999939
0.6349841,1.6578612,1.0353221,16.287622,57.69732,18.768324,0.0009529585,19.996176,0.10609288,311.81955,7.820455,173.21696,2.1299317,1.8200336,0.4100239,1.1900272,1.904179,0.7599637,0.9999393,0.7525997,0.9998594,8.34465e-05,0.00018408895,0.0011858642,0.9999559
0.5820054,1.6579762,1.0219333,13.75305,57.699154,18.769667,0.00038259386,19.998743,0.055721328,312.16782,7.715337,172.83249,2.1299758,1.8200045,0.41000238,1.1900102,1.9046386,0.7599828,0.9999758,0.7663928,0.99996275,1.2040138e-05,2.3126602e-05,0.00024154782,0.9999887
0.50578505,1.6579975,1.0203348,11.819335,57.699936,18.769958,2.8503537e-05,19.999851,0.052169334,312.43942,8.018754,172.3518,2.1299946,1.8200006,0.41000044,1.1900011,1.923235,0.759998,0.9999984,0.78377676,0.99999356,3.606081e-06,9.924173e-06,7.006526e-05,0.99999887
0.8899315,1.657857,1.0418681,18.024464,57.696312,18.767715,0.0015688699,19.992916,0.08807068,310.95425,7.655754,173.3459,2.1297843,1.8200452,0.41002512,1.1900845,1.8870178,0.75985456,0.9998776,0.7425312,0.99978566,0.000107467175,0.00019419193,0.0011201799,0.99990535
0.61184394,1.657977,1.0213472,17.201185,57.699356,18.76974,0.0003740722,19.998453,0.057092063,312.32568,7.935433,172.79662,2.1299613,1.8200088,0.41000223,1.1900063,1.9142457,0.75998074,0.9999769,0.7409848,0.9999702,2.4288893e-05,3.07858e-05,0.000151366,0.9999823
0.6055515,1.657958,1.0260588,16.23033,57.699486,18.769342,0.00060298207,19.998316,0.06329017,311.85712,7.740333,172.63185,2.1299512,1.8200159,0.41000506,1.1900097,1.909142,0.75996584,0.99998033,0.7217123,0.9999089,1.8298626e-05,4.4345856e-05,0.00058853626,0.9999864
0.5284177,1.6579894,1.0210123,14.976805,57.69982,18.769884,0.00011989116,19.999586,0.052634194,312.06546,8.049037,172.46399,2.1299858,1.8200041,0.41000074,1.1900029,1.9013127,0.75999266,0.9999963,0.73353934,0.9999933,4.142523e-06,8.404255e-06,8.5026026e-05,0.99999595
0.5667816,1.6579725,1.0243537,14.31802,57.69899,18.769766,0.0001939416,19.998802,0.059821613,311.26086,7.483924,172.75514,2.1299741,1.8200074,0.41000324,1.1900184,1.8767861,0.75998396,0.99998045,0.75377387,0.9999485,1.6748905e-05,2.9027462e-05,0.0002581179,0.99998426
0.5012179,1.6579987,1.0201674,12.564835,57.69997,18.76999,1.7631053e-05,19.999922,0.050214548,312.65692,8.119298,172.36166,2.129998,1.8200003,0.41000032,1.1900004,1.9228954,0.75999916,0.9999995,0.81148136,0.99999726,1.1324883e-06,1.4901161e-06,2.0235777e-05,0.9999995
0.5233431,1.657992,1.0209285,14.265768,57.699863,18.769878,7.610738e-05,19.999466,0.051799834,311.9527,7.7130494,172.47441,2.1299858,1.8200021,0.41000056,1.1900046,1.9099426,0.7599926,0.9999951,0.7404079,0.99999475,4.798174e-06,4.61936e-06,9.2089176e-05,0.9999962
0.5273013,1.6579875,1.0207688,13.875704,57.699802,18.769964,9.079993e-05,19.999731,0.05289642,312.52573,8.069448,172.55167,2.1299777,1.8200029,0.4100017,1.1900028,1.9104196,0.75999564,0.99999374,0.7834845,0.9999881,7.2717667e-06,1.6719103e-05,7.468462e-05,0.9999899
0.5845427,1.6579646,1.0245365,17.408625,57.698223,18.769375,0.00041814984,19.998762,0.05826017,311.71085,7.81724,172.78224,2.1299527,1.8200102,0.41000372,1.1900159,1.9075991,0.75995046,0.9999714,0.71533304,0.9999341,1.719594e-05,2.9087067e-05,0.00028207898,0.9999744
0.51887745,1.6579766,1.0221769,14.940431,57.699516,18.769724,0.00021568657,19.999271,0.059607066,311.63766,7.954739,172.61511,2.1299698,1.8200057,0.4100031,1.1900094,1.9046383,0.7599861,0.9999933,0.7574457,0.9999761,1.0848045e-05,3.787875e-05,0.00019416213,0.9999916
0.57205915,1.6579823,1.021134,13.322966,57.699787,18.769632,0.00012194812,19.999445,0.053397037,312.50534,8.057085,172.46834,2.1299732,1.82001,0.41000253,1.1900057,1.9218351,0.7599877,0.99998605,0.7285929,0.9999763,1.8417835e-05,2.9146671e-05,9.971857e-05,0.99999285
0.51776105,1.657998,1.0202588,11.862131,57.6999,18.769926,2.909124e-05,19.999872,0.050309904,311.94174,8.195364,172.4338,2.1299968,1.8200012,0.41000026,1.1900011,1.9425648,0.75999707,0.999998,0.7682854,0.99999756,1.758337e-06,3.2484531e-06,2.7507544e-05,0.9999974
0.55988014,1.6579707,1.0214766,14.329743,57.699005,18.769846,0.00033058226,19.999308,0.054922726,312.2793,7.5541596,172.49242,2.1299717,1.8200042,0.41000333,1.1900064,1.9022652,0.75998795,0.999987,0.8027563,0.99998516,1.12354755e-05,2.4437904e-05,7.7456236e-05,0.9999831
0.5089313,1.6579922,1.0206013,14.571466,57.699936,18.76998,2.938509e-05,19.99953,0.051275376,312.6062,7.5842066,172.3578,2.129991,1.8200018,0.41000116,1.1900022,1.9041892,0.75999534,0.9999969,0.77001977,0.9999904,2.0861626e-06,9.685755e-06,5.182624e-05,0.999996
0.53775495,1.6579871,1.0207992,12.994396,57.69991,18.769894,0.00016103029,19.999456,0.052967936,312.47162,7.919543,172.45132,2.1299837,1.8200029,0.4100013,1.1900055,1.9143162,0.75999504,0.9999937,0.79183155,0.9999892,2.4735928e-06,1.0728836e-05,7.557869e-05,0.9999949
0.5584593,1.6579562,1.0230066,12.666498,57.69941,18.769745,0.00012194812,19.999245,0.06138306,311.17773,7.8511734,172.53545,2.1299334,1.8200123,0.41000706,1.1900088,1.9133689,0.759986,0.999979,0.7485266,0.9999116,2.0891428e-05,7.081032e-05,0.00010970235,0.9999791
0.5224297,1.657986,1.0215147,13.978575,57.699856,18.769844,6.494105e-05,19.99939,0.052610353,312.23257,7.70257,172.7805,2.1299853,1.8200042,0.41000053,1.1900045,1.9010222,0.7599931,0.9999954,0.7629504,0.9999865,3.2782555e-06,1.013279e-05,0.00011378527,0.99999523
0.51908046,1.6579841,1.0211189,14.3679695,57.699814,18.769936,7.698894e-05,19.99953,0.05228853,312.63586,7.9927335,172.33932,2.1299906,1.8200027,0.41000146,1.1900023,1.9270269,0.7599963,0.9999968,0.80114007,0.9999917,5.90086e-06,1.3977289e-05,5.1110983e-05,0.99999464
0.54993397,1.6579722,1.0249094,14.237416,57.69948,18.769812,0.00017337203,19.99945,0.06247965,311.77625,7.810155,172.63629,2.1299803,1.8200082,0.41000685,1.1900055,1.9159018,0.7599913,0.9999915,0.74612564,0.9999722,1.1712313e-05,3.5464764e-05,0.00014531612,0.99999046
0.6051455,1.6579742,1.0230066,15.227173,57.699127,18.769392,0.00037730456,19.998003,0.061359223,312.12033,8.035139,172.77065,2.129974,1.8200105,0.41000238,1.1900119,1.9197493,0.75996417,0.9999809,0.73927224,0.99997085,9.5665455e-06,3.3408403e-05,0.0003142357,0.9999884
0.5077134,1.6579975,1.0204414,14.478882,57.6999,18.769955,3.7319063e-05,19.99989,0.050667487,312.58563,7.929532,172.42482,2.1299982,1.8200006,0.41000018,1.190001,1.9365857,0.7599969,0.9999987,0.743888,0.9999982,1.1622906e-06,2.4735928e-06,3.72231e-05,0.9999986
0.55764735,1.6579577,1.023311,14.5388565,57.69943,18.76977,0.00020422638,19.998697,0.06020304,312.26047,7.8714046,172.60979,2.1299796,1.820009,0.41000536,1.1900077,1.9068811,0.7599871,0.9999832,0.7734976,0.9999567,1.218915e-05,3.644824e-05,0.00016990304,0.9999813
0.6413781,1.6579427,1.0263556,16.623245,57.69855,18.769125,0.00045576275,19.998056,0.06454171,311.66925,7.755812,172.80869,2.1299589,1.8200197,0.41000655,1.1900231,1.8995101,0.7599453,0.99994385,0.7626488,0.99991506,2.6524067e-05,5.1110983e-05,0.00048294663,0.9999701
0.5380594,1.6579837,1.0212331,14.769483,57.699646,18.769743,0.00015074552,19.999422,0.05247924,311.98645,7.8444977,172.70805,2.129988,1.8200029,0.41000122,1.1900041,1.9093331,0.75999033,0.9999938,0.7567878,0.9999831,1.564622e-05,9.745359e-06,0.00012940168,0.9999965
0.5831218,1.6579683,1.0227554,16.638577,57.699398,18.769743,0.00024507166,19.998747,0.05764036,312.02188,7.9035835,172.58305,2.1299682,1.820009,0.41000447,1.1900084,1.8939272,0.75998485,0.9999875,0.75266266,0.99996454,9.745359e-06,2.104044e-05,0.0002901852,0.99997854
0.5077134,1.6579975,1.0204718,10.337703,57.699936,18.769966,4.4665336e-05,19.999857,0.05081052,312.35876,7.5208187,172.43797,2.129992,1.8200017,0.41000086,1.1900017,1.9233512,0.75999606,0.9999982,0.72505397,0.9999927,1.7881393e-06,4.708767e-06,4.5239925e-05,0.9999979
0.6323453,1.6579766,1.0232044,16.400679,57.69934,18.769194,0.00058211864,19.998829,0.05475585,311.93408,7.855439,172.79478,2.129963,1.8200163,0.41000435,1.1900048,1.9148977,0.75998026,0.99997616,0.7280647,0.99995565,1.513958e-05,3.4183264e-05,0.00029867887,0.9999909
0.53876984,1.6579875,1.0213091,13.402726,57.69974,18.769884,0.00013899147,19.999489,0.052765306,312.28528,7.834398,172.60657,2.1299796,1.8200027,0.41000313,1.190005,1.905608,0.7599866,0.99999464,0.7807262,0.99999,8.255243e-06,9.536743e-06,7.8201294e-05,0.9999951
0.6943568,1.6579243,1.0251758,14.562159,57.699017,18.769314,0.0003661382,19.997522,0.060226876,311.77646,7.8653116,172.91232,2.1298923,1.8200111,0.41000512,1.1900188,1.9115527,0.7599735,0.9999754,0.74111134,0.9999311,4.4196844e-05,6.7055225e-05,0.0003145039,0.99997675
0.617832,1.6579273,1.0252138,16.00854,57.69919,18.76957,0.0003746599,19.998259,0.054910805,311.6939,7.7937636,173.00131,2.129959,1.8200227,0.4100088,1.1900183,1.9106303,0.7599559,0.99997395,0.7912421,0.9999458,2.9742718e-05,6.9111586e-05,0.00036859512,0.9999738
0.5655637,1.6579659,1.0232881,16.375269,57.699455,18.769772,0.00023508072,19.998518,0.05308713,312.3986,7.939951,172.54698,2.1299553,1.8200092,0.41000304,1.19001,1.9110416,0.75998795,0.9999827,0.74110216,0.9999609,1.7255545e-05,2.7626753e-05,0.0002860129,0.99999416
0.5260834,1.65799,1.0213015,13.377917,57.699833,18.76991,6.141484e-05,19.999758,0.052550755,312.2905,7.8804455,172.57875,2.1299896,1.8200017,0.41000077,1.1900033,1.9154038,0.7599937,0.9999965,0.755646,0.9999908,7.2717667e-06,1.30832195e-05,4.8190355e-05,0.9999967
0.52395207,1.6579853,1.0207688,14.328566,57.699856,18.76992,0.00012929439,19.999653,0.05209782,312.49716,7.8774242,172.53972,2.1299922,1.8200012,0.4100026,1.1900027,1.9138252,0.75999427,0.99999726,0.78640807,0.9999864,3.0100346e-06,1.1712313e-05,6.0647726e-05,0.99999523
0.50040597,1.6579995,1.0200609,12.281416,57.69999,18.769995,3.5262108e-06,19.999985,0.05019071,312.61813,7.8380165,172.3215,2.1299996,1.82,0.41000006,1.19,1.9345254,0.7599998,0.99999976,0.793721,0.9999995,1.7881393e-07,7.1525574e-07,7.033348e-06,0.9999999
0.5445549,1.6579847,1.022154,12.348015,57.699745,18.769772,0.00013928533,19.998987,0.056174267,312.21765,7.595882,172.69868,2.129968,1.8200045,0.41000307,1.1900094,1.9080644,0.7599845,0.9999924,0.7887686,0.9999751,1.0609627e-05,1.7374754e-05,0.00016832352,0.99999154
0.54272807,1.6579881,1.0206926,11.978729,57.699715,18.769789,0.00015515328,19.999285,0.05226469,312.3521,7.838686,172.47586,2.1299849,1.8200047,0.4100017,1.190006,1.9004033,0.7599868,0.9999934,0.77734375,0.99998784,5.751848e-06,8.46386e-06,9.471178e-05,0.9999902
0.5269968,1.6579849,1.0208753,12.40362,57.69976,18.76995,6.170869e-05,19.999643,0.055184953,311.6506,7.8450365,172.5117,2.1299858,1.8200021,0.4100019,1.190003,1.9103485,0.7599974,0.9999938,0.7912614,0.9999856,7.838011e-06,1.1950731e-05,8.299947e-05,0.9999951
0.5041612,1.657998,1.0203272,12.631818,57.69995,18.769985,2.4683475e-05,19.999882,0.050870117,312.68054,7.81468,172.46379,2.129997,1.8200005,0.4100003,1.1900009,1.9134964,0.75999856,0.99999887,0.779346,0.9999967,1.66893e-06,2.9802322e-06,2.7507544e-05,0.99999887
0.5161372,1.6579974,1.0201674,11.212799,57.699936,18.7699,4.7309994e-05,19.999681,0.051168103,312.69293,7.8607426,172.34666,2.1299946,1.8200009,0.41000035,1.1900012,1.9346229,0.7599976,0.99999857,0.76712716,0.99999505,1.66893e-06,2.2649765e-06,6.625056e-05,0.9999982
0.60545,1.6579701,1.0226183,16.70236,57.69954,18.769506,0.00024183928,19.999214,0.057485405,312.4313,7.7919106,172.75526,2.129945,1.8200096,0.41000268,1.1900061,1.9081597,0.75998205,0.99998415,0.7598649,0.9999721,1.642108e-05,3.027916e-05,0.000100284815,0.99998695
0.5246625,1.6579956,1.0202816,11.7633295,57.699883,18.769941,4.554689e-05,19.999819,0.050750922,312.61676,8.009789,172.43333,2.1299846,1.8200011,0.4100004,1.1900021,1.9297972,0.7599986,0.9999951,0.79235625,0.99999404,3.993511e-06,5.5730343e-06,7.075071e-05,0.99999756
0.54516387,1.6579863,1.0212787,15.107748,57.69982,18.769707,0.00014810085,19.99955,0.053063292,312.10385,7.814043,172.42807,2.1299894,1.8200035,0.41000104,1.1900036,1.9149132,0.7599944,0.99999285,0.7703576,0.9999926,8.493662e-06,1.22487545e-05,0.00013309717,0.999992
0.5604891,1.6579803,1.0226412,12.645561,57.699486,18.769712,0.00014075458,19.998766,0.057330452,312.36578,7.8057327,172.70149,2.1299605,1.8200058,0.41000298,1.1900086,1.8976027,0.7599851,0.999991,0.7765292,0.9999776,2.6464462e-05,3.144145e-05,0.00018775463,0.9999911
0.5440474,1.6579766,1.0225422,16.172127,57.69954,18.769527,0.00015956104,19.99916,0.05269379,312.02844,7.7769814,173.11005,2.1299696,1.8200058,0.41000167,1.1900063,1.9083962,0.7599877,0.9999822,0.7761966,0.99997723,1.3321638e-05,1.8268824e-05,0.00026902556,0.9999931
0.5010149,1.6579995,1.020076,11.213781,57.69999,18.769995,4.701614e-06,19.999966,0.05010727,312.51395,8.037401,172.3356,2.1299994,1.82,0.4100001,1.19,1.9512587,0.75999945,0.9999999,0.8286506,0.9999989,2.0861626e-07,3.5762787e-07,7.0035458e-06,0.9999999
0.97538763,1.6578699,1.0338302,18.630075,57.69688,18.767282,0.0016126537,19.995132,0.102350175,311.41116,7.7264204,173.74931,2.129875,1.8200705,0.41001746,1.1900315,1.878845,0.7599263,0.99988234,0.70914936,0.999835,0.00011661649,0.0001732707,0.00077700615,0.9998737
0.5107581,1.6579952,1.0203577,12.077623,57.699955,18.769968,4.96608e-05,19.999653,0.050739,312.3837,8.080149,172.34102,2.129991,1.8200012,0.41000044,1.1900017,1.9428977,0.7599969,0.99999833,0.7860731,0.99999464,1.4305115e-06,5.930662e-06,4.1604042e-05,0.99999857
0.505988,1.6579983,1.0201674,10.107376,57.69997,18.769983,6.7585706e-06,19.999928,0.050452936,312.71606,8.103252,172.41704,2.1299956,1.8200005,0.41000012,1.1900008,1.9313431,0.75999945,0.99999875,0.7693557,0.9999983,1.2218952e-06,2.5629997e-06,1.6629696e-05,0.99999857
0.53156394,1.6579944,1.0211189,12.65776,57.699776,18.76991,7.140577e-05,19.999842,0.052002463,312.2374,7.8416824,172.54996,2.129989,1.8200023,0.4100007,1.1900021,1.9147476,0.7599979,0.999995,0.7932725,0.9999846,4.887581e-06,1.0877848e-05,6.2942505e-05,0.9999963
0.5260834,1.6579924,1.0206622,12.755073,57.69963,18.769827,0.000109018685,19.99916,0.053075213,312.50293,8.063975,172.62508,2.129986,1.8200027,0.41000086,1.1900046,1.9176167,0.75998986,0.9999927,0.7734307,0.99998796,1.0848045e-05,1.1742115e-05,0.0001232624,0.99999565
0.50811934,1.6579934,1.0203805,12.642777,57.699883,18.769934,2.5271178e-05,19.999851,0.052002463,312.20435,7.7655067,172.35309,2.1299927,1.8200009,0.41000032,1.1900011,1.9120456,0.7599983,0.99999696,0.7638545,0.99999225,1.8179417e-06,4.2915344e-06,3.5107136e-05,0.9999968
0.5379579,1.6579866,1.0226259,14.160508,57.699505,18.769718,0.00017395974,19.99929,0.052872583,312.51703,7.7867794,172.548,2.1299846,1.8200058,0.4100035,1.1900052,1.9144696,0.75998896,0.9999883,0.77565074,0.999982,1.2427568e-05,1.9133091e-05,0.00013419986,0.9999924
0.5246625,1.65799,1.0215299,13.751008,57.699787,18.769817,7.698894e-05,19.999672,0.05392149,312.3173,7.76481,172.55367,2.1299825,1.8200029,0.41000092,1.190004,1.89393,0.75999236,0.99999404,0.7679343,0.99998415,5.4836273e-06,1.180172e-05,8.72314e-05,0.9999959
0.53887135,1.657971,1.0226259,14.271072,57.69933,18.769781,0.00022362053,19.99915,0.058951497,311.91953,7.8440766,173.26033,2.129963,1.8200057,0.41000748,1.1900094,1.9036115,0.75998527,0.9999868,0.80049264,0.9999614,2.1398067e-05,6.8455935e-05,0.0004106164,0.9999883
0.53521764,1.6579843,1.0223444,14.457283,57.699753,18.769905,0.00014486849,19.999434,0.054600902,312.0555,7.9036393,172.45157,2.1299825,1.8200048,0.41000223,1.1900061,1.9204142,0.7599861,0.9999919,0.762349,0.9999851,1.0937452e-05,2.2828579e-05,0.00014624,0.9999891
0.5102507,1.6579969,1.0206926,11.303038,57.69984,18.769918,3.555596e-05,19.999865,0.051549524,312.33545,7.635546,172.39162,2.1299946,1.8200011,0.41000032,1.1900011,1.9115053,0.7599987,0.9999975,0.7495091,0.9999937,1.758337e-06,6.377697e-06,2.9414892e-05,0.99999857
0.53876984,1.6579833,1.0211493,13.780777,57.69976,18.76977,0.00016073644,19.999224,0.051275376,312.00616,7.8302813,172.95311,2.129976,1.8200048,0.41000125,1.1900058,1.9186922,0.7599885,0.9999919,0.7596263,0.99998885,4.917383e-06,1.257658e-05,0.000116467476,0.99999034
0.51055515,1.6579926,1.0207839,12.82267,57.699883,18.769958,4.936695e-05,19.999743,0.05187135,312.36917,7.8155403,172.4613,2.1299922,1.8200017,0.41000083,1.190001,1.9106891,0.75999784,0.99999654,0.7745391,0.99999183,1.847744e-06,7.987022e-06,4.9620867e-05,0.9999972
0.6322438,1.6579207,1.0226564,16.089901,57.699375,18.769695,0.0010055578,19.998396,0.057437725,312.32703,7.793267,172.81757,2.1299314,1.8200111,0.41000518,1.1900165,1.887387,0.7599817,0.9999782,0.7630111,0.9999747,2.2292137e-05,3.6418438e-05,0.00026467443,0.99996424
0.5422206,1.6579837,1.0207992,13.696244,57.699753,18.769667,0.00010431707,19.999504,0.052181255,312.32108,7.822187,172.5227,2.1299794,1.8200027,0.41000107,1.190003,1.8919001,0.7599958,0.99999106,0.8129362,0.99998677,6.735325e-06,1.2069941e-05,9.575486e-05,0.9999914
0.52192223,1.6579688,1.023821,15.225287,57.699417,18.769527,0.0002979648,19.998793,0.054779693,312.0351,8.064579,173.10571,2.1299574,1.8200111,0.41000366,1.1900071,1.897985,0.7599793,0.9999858,0.7337963,0.99996614,1.40964985e-05,3.916025e-05,0.00025874376,0.99998546
0.5102507,1.6579946,1.0202435,11.041539,57.69992,18.769926,2.8797389e-05,19.99974,0.05101315,312.43433,7.7906084,172.46211,2.1299918,1.8200012,0.4100004,1.1900018,1.9106019,0.7599982,0.999998,0.79084134,0.9999938,3.963709e-06,4.082918e-06,0.00011008978,0.99999785
0.5132954,1.6579872,1.0209818,12.515482,57.69966,18.769785,7.581353e-05,19.999683,0.05313481,312.11932,7.9714484,172.45566,2.1299922,1.820003,0.41000152,1.1900034,1.9225647,0.75999236,0.9999964,0.79698515,0.9999811,7.122755e-06,1.54078e-05,9.968877e-05,0.99999654
0.59875154,1.6579751,1.0250692,17.436987,57.698727,18.769682,0.00030619264,19.997934,0.06481586,312.07278,7.7881165,172.77832,2.1299686,1.8200068,0.41000196,1.1900134,1.8968571,0.75997704,0.99997723,0.75926936,0.99995804,1.4513731e-05,3.963709e-05,0.00030335784,0.9999932
0.90353143,1.6578634,1.0345762,21.289255,57.696022,18.767504,0.0012991148,19.995821,0.088332914,311.4771,7.7471895,174.06053,2.1298068,1.8200438,0.4100128,1.1900504,1.8814038,0.75991744,0.9999308,0.7005066,0.9998604,0.0001256764,0.0001513958,0.0011593401,0.9999435
0.50456715,1.6579986,1.0200913,12.077149,57.69998,18.769981,3.29113e-05,19.999882,0.050309904,312.51468,8.04034,172.39476,2.129998,1.8200005,0.41000018,1.1900008,1.9128484,0.7599989,0.99999905,0.8161881,0.9999976,3.874302e-07,2.2649765e-06,3.1799078e-05,0.9999994
0.65913916,1.6578934,1.0314325,17.023407,57.697872,18.769444,0.0007466751,19.997993,0.07598437,312.09607,7.7721424,172.86996,2.1298785,1.8200384,0.41002008,1.1900309,1.8897691,0.7599684,0.99991596,0.7408741,0.9998716,7.1167946e-05,0.0001014173,0.00043174624,0.9999393
0.5278087,1.6579896,1.020921,11.644745,57.699787,18.769888,7.551968e-05,19.999426,0.05104891,312.20847,7.9069653,172.52011,2.12998,1.8200021,0.41000134,1.1900032,1.927783,0.7599956,0.99999523,0.7952223,0.99998915,5.185604e-06,8.761883e-06,9.971857e-05,0.99999577
0.5019283,1.6579986,1.0201293,12.7294655,57.699978,18.76999,1.7337203e-05,19.999947,0.05032182,312.42307,8.081561,172.40529,2.1299982,1.8200005,0.41000018,1.1900005,1.9296739,0.7599997,0.99999905,0.78787565,0.99999857,8.940697e-07,2.6524067e-06,2.0354986e-05,0.9999991
0.6690853,1.6579568,1.0295144,14.570858,57.69893,18.769043,0.00045517503,19.997776,0.05948787,311.50662,7.7400837,173.64336,2.1299198,1.8200245,0.41001475,1.190021,1.8983923,0.75995076,0.9999447,0.7575234,0.9998658,6.175041e-05,8.574128e-05,0.00059223175,0.9999683
0.5149193,1.6579841,1.0206546,13.244301,57.699917,18.769953,7.610738e-05,19.999542,0.051323056,312.43433,7.943603,172.49501,2.1299877,1.8200021,0.41000223,1.1900023,1.9106184,0.75999594,0.999997,0.7846899,0.9999924,4.2915344e-06,9.000301e-06,7.6413155e-05,0.99999684
0.84009904,1.6577911,1.0366085,18.565653,57.695873,18.76872,0.001231823,19.9957,0.08144347,311.5947,7.75283,173.56552,2.1298535,1.820044,0.4100245,1.1900548,1.8941535,0.7599357,0.99994123,0.74440885,0.9998989,7.4625015e-05,0.00011134148,0.0009895563,0.99992824
0.50700295,1.6579975,1.0201446,11.537723,57.699978,18.76996,2.4683475e-05,19.999914,0.050655566,312.59402,7.9697785,172.38745,2.129996,1.8200003,0.41000015,1.1900005,1.9341072,0.75999916,0.99999833,0.7419727,0.99999714,5.9604645e-07,2.026558e-06,3.811717e-05,0.9999987
0.5017254,1.6579989,1.020137,9.685924,57.699978,18.769985,1.0284782e-05,19.999928,0.050452936,312.68976,8.09263,172.30278,2.1299965,1.8200005,0.4100002,1.1900003,1.9343075,0.75999945,0.9999995,0.81935406,0.99999875,1.1026859e-06,1.4901161e-06,1.6272068e-05,0.9999996
0.5163402,1.6579922,1.021096,15.308925,57.699894,18.769955,6.9642665e-05,19.999714,0.052324288,312.4542,7.8473806,172.48541,2.1299949,1.8200024,0.41000095,1.1900012,1.9197961,0.75999755,0.9999949,0.7477798,0.9999882,3.1590462e-06,6.556511e-06,6.529689e-05,0.99999505
0.54252505,1.6579704,1.0226945,15.394338,57.699497,18.769646,0.0001986432,19.999218,0.058486637,312.27036,7.958419,172.77632,2.1299806,1.820006,0.4100018,1.1900077,1.9189787,0.7599869,0.9999831,0.78149366,0.9999813,9.328127e-06,2.8133392e-05,0.00030255318,0.99998826
0.7551504,1.6578227,1.0314401,15.678244,57.697792,18.768637,0.0007881081,19.995077,0.08102629,311.71237,7.651751,173.44601,2.1298876,1.820028,0.41000834,1.1900297,1.901531,0.75993514,0.99988675,0.74703807,0.99983704,5.942583e-05,0.0001335144,0.00038835406,0.99991715
0.6411751,1.6579375,1.031524,15.765791,57.699047,18.769209,0.00033087612,19.998745,0.07054911,311.5311,7.8235583,172.98917,2.1299539,1.8200135,0.41000378,1.1900183,1.9020239,0.7599764,0.99998647,0.7601743,0.99991786,2.7656555e-05,5.5462122e-05,0.00031536818,0.9999803
0.6501064,1.6579268,1.0230217,14.839743,57.699215,18.769592,0.0003417486,19.99865,0.06093012,311.1278,7.8334184,172.73222,2.1299078,1.8200179,0.41000465,1.190021,1.8882724,0.7599507,0.99997675,0.77191633,0.99994254,1.8030405e-05,4.518032e-05,0.00027227402,0.9999622
0.5618085,1.6579446,1.0227782,16.947935,57.699215,18.7695,0.00028973698,19.999073,0.055375665,311.98892,7.8284836,173.00993,2.1299603,1.8200114,0.4100062,1.1900132,1.8807086,0.7599787,0.999977,0.7853919,0.9999521,2.6285648e-05,4.8220158e-05,0.00035578012,0.9999774
0.542931,1.6579859,1.0210884,16.399912,57.699753,18.769821,0.00011254489,19.999216,0.05209782,312.0733,8.050075,172.65309,2.1299734,1.8200021,0.41000107,1.1900084,1.9119312,0.7599938,0.99999243,0.77906114,0.9999894,1.21593475e-05,1.770258e-05,0.00012871623,0.9999932
0.5494265,1.6579754,1.0217582,13.878069,57.699776,18.769827,0.00019805551,19.998707,0.052562676,312.2284,7.708828,172.59918,2.1299655,1.8200048,0.41000286,1.1900111,1.873509,0.7599855,0.99998885,0.75621855,0.9999722,1.3530254e-05,2.321601e-05,0.000100016594,0.9999912
0.50791633,1.6579959,1.0207078,12.324902,57.699936,18.769968,6.758571e-05,19.999577,0.050917793,312.62054,7.7939787,172.3849,2.129995,1.8200011,0.41000146,1.1900017,1.9240322,0.7599947,0.99999857,0.7994449,0.99999243,2.026558e-06,4.976988e-06,3.0010939e-05,0.9999983
0.86800927,1.6579049,1.02239,14.225424,57.699127,18.769352,0.00061356067,19.997517,0.056627207,311.97147,7.9197,172.59421,2.129957,1.820025,0.4100081,1.1900145,1.9002458,0.75997126,0.99996245,0.7542652,0.99995005,2.1219254e-05,3.027916e-05,0.00032815337,0.99996734
0.54546833,1.6579833,1.0217202,17.198359,57.69956,18.769815,0.00031383277,19.999165,0.052991778,312.36877,7.9082527,172.78958,2.12998,1.8200048,0.41000202,1.1900048,1.915289,0.7599895,0.99998856,0.73522973,0.99998266,1.2755394e-05,3.2931566e-05,0.00016367435,0.9999932
0.5040597,1.6579981,1.0201979,11.747771,57.69995,18.769972,4.0845276e-05,19.999933,0.0504291,312.45236,7.891235,172.34819,2.129997,1.8200006,0.41000018,1.1900003,1.9350365,0.7599992,0.99999905,0.77402395,0.9999981,1.2218952e-06,2.2649765e-06,1.3977289e-05,0.9999993
0.531361,1.6579888,1.0207155,11.40644,57.69985,18.76983,6.9642665e-05,19.99954,0.05126346,312.44397,7.7985744,172.43948,2.1299784,1.8200027,0.41000065,1.190003,1.8957955,0.7599969,0.9999935,0.80391484,0.9999912,6.4969063e-06,7.6293945e-06,0.00015297532,0.9999965
0.50568354,1.657998,1.020076,9.47442,57.69997,18.769964,2.615273e-05,19.999851,0.05057213,312.7744,7.920142,172.40184,2.129998,1.8200005,0.41000026,1.1900008,1.9346231,0.7599991,0.99999803,0.78363645,0.99999845,2.2053719e-06,2.2351742e-06,3.7938356e-05,0.9999989
0.56353384,1.6579641,1.0218039,15.3184805,57.69964,18.769693,0.00014957011,19.999348,0.054767773,312.32788,7.818215,172.63603,2.129963,1.8200052,0.4100021,1.1900077,1.887144,0.7599928,0.9999913,0.78107876,0.999985,1.7136335e-05,1.4781952e-05,0.00011590123,0.99998033
0.6248349,1.6579397,1.0269874,15.780851,57.698486,18.769154,0.00050777436,19.997501,0.0638623,311.8147,7.822839,172.9235,2.1299107,1.8200207,0.41000906,1.1900171,1.9027991,0.75997233,0.9999673,0.7331439,0.99990344,4.681945e-05,8.511543e-05,0.00052553415,0.99997675
0.5007104,1.6579987,1.0200684,10.154297,57.699978,18.769997,9.109378e-06,19.999956,0.050166868,312.82187,8.160356,172.29228,2.1299984,1.82,0.4100002,1.1900004,1.9270978,0.7599992,0.9999994,0.81812704,0.99999785,6.2584877e-07,3.33786e-06,1.475215e-05,0.9999997
0.5592712,1.6579835,1.021644,15.206386,57.699867,18.76981,7.640124e-05,19.999437,0.05393341,312.58997,7.6523895,172.6426,2.12998,1.8200063,0.41000226,1.1900042,1.8898555,0.75998706,0.99999034,0.7463534,0.9999765,7.987022e-06,9.328127e-06,5.313754e-05,0.9999882
0.5150208,1.6579908,1.0206165,11.885218,57.69989,18.769968,3.2323598e-05,19.999817,0.05077476,312.07953,7.889048,172.41237,2.12999,1.8200012,0.41000074,1.1900015,1.9108835,0.7599978,0.9999971,0.7903268,0.9999919,1.9669533e-06,4.1127205e-06,5.8829784e-05,0.9999974
0.5983456,1.6579679,1.0225117,13.412093,57.699154,18.769299,0.00017572283,19.998903,0.055995476,311.85144,8.005033,172.9807,2.1299577,1.8200058,0.41000187,1.1900123,1.8985133,0.7599857,0.99997836,0.7891948,0.99997616,2.0384789e-05,5.1289797e-05,0.00028684735,0.9999815
0.5169491,1.657992,1.0208905,12.443392,57.69993,18.76995,7.169962e-05,19.999598,0.05119194,312.2737,7.9725966,172.48866,2.1299877,1.8200023,0.41000113,1.1900023,1.9291055,0.75999486,0.9999981,0.75443137,0.99998444,4.261732e-06,5.990267e-06,4.681945e-05,0.9999982
0.5791636,1.6579773,1.0224128,15.493213,57.699574,18.769835,0.00018159985,19.998877,0.055304147,311.7799,7.591761,172.63255,2.1299713,1.8200042,0.4100018,1.1900066,1.8751187,0.7599891,0.99998784,0.7916462,0.99997705,1.41859055e-05,1.6361475e-05,0.00013661385,0.9999904
0.77189654,1.6579223,1.0313412,14.579285,57.698647,18.769436,0.0005888772,19.996973,0.06723551,311.9454,7.802337,173.11314,2.1299527,1.8200365,0.41001344,1.1900206,1.895916,0.7599584,0.99996483,0.7348041,0.99986243,8.663535e-05,0.00011584163,0.0005811155,0.9999575
0.64645267,1.6579216,1.026896,18.301336,57.697636,18.768932,0.00091240706,19.997831,0.072098635,311.70526,7.6504917,173.22827,2.1299448,1.8200169,0.41000783,1.1900324,1.8789389,0.75995076,0.9999687,0.76039696,0.9999186,7.477403e-05,0.000102847815,0.0003501773,0.99995637
0.51542675,1.6579952,1.020548,13.870531,57.69991,18.769903,8.492291e-05,19.99968,0.051513765,312.26074,7.8412786,172.49516,2.1299925,1.8200011,0.41000047,1.1900038,1.9078618,0.7599968,0.99999744,0.7971964,0.9999913,6.109476e-06,7.927418e-06,0.00013455749,0.999998
0.65680486,1.657937,1.0256401,15.520105,57.699383,18.769638,0.00044077635,19.998566,0.062658444,311.6724,7.8945036,172.62608,2.129926,1.8200302,0.41000715,1.1900157,1.8976747,0.75996923,0.99995995,0.76412386,0.999925,2.9712915e-05,5.6177378e-05,0.00042313337,0.99996376
0.50791633,1.657995,1.0204414,13.190266,57.699936,18.769968,3.1735897e-05,19.999834,0.051108506,312.5973,7.856664,172.38388,2.129995,1.8200012,0.4100005,1.1900014,1.9104065,0.75999784,0.9999974,0.77587503,0.9999944,1.3411045e-06,8.195639e-06,5.5134296e-05,0.999998
0.9836085,1.6578335,1.0470972,21.342785,57.693268,18.766993,0.0013637621,19.993044,0.11424577,311.2736,7.6851945,173.4539,2.1298573,1.8200581,0.41002175,1.1900706,1.8774972,0.7597961,0.9998857,0.70260274,0.9998222,7.57277e-05,0.00016620755,0.0011680722,0.9999207
0.537146,1.657983,1.0239199,13.72144,57.69947,18.769829,9.8440054e-05,19.999157,0.05609083,311.90195,7.978468,172.64963,2.1299803,1.8200052,0.41000372,1.1900053,1.9230388,0.75999314,0.999992,0.7697082,0.99997723,1.335144e-05,2.4974346e-05,0.00019466877,0.99999464
0.53542066,1.6579791,1.0221692,14.829876,57.699753,18.769842,9.2856884e-05,19.999304,0.0567464,312.50662,7.9693313,172.57973,2.1299784,1.8200063,0.41000167,1.1900067,1.9039316,0.75998193,0.99999297,0.7721013,0.99997175,1.1056662e-05,1.9192696e-05,0.00024566054,0.9999969
0.6237185,1.6579503,1.0249399,15.364416,57.6987,18.769114,0.0006450027,19.998575,0.064482115,311.79218,7.7222347,173.06786,2.1298597,1.8200492,0.41000777,1.1900192,1.8854848,0.7599679,0.9999583,0.7532917,0.99994177,3.8921833e-05,6.309152e-05,0.00052043796,0.99995375
0.52618486,1.6579896,1.0218344,14.211556,57.699707,18.769867,9.226918e-05,19.999796,0.05376654,312.21848,7.7546735,172.59572,2.1299837,1.8200042,0.41000193,1.1900033,1.9112315,0.75998646,0.9999913,0.73981166,0.9999802,5.155802e-06,1.4364719e-05,5.8948994e-05,0.9999947
0.598853,1.6579393,1.0246278,14.182448,57.69926,18.76925,0.00025858879,19.999027,0.06445827,311.83646,7.6779356,172.80232,2.1299658,1.8200204,0.4100099,1.190016,1.9116958,0.7599574,0.9999747,0.7150899,0.99991083,3.2931566e-05,3.7699938e-05,0.00020211935,0.9999758
0.5233431,1.657995,1.0211873,14.967808,57.699863,18.769922,4.3489934e-05,19.99972,0.051513765,312.39157,7.894808,172.46867,2.1299884,1.8200024,0.41000068,1.1900015,1.929544,0.75999755,0.99999624,0.81234515,0.99999315,3.2186508e-06,8.612871e-06,7.95722e-05,0.9999978
0.5935754,1.657959,1.0240189,14.101456,57.69939,18.76975,0.00014428078,19.999329,0.058796544,311.9878,7.9042516,172.74432,2.1299605,1.8200157,0.41000426,1.1900073,1.890798,0.75997007,0.9999827,0.7650882,0.99996376,1.5109777e-05,4.4554472e-05,0.00015085936,0.9999728
0.58474565,1.6579697,1.0234176,12.880253,57.699436,18.769632,0.00020980954,19.99881,0.056841753,312.07794,7.9323044,172.5416,2.129956,1.8200048,0.4100038,1.1900165,1.9170815,0.7599762,0.99998486,0.78891206,0.9999603,1.4126301e-05,3.0457973e-05,0.0002913177,0.9999875
0.524764,1.6579896,1.0212482,14.133155,57.699753,18.769869,0.00012723744,19.998968,0.05206206,312.4836,7.7449765,172.46443,2.1299767,1.820003,0.41000116,1.1900054,1.9146937,0.7599937,0.9999935,0.75879335,0.99999034,7.0631504e-06,6.3478947e-06,0.00013116002,0.9999944
0.5149193,1.6579946,1.0204185,11.050678,57.69993,18.769953,1.968801e-05,19.999826,0.050727084,312.0272,7.954724,172.37958,2.1299927,1.8200011,0.4100004,1.1900023,1.9147915,0.7599969,0.9999977,0.76566005,0.99998975,2.3543835e-06,3.9041042e-06,1.8268824e-05,0.9999984
0.5151223,1.6579938,1.0208296,12.589111,57.699867,18.76988,3.2323598e-05,19.999737,0.05226469,311.95074,7.857467,172.59483,2.1299894,1.8200024,0.410001,1.1900023,1.9213476,0.7599979,0.999995,0.7583152,0.9999885,5.7816505e-06,9.655952e-06,0.00011816621,0.99999654
0.52029836,1.6579924,1.0203729,11.748074,57.699894,18.769945,3.996372e-05,19.999739,0.05102507,312.3962,7.922298,172.3835,2.1299887,1.8200017,0.41000053,1.1900026,1.9373701,0.7599949,0.99999785,0.7546279,0.99999267,2.592802e-06,6.198883e-06,2.9623508e-05,0.9999987
0.50558203,1.6579957,1.0204338,11.612342,57.699955,18.76998,1.2635589e-05,19.999836,0.050643645,312.53638,7.95247,172.34528,2.1299934,1.8200005,0.41000044,1.1900011,1.9386015,0.75999856,0.9999979,0.8142065,0.9999944,2.6524067e-06,5.8710575e-06,5.6922436e-05,0.9999984
0.5643458,1.6579742,1.0212026,14.447827,57.699604,18.769794,0.0001316452,19.999641,0.055220712,311.94287,7.861451,172.98074,2.1299884,1.8200033,0.41000295,1.1900032,1.897089,0.75999516,0.99998826,0.7540748,0.9999825,1.3411045e-05,2.1338463e-05,0.00021329522,0.99999154
0.5593727,1.6579821,1.0222149,14.708126,57.699543,18.769783,0.00018982768,19.999323,0.05526839,312.54776,7.805351,172.797,2.1299791,1.8200098,0.41000295,1.1900047,1.9094661,0.7599755,0.9999883,0.7509246,0.9999731,8.434057e-06,2.2500753e-05,9.6052885e-05,0.9999879
0.5040597,1.6579981,1.0201674,11.312404,57.69995,18.76995,1.43986945e-05,19.999794,0.050643645,312.58508,7.8266006,172.40897,2.1299982,1.8200003,0.41000023,1.1900009,1.9349575,0.759998,0.9999987,0.78070986,0.9999969,1.2516975e-06,1.66893e-06,3.090501e-05,0.9999993
0.6273722,1.6579537,1.0239047,16.236423,57.69933,18.769583,0.00019452929,19.998495,0.06124003,311.93973,7.7017355,172.82571,2.1299748,1.8200105,0.4100088,1.1900102,1.9043741,0.75997084,0.9999814,0.755383,0.9999429,1.4364719e-05,4.0650368e-05,0.0002900064,0.9999797
1.0544498,1.6578174,1.0417463,16.813581,57.69394,18.76741,0.0011621803,19.995468,0.11411466,310.97653,7.645757,173.48587,2.1298664,1.8200692,0.41002008,1.1900413,1.8743234,0.7599186,0.9999225,0.7222761,0.9998297,0.00011894107,0.0001424551,0.0006764829,0.99991876
0.6548765,1.6579337,1.0291871,17.388393,57.69893,18.769257,0.0007011283,19.998404,0.06841553,311.7372,7.7585106,173.05695,2.1299396,1.8200268,0.41001308,1.19002,1.8924283,0.75994545,0.9999563,0.70149934,0.9999107,4.053116e-05,7.3224306e-05,0.00030088425,0.9999608
0.52161777,1.6579908,1.0219561,15.404545,57.699745,18.769876,0.00016367495,19.9993,0.055375665,312.29083,7.9589963,172.71619,2.1299863,1.8200045,0.4100013,1.1900058,1.9049501,0.7599915,0.99999017,0.74220043,0.9999782,5.2452087e-06,2.6732683e-05,0.00014424324,0.9999957
1.0379065,1.6578681,1.0485967,20.604244,57.693882,18.768545,0.00075607834,19.99664,0.08479284,310.7951,7.7341404,173.24034,2.1298218,1.8200438,0.41001162,1.190036,1.898523,0.7598148,0.9998692,0.7061258,0.99982935,8.252263e-05,9.858608e-05,0.00036486983,0.99993575
0.5459758,1.657958,1.0228162,14.614695,57.699463,18.769804,0.00024830402,19.998692,0.059118368,311.91656,7.9093447,172.77551,2.1299498,1.8200045,0.41000384,1.1900091,1.9078138,0.7599779,0.99998224,0.7738636,0.99996614,1.6629696e-05,6.3329935e-05,0.00018686056,0.9999836
0.5034507,1.6579987,1.0202588,10.370092,57.69999,18.769987,9.109378e-06,19.999933,0.05019071,312.1883,7.8424497,172.34622,2.1299963,1.8200003,0.41000023,1.1900008,1.9328244,0.7599992,0.99999964,0.7717155,0.9999972,7.1525574e-07,9.23872e-07,1.7285347e-05,0.99999964
0.555516,1.6579683,1.0219333,12.09566,57.69954,18.769772,0.0001334083,19.998945,0.05611467,311.76395,7.9879055,172.67792,2.1299736,1.8200076,0.41000295,1.1900076,1.9162546,0.759976,0.9999908,0.7991421,0.9999738,1.424551e-05,4.056096e-05,0.00024190545,0.9999913
0.55155784,1.6579733,1.0211416,14.724185,57.69962,18.769682,0.00014104843,19.999199,0.052455403,312.60016,8.106571,172.71346,2.1299407,1.8200057,0.41000178,1.1900067,1.922884,0.75999314,0.9999758,0.76673806,0.99998474,1.513958e-05,3.9041042e-05,0.0001218915,0.99999046
0.5300416,1.657989,1.0208372,12.829555,57.69982,18.769897,8.25721e-05,19.999586,0.05317057,311.87222,7.628385,172.45299,2.129986,1.8200027,0.4100017,1.1900033,1.9164037,0.75999784,0.99999404,0.75342226,0.9999864,3.6656857e-06,6.943941e-06,8.7589025e-05,0.99999356
0.6101186,1.6579742,1.0255716,15.3398075,57.699524,18.769163,0.00028650463,19.99881,0.05520879,312.1877,7.7701607,172.78253,2.12994,1.8200138,0.4100025,1.1900122,1.8865538,0.75997037,0.9999831,0.76410985,0.9999615,2.0325184e-05,2.5421381e-05,0.00040113926,0.99998057
0.52435803,1.6579809,1.0216365,13.709632,57.699303,18.769836,0.00012811899,19.999546,0.057521164,311.75714,7.6450357,172.69562,2.1299915,1.8200039,0.41000208,1.1900035,1.9152364,0.7599919,0.9999904,0.7353142,0.9999771,8.374453e-06,2.4586916e-05,0.00016126037,0.999995
0.5184715,1.6579893,1.0210047,12.118252,57.699883,18.769926,5.3774715e-05,19.99972,0.051823672,312.40176,7.8233237,172.48553,2.1299887,1.8200021,0.41000107,1.1900033,1.9152013,0.7599969,0.9999967,0.7690676,0.9999864,5.8710575e-06,1.1622906e-05,0.00016486645,0.99999714
0.5228357,1.6579947,1.0206698,13.767678,57.699802,18.769876,7.258117e-05,19.99977,0.052121658,312.33682,7.9507,172.56107,2.1299927,1.820003,0.41000122,1.1900012,1.9236871,0.7599968,0.9999956,0.7644143,0.99998915,3.1292439e-06,1.1593103e-05,4.4316053e-05,0.9999976
0.50385666,1.6579965,1.0202435,12.033884,57.699963,18.769958,1.7043352e-05,19.999775,0.050667487,312.68817,7.90031,172.4307,2.1299956,1.8200003,0.41000015,1.1900012,1.9193616,0.75999814,0.9999987,0.82768965,0.99999785,5.364418e-07,3.8146973e-06,5.3346157e-05,0.9999989
0.58230984,1.6579748,1.0211722,15.489731,57.699398,18.769724,0.00017601669,19.999207,0.053242084,312.19174,7.91006,172.64015,2.1299598,1.8200045,0.41000175,1.1900082,1.9073144,0.75999284,0.99997914,0.7722757,0.99998057,1.2040138e-05,1.4722347e-05,0.00022098422,0.99998534
0.5432355,1.6579815,1.0216745,13.406688,57.699127,18.769873,0.00019217849,19.999632,0.05722318,312.18283,7.8267283,172.54771,2.1299863,1.8200036,0.4100019,1.1900039,1.9083786,0.7599905,0.9999912,0.768559,0.9999887,8.404255e-06,2.1636486e-05,7.671118e-05,0.99999154
0.5007104,1.6579995,1.0200456,10.237137,57.69999,18.769995,1.4692545e-06,19.999979,0.050095353,312.4787,8.266519,172.27818,2.1299994,1.82,0.4100001,1.1900002,1.9393123,0.7599999,0.99999976,0.8173057,0.9999988,3.2782555e-07,1.3709068e-06,1.6957521e-05,0.9999999
0.5535877,1.6579865,1.0215756,11.95375,57.699787,18.769749,8.933067e-05,19.999361,0.05309905,312.3693,7.9600825,172.4967,2.1299813,1.8200057,0.41000164,1.1900078,1.9378902,0.75999105,0.9999917,0.7825816,0.9999879,9.179115e-06,1.4781952e-05,0.00017148256,0.99999434
0.5791636,1.6579698,1.0226183,16.485285,57.69947,18.769651,0.00019247233,19.998314,0.059845455,311.9414,7.9505897,172.75584,2.1299489,1.8200063,0.41000184,1.1900132,1.9184607,0.75996304,0.99998885,0.7256659,0.9999659,1.9341707e-05,3.2544136e-05,0.0005003214,0.9999926
0.55399364,1.6579812,1.0217049,13.462599,57.69956,18.76956,0.00015632868,19.999369,0.054290995,312.1684,7.5740776,172.5567,2.129972,1.8200076,0.41000265,1.1900055,1.8872656,0.7599888,0.9999897,0.7859837,0.99997616,2.3156404e-05,2.1010637e-05,0.00012496114,0.99999034
0.6474676,1.6578834,1.0278323,17.325636,57.699085,18.76941,0.0004566443,19.99702,0.06799835,311.78433,7.7485642,173.29576,2.1299112,1.8200357,0.41001827,1.1900208,1.8851658,0.7599444,0.99995303,0.73691225,0.99988663,5.8084726e-05,9.199977e-05,0.00044631958,0.9999678
0.61935437,1.6579486,1.0251682,17.553627,57.698696,18.769558,0.0004860294,19.997894,0.060226876,311.952,7.916415,172.87486,2.1299496,1.8200116,0.4100064,1.1900138,1.8967571,0.7599606,0.99997455,0.7511225,0.99994504,2.6971102e-05,4.824996e-05,0.00053706765,0.9999674
0.7343446,1.6579436,1.0255108,15.22574,57.699215,18.769276,0.0003746599,19.99724,0.059821613,312.013,7.9722176,173.19154,2.129927,1.820027,0.41000748,1.1900184,1.9119096,0.75995034,0.99996257,0.7490233,0.9999362,3.72231e-05,6.28531e-05,0.00036981702,0.999972
0.53278184,1.6579872,1.0210427,13.683248,57.699707,18.769863,5.7300924e-05,19.999817,0.053385116,312.42136,8.038958,172.41287,2.1299808,1.8200041,0.41000146,1.1900015,1.9189574,0.7599949,0.9999862,0.75487995,0.999985,1.0222197e-05,1.6272068e-05,4.3958426e-05,0.9999883
0.692124,1.6578753,1.0383667,16.726767,57.69826,18.768017,0.00064617814,19.997192,0.07561487,311.10687,7.7342772,173.23882,2.129866,1.820065,0.41001976,1.190034,1.888565,0.7598821,0.9999299,0.7323714,0.99983907,6.583333e-05,0.000101447105,0.0012398064,0.9999405
0.63417214,1.6579493,1.0256174,16.132263,57.69916,18.769053,0.0005192345,19.997152,0.064720504,311.8857,7.9763536,173.45033,2.1299052,1.8200234,0.41000646,1.1900157,1.916121,0.7599629,0.99996746,0.69922507,0.9999509,3.361702e-05,9.378791e-05,0.00028324127,0.9999782
0.5186745,1.6579934,1.0205556,14.52802,57.699833,18.769888,7.845819e-05,19.999537,0.051787913,312.57764,8.077171,172.5109,2.1299841,1.8200017,0.41000113,1.1900038,1.9152408,0.7599915,0.9999935,0.74346685,0.99998856,3.0398369e-06,1.6778708e-05,0.00014024973,0.99999684
0.5077134,1.6579947,1.0204643,13.644479,57.699936,18.76998,7.7282784e-05,19.999739,0.051132344,312.54697,7.9875817,172.39233,2.1299965,1.8200012,0.410001,1.1900015,1.9264742,0.75999606,0.9999975,0.7615067,0.9999921,2.0861626e-06,4.440546e-06,3.6239624e-05,0.99999833
0.50385666,1.6579983,1.0202283,12.3883,57.69998,18.769983,5.583167e-06,19.99993,0.05019071,312.51337,8.025853,172.36115,2.1299958,1.8200006,0.4100001,1.1900004,1.9133377,0.7599987,0.99999845,0.75944394,0.99999833,1.013279e-06,1.5795231e-06,2.2828579e-05,0.99999785
0.5086268,1.6579942,1.0205404,13.031426,57.699917,18.76995,0.00010578633,19.999765,0.050870117,312.6735,7.941249,172.43315,2.1299884,1.8200015,0.41000068,1.1900024,1.9299023,0.7599966,0.999997,0.80425346,0.9999961,2.3245811e-06,3.9339066e-06,5.429983e-05,0.99999756
0.5664771,1.6579835,1.0224813,15.545771,57.699223,18.76976,0.0001304698,19.999393,0.057103984,311.4498,7.5906463,172.72568,2.1299806,1.8200047,0.41000134,1.1900061,1.8949132,0.75998837,0.999987,0.7713427,0.99997497,8.672476e-06,1.6212463e-05,0.00011205673,0.99999225
0.5283162,1.6579847,1.0209666,12.703405,57.699875,18.769884,0.00017395974,19.999596,0.05269379,311.82086,7.7579827,172.64667,2.1299686,1.8200047,0.41000202,1.1900055,1.9052861,0.7599911,0.9999932,0.7758877,0.9999838,7.867813e-06,1.6510487e-05,6.809831e-05,0.999995
0.53542066,1.6579906,1.021644,14.586012,57.699806,18.769709,0.00013634682,19.999313,0.052658033,312.20694,7.871747,172.53835,2.1299841,1.8200048,0.41000137,1.1900029,1.9089376,0.7599916,0.99999225,0.7359136,0.9999912,9.685755e-06,1.3977289e-05,8.0794096e-05,0.99999666
0.60463804,1.6579475,1.024955,15.290791,57.69949,18.769758,0.00040933432,19.998058,0.059905052,311.86533,7.8168225,172.69807,2.129881,1.8200147,0.41000795,1.1900191,1.8948956,0.7599689,0.99997973,0.7303997,0.999942,3.9309263e-05,5.081296e-05,0.0002835989,0.9999714
0.530955,1.65799,1.0204947,13.365288,57.69989,18.769876,7.610738e-05,19.999651,0.05077476,312.29086,7.9068627,172.44844,2.129979,1.8200018,0.41000044,1.1900046,1.9070786,0.75999457,0.9999938,0.7229105,0.9999913,3.9339066e-06,4.053116e-06,0.00011244416,0.99999654
0.5036537,1.6579989,1.0202131,12.706945,57.69998,18.76997,1.2635589e-05,19.999918,0.05056021,312.7282,8.018591,172.41289,2.1299965,1.8200009,0.41000023,1.1900007,1.9458209,0.75999886,0.9999981,0.7928792,0.99999666,8.940697e-07,3.963709e-06,3.4570694e-05,0.9999983
0.51309246,1.6579944,1.0207992,13.806845,57.69992,18.76994,6.141484e-05,19.999676,0.051716395,312.37088,8.088942,172.50612,2.1299758,1.8200029,0.41000044,1.1900024,1.9357169,0.7599954,0.9999943,0.72517973,0.9999913,3.9041042e-06,7.8082085e-06,0.00011205673,0.9999975
0.50456715,1.6579986,1.0201902,13.24429,57.69992,18.76996,1.3517141e-05,19.999866,0.050667487,312.58813,8.051317,172.35803,2.1299973,1.8200005,0.41000015,1.1900009,1.9299465,0.7599974,0.9999984,0.7660623,0.9999968,2.026558e-06,2.7418137e-06,5.2273273e-05,0.9999985
0.50020295,1.6579999,1.0200304,9.79647,57.699997,18.769999,2.938509e-07,19.999998,0.050035756,312.8913,8.250652,172.22731,2.1299994,1.82,0.41000003,1.19,1.9320587,0.75999993,0.9999999,0.83273697,0.99999976,8.940697e-08,2.9802322e-07,3.427267e-06,0.9999999
0.5049731,1.657998,1.0203121,12.739377,57.699944,18.769974,1.8512606e-05,19.999891,0.051084667,312.7312,8.11565,172.39175,2.1299977,1.8200006,0.41000032,1.1900009,1.9417166,0.7599968,0.99999833,0.79385126,0.9999963,1.4305115e-06,6.020069e-06,2.6524067e-05,0.99999917
0.5096417,1.6579983,1.0201826,11.597637,57.69998,18.76997,6.170869e-05,19.999819,0.050214548,312.67316,7.9135094,172.3142,2.129993,1.8200005,0.41000018,1.190001,1.9320726,0.75999784,0.99999946,0.76575017,0.9999981,1.1920929e-06,2.503395e-06,3.167987e-05,0.9999993
0.5076119,1.6579946,1.0203121,13.203261,57.6999,18.769918,4.231453e-05,19.99979,0.051561445,312.59882,8.190362,172.45622,2.129991,1.8200015,0.4100006,1.1900012,1.9247379,0.7599964,0.99999654,0.7384107,0.99999315,3.427267e-06,8.374453e-06,0.000118255615,0.999998
0.5030447,1.6579986,1.0203121,10.802699,57.699963,18.769989,1.4104843e-05,19.999937,0.05035758,312.30402,7.8770704,172.49303,2.129998,1.8200005,0.41000023,1.1900008,1.9328432,0.75999916,0.99999917,0.80502033,0.99999744,1.1026859e-06,2.5331974e-06,2.631545e-05,0.9999997
0.5967217,1.6579745,1.0230217,13.332804,57.699486,18.769602,0.00018159985,19.998833,0.056031235,311.72943,7.561819,173.03777,2.129937,1.8200116,0.41000372,1.1900221,1.8745213,0.7599765,0.9999819,0.7429382,0.99995494,2.1219254e-05,2.5302172e-05,0.00017115474,0.9999857
0.51400584,1.6579965,1.0205251,11.877852,57.699894,18.769958,2.3508072e-05,19.999884,0.05184751,312.2481,7.9522634,172.41174,2.129995,1.8200015,0.41000053,1.1900017,1.9174494,0.7599964,0.99999857,0.77582234,0.9999945,2.115965e-06,4.3809414e-06,4.2706728e-05,0.9999991
0.84020054,1.6578759,1.04865,18.91808,57.694443,18.767426,0.0017945474,19.993118,0.09766583,310.7094,7.89332,173.62383,2.1298425,1.8201004,0.41002154,1.1900588,1.895994,0.75986207,0.99991775,0.69626546,0.99980223,9.351969e-05,0.00018569827,0.00096321106,0.9999416
0.54191613,1.6579809,1.0233947,12.713698,57.699673,18.769783,0.00011401415,19.999424,0.058701187,311.61972,7.8416753,172.66066,2.1299703,1.8200082,0.41000256,1.1900055,1.8984963,0.75999284,0.99999297,0.7595315,0.99996364,1.6212463e-05,4.3064356e-05,0.00024667382,0.99998784
0.5273013,1.657983,1.0207078,13.328355,57.699806,18.769865,0.00010402322,19.999332,0.05222893,312.11823,7.8620586,172.5007,2.1299813,1.8200042,0.4100009,1.1900028,1.9174666,0.75999236,0.99999344,0.7970912,0.9999855,3.3080578e-06,1.692772e-05,0.00014868379,0.9999951
0.5151223,1.6579952,1.0213624,13.273922,57.699867,18.769918,3.7612914e-05,19.999796,0.05205014,312.13666,7.7700768,172.55733,2.1299877,1.8200029,0.41000083,1.1900034,1.8967401,0.75999403,0.99999636,0.80156904,0.9999862,3.0100346e-06,5.2154064e-06,3.5732985e-05,0.99999225
0.74479824,1.6579165,1.0347893,17.598124,57.697296,18.769072,0.00089007436,19.996958,0.08710521,311.81955,7.7050776,172.9474,2.1299033,1.8200276,0.41001722,1.1900333,1.8923764,0.75994855,0.99995005,0.75675416,0.9999063,6.264448e-05,6.80387e-05,0.000530988,0.9999255
0.5792651,1.6579698,1.0222454,15.178398,57.699665,18.76978,0.00025388718,19.999184,0.054326754,312.26523,7.978994,172.4731,2.1299706,1.8200074,0.41000527,1.1900071,1.9172131,0.7599881,0.9999894,0.79788077,0.99997085,1.50203705e-05,2.1100044e-05,0.00012025237,0.9999877
1.2641318,1.657574,1.065053,17.967716,57.69302,18.766975,0.0053730635,19.978659,0.13593915,310.74442,7.5577016,173.66196,2.1294553,1.8201172,0.41005352,1.1901269,1.8789866,0.7598152,0.99977183,0.71233165,0.99963963,0.00023421645,0.00038453937,0.0016098917,0.99990463
0.50801784,1.6579969,1.0206393,13.436228,57.69992,18.76998,2.4683475e-05,19.999825,0.050893955,312.55603,7.9570622,172.4123,2.1299934,1.8200012,0.4100006,1.1900016,1.9198927,0.7599963,0.99999774,0.76860267,0.99999166,2.0563602e-06,4.4703484e-06,8.98242e-05,0.9999974
0.64340794,1.6579626,1.0275582,14.629311,57.699093,18.769157,0.00043049158,19.99827,0.059452113,311.7393,7.8140035,172.84119,2.129926,1.820029,0.41000736,1.1900183,1.9072973,0.75997174,0.9999695,0.7285359,0.9999355,4.5835972e-05,5.352497e-05,0.00027415156,0.99997544
0.5633309,1.6579916,1.0232654,13.847463,57.699566,18.769815,0.0001137203,19.999609,0.05784299,311.7502,7.727595,172.61676,2.129979,1.8200086,0.41000256,1.1900064,1.9234214,0.75999266,0.99998295,0.715186,0.99995065,1.1384487e-05,1.6063452e-05,0.0002208054,0.99998856
0.63011247,1.6579354,1.0249399,16.701239,57.69918,18.769331,0.00019688011,19.998537,0.057616517,311.54196,7.8353605,172.64763,2.1299465,1.8200161,0.41000658,1.1900109,1.9062037,0.75998986,0.9999695,0.75012493,0.99992,2.9295683e-05,6.0468912e-05,0.00039690733,0.99996156
0.51664466,1.6579928,1.020685,13.10504,57.699944,18.769936,5.7007073e-05,19.99976,0.050929714,312.55725,7.672084,172.41815,2.1299906,1.8200017,0.41000044,1.1900026,1.9014825,0.7599981,0.99999666,0.7916511,0.9999938,2.8312206e-06,3.4868717e-06,5.64754e-05,0.9999974
0.54354,1.6579703,1.0219485,17.641104,57.69969,18.769758,0.00016925811,19.99893,0.056853674,312.0462,7.744498,172.75781,2.1299756,1.8200066,0.41000456,1.1900082,1.89034,0.7599871,0.99998045,0.69826466,0.9999523,1.4573336e-05,3.0457973e-05,0.00020298362,0.9999842
0.56627417,1.6579802,1.0221083,12.794913,57.69955,18.769571,0.0004913187,19.9985,0.058987252,312.06992,7.8464937,172.83228,2.1299584,1.8200102,0.41000292,1.1900128,1.9146973,0.75998324,0.9999889,0.7549223,0.99997014,1.2755394e-05,2.7179718e-05,0.00015291572,0.9999919
0.55399364,1.6579713,1.0209514,14.530554,57.699814,18.769798,0.00017924905,19.999355,0.052395806,311.99487,7.905856,172.56561,2.1299565,1.8200058,0.41000175,1.1900059,1.9215822,0.7599913,0.99998754,0.7566102,0.9999793,1.2010336e-05,1.3709068e-05,0.00019839406,0.999991
0.57033384,1.6579434,1.0313792,15.470785,57.69704,18.769306,0.0004011065,19.997599,0.066806406,311.82214,7.8500867,173.34908,2.1299477,1.8200135,0.41001478,1.1900175,1.9042119,0.75995976,0.9999468,0.7345955,0.9998958,3.9368868e-05,5.558133e-05,0.00027096272,0.9999654
0.5148178,1.6579896,1.0212026,13.443716,57.699867,18.769928,3.584981e-05,19.99974,0.051966704,311.94995,7.801685,172.47925,2.12999,1.8200024,0.4100014,1.1900046,1.9163677,0.75999254,0.99999666,0.76846355,0.999984,3.1292439e-06,1.1891127e-05,5.2928925e-05,0.99999696
0.5458743,1.657983,1.0220932,13.264013,57.699593,18.76979,0.00016485035,19.999231,0.05523263,312.2721,7.9828496,172.44899,2.1299887,1.8200039,0.41000122,1.1900082,1.9290624,0.7599754,0.9999933,0.7450095,0.999983,7.659197e-06,2.1487474e-05,0.00026625395,0.9999956
0.52385056,1.6579965,1.0204871,11.642269,57.699883,18.769896,6.670415e-05,19.999495,0.051489927,312.46432,8.018109,172.49557,2.1299863,1.8200009,0.4100003,1.1900015,1.9291548,0.7599978,0.9999976,0.81293833,0.99999535,4.61936e-06,5.066395e-06,6.645918e-05,0.9999976
1.0844914,1.6579067,1.0258304,15.763151,57.69811,18.768644,0.0009682387,19.9971,0.068558566,311.1469,7.6423426,173.31598,2.129864,1.8200252,0.410009,1.1900477,1.8910638,0.7599578,0.9999149,0.7287017,0.99988663,7.6800585e-05,0.000101178885,0.00062114,0.9999331
0.53105646,1.6579821,1.0209894,13.980671,57.699795,18.769922,0.00015926719,19.998966,0.053015616,312.207,7.8013716,172.56409,2.1299708,1.8200029,0.41000277,1.1900048,1.8970827,0.7599893,0.9999931,0.83403724,0.99998593,8.821487e-06,1.92523e-05,0.00011339784,0.9999944
0.531158,1.6579788,1.021644,15.735624,57.699574,18.769737,0.00012018502,19.999332,0.053861894,312.56384,8.015844,172.59634,2.1299915,1.8200047,0.41000208,1.1900054,1.9263997,0.7599857,0.9999939,0.71733767,0.99998206,9.417534e-06,1.6123056e-05,0.00017353892,0.9999933
0.5085253,1.6579971,1.0204262,11.41194,57.69995,18.769976,3.3205153e-05,19.999874,0.05094163,312.25162,7.976674,172.34534,2.1299963,1.8200006,0.41000065,1.1900007,1.9180293,0.7599994,0.99999905,0.79698944,0.99999696,2.3245811e-06,4.5001507e-06,4.5865774e-05,0.9999991
0.5034507,1.6579974,1.0202055,11.2080555,57.699963,18.76999,9.403228e-06,19.999886,0.05060789,312.8306,8.208708,172.2821,2.1299984,1.8200009,0.41000026,1.1900005,1.9306422,0.75999916,0.999999,0.79210424,0.9999969,6.2584877e-07,4.053116e-06,2.0295382e-05,0.99999857
0.51177305,1.6579938,1.0203805,12.826509,57.699944,18.769964,2.7915836e-05,19.999733,0.050464854,312.63538,8.260677,172.34752,2.129993,1.8200023,0.41000047,1.1900016,1.922832,0.7599972,0.99999726,0.75054014,0.99999404,3.2782555e-06,4.7385693e-06,4.285574e-05,0.999997
0.6796405,1.6579626,1.0253357,16.251266,57.698612,18.76956,0.00032470524,19.998758,0.064053014,311.861,7.822266,172.95656,2.1299467,1.8200094,0.41000625,1.1900113,1.9015623,0.75997806,0.9999813,0.7725601,0.99995685,2.1576881e-05,6.237626e-05,0.00019541383,0.9999743
0.5571399,1.6579803,1.0233262,14.8299055,57.69964,18.769718,0.00012694359,19.99909,0.055804763,312.14877,7.8684173,172.58234,2.129941,1.8200117,0.41000175,1.1900121,1.897872,0.7599784,0.99998426,0.77303946,0.9999792,1.4573336e-05,2.6166439e-05,0.00016722083,0.999985
0.50568354,1.6579975,1.0201217,10.898904,57.69998,18.76999,2.2332668e-05,19.99986,0.05039334,312.71732,7.923626,172.2943,2.1299975,1.8200003,0.41000062,1.1900007,1.9359787,0.7599991,0.99999917,0.7756214,0.9999974,1.013279e-06,8.34465e-07,1.9878149e-05,0.9999994
0.5096417,1.657998,1.0203196,10.881883,57.69992,18.76995,2.4683475e-05,19.99989,0.050655566,312.40985,7.6748085,172.4434,2.129995,1.8200006,0.41000023,1.1900008,1.9089025,0.75999904,0.9999986,0.7940126,0.9999974,1.8179417e-06,3.4868717e-06,4.7653913e-05,0.9999987
0.6223991,1.6579436,1.0278932,15.876571,57.698433,18.769547,0.00085451844,19.997955,0.071681455,311.97583,7.849683,172.9296,2.1299353,1.8200186,0.41001132,1.1900185,1.8997679,0.7599618,0.9999655,0.7284213,0.9999242,4.7832727e-05,7.05421e-05,0.0005039573,0.9999752
0.59814256,1.6579312,1.0252824,16.874084,57.69812,18.769592,0.0003717214,19.99697,0.063802704,311.81467,7.7975874,173.27191,2.1299512,1.8200183,0.41000918,1.190023,1.8948869,0.75996864,0.99995506,0.7294338,0.9999422,2.9623508e-05,6.109476e-05,0.00039088726,0.9999722
0.78762776,1.6579077,1.0302452,16.567871,57.69848,18.769222,0.00047074913,19.997833,0.06481586,311.18744,7.704671,172.9787,2.1299477,1.8200332,0.41000956,1.1900128,1.8909079,0.7599626,0.9999591,0.72651964,0.9999025,6.1392784e-05,5.275011e-05,0.00028702617,0.99994886
0.5160357,1.657995,1.0205784,12.676602,57.699863,18.76986,9.69708e-05,19.999632,0.051942866,312.41437,7.8537292,172.47147,2.129992,1.8200018,0.41000086,1.1900017,1.9142962,0.75999635,0.99999547,0.7398174,0.9999914,2.3245811e-06,4.5001507e-06,7.876754e-05,0.9999974
0.9508266,1.6578088,1.0365095,16.348658,57.697433,18.768244,0.0031509632,19.993206,0.096128225,311.12866,7.5035567,173.20364,2.1297605,1.8200525,0.4100445,1.1900519,1.8834026,0.7598843,0.99990857,0.7444328,0.9997529,0.00012376904,0.00023078918,0.0008585453,0.99988073
0.5018268,1.6579992,1.0202206,11.305023,57.69998,18.769985,5.877018e-06,19.999949,0.05057213,312.44302,7.7506766,172.32663,2.1299975,1.8200003,0.4100001,1.1900004,1.9322275,0.7599991,0.99999946,0.790624,0.9999983,3.5762787e-07,1.1026859e-06,1.1473894e-05,0.99999964
0.52324164,1.6579875,1.0208828,14.003768,57.69989,18.769876,7.698894e-05,19.999403,0.053706944,312.44763,8.183992,172.44998,2.1299882,1.8200066,0.41000172,1.1900046,1.9427987,0.75999385,0.9999951,0.79943985,0.99998754,4.053116e-06,7.599592e-06,0.00019484758,0.9999963
0.50751036,1.6579953,1.0204338,12.7780695,57.69991,18.76995,3.4380555e-05,19.999863,0.051036987,312.44763,7.925789,172.48416,2.129995,1.8200023,0.41000056,1.1900008,1.9232218,0.7599969,0.99999726,0.7731422,0.9999934,2.9206276e-06,6.467104e-06,2.2351742e-05,0.9999989
0.5060895,1.6579968,1.0204871,11.062512,57.69995,18.76996,3.0266643e-05,19.999823,0.050619807,312.4423,7.9858584,172.37415,2.1299927,1.8200006,0.41000035,1.1900011,1.9304738,0.7599981,0.99999815,0.7922697,0.999995,1.6093254e-06,5.6028366e-06,3.7312508e-05,0.9999982
0.50456715,1.6579962,1.0202206,11.897152,57.699963,18.769972,1.43986945e-05,19.999884,0.050750922,312.52228,8.061321,172.33105,2.1299958,1.8200011,0.41000023,1.1900009,1.9285673,0.759998,0.99999857,0.7583689,0.99999565,1.9967556e-06,3.0100346e-06,2.9712915e-05,0.9999988
0.5265908,1.6579914,1.0209894,12.54543,57.699776,18.769894,6.4059495e-05,19.999523,0.05333744,312.24457,7.851581,172.51094,2.1299791,1.8200036,0.41000044,1.1900029,1.9166342,0.75999135,0.9999924,0.7839499,0.9999906,3.6656857e-06,9.596348e-06,8.100271e-05,0.9999962
0.5168476,1.657995,1.0208372,13.103499,57.6999,18.769955,4.7897698e-05,19.999794,0.050905876,312.23767,7.852803,172.54425,2.1299937,1.8200017,0.4100006,1.1900017,1.9126703,0.7599958,0.9999976,0.7928995,0.9999966,2.5331974e-06,6.020069e-06,3.412366e-05,0.9999974
0.50030446,1.6579998,1.0200304,10.475194,57.69999,18.769997,2.350807e-06,19.999985,0.05017879,312.7683,8.011963,172.24406,2.1299996,1.82,0.41000006,1.19,1.9452491,0.7599998,0.9999999,0.80028164,0.9999994,1.7881393e-07,5.364418e-07,4.5001507e-06,0.99999994
0.59205306,1.6579195,1.0242168,18.79079,57.6987,18.769617,0.0004134482,19.996923,0.060727492,311.74792,7.88191,172.9432,2.1299348,1.8200138,0.41000906,1.1900164,1.895736,0.7599588,0.9999675,0.7433255,0.99994314,2.193451e-05,4.4345856e-05,0.00049579144,0.9999523
0.53998774,1.6579894,1.022801,12.23794,57.69964,18.769753,0.00018571377,19.999548,0.053659264,312.03918,7.710657,172.5659,2.1299715,1.8200052,0.41000098,1.1900043,1.9135947,0.7599948,0.99998933,0.7857814,0.9999729,6.914139e-06,2.5331974e-05,7.420778e-05,0.9999912
0.5590682,1.6579715,1.0248486,14.331119,57.69906,18.769558,0.00051747146,19.998138,0.061681047,311.91565,7.744499,172.60371,2.1299484,1.8200064,0.41001,1.1900176,1.8865603,0.7599541,0.9999801,0.7439785,0.9999518,1.9133091e-05,3.0249357e-05,0.00029546022,0.9999851
0.82690513,1.6577574,1.0659664,17.446848,57.696434,18.768236,0.0020593072,19.99562,0.121552385,309.9445,7.7471933,173.14381,2.1297648,1.8201082,0.4100376,1.190062,1.8990605,0.75986284,0.99990976,0.70827687,0.9997342,0.00013768673,0.00021183491,0.0014858544,0.99989605
0.5321729,1.6579936,1.020586,12.469963,57.6999,18.769903,5.6419372e-05,19.999702,0.052526917,312.33075,7.7495794,172.57362,2.129984,1.8200027,0.4100004,1.1900014,1.9071498,0.7599971,0.99999607,0.80043364,0.99999595,2.6226044e-06,6.6161156e-06,5.9187412e-05,0.99999833
0.5278087,1.6579914,1.0210503,12.797215,57.69983,18.76984,7.316887e-05,19.999603,0.052801065,312.28494,8.021158,172.44643,2.1299791,1.820003,0.410001,1.1900051,1.934046,0.7599938,0.9999932,0.77285135,0.9999896,5.6624413e-06,1.3023615e-05,0.00016242266,0.9999944
0.506597,1.6579974,1.0203272,10.03538,57.69992,18.769968,1.5867949e-05,19.999908,0.051585283,312.2786,7.9257665,172.37454,2.1299944,1.8200009,0.4100002,1.1900015,1.9257021,0.75999886,0.99999833,0.7798774,0.99999607,1.1324883e-06,3.0696392e-06,2.0354986e-05,0.9999982
0.6532526,1.6579466,1.0233034,15.969035,57.699505,18.769499,0.0003752476,19.997599,0.055184953,312.34555,7.760001,172.7376,2.1299188,1.8200108,0.41000268,1.1900187,1.8860387,0.7599719,0.9999803,0.79183793,0.9999628,2.0742416e-05,3.412366e-05,0.000302732,0.9999783
0.6773062,1.6579165,1.0303745,16.640102,57.69858,18.768826,0.00042050064,19.997993,0.07246814,311.23105,7.6843266,173.39645,2.1299558,1.8200179,0.41000897,1.1900204,1.887644,0.75995386,0.9999579,0.73930997,0.9999025,3.913045e-05,0.000108629465,0.00048020482,0.9999729
0.5060895,1.6579975,1.0202435,12.256272,57.69989,18.76997,3.4086705e-05,19.9999,0.051108506,312.58313,7.9822536,172.42984,2.1299953,1.8200009,0.4100004,1.1900009,1.9199425,0.7599978,0.999998,0.7886623,0.9999939,2.4735928e-06,6.556511e-06,3.84748e-05,0.9999986
0.5193849,1.6579963,1.0205327,12.479945,57.699944,18.769943,9.226918e-05,19.999632,0.05059597,312.45587,7.9879045,172.3909,2.129993,1.8200017,0.41000035,1.1900023,1.9190952,0.75999653,0.9999974,0.78115344,0.9999945,2.6226044e-06,2.682209e-06,3.311038e-05,0.99999875
0.5602861,1.6579673,1.0240874,19.185904,57.6992,18.769691,0.00020775259,19.998894,0.06120427,311.256,7.537181,173.06058,2.129971,1.8200084,0.41000688,1.1900092,1.8915254,0.75997776,0.99998456,0.7333691,0.99995404,2.0772219e-05,2.7000904e-05,0.00024825335,0.9999833
0.5168476,1.6579851,1.0217735,12.4509535,57.69972,18.769833,8.0221296e-05,19.999489,0.053218246,312.12665,7.9253016,172.58969,2.1299806,1.8200045,0.41000164,1.1900055,1.929765,0.75998676,0.9999933,0.7718898,0.9999862,3.7252903e-06,1.7106533e-05,0.00011819601,0.9999947
0.50994617,1.6579974,1.0203729,12.643576,57.699955,18.76995,4.5253037e-05,19.999825,0.050631728,312.66434,7.9825397,172.32706,2.129995,1.8200009,0.41000023,1.190001,1.9266918,0.7599982,0.9999987,0.76082706,0.9999962,1.6391277e-06,2.5331974e-06,6.41346e-05,0.9999979
0.59733063,1.6579349,1.0275507,16.134914,57.698837,18.769175,0.0006065082,19.997355,0.065399915,311.39603,7.724474,173.15173,2.1299329,1.8200171,0.41000766,1.190013,1.894107,0.7599755,0.9999567,0.7411999,0.999915,3.477931e-05,9.393692e-05,0.0005427003,0.9999796
0.5017254,1.6579993,1.020076,11.286493,57.69999,18.769983,1.1460185e-05,19.999922,0.050095353,312.66248,8.000318,172.31613,2.1299958,1.82,0.41000006,1.1900003,1.9431639,0.75999963,0.99999964,0.80388594,0.9999994,3.2782555e-07,1.1324883e-06,1.0728836e-05,0.99999976
0.54374295,1.6579596,1.0221616,15.223093,57.699375,18.769814,0.00018630148,19.999231,0.056651045,312.53604,8.104736,172.63292,2.129972,1.8200129,0.4100042,1.1900063,1.9184992,0.75999033,0.99997765,0.7590549,0.99997544,1.9490719e-05,1.9788742e-05,0.00023341179,0.9999862
0.50507456,1.6579986,1.0201066,11.710688,57.69997,18.769972,3.261745e-05,19.999905,0.05019071,312.75925,8.002347,172.33934,2.1299977,1.8200003,0.41000012,1.1900005,1.9333888,0.7599986,0.99999845,0.7715953,0.99999905,5.9604645e-07,1.0728836e-06,9.715557e-06,0.9999989
0.5198924,1.6579843,1.0226032,15.081477,57.699593,18.769875,6.58226e-05,19.999447,0.05756884,312.2072,7.8862963,172.58705,2.129978,1.8200064,0.41000304,1.1900052,1.916254,0.75999165,0.99999094,0.7523552,0.9999649,1.0430813e-05,2.7358532e-05,0.00022092462,0.99998915
0.5410027,1.6579857,1.0207002,15.11758,57.69989,18.769855,0.00014163613,19.999432,0.051692557,312.7023,7.9461994,172.4411,2.1299758,1.8200042,0.4100019,1.1900038,1.9116739,0.7599913,0.99999344,0.76955247,0.9999896,8.523464e-06,2.169609e-05,9.062886e-05,0.9999928
0.51055515,1.6579953,1.0218115,11.71855,57.69983,18.769943,5.965173e-05,19.999723,0.052526917,312.37222,7.8773646,172.53688,2.129994,1.8200015,0.41000107,1.1900018,1.9152213,0.75999457,0.9999969,0.7859659,0.99998367,3.33786e-06,9.23872e-06,7.548928e-05,0.9999978
0.72257155,1.6579216,1.0260055,16.744753,57.69789,18.768894,0.00093062577,19.996355,0.065387994,311.6326,7.8124175,172.9078,2.1299388,1.8200186,0.41000977,1.1900218,1.8989977,0.75995487,0.9999405,0.74245703,0.99992704,2.8371811e-05,7.033348e-05,0.0005393326,0.99996763
0.52618486,1.6579764,1.0215603,12.516283,57.69956,18.76973,0.00010990023,19.999203,0.0576046,311.66763,7.6691103,172.48938,2.1299834,1.8200041,0.41000146,1.1900064,1.9140519,0.7599866,0.9999901,0.75799954,0.9999759,8.6426735e-06,1.296401e-05,0.00018996,0.9999947
0.52039987,1.6579853,1.0207535,13.426545,57.699726,18.769876,0.00010255396,19.999342,0.052073978,312.06113,7.8028145,172.57565,2.129981,1.8200024,0.41000217,1.190004,1.9123883,0.7599949,0.9999943,0.77189654,0.99998766,8.106232e-06,2.0831823e-05,9.62019e-05,0.9999968
0.5058865,1.6579975,1.0201066,12.154605,57.699978,18.769989,2.1451116e-05,19.999775,0.050512534,312.6335,7.9302063,172.36287,2.1299946,1.8200006,0.41000032,1.1900005,1.9270128,0.75999916,0.9999989,0.7622543,0.99999475,1.2218952e-06,3.3080578e-06,5.0097704e-05,0.9999993
0.60473955,1.6579409,1.0249094,14.474723,57.699425,18.769608,0.00032764376,19.997757,0.060655974,311.84906,7.749178,172.69345,2.1299593,1.820008,0.41000554,1.1900166,1.8548421,0.759981,0.9999629,0.761801,0.99992,1.9848347e-05,8.419156e-05,0.0003040731,0.9999719
0.5259819,1.6579837,1.0222834,14.095207,57.699627,18.76981,0.00021891893,19.999018,0.055590212,311.9979,7.840014,172.58018,2.1299825,1.8200045,0.4100027,1.1900057,1.9143049,0.75998724,0.9999928,0.7510083,0.9999766,7.122755e-06,2.82228e-05,0.0002706051,0.99999464
0.5073074,1.6579981,1.0204185,12.77891,57.699944,18.76995,1.910031e-05,19.999939,0.051382653,312.19562,7.871524,172.4353,2.129993,1.8200011,0.4100002,1.1900011,1.9234432,0.75999856,0.9999987,0.7367299,0.9999949,1.4603138e-06,3.1888485e-06,2.5868416e-05,0.9999989
0.5234446,1.6579926,1.0205936,12.560767,57.699894,18.769894,7.875204e-05,19.99959,0.051096585,312.34598,7.9013925,172.4028,2.1299882,1.8200017,0.41000062,1.190003,1.9136295,0.7599936,0.9999965,0.7752739,0.9999907,5.2452087e-06,5.930662e-06,7.507205e-05,0.9999978
0.5478026,1.6579833,1.0219713,15.21987,57.699806,18.769848,0.00012400508,19.999445,0.05357583,312.27557,7.7171793,172.64882,2.1299777,1.8200052,0.41000143,1.1900052,1.8992331,0.7599944,0.9999925,0.7495891,0.9999844,1.8000603e-05,1.3560057e-05,0.00014060736,0.9999945
0.5083223,1.6579934,1.021058,11.980684,57.699917,18.76996,3.0266643e-05,19.999825,0.051764075,312.54095,8.076179,172.45642,2.129989,1.8200024,0.41000077,1.190002,1.9193648,0.7599972,0.99999726,0.75296175,0.9999868,4.440546e-06,1.2904406e-05,4.87566e-05,0.99999714
0.5022328,1.6579993,1.0200456,11.800131,57.69998,18.76999,8.815527e-06,19.99997,0.05014303,312.46286,8.13854,172.41318,2.1299996,1.82,0.41000012,1.19,1.9351344,0.7599998,0.9999995,0.8177384,0.9999989,4.4703484e-07,1.5497208e-06,9.149313e-06,0.99999976
0.5901247,1.6579773,1.0229304,12.715156,57.699497,18.769709,0.00050307275,19.998402,0.053075213,312.22845,7.798403,172.58974,2.1299605,1.820008,0.4100045,1.1900086,1.9086508,0.75997967,0.999985,0.75687695,0.9999739,2.0712614e-05,2.2172928e-05,0.00026410818,0.99998283
0.57642335,1.657974,1.0251606,15.096488,57.699226,18.769312,0.00016808271,19.999054,0.054672416,311.54324,7.799678,172.66487,2.1299613,1.8200114,0.41000348,1.1900115,1.8909129,0.75997704,0.99997574,0.7673901,0.99994636,1.7404556e-05,4.5895576e-05,0.00023558736,0.9999764
0.568304,1.6579825,1.0230826,12.976004,57.69945,18.76936,0.0002650535,19.998098,0.055375665,311.98178,7.7431474,172.6026,2.1299727,1.8200064,0.41000128,1.1900116,1.9096076,0.7599774,0.9999836,0.77944195,0.99997246,1.090765e-05,1.8656254e-05,0.00034055114,0.99998885
0.5149193,1.6579899,1.0212711,13.668833,57.699863,18.769909,0.0001160711,19.999691,0.051573362,312.37878,7.763134,172.41402,2.1299846,1.8200041,0.41000167,1.1900028,1.9024787,0.7599958,0.9999935,0.74515045,0.9999858,8.314848e-06,8.702278e-06,0.00014057755,0.999996
0.63691247,1.6579337,1.0269722,18.35356,57.698883,18.769283,0.00035555958,19.997786,0.061645288,311.563,7.678974,172.8891,2.1299226,1.8200204,0.41001007,1.1900196,1.8986392,0.75995207,0.9999611,0.7319205,0.9998846,3.2812357e-05,6.1780214e-05,0.00031915307,0.999969
0.5519638,1.6579745,1.0214081,14.539035,57.699627,18.769903,0.00018277526,19.999416,0.05694903,311.92877,7.9424977,172.52893,2.1299558,1.8200078,0.41000554,1.1900066,1.9108833,0.7599909,0.99998605,0.78283954,0.99995005,1.1384487e-05,3.632903e-05,0.00023710728,0.99998784
0.56739056,1.6579547,1.0249703,17.14489,57.69933,18.769445,0.00043960093,19.997852,0.05826017,311.89948,7.7511516,172.8288,2.1299515,1.8200078,0.41000283,1.1900188,1.8750015,0.75998193,0.99997985,0.7781366,0.9999608,3.3915043e-05,5.8710575e-05,0.0008338094,0.9999858
0.6124529,1.657947,1.0256705,13.441936,57.69868,18.769302,0.00023743152,19.998014,0.06646074,311.56308,7.659733,172.97351,2.1299336,1.8200128,0.41000494,1.1900136,1.918405,0.75998104,0.99996436,0.77463657,0.9999465,1.9222498e-05,4.6014786e-05,0.00028532743,0.999976
0.5228357,1.6579926,1.0205023,12.782597,57.69989,18.769876,0.000112838745,19.999691,0.052121658,312.56693,7.6187334,172.51007,2.1299891,1.8200024,0.41000062,1.1900021,1.9069024,0.7599958,0.99999666,0.7634095,0.99999535,4.887581e-06,4.5001507e-06,5.4568052e-05,0.99999595
0.60971266,1.6579742,1.0216593,13.931204,57.69964,18.769724,0.00039581716,19.998428,0.05479161,312.28757,7.806338,172.73499,2.1299453,1.8200102,0.4100042,1.19001,1.9178965,0.75998545,0.9999772,0.7613952,0.9999659,2.2262335e-05,2.6494265e-05,0.00017508864,0.9999881
0.7044045,1.6578915,1.0274669,16.014246,57.69876,18.769556,0.0005265808,19.997353,0.0664965,311.41837,7.9467053,173.03815,2.129881,1.8200399,0.41000932,1.1900228,1.8944188,0.75994474,0.9999641,0.7167072,0.99992824,3.543496e-05,0.000111699104,0.0003259778,0.99996793
0.6363035,1.6579216,1.0330157,17.737385,57.698322,18.769447,0.00059798657,19.99822,0.07327866,311.05408,7.747389,172.97566,2.1299367,1.8200234,0.41001794,1.1900197,1.8851153,0.75995207,0.99995947,0.73463583,0.9999038,2.4676323e-05,7.83205e-05,0.00032380223,0.9999649
0.51045364,1.6579946,1.0208981,16.663517,57.69995,18.769924,3.878832e-05,19.9998,0.052121658,312.38266,8.195988,172.42096,2.1299882,1.8200029,0.41000116,1.1900028,1.9319314,0.7599928,0.9999956,0.73472464,0.99999225,4.8577785e-06,6.943941e-06,7.247925e-05,0.9999962
0.50578505,1.6579957,1.0203196,13.341406,57.699944,18.76995,4.1139127e-05,19.99978,0.051060826,312.47238,7.993279,172.54457,2.1299908,1.8200012,0.41000018,1.190001,1.9048837,0.75999844,0.99999726,0.7614924,0.9999964,1.4901161e-06,4.5895576e-06,5.865097e-05,0.99999875
0.57855463,1.6579679,1.0232197,16.056908,57.699276,18.769665,0.00024095774,19.999294,0.05736621,311.92853,7.851613,172.9877,2.1299608,1.8200102,0.41000393,1.1900069,1.8944794,0.75998116,0.99997896,0.73775864,0.99995875,2.1159649e-05,4.5597553e-05,0.00016975403,0.9999863
0.52151626,1.6579872,1.0212255,14.840602,57.699753,18.769915,0.00024095774,19.999094,0.052872583,312.15375,7.9334087,172.59656,2.1299875,1.8200033,0.41000202,1.1900035,1.9097154,0.75999266,0.9999932,0.7781948,0.99998415,5.4836273e-06,2.989173e-05,0.00011777878,0.9999962
0.50162387,1.6579998,1.020175,10.265986,57.69998,18.769985,5.583167e-06,19.999979,0.050274145,312.53192,7.924236,172.27283,2.1299987,1.8200003,0.41000006,1.1900002,1.9170173,0.7599991,0.99999976,0.77435356,0.9999983,4.4703484e-07,5.9604645e-07,1.3411045e-05,0.9999999
0.51055515,1.6579914,1.0203729,12.92159,57.699917,18.76997,5.6125522e-05,19.999743,0.050929714,312.50867,7.844523,172.42526,2.1299946,1.8200011,0.41000172,1.1900022,1.9135933,0.75999784,0.99999595,0.7514661,0.9999889,3.0398369e-06,8.34465e-06,4.968047e-05,0.9999972
0.5175581,1.6579963,1.02051,11.917859,57.6999,18.769892,6.552875e-05,19.999756,0.051454168,312.54358,7.7027793,172.4842,2.1299899,1.8200017,0.41000026,1.1900021,1.9129156,0.75999576,0.9999963,0.7578904,0.9999958,3.4868717e-06,6.4074993e-06,4.7802925e-05,0.9999981
0.57875764,1.6579697,1.0237297,15.274402,57.699425,18.76969,0.00015838564,19.99925,0.055304147,311.88638,7.8210554,172.66739,2.1299658,1.8200096,0.41000244,1.1900066,1.8922896,0.7599873,0.9999809,0.7473022,0.9999657,1.4722347e-05,4.3332577e-05,0.0001656115,0.99998564
0.6955747,1.6579216,1.024879,15.454146,57.69812,18.768763,0.00065734447,19.99785,0.067879155,311.9233,7.992258,173.13638,2.1299334,1.8200151,0.4100083,1.1900345,1.9182234,0.7599662,0.99995935,0.73672366,0.9999404,6.136298e-05,5.4329634e-05,0.000523895,0.9999676
0.5815994,1.6579556,1.026683,16.07767,57.699425,18.769527,0.0003596735,19.997663,0.06180024,312.09943,7.6117115,172.69196,2.129957,1.8200165,0.41000712,1.1900145,1.8938206,0.75997776,0.99998015,0.7546438,0.9999292,2.5987625e-05,4.6253204e-05,0.00033783913,0.99998045
0.524155,1.6579843,1.0209514,13.596423,57.69982,18.76989,0.00013869762,19.999355,0.051132344,312.1135,7.8356457,172.5484,2.1299691,1.8200018,0.4100017,1.1900039,1.9228534,0.7599934,0.9999946,0.7754755,0.9999831,6.824732e-06,6.943941e-06,8.8095665e-05,0.99999636
0.57814866,1.6579697,1.0233338,14.996949,57.699436,18.769627,0.00023243605,19.998743,0.05880846,311.69864,7.8921514,172.64465,2.1299806,1.8200123,0.41000333,1.1900078,1.916088,0.75998884,0.99998057,0.75429237,0.9999749,1.0997057e-05,2.5063753e-05,0.00021088123,0.9999809
0.6501064,1.6579676,1.0223138,13.775915,57.699165,18.769587,0.00027563213,19.998177,0.059869293,311.6588,7.819282,172.55615,2.129938,1.820014,0.41000324,1.1900119,1.9062097,0.7599847,0.9999753,0.77300596,0.9999654,2.2351742e-05,2.7894974e-05,0.0001783073,0.9999845
0.58464414,1.6579596,1.0226792,15.725879,57.69939,18.769657,0.0004763323,19.998793,0.0533732,312.1615,7.8322196,172.59113,2.1299539,1.8200098,0.4100047,1.1900096,1.9040616,0.75998104,0.9999857,0.78482497,0.99997735,1.7285347e-05,2.3961067e-05,9.763241e-05,0.99998474
0.5428295,1.6579742,1.0222758,16.483118,57.699543,18.76976,0.00019012153,19.9993,0.056996707,312.18262,7.809013,172.96385,2.1299868,1.8200122,0.41000587,1.1900085,1.9112996,0.75998706,0.99998474,0.7403606,0.99997365,5.990267e-06,2.82228e-05,0.0003142655,0.9999865
0.51299095,1.657993,1.0205327,12.946978,57.69992,18.769955,3.820062e-05,19.999834,0.050858196,312.41263,8.123614,172.3899,2.129995,1.8200021,0.4100006,1.1900012,1.9199421,0.75999594,0.99999726,0.7846517,0.99999285,1.5199184e-06,2.8908253e-06,2.6971102e-05,0.9999974
0.55703837,1.657961,1.0227401,17.518408,57.69905,18.769663,0.00022009433,19.99861,0.057294693,312.5456,7.9569616,173.10744,2.1299508,1.8200102,0.41000244,1.1900116,1.9003263,0.75998574,0.99998146,0.7744663,0.99997276,2.3275614e-05,4.503131e-05,0.00038975477,0.9999857
0.506597,1.6579946,1.0206773,13.691858,57.69992,18.76997,1.6749502e-05,19.99988,0.05188327,312.48605,7.681688,172.42134,2.1299884,1.8200015,0.41000065,1.1900009,1.9149846,0.7599979,0.99999756,0.79085386,0.9999956,1.5497208e-06,6.645918e-06,5.441904e-05,0.99999684
0.512179,1.6579938,1.0203729,12.271959,57.69991,18.769817,3.7319063e-05,19.999866,0.05135881,312.61472,7.987164,172.43372,2.1299956,1.8200012,0.4100005,1.1900023,1.9089915,0.7599973,0.99999726,0.7462223,0.9999933,4.23193e-06,3.8444996e-06,4.631281e-05,0.999998
0.5180655,1.6579914,1.0206317,12.981445,57.69989,18.76995,4.3783784e-05,19.999647,0.051334973,312.28076,8.0171585,172.50172,2.1299925,1.8200011,0.41000092,1.1900018,1.9285845,0.7599984,0.9999968,0.771394,0.999993,4.4703484e-06,6.8843365e-06,6.058812e-05,0.9999981
0.7324162,1.6578648,1.0332289,16.934792,57.697872,18.768888,0.0009373844,19.995483,0.06872544,311.1246,7.451765,173.1755,2.1299224,1.8200215,0.4100108,1.1900233,1.8781419,0.7599286,0.99993837,0.7340094,0.9999006,5.4240227e-05,9.384751e-05,0.00041660666,0.9999461
0.53887135,1.6579877,1.0216289,14.337853,57.699715,18.769829,0.0001334083,19.999292,0.05413604,311.7711,7.780834,172.72333,2.1299818,1.8200035,0.41000217,1.1900084,1.9187642,0.7599893,0.9999904,0.7611742,0.9999693,9.000301e-06,1.4811754e-05,0.00013235211,0.9999935
0.52151626,1.6579946,1.0213015,12.164875,57.699688,18.76991,4.877925e-05,19.99979,0.053039454,312.1787,7.918508,172.49968,2.1299927,1.8200027,0.4100011,1.190004,1.917868,0.7599904,0.99999255,0.72748387,0.99999046,4.7683716e-06,1.180172e-05,6.407499e-05,0.99999315
0.7475385,1.6579063,1.0241711,17.265568,57.69837,18.768942,0.00051188824,19.99742,0.060667895,312.01123,7.879023,173.03093,2.1298997,1.820018,0.41000488,1.1900231,1.8845031,0.7599746,0.9999595,0.768659,0.99996436,4.87566e-05,7.888675e-05,0.00034043193,0.99996674
0.5318684,1.657992,1.0233643,13.270493,57.699654,18.769798,7.669508e-05,19.999598,0.055125356,312.16312,7.776571,172.56622,2.12998,1.8200064,0.41000155,1.1900052,1.9030681,0.7599867,0.9999909,0.7291847,0.9999584,1.7851591e-05,1.4662743e-05,0.00011757016,0.9999945
0.5112656,1.6579932,1.0205936,12.098581,57.69984,18.769924,0.00013017595,19.999643,0.0515972,312.5874,7.740409,172.41536,2.1299875,1.8200015,0.41000053,1.1900017,1.9084646,0.75999486,0.99999595,0.7902563,0.999994,3.7550926e-06,5.3048134e-06,9.664893e-05,0.99999785
0.50324774,1.6579975,1.0201902,13.067156,57.69998,18.769985,1.4104843e-05,19.999922,0.0507986,312.72015,8.199648,172.38223,2.129996,1.8200009,0.41000035,1.1900005,1.9322404,0.7599989,0.9999989,0.75986695,0.99999756,1.6987324e-06,3.874302e-06,6.443262e-05,0.9999991
0.53389823,1.6579851,1.0215756,13.275373,57.699707,18.769814,0.00013399601,19.999664,0.05506576,312.27084,7.830852,172.59044,2.1299922,1.8200024,0.41000128,1.1900048,1.897542,0.75999504,0.9999938,0.77158535,0.9999772,9.894371e-06,1.7881393e-05,0.00012716651,0.99999344
0.53389823,1.6579772,1.0211416,15.067183,57.6997,18.769804,0.00012371123,19.999004,0.05464858,312.14346,8.125905,172.51143,2.12998,1.8200072,0.41000393,1.1900079,1.9294327,0.75999105,0.9999824,0.7401352,0.99996376,9.417534e-06,2.8699636e-05,0.0002593994,0.999992
0.5223282,1.6579906,1.0214994,12.496892,57.69984,18.76988,0.000113426446,19.99974,0.0533732,312.27045,7.7706656,172.46613,2.129983,1.8200039,0.41000107,1.1900028,1.9115136,0.7599929,0.9999949,0.8046343,0.9999934,4.3213367e-06,6.914139e-06,6.455183e-05,0.9999945
0.5053791,1.6579926,1.0202968,13.582211,57.699936,18.769974,2.7034283e-05,19.999882,0.050858196,312.6624,7.962924,172.34773,2.1299934,1.8200011,0.41000056,1.1900011,1.9028862,0.7599989,0.9999984,0.81034696,0.99999774,2.0861626e-06,9.596348e-06,2.8371811e-05,0.9999981
0.5122805,1.6579932,1.0203654,13.864626,57.69991,18.769943,4.1139127e-05,19.999645,0.051096585,312.5524,8.013204,172.32843,2.1299927,1.8200015,0.41000032,1.1900012,1.9180362,0.75999814,0.9999952,0.76362777,0.99999356,1.9073486e-06,3.5464764e-06,6.92904e-05,0.9999969
0.50040597,1.6579998,1.0200533,9.134481,57.699997,18.769999,1.4692545e-06,19.999989,0.05010727,312.7949,7.9486513,172.25142,2.1299996,1.82,0.41000006,1.19,1.9451605,0.75999993,0.9999999,0.8265934,0.99999964,2.3841858e-07,2.682209e-07,5.90086e-06,0.9999999
0.6583272,1.6579502,1.022664,15.232224,57.699436,18.769047,0.0003023726,19.99868,0.058927655,311.64212,7.900159,172.95245,2.1299534,1.8200213,0.41000727,1.1900228,1.9084257,0.7599792,0.9999656,0.740765,0.9999511,2.2888184e-05,6.997585e-05,0.00063982606,0.99997973
0.53765345,1.6579899,1.0208905,13.250907,57.699883,18.769938,0.00012136042,19.99938,0.0515972,312.5658,7.9251194,172.45934,2.1299818,1.8200024,0.4100015,1.1900066,1.8995422,0.75999504,0.99999297,0.7417961,0.9999813,1.1205673e-05,1.8328428e-05,0.00011488795,0.99999434
0.5520653,1.6579849,1.0241331,18.116354,57.69898,18.769781,0.00063207326,19.998764,0.056162346,312.1655,7.7080517,172.63475,2.1299853,1.820005,0.41000238,1.1900076,1.9088036,0.75996155,0.99998665,0.7208754,0.9999856,1.2397766e-05,1.680851e-05,0.00011253357,0.9999882
0.6028112,1.6579031,1.027817,14.946731,57.698856,18.769627,0.000437544,19.998262,0.062825315,311.5713,7.6506233,172.70995,2.1299343,1.8200213,0.4100096,1.1900109,1.8820019,0.75996715,0.99997056,0.7360009,0.9999312,2.9742718e-05,6.8992376e-05,0.0002836883,0.9999738
0.5073074,1.6579965,1.0202816,11.398828,57.699894,18.769953,4.0845276e-05,19.999905,0.05120386,312.6771,7.9404025,172.3501,2.1299965,1.8200015,0.41000044,1.1900009,1.9300934,0.7599987,0.99999833,0.79870003,0.99999464,2.4437904e-06,4.708767e-06,3.6269426e-05,0.9999989
0.51309246,1.6579932,1.0205556,11.950567,57.699802,18.769957,3.7319063e-05,19.999765,0.051454168,312.3272,7.9838653,172.4885,2.1299944,1.8200018,0.41000152,1.1900026,1.9072024,0.7599956,0.9999952,0.77659094,0.9999815,3.7550926e-06,1.5318394e-05,9.384751e-05,0.9999955
0.5234446,1.6579906,1.0209438,12.808275,57.69978,18.769876,0.00020334483,19.999638,0.05228853,312.4076,7.7822514,172.46997,2.1299882,1.8200033,0.41000077,1.1900024,1.9328904,0.7599937,0.9999958,0.7419464,0.9999935,3.9041042e-06,7.748604e-06,2.8282404e-05,0.9999968
0.5760174,1.6579754,1.0234404,15.12597,57.69954,18.769413,0.00014016689,19.999157,0.05586436,311.73495,7.8807726,172.87984,2.1299634,1.8200159,0.41000462,1.1900069,1.9146581,0.75997376,0.9999886,0.7612035,0.999953,1.630187e-05,3.424287e-05,0.00012344122,0.99998915
0.5718562,1.6579607,1.0235089,14.736885,57.69904,18.769663,0.0003931725,19.99899,0.056221943,311.91,7.734806,172.72012,2.1299644,1.820008,0.41000465,1.1900066,1.9106462,0.7599721,0.99998724,0.7435942,0.99996275,2.2053719e-05,3.2037497e-05,0.00020420551,0.99997854
0.56749207,1.6579739,1.0215527,13.853613,57.6997,18.769657,0.00035320877,19.998926,0.056055073,312.13626,7.9540052,172.59795,2.1299527,1.8200155,0.41000295,1.190009,1.9077954,0.75998175,0.9999851,0.7334002,0.9999703,1.40964985e-05,3.3050776e-05,0.00020810962,0.9999891
0.5494265,1.657982,1.020624,12.239457,57.69969,18.769846,8.110285e-05,19.999256,0.053277843,312.23346,7.7309136,172.53474,2.1299808,1.8200047,0.41000125,1.1900041,1.8978945,0.7599958,0.9999915,0.7844358,0.9999885,9.328127e-06,2.0623207e-05,0.00012657046,0.999993
0.5246625,1.6579878,1.0215756,13.568327,57.69989,18.769873,8.521676e-05,19.999557,0.05188327,311.99765,7.7669425,172.50372,2.1299841,1.8200035,0.41000086,1.1900055,1.9138442,0.7599928,0.99999607,0.75602454,0.9999814,6.3478947e-06,6.67572e-06,0.00010409951,0.9999963
0.5392773,1.6579866,1.0208448,15.239134,57.69964,18.769794,0.00025065482,19.998997,0.05188327,312.36588,8.046118,172.80531,2.1299713,1.8200039,0.41000098,1.1900066,1.9255205,0.7599883,0.99999255,0.75858295,0.99998915,6.735325e-06,1.7136335e-05,8.773804e-05,0.9999927
0.50811934,1.6579928,1.0204185,12.842764,57.69983,18.769941,3.261745e-05,19.999857,0.051108506,312.25906,7.771785,172.43738,2.129994,1.8200015,0.41000092,1.1900018,1.8970526,0.7599958,0.99999684,0.7782009,0.9999959,3.8146973e-06,8.314848e-06,3.9368868e-05,0.9999976
0.52801174,1.6579758,1.0226792,12.976283,57.69969,18.769735,0.00015485943,19.998878,0.05815289,312.39792,7.9688625,172.5618,2.1299834,1.8200116,0.4100045,1.1900101,1.9169188,0.75998837,0.99999344,0.7653074,0.9999757,7.897615e-06,1.8388033e-05,0.00021576881,0.9999908
0.5284177,1.6579871,1.0209894,13.741219,57.699802,18.769888,9.9615456e-05,19.999546,0.053420875,311.98917,7.711337,172.52916,2.1299577,1.8200048,0.41000128,1.1900047,1.893291,0.7599904,0.9999933,0.75447476,0.9999854,7.838011e-06,1.2665987e-05,0.00010535121,0.99999344
0.5646503,1.6579655,1.0243766,16.335602,57.699375,18.769596,0.00029061854,19.998524,0.06332593,312.20435,7.775187,172.74716,2.1299775,1.8200088,0.4100061,1.1900059,1.9048055,0.75998926,0.99998,0.77858454,0.99994063,1.8179417e-05,7.030368e-05,0.0003824532,0.99998266
0.53105646,1.6579791,1.0251225,18.565916,57.699574,18.769764,0.0002130419,19.99882,0.060655974,312.30606,8.104784,172.73958,2.1299708,1.8200078,0.41000178,1.1900102,1.8889644,0.75997496,0.99999166,0.7021508,0.9999571,1.0192394e-05,2.2739172e-05,0.0001604259,0.99998987
0.50822085,1.6579956,1.020449,12.176825,57.69991,18.769949,1.1460185e-05,19.999884,0.051036987,311.9123,7.999799,172.36327,2.129993,1.8200012,0.41000035,1.1900011,1.9170405,0.7599978,0.9999984,0.79228556,0.99999356,3.0398369e-06,6.2286854e-06,6.0409307e-05,0.9999986
0.52628636,1.6579922,1.0212026,13.341654,57.69985,18.769936,7.463813e-05,19.999607,0.05253884,312.47543,7.878083,172.40297,2.1299872,1.8200047,0.41000128,1.1900038,1.9154534,0.75999403,0.9999879,0.6992617,0.999984,6.67572e-06,7.5399876e-06,9.596348e-05,0.99999034
0.5396833,1.6579782,1.0230826,14.851509,57.69969,18.769802,0.00032382368,19.999348,0.0571755,312.02887,7.7828565,172.71317,2.129982,1.8200084,0.41000348,1.1900063,1.9105623,0.75997955,0.99998677,0.7199133,0.9999498,1.2814999e-05,1.8447638e-05,0.00014290214,0.9999895
0.5656652,1.6579454,1.0228771,12.538764,57.69955,18.76981,0.00034938872,19.998594,0.05971434,312.23264,8.021224,172.70506,2.129953,1.8200102,0.41000658,1.1900147,1.9190655,0.7599824,0.9999819,0.75221413,0.9999711,1.7672777e-05,4.774332e-05,0.0002542436,0.9999858
0.50700295,1.6579957,1.0208524,13.477567,57.699867,18.769941,3.2323598e-05,19.99977,0.05225277,312.27383,7.9797945,172.4705,2.1299942,1.8200017,0.41000134,1.1900015,1.9240699,0.7599962,0.99999654,0.76542497,0.9999845,2.9206276e-06,7.838011e-06,3.015995e-05,0.9999984
0.5169491,1.6579969,1.0205632,11.949843,57.69991,18.769922,2.7034283e-05,19.99978,0.05104891,312.36243,7.962432,172.44682,2.129997,1.8200009,0.41000026,1.1900012,1.9384806,0.75999755,0.9999978,0.7827772,0.99999464,2.3245811e-06,4.440546e-06,4.9173832e-05,0.9999986
0.5194864,1.6579869,1.0207459,13.790902,57.699802,18.76993,3.7319063e-05,19.999634,0.05206206,311.96423,7.881421,172.4106,2.1299891,1.8200041,0.41000167,1.1900021,1.911145,0.7599931,0.99999523,0.7789502,0.9999864,3.7550926e-06,1.4543533e-05,9.223819e-05,0.9999949
0.52872217,1.6579894,1.0215527,13.416091,57.699654,18.769768,0.00024448393,19.999605,0.052348126,312.29675,8.020379,172.60088,2.129988,1.8200027,0.4100014,1.1900064,1.9090469,0.7599916,0.9999932,0.7583307,0.99998856,1.1980534e-05,1.886487e-05,0.00016018748,0.9999931
0.61925286,1.6579614,1.0246735,14.805699,57.699463,18.76943,0.0006361872,19.997984,0.059821613,312.27185,7.6797047,172.82452,2.1299317,1.8200171,0.41000605,1.1900089,1.906961,0.75998205,0.99997866,0.7539475,0.99995863,3.170967e-05,3.5464764e-05,0.00022929907,0.99998057
0.5273013,1.6579722,1.0237297,14.265592,57.699566,18.769867,0.00014986396,19.998955,0.061669126,312.03897,7.7497296,172.64447,2.1299639,1.8200134,0.41000286,1.1900043,1.9004799,0.75998294,0.99998736,0.76862556,0.99997014,6.854534e-06,3.6865473e-05,0.00030609965,0.99998605
0.5151223,1.6579971,1.0204718,11.6467285,57.699867,18.769934,5.3187014e-05,19.999788,0.05146609,312.25537,7.6937118,172.39586,2.129989,1.8200012,0.41000035,1.1900018,1.9218968,0.75999695,0.9999976,0.76817703,0.9999931,2.5331974e-06,5.00679e-06,5.8412552e-05,0.9999983
1.2443409,1.6577358,1.0405588,16.239302,57.695637,18.767752,0.0017639869,19.992949,0.09146772,311.47635,7.666976,173.17247,2.1298397,1.8200516,0.41002062,1.1900715,1.8867366,0.759874,0.99989104,0.7436778,0.9997548,0.00012794137,0.00016099215,0.0010878146,0.9999223
0.78458303,1.6579223,1.0280149,15.408919,57.69897,18.768978,0.0005812371,19.997524,0.063480884,311.4543,7.7515397,172.82826,2.129886,1.8200326,0.4100093,1.1900247,1.8975805,0.7599344,0.9999653,0.7644856,0.9999197,4.4435263e-05,4.3809414e-05,0.00053176284,0.9999571
0.5037552,1.6579993,1.0202512,12.834909,57.699978,18.769972,2.0569563e-05,19.99991,0.050417177,312.51236,8.045356,172.32826,2.1299975,1.8200003,0.4100002,1.1900009,1.9432296,0.75999886,0.9999993,0.77101433,0.999998,7.1525574e-07,1.6093254e-06,2.1159649e-05,0.9999996
0.50751036,1.657994,1.0205176,15.11767,57.69985,18.76992,7.4050426e-05,19.999712,0.051799834,312.27475,7.818889,172.39732,2.129994,1.8200011,0.41000047,1.1900014,1.9237504,0.7599971,0.9999959,0.7275276,0.9999939,5.364418e-06,5.9604645e-06,5.8978796e-05,0.9999974
0.5265908,1.657992,1.0205404,13.004581,57.69993,18.76991,4.6428442e-05,19.999737,0.05160912,312.39667,8.037314,172.3351,2.1299896,1.8200021,0.41000143,1.1900026,1.9303396,0.75999767,0.99999535,0.77537644,0.99998426,7.599592e-06,1.21593475e-05,0.00012639165,0.9999975
0.52141476,1.657994,1.0212711,14.102807,57.699856,18.769915,9.69708e-05,19.999395,0.052967936,312.3257,8.001482,172.46141,2.1299915,1.8200018,0.41000184,1.1900039,1.9248134,0.75999653,0.9999947,0.7345305,0.99998015,6.0796738e-06,1.2516975e-05,0.00014227629,0.999998
0.50923574,1.657994,1.0202739,12.014638,57.699917,18.769953,5.524397e-05,19.999731,0.051239617,312.44827,7.9070945,172.41687,2.1299942,1.8200009,0.41000047,1.1900021,1.9216466,0.75999635,0.9999979,0.81306183,0.99999607,2.5331974e-06,3.6656857e-06,4.1902065e-05,0.9999973
0.52496696,1.6579772,1.0218344,13.6841755,57.69954,18.769852,0.00012224197,19.9994,0.05523263,311.98413,7.7287436,172.59082,2.1299775,1.8200029,0.4100029,1.1900053,1.9151763,0.75999326,0.9999899,0.7619678,0.99997616,1.7911196e-05,2.0802021e-05,0.00015604496,0.99999315
0.512179,1.6579928,1.0208981,15.966395,57.699917,18.769922,3.4380555e-05,19.999662,0.05225277,312.35944,8.091981,172.46173,2.1299922,1.8200018,0.41000095,1.1900027,1.9154198,0.7599958,0.9999971,0.7771141,0.99998903,8.314848e-06,1.2487173e-05,0.00010037422,0.9999975
0.5150208,1.6579906,1.0204262,16.065355,57.6999,18.769913,0.00012459279,19.999598,0.050750922,312.54886,8.100798,172.41978,2.1299896,1.8200012,0.41000062,1.1900023,1.9190676,0.7599968,0.99999505,0.76654804,0.9999938,2.2649765e-06,8.374453e-06,5.787611e-05,0.999997
0.51674616,1.6579947,1.020449,11.08292,57.699875,18.769945,8.9624526e-05,19.999609,0.052073978,312.43,8.084104,172.49797,2.1299887,1.8200041,0.41000044,1.1900012,1.9249514,0.75999534,0.999997,0.79087365,0.9999951,2.3245811e-06,1.2755394e-05,4.6789646e-05,0.99999696
0.5541966,1.657962,1.0242091,15.801409,57.6996,18.769697,0.00043137313,19.99863,0.057306614,311.9393,7.86228,172.69778,2.1299462,1.8200151,0.41000387,1.1900092,1.9139037,0.75998217,0.99998784,0.783096,0.9999487,1.8268824e-05,3.1501055e-05,0.00023332238,0.99998736
0.5606921,1.6579174,1.024331,15.351479,57.69935,18.769522,0.0004733938,19.998001,0.06438676,311.0908,7.770754,172.6596,2.1299262,1.8200163,0.4100046,1.1900097,1.90002,0.7599704,0.99998367,0.7663441,0.9999681,2.3305416e-05,5.3584576e-05,0.00038716197,0.99998045
0.52263266,1.6579896,1.0211873,11.266105,57.699455,18.769726,0.00012606203,19.99938,0.052658033,312.05444,8.100809,172.69081,2.1299777,1.8200033,0.41000122,1.190004,1.9238759,0.75998735,0.9999913,0.756145,0.99998415,5.632639e-06,1.7255545e-05,9.9390745e-05,0.9999956
0.5170506,1.657994,1.0207155,12.3836565,57.699936,18.769941,5.4068565e-05,19.999704,0.051096585,312.29257,7.9422617,172.3956,2.1299882,1.8200006,0.41000068,1.1900027,1.9262619,0.75999767,0.9999976,0.7484375,0.9999935,3.7550926e-06,4.887581e-06,5.0485134e-05,0.9999969
0.50811934,1.6579962,1.02051,11.917646,57.699955,18.769974,2.2332668e-05,19.999903,0.051036987,312.54596,7.778553,172.40425,2.129995,1.8200011,0.41000122,1.1900021,1.9286785,0.7599981,0.99999857,0.768691,0.9999931,1.9073486e-06,5.5134296e-06,3.6418438e-05,0.9999982
0.5013194,1.6579993,1.0201066,11.450058,57.69999,18.769989,1.3223291e-05,19.999958,0.050226465,312.69638,7.8640547,172.31738,2.1299984,1.8200003,0.41000023,1.1900003,1.9280797,0.7599996,0.99999976,0.83209985,0.9999993,5.9604645e-07,1.2814999e-06,1.2487173e-05,0.99999976
0.55764735,1.6579736,1.023448,14.720847,57.69961,18.769705,0.00017807365,19.99913,0.05611467,311.62482,7.5001364,172.70934,2.1299574,1.8200088,0.41000473,1.1900109,1.8965989,0.7599858,0.99998707,0.756726,0.9999474,2.1874905e-05,2.1606684e-05,0.00022041798,0.999993
0.52019686,1.6579936,1.0207763,12.123356,57.699673,18.769905,4.260838e-05,19.99978,0.054088365,311.9911,7.884013,172.42316,2.129991,1.820003,0.410001,1.1900022,1.9025812,0.75999385,0.99999607,0.7785648,0.99999034,5.3942204e-06,1.552701e-05,6.479025e-05,0.9999943
0.6286916,1.6579655,1.0266144,16.194233,57.699215,18.769547,0.00019893706,19.999155,0.060274553,311.4342,7.7347493,172.84702,2.1299598,1.8200135,0.4100055,1.190011,1.9032979,0.7599613,0.99996555,0.7390341,0.999944,2.3961067e-05,4.759431e-05,0.00018388033,0.9999778
0.6558914,1.6579442,1.0268427,16.822165,57.699566,18.769463,0.0003584981,19.997206,0.056925192,312.25418,7.7904205,172.9697,2.129957,1.8200225,0.41000465,1.1900139,1.9086555,0.75995624,0.99997437,0.7179438,0.999947,1.8030405e-05,3.528595e-05,0.00027415156,0.99997556
0.5259819,1.6579956,1.0207231,12.999751,57.699867,18.769943,7.9045894e-05,19.999685,0.0520859,312.5334,7.9094577,172.43227,2.129985,1.8200027,0.41000062,1.1900022,1.9119247,0.7599971,0.99999595,0.749539,0.9999924,4.976988e-06,9.030104e-06,8.0794096e-05,0.99999475
0.5089313,1.6579956,1.0204262,11.500422,57.699936,18.769964,4.4077635e-05,19.999758,0.050822437,312.15692,7.828525,172.47475,2.1299927,1.8200009,0.41000053,1.190002,1.9206369,0.7599968,0.99999833,0.7853693,0.9999924,2.7418137e-06,5.364418e-06,2.8789043e-05,0.99999875
0.50558203,1.657998,1.0202283,11.216821,57.699944,18.769966,3.0266643e-05,19.999912,0.050500613,312.72433,7.9891996,172.36156,2.1299968,1.8200005,0.41000023,1.1900005,1.9126623,0.7599992,0.9999987,0.8114899,0.9999963,2.861023e-06,4.053116e-06,1.9937754e-05,0.9999987
0.60585594,1.6579607,1.025328,15.495881,57.698963,18.76974,0.00036878287,19.997993,0.058069456,312.30746,7.8384304,172.56964,2.1299512,1.8200128,0.41000676,1.1900088,1.9163405,0.75997365,0.9999799,0.7347261,0.999951,3.799796e-05,5.7190657e-05,0.00029674172,0.99998677
0.5145133,1.657991,1.020822,11.032215,57.699776,18.769909,3.7025213e-05,19.99954,0.05293218,311.8953,7.873458,172.71063,2.129981,1.8200033,0.41000125,1.1900017,1.9249872,0.7599943,0.9999943,0.7945938,0.99999094,5.751848e-06,1.8239021e-05,0.00011014938,0.99999607
0.5290266,1.6579803,1.0210807,10.187187,57.69984,18.76975,0.00011107564,19.999514,0.053289764,312.59784,8.030246,172.45784,2.1299841,1.8200054,0.41000143,1.1900067,1.9301951,0.7599946,0.9999931,0.7566107,0.99998707,8.612871e-06,1.7285347e-05,0.00010821223,0.9999953
0.543337,1.6579773,1.0224661,13.876816,57.699654,18.769613,0.00025153637,19.99908,0.054934643,311.59555,7.7297235,172.96649,2.1299772,1.8200104,0.41000223,1.1900071,1.8981738,0.75998545,0.99999046,0.75104874,0.9999864,7.0035458e-06,1.6748905e-05,0.00013402104,0.9999876
1.3085853,1.6575539,1.0681814,20.091953,57.69158,18.76686,0.0030798512,19.98945,0.11833414,310.67377,7.561565,174.6491,2.1297052,1.820105,0.41006646,1.1901026,1.875583,0.75979054,0.9997487,0.7233222,0.99949116,0.00024572015,0.00037178397,0.0011140108,0.99978894
0.6040291,1.6579643,1.0271397,17.789467,57.699512,18.769638,0.0004034573,19.998123,0.0596905,311.89062,7.7942524,173.1699,2.1299627,1.8200209,0.41000578,1.1900107,1.8947735,0.7599526,0.99997866,0.76904225,0.9999275,2.5808811e-05,5.6803226e-05,0.00026157498,0.9999795
0.5603876,1.6579742,1.0233947,15.193704,57.69964,18.769745,0.00023596227,19.99809,0.05777147,311.69553,7.691027,172.79247,2.129974,1.8200057,0.41000384,1.1900074,1.9068799,0.75998724,0.9999801,0.74867684,0.99994004,1.603365e-05,4.7922134e-05,0.00024569035,0.9999914
0.6520347,1.6579553,1.0264242,15.283292,57.698963,18.769247,0.0003279376,19.998913,0.059845455,311.02985,7.7524233,172.89072,2.129953,1.8200197,0.410004,1.1900133,1.896169,0.759977,0.99995816,0.7515337,0.99993443,3.20971e-05,4.3690205e-05,0.00025126338,0.99998546
0.65802276,1.6579423,1.0280911,15.81366,57.69791,18.769176,0.0007158208,19.996729,0.072503895,312.00287,7.776293,172.81473,2.129947,1.8200169,0.4100083,1.1900266,1.8954811,0.7599585,0.99996173,0.7150276,0.9999196,4.36306e-05,5.6684017e-05,0.00036245584,0.9999664
0.74368185,1.6579134,1.0356342,14.309949,57.697197,18.768822,0.0009503138,19.99552,0.08633044,311.24506,7.513783,173.55833,2.1299126,1.8200377,0.4100136,1.1900291,1.893172,0.7598946,0.9999311,0.73436177,0.99985313,6.386638e-05,0.00010636449,0.0007303357,0.9999505
0.505988,1.6579983,1.0201902,12.945906,57.69995,18.76997,2.6446582e-05,19.999937,0.050250307,312.355,7.896713,172.40248,2.129996,1.8200005,0.4100001,1.1900008,1.9340339,0.7599991,0.9999985,0.80107677,0.9999981,1.1324883e-06,1.8179417e-06,2.5242567e-05,0.99999917
0.5083223,1.6579977,1.0202435,12.194045,57.699955,18.769945,1.7337203e-05,19.999918,0.05097739,312.38925,7.7512226,172.3415,2.1299984,1.8200005,0.41000018,1.1900009,1.9314889,0.7599989,0.9999989,0.7463956,0.9999975,1.5199184e-06,1.4305115e-06,1.8626451e-05,0.9999991
0.51410735,1.6579932,1.0209057,13.12884,57.69989,18.769945,7.052421e-05,19.999672,0.051716395,312.13943,7.72701,172.36467,2.129994,1.8200012,0.41000056,1.1900021,1.8912361,0.7599978,0.99999666,0.71557945,0.999989,5.2154064e-06,6.377697e-06,4.1902065e-05,0.99999845
0.5903277,1.6579676,1.0223671,14.298307,57.699497,18.76966,0.00014957011,19.99904,0.055399504,311.8079,7.740736,172.90388,2.129957,1.820014,0.41000295,1.1900077,1.9078345,0.7599909,0.999982,0.7668746,0.99996203,1.7404556e-05,3.46303e-05,0.00028720498,0.9999815
0.52791023,1.657992,1.0208068,11.957456,57.69982,18.769928,3.3499004e-05,19.999634,0.05230045,312.23874,7.935411,172.3998,2.1299903,1.8200027,0.41000083,1.1900018,1.9199959,0.759998,0.9999953,0.807251,0.99998355,4.9471855e-06,7.212162e-06,7.31349e-05,0.9999941
0.51431036,1.6579975,1.0202055,10.588572,57.699963,18.769972,5.3187014e-05,19.999928,0.050619807,312.35318,7.979523,172.34416,2.1299918,1.8200009,0.41000074,1.1900012,1.9336543,0.7599986,0.9999987,0.78558946,0.99999475,2.9206276e-06,3.5762787e-06,3.579259e-05,0.9999987
0.5114686,1.6579981,1.0201826,11.17826,57.69997,18.769983,3.555596e-05,19.999891,0.050500613,312.6474,7.9341846,172.40398,2.1299934,1.8200006,0.41000018,1.190001,1.9183575,0.7599971,0.99999905,0.7528515,0.9999969,1.1622906e-06,1.758337e-06,1.5974045e-05,0.99999905
0.5445549,1.6579697,1.0224509,13.581502,57.699627,18.769814,0.0001310575,19.999168,0.05587628,311.88364,7.7839546,172.57683,2.129961,1.8200117,0.41000244,1.1900069,1.910055,0.75998706,0.99998415,0.77220714,0.99995923,1.218915e-05,1.680851e-05,0.00025692582,0.9999902
0.56749207,1.657977,1.0243005,15.23699,57.6997,18.769796,0.00037348448,19.999275,0.05629346,312.2238,7.867799,172.95988,2.1299677,1.8200134,0.41000697,1.1900051,1.9025589,0.7599868,0.99998856,0.78733844,0.99995935,1.3232231e-05,2.7358532e-05,0.00016230345,0.99999183
0.50456715,1.6579974,1.0201446,12.554457,57.69993,18.76997,3.1735897e-05,19.999819,0.050274145,312.81387,8.033392,172.35583,2.1299934,1.8200006,0.4100002,1.1900011,1.9286374,0.7599988,0.9999988,0.8078846,0.9999982,2.3841858e-06,2.771616e-06,2.4169683e-05,0.9999989
0.685527,1.6579318,1.0279921,18.39077,57.698006,18.769373,0.0006667477,19.9972,0.06295643,311.49225,7.707876,172.85806,2.129923,1.8200192,0.41000998,1.1900254,1.8988523,0.75996745,0.99995303,0.7171992,0.9999245,5.826354e-05,5.942583e-05,0.00030469894,0.99996537
0.5290266,1.6579866,1.02137,14.776929,57.69969,18.769794,0.00014398694,19.99904,0.053683102,311.9292,7.704278,172.48778,2.129976,1.8200041,0.41000104,1.1900066,1.9107386,0.7599729,0.9999901,0.7051939,0.99998224,5.6028366e-06,1.0460615e-05,0.00016969442,0.9999954
0.512179,1.6579938,1.020685,13.660554,57.69992,18.769934,6.934881e-05,19.999819,0.051537603,312.35785,7.805889,172.53397,2.1299944,1.8200033,0.41000107,1.190001,1.921997,0.7599972,0.9999974,0.7741065,0.99999285,2.95043e-06,5.4240227e-06,3.901124e-05,0.9999971
0.53146243,1.6579906,1.0208068,12.326142,57.699856,18.769926,6.0827137e-05,19.999653,0.051454168,312.3006,7.8062315,172.45976,2.12997,1.8200047,0.41000172,1.1900023,1.8974788,0.7599904,0.9999949,0.7825167,0.999982,6.7055225e-06,1.1354685e-05,6.702542e-05,0.99999297
0.5234446,1.6579912,1.0208068,14.812077,57.699715,18.769812,0.0001472193,19.99966,0.052574597,312.3354,7.777799,172.53035,2.1299877,1.8200027,0.41000074,1.1900022,1.91486,0.7599958,0.9999938,0.7707411,0.99999344,2.9206276e-06,1.0102987e-05,5.313754e-05,0.9999967
0.50872827,1.657998,1.0202359,10.84986,57.699955,18.769981,2.3508072e-05,19.999876,0.05057213,312.54868,8.049467,172.38965,2.1299958,1.8200005,0.41000015,1.1900011,1.9409379,0.7599978,0.99999857,0.78847796,0.99999607,7.1525574e-07,2.9802322e-06,1.0043383e-05,0.99999946
0.5246625,1.6579887,1.0220246,14.676269,57.69966,18.769875,7.581353e-05,19.999577,0.052121658,311.36554,7.958396,172.51804,2.1299746,1.8200041,0.41000172,1.1900028,1.9140964,0.7599921,0.99999297,0.7769592,0.9999831,9.387732e-06,9.596348e-06,0.000115156174,0.9999962
0.5078149,1.657986,1.0207535,13.61962,57.69991,18.769968,7.228732e-05,19.999771,0.051990543,312.36725,7.933245,172.50359,2.1299913,1.8200011,0.4100015,1.1900035,1.9197241,0.7599976,0.99999654,0.79827356,0.99999136,2.6524067e-06,7.2717667e-06,0.000104635954,0.99999547
0.5392773,1.6579851,1.0222758,14.478015,57.699604,18.769842,0.0001472193,19.999237,0.053003695,312.20227,7.7770205,172.63928,2.1299834,1.820005,0.41000095,1.1900059,1.9137253,0.7599928,0.99999297,0.80024385,0.9999893,7.867813e-06,1.3947487e-05,0.00017935038,0.99999475
0.51065665,1.6579963,1.0209361,12.69843,57.69993,18.769957,5.994558e-05,19.999784,0.050893955,312.341,7.680018,172.36473,2.1299915,1.8200017,0.4100005,1.1900011,1.9080287,0.75999856,0.99999666,0.77858186,0.99999356,1.4305115e-06,3.606081e-06,2.425909e-05,0.99999785
0.53227437,1.6579837,1.0219637,12.980052,57.699577,18.76988,0.00013722837,19.999615,0.05376654,312.20267,7.6568866,172.6704,2.1299808,1.8200054,0.41000268,1.1900046,1.887949,0.75999284,0.99998736,0.78891146,0.999989,1.3321638e-05,1.6897917e-05,0.00013288856,0.9999878
0.5951993,1.6579754,1.0210047,13.902246,57.69969,18.76977,0.00024037003,19.999224,0.05312289,312.3168,7.798295,172.5598,2.1299846,1.8200048,0.41000292,1.1900038,1.9160696,0.75999236,0.99998885,0.74253875,0.99997735,1.7374754e-05,1.1503696e-05,0.00011473894,0.99999344
0.5134984,1.6579918,1.0205632,13.18651,57.699806,18.7699,0.00013634682,19.99959,0.051525686,312.45624,7.8515186,172.44234,2.1299896,1.8200011,0.41000062,1.1900028,1.9137392,0.75999576,0.99999523,0.8072263,0.99999195,9.000301e-06,9.328127e-06,0.00012746453,0.9999961
0.50324774,1.6579952,1.0205176,14.452671,57.699963,18.769974,1.998186e-05,19.999884,0.050703242,312.4686,7.9963694,172.3728,2.1299934,1.8200006,0.41000056,1.1900017,1.9185024,0.7599969,0.9999989,0.7969713,0.9999944,3.427267e-06,6.0498714e-06,4.145503e-05,0.99999905
0.50923574,1.6579959,1.0203272,10.871458,57.699833,18.769949,4.4959186e-05,19.999865,0.052443482,312.5809,8.148723,172.31796,2.1299932,1.8200023,0.41000053,1.1900012,1.926086,0.75999576,0.9999974,0.7828008,0.9999933,2.4437904e-06,1.1831522e-05,4.4882298e-05,0.99999785
0.54120564,1.6579841,1.0233338,15.444899,57.69962,18.769724,0.00022244513,19.9993,0.060107682,312.09406,7.6698446,172.58948,2.129987,1.8200052,0.4100015,1.1900083,1.896191,0.7599861,0.99999195,0.7378986,0.99997604,1.1920929e-05,1.2904406e-05,0.00019326806,0.99999154
0.512382,1.6579962,1.020411,12.026775,57.69995,18.769966,4.0551426e-05,19.999865,0.05104891,312.5569,8.041999,172.38234,2.1299956,1.8200012,0.41000074,1.1900016,1.9124122,0.7599984,0.99999714,0.75973296,0.9999957,2.5331974e-06,3.2484531e-06,5.4508448e-05,0.9999984
0.50700295,1.6579928,1.0205784,12.779418,57.69989,18.769957,4.0551426e-05,19.99966,0.051489927,312.32153,7.946273,172.63261,2.1299915,1.8200021,0.41000116,1.1900024,1.925735,0.75999576,0.9999964,0.77055705,0.999985,2.592802e-06,9.834766e-06,0.000100165606,0.9999976
0.6284886,1.6579784,1.0235469,14.522623,57.699497,18.7698,0.00022215128,19.999037,0.054851208,311.8195,7.829342,172.6965,2.1299658,1.820015,0.41000205,1.1900092,1.9119282,0.7599908,0.99998564,0.7724582,0.99997497,2.336502e-05,1.6868114e-05,0.00019130111,0.9999882
0.5879934,1.6579385,1.0252291,18.017088,57.698936,18.769642,0.00043725013,19.99809,0.06062022,312.1238,7.870842,172.90535,2.1298966,1.8200165,0.41000578,1.1900209,1.892337,0.7599813,0.9999635,0.74940854,0.99995965,2.2679567e-05,7.6025724e-05,0.00032681227,0.99996066
0.54617876,1.6579659,1.022976,15.247857,57.69906,18.769707,0.00023860692,19.99884,0.056651045,311.62372,7.559053,172.62112,2.129979,1.820007,0.41000512,1.1900123,1.9031458,0.7599757,0.99998045,0.74146616,0.99993765,1.257658e-05,4.5895576e-05,0.00015801191,0.9999863
0.5030447,1.6579983,1.0201522,12.149371,57.699978,18.769953,7.933974e-06,19.999834,0.05035758,312.62735,8.165209,172.43427,2.129996,1.8200005,0.4100001,1.1900009,1.942242,0.7599988,0.9999993,0.8040174,0.99999833,9.834766e-07,1.1324883e-06,6.16312e-05,0.9999994
0.5098447,1.6579926,1.0204034,11.538818,57.69984,18.769907,4.025757e-05,19.999807,0.050917793,312.50806,7.7917714,172.52313,2.1299918,1.8200011,0.4100004,1.190002,1.9186662,0.7599981,0.9999983,0.79437864,0.9999974,3.1888485e-06,5.9604645e-06,6.9737434e-05,0.99999726
0.52628636,1.6579872,1.0214766,13.234468,57.69982,18.769804,0.00010049701,19.999529,0.052765306,311.88525,8.027131,172.47035,2.1299846,1.8200023,0.41000184,1.1900034,1.9113206,0.7599883,0.99999356,0.8088614,0.99997014,7.0631504e-06,3.1769276e-05,0.00014397502,0.9999949
0.5060895,1.657998,1.0204414,11.49351,57.69991,18.769987,1.8512606e-05,19.999924,0.050858196,312.50336,8.105059,172.3538,2.1299968,1.8200006,0.41000032,1.190001,1.9388996,0.7599974,0.99999785,0.78510785,0.9999975,1.2516975e-06,3.8146973e-06,2.1606684e-05,0.99999875
0.52080584,1.6579926,1.0207155,12.718905,57.699936,18.76995,0.000109018685,19.999481,0.050929714,312.40497,7.652721,172.51997,2.1299846,1.8200024,0.41000065,1.1900027,1.8955808,0.75999683,0.9999969,0.7918068,0.99999076,5.096197e-06,7.2419643e-06,6.493926e-05,0.99999607
0.51918197,1.6579926,1.0222682,15.087672,57.69983,18.76993,0.00010049701,19.99966,0.053730782,312.2252,7.9318523,172.4642,2.1299865,1.8200057,0.41000104,1.1900015,1.9217706,0.7599945,0.9999961,0.76856816,0.99999034,4.053116e-06,1.0102987e-05,0.00012296438,0.99999547
0.524764,1.6579905,1.0216516,12.884312,57.699802,18.769855,7.375658e-05,19.999598,0.057330452,312.18124,7.8571906,172.52373,2.129993,1.8200033,0.410001,1.1900043,1.9260575,0.75999653,0.99999404,0.7658813,0.9999883,6.2584877e-06,1.1861324e-05,0.00016000867,0.9999964
0.53288335,1.6579762,1.023037,12.869775,57.699524,18.76979,0.00021274805,19.998957,0.054314833,312.03293,7.8814993,172.53618,2.1299725,1.8200047,0.41000327,1.1900085,1.9183393,0.7599832,0.9999889,0.7673247,0.99995863,1.0550022e-05,1.9401312e-05,0.0001090765,0.9999932
0.5398863,1.6579851,1.0233034,17.215902,57.699688,18.769712,0.0001801306,19.998913,0.059940808,311.7684,7.8326473,172.6959,2.1299849,1.820007,0.41000175,1.1900042,1.9157318,0.7599707,0.9999892,0.7454309,0.9999767,1.0341406e-05,1.463294e-05,0.00016349554,0.99999183
0.5112656,1.657994,1.020685,12.929346,57.69985,18.769974,5.4068565e-05,19.99974,0.051251538,312.22244,7.9946585,172.4396,2.1299927,1.8200009,0.41000044,1.1900012,1.9230824,0.7599964,0.99999774,0.78643286,0.9999936,2.3543835e-06,5.4836273e-06,4.044175e-05,0.9999987
0.56475174,1.657964,1.0221921,15.503306,57.69949,18.769726,0.0001627934,19.998268,0.057902586,311.65808,7.807372,172.7695,2.1299677,1.8200114,0.41000268,1.1900095,1.9126151,0.7599799,0.9999813,0.7541672,0.999967,9.208918e-06,2.0623207e-05,0.0002156198,0.9999872
0.56241745,1.6579523,1.0237905,15.158385,57.699364,18.769512,0.00019599855,19.99905,0.058129054,310.9414,7.8281765,172.68806,2.1299477,1.8200128,0.4100046,1.1900094,1.9122957,0.75998014,0.9999864,0.7560488,0.99996686,1.5586615e-05,3.6358833e-05,0.0002978742,0.99998564
0.8138127,1.6578285,1.040597,16.982044,57.69705,18.76895,0.0011521893,19.996176,0.09096711,311.33725,7.754437,173.26364,2.1298304,1.8200351,0.41001844,1.190043,1.8762873,0.7598953,0.99990964,0.7375343,0.9997377,8.818507e-05,0.00015246868,0.00052922964,0.99993235
0.51177305,1.6579914,1.0217582,12.071431,57.69992,18.769957,4.3489934e-05,19.99973,0.05163296,312.2374,7.7975354,172.38701,2.129992,1.8200017,0.41000143,1.1900026,1.8970954,0.75999665,0.99999756,0.79775345,0.99997187,2.8908253e-06,1.4424324e-05,9.188056e-05,0.9999982
0.617832,1.6579715,1.0219866,15.603538,57.699673,18.769539,0.0001789552,19.99898,0.055804763,312.21207,7.921104,172.76712,2.1299574,1.8200132,0.4100043,1.1900109,1.9159759,0.7599869,0.9999825,0.7272467,0.99997365,2.1129847e-05,3.2782555e-05,0.00014773011,0.9999807
0.50578505,1.6579968,1.0201674,13.097823,57.699883,18.769981,2.909124e-05,19.999933,0.050464854,312.56458,7.645379,172.39008,2.1299987,1.8200005,0.41000044,1.1900011,1.9263672,0.7599988,0.9999976,0.7802627,0.9999975,9.834766e-07,1.8179417e-06,2.0086765e-05,0.9999985
0.5496295,1.6579926,1.0209361,11.461155,57.69978,18.769865,6.229639e-05,19.9998,0.051573362,311.85385,8.1337,172.5366,2.1299767,1.8200024,0.41000086,1.1900042,1.9364338,0.7599966,0.9999932,0.7591722,0.9999893,6.6161156e-06,7.56979e-06,9.4652176e-05,0.99999446
0.54374295,1.657964,1.0257543,17.605875,57.698673,18.769444,0.00016191184,19.998497,0.06767652,311.96484,7.925081,172.70401,2.129974,1.820015,0.41000462,1.190012,1.9032707,0.7599656,0.9999714,0.72590506,0.9999592,1.7255545e-05,3.2007694e-05,0.0004799962,0.99998426
0.57327706,1.6579827,1.0224357,14.645235,57.69928,18.769741,0.00032852532,19.998766,0.05569749,312.21875,7.7534714,172.49358,2.1299715,1.8200088,0.41000426,1.1900064,1.9064186,0.75998604,0.99998546,0.7529534,0.99996686,2.4497509e-05,2.9325485e-05,0.00021606684,0.99999064
0.5149193,1.6579924,1.0215527,12.939808,57.69984,18.769903,5.1717758e-05,19.999596,0.051168103,312.10773,7.8553314,172.64061,2.1299794,1.8200042,0.41000146,1.1900038,1.9199716,0.7599951,0.99999475,0.79320407,0.9999877,6.556511e-06,2.05338e-05,0.00014096498,0.99999815
0.56363535,1.6579808,1.0222454,12.222015,57.699673,18.76975,0.00011930346,19.999475,0.053242084,312.28098,8.033067,172.76656,2.1299663,1.82001,0.41000277,1.1900107,1.9254534,0.7599588,0.9999908,0.6861211,0.99997973,1.6093254e-05,2.0980835e-05,0.0001886189,0.99999076
0.5288237,1.657991,1.0209818,11.715286,57.69982,18.769821,0.00017307818,19.999445,0.057926424,312.23984,7.837106,172.68022,2.1299772,1.8200039,0.41000107,1.190006,1.9191155,0.75999534,0.9999945,0.76885223,0.9999829,4.2915344e-06,1.335144e-05,0.000118643045,0.9999957
0.7986904,1.6578269,1.0337236,16.958693,57.6981,18.769138,0.0010073208,19.994343,0.06942868,311.4844,7.5330415,173.08034,2.1298058,1.8200393,0.41003975,1.1900343,1.8842068,0.75993943,0.9999252,0.72807777,0.9998386,6.80387e-05,0.00014090538,0.00077599287,0.99994636
0.54252505,1.6579859,1.0207992,12.426711,57.69976,18.769848,0.00012488663,19.999178,0.05393341,312.14355,8.04216,172.48323,2.1299796,1.8200039,0.41000134,1.1900045,1.9247645,0.75999284,0.9999902,0.7770461,0.99997747,8.702278e-06,1.5676022e-05,0.00021266937,0.99999666
0.5028418,1.6579989,1.0203881,12.003146,57.699963,18.769976,1.0284782e-05,19.99995,0.050405256,312.55002,7.926491,172.39438,2.1299977,1.8200005,0.41000012,1.1900005,1.9367921,0.7599991,0.9999994,0.7991687,0.9999982,6.2584877e-07,2.2649765e-06,1.9580126e-05,0.99999964
0.6188469,1.6579412,1.027269,18.164965,57.698856,18.769073,0.00044782876,19.997961,0.058510475,311.7672,7.7660613,172.80365,2.1299577,1.8200165,0.41000354,1.1900157,1.8935952,0.7599604,0.9999703,0.7088796,0.99994314,5.5789948e-05,3.886223e-05,0.00038066506,0.99998003
0.5335938,1.6579899,1.0217354,15.014841,57.699726,18.769867,0.00011107564,19.999676,0.05226469,312.1724,7.96893,172.75946,2.1299896,1.8200021,0.41000083,1.1900028,1.9066191,0.75999576,0.9999946,0.7600347,0.99998415,5.543232e-06,1.7285347e-05,7.712841e-05,0.99999547
0.50456715,1.6579965,1.0204643,13.847818,57.6999,18.769958,2.3214221e-05,19.99987,0.050655566,312.43515,7.8690033,172.38942,2.1299956,1.8200005,0.41000062,1.1900009,1.934564,0.75999767,0.9999993,0.82232594,0.99999595,1.4901161e-06,3.5762787e-06,3.3199787e-05,0.99999887
0.50933725,1.6579953,1.0204794,12.077881,57.699936,18.76998,5.583167e-05,19.999903,0.052121658,312.2359,7.940815,172.45702,2.1299934,1.8200015,0.41000146,1.1900026,1.9237217,0.75999755,0.999998,0.7491975,0.9999917,2.503395e-06,7.5101852e-06,4.5657158e-05,0.9999987
0.524155,1.6579902,1.0211722,14.501299,57.699654,18.769817,0.00012047887,19.999462,0.052205093,312.40527,7.701073,172.51186,2.1299932,1.8200024,0.41000104,1.1900023,1.9187096,0.75999415,0.9999942,0.72377723,0.99998426,4.917383e-06,1.0102987e-05,5.185604e-05,0.9999946
0.83725727,1.6578747,1.0404218,15.876218,57.69841,18.768887,0.0016467405,19.994026,0.07283764,311.35474,7.5327587,173.25377,2.1298714,1.8200507,0.4100303,1.190033,1.8794067,0.75990725,0.9999341,0.7144139,0.9997933,6.118417e-05,0.00010535121,0.00066292286,0.99994195
0.5230386,1.6579952,1.0204338,12.394008,57.69992,18.769913,2.6740432e-05,19.999672,0.051060826,312.05722,8.04102,172.63075,2.1299865,1.8200021,0.41000098,1.190002,1.9353818,0.75999635,0.99999607,0.71357024,0.9999906,6.020069e-06,1.0371208e-05,9.5397234e-05,0.99999785
0.5071044,1.6579962,1.0206773,12.335403,57.69989,18.769943,5.3187014e-05,19.999836,0.05126346,312.04645,7.7732368,172.44179,2.1299906,1.8200012,0.4100007,1.1900016,1.9137857,0.7599956,0.9999977,0.7932087,0.9999925,2.2947788e-06,4.887581e-06,5.51939e-05,0.99999535
0.5679995,1.6579463,1.0255183,14.35496,57.699013,18.769672,0.00021274805,19.999342,0.056996707,311.69083,7.920984,172.76099,2.1299477,1.8200078,0.41000178,1.1900085,1.9029315,0.75998443,0.9999855,0.78943443,0.99998295,8.910894e-06,2.2649765e-05,0.00018492341,0.99997693
0.5090328,1.657991,1.0205632,13.107826,57.699875,18.769972,7.757664e-05,19.999508,0.0515972,312.6171,8.023836,172.40451,2.129988,1.8200015,0.41000104,1.1900027,1.9071369,0.7599966,0.99998903,0.74825704,0.99998045,3.5464764e-06,1.5616417e-05,0.00020179152,0.9999939
0.54485935,1.6579883,1.021469,13.161335,57.699726,18.769865,0.00022450209,19.99952,0.05269379,312.10684,7.922164,172.61157,2.1299863,1.8200035,0.4100014,1.1900035,1.9120104,0.7599878,0.9999938,0.78299284,0.9999876,6.467104e-06,1.5437603e-05,9.793043e-05,0.9999947
0.55460256,1.6579782,1.0225575,14.178514,57.69984,18.769646,0.0001830691,19.998877,0.0554591,312.09695,7.8847904,172.74066,2.1299698,1.8200102,0.4100054,1.1900071,1.9204729,0.75997525,0.9999856,0.7376821,0.9999708,1.6450882e-05,1.6003847e-05,0.00020986795,0.99999297
0.58028,1.6579399,1.0272614,16.807446,57.69912,18.769485,0.00019129693,19.998667,0.071693376,311.6289,7.7011547,172.81393,2.1299458,1.8200102,0.41000468,1.1900146,1.8981193,0.7599705,0.99997985,0.73760056,0.9999592,3.4987926e-05,5.1677227e-05,0.00036379695,0.9999845
0.52263266,1.6579865,1.0216669,13.456485,57.699795,18.769924,0.00014986396,19.999586,0.053861894,312.5538,8.075518,172.50316,2.1299906,1.8200021,0.41000122,1.1900047,1.912534,0.7599966,0.9999938,0.75505376,0.999985,8.076429e-06,2.2500753e-05,0.00017476082,0.99999595
0.61458427,1.6579571,1.0232958,14.73369,57.698406,18.76905,0.0005298132,19.997688,0.06468475,312.0625,7.851867,172.92613,2.129913,1.8200128,0.41000393,1.1900203,1.904656,0.75997025,0.9999601,0.71273035,0.9999485,3.707409e-05,5.13494e-05,0.00061023235,0.99996877
0.6074798,1.6579751,1.0240569,17.290827,57.69939,18.76937,0.0003476256,19.999054,0.058093295,312.13184,7.7620916,172.63535,2.1299777,1.8200092,0.4100035,1.1900116,1.8834788,0.75998074,0.9999875,0.7328182,0.9999687,2.1636486e-05,3.0249357e-05,0.00015974045,0.99998564
0.53542066,1.6579835,1.023075,14.65845,57.699593,18.76993,0.00017513514,19.99924,0.058379363,312.23657,7.9098787,172.55476,2.1299798,1.8200047,0.41000196,1.1900061,1.921999,0.75999266,0.9999913,0.7819365,0.99997497,7.1823597e-06,3.221631e-05,0.00019088387,0.9999937
0.847102,1.6576943,1.0435197,19.762934,57.695896,18.767555,0.0014483911,19.99574,0.100431144,310.87698,7.775408,173.78291,2.1298575,1.8200893,0.41003674,1.1900481,1.8881391,0.7598195,0.9998657,0.73826015,0.9997231,9.176135e-05,0.00026842952,0.0005776584,0.9999051
0.5284177,1.6579869,1.0214081,13.762529,57.699833,18.769894,8.2865954e-05,19.99972,0.053432796,312.36823,7.9556937,172.79155,2.1299763,1.8200045,0.41000143,1.1900039,1.9195523,0.75999486,0.99999183,0.735902,0.99997723,4.4703484e-06,1.9818544e-05,0.00014734268,0.99999446
0.5523698,1.6579773,1.0226792,14.087266,57.699505,18.769722,0.0001310575,19.99945,0.055053838,311.93634,7.850015,172.59937,2.129963,1.8200088,0.41000193,1.190006,1.9079548,0.7599921,0.9999821,0.7188785,0.99996495,1.4424324e-05,1.8417835e-05,0.00012037158,0.9999864
0.511976,1.6579928,1.0205708,11.748603,57.699883,18.769936,3.5262106e-05,19.99968,0.053194407,312.00168,7.6629453,172.55775,2.1299899,1.8200011,0.4100005,1.1900017,1.9027225,0.75999606,0.9999972,0.7814127,0.9999938,2.861023e-06,5.5134296e-06,4.658103e-05,0.9999986
0.5955038,1.6579704,1.0255183,14.839454,57.699192,18.769705,0.00026711047,19.998753,0.056436494,311.17944,7.781863,173.118,2.1299477,1.8200096,0.41000295,1.190019,1.9024384,0.75998247,0.99998426,0.78361577,0.999956,1.5735626e-05,3.838539e-05,0.00029453635,0.99998754
0.5511519,1.6579863,1.0219333,16.299562,57.69974,18.76983,8.3453655e-05,19.998999,0.051978625,311.98505,7.845743,172.70053,2.1299782,1.8200045,0.41000155,1.1900038,1.9205576,0.7599908,0.9999882,0.7505857,0.99998367,7.1525574e-06,9.864569e-06,8.204579e-05,0.99999416
0.52862066,1.657982,1.020997,14.179206,57.699486,18.76978,0.00015750408,19.999445,0.053981088,312.143,7.803469,172.71208,2.1299868,1.8200052,0.41000167,1.1900043,1.9041755,0.75999314,0.9999925,0.7838087,0.9999844,1.5377998e-05,1.6272068e-05,0.000109404325,0.99999285
0.531361,1.6579843,1.020822,13.610307,57.699795,18.769855,0.000116658804,19.99927,0.052407723,312.6165,7.9985085,172.38387,2.1299825,1.8200021,0.41000056,1.1900046,1.9147974,0.7599964,0.99999475,0.7886977,0.9999912,7.897615e-06,7.56979e-06,9.23574e-05,0.99999297
0.56546223,1.6579725,1.0227249,15.287043,57.699577,18.76983,0.00034263014,19.998894,0.054493625,312.47473,8.014914,172.82762,2.129971,1.82001,0.41000286,1.1900067,1.902709,0.759985,0.99999166,0.7893721,0.99997425,1.2397766e-05,3.233552e-05,0.00031337142,0.9999912
0.747437,1.6579189,1.0301081,17.155209,57.699112,18.768604,0.0007025975,19.997286,0.07006041,311.55746,7.7438135,172.8427,2.1299639,1.8200284,0.41000992,1.1900157,1.898342,0.7599637,0.99995404,0.7476781,0.9999201,2.592802e-05,5.0991774e-05,0.00027406216,0.9999801
0.54546833,1.6579725,1.0235165,13.8643675,57.69955,18.769709,0.00010519862,19.999434,0.055542536,311.8898,7.7590675,172.58864,2.1299849,1.820008,0.4100059,1.1900059,1.905544,0.7599881,0.9999875,0.7111479,0.99997264,2.43783e-05,1.7791986e-05,0.00018420815,0.9999906
0.5815994,1.6579653,1.0238057,17.918568,57.69953,18.769566,0.0004284346,19.99931,0.05758076,312.28192,8.014883,172.719,2.129926,1.8200135,0.41000465,1.1900096,1.9042658,0.75998473,0.9999732,0.7563319,0.9999653,2.2292137e-05,5.77569e-05,0.0003273189,0.9999846
0.5048716,1.6579981,1.0202131,11.469154,57.69997,18.769987,3.4380555e-05,19.999857,0.05060789,312.75107,8.087709,172.3481,2.129995,1.8200006,0.4100002,1.1900007,1.9223218,0.7599989,0.99999887,0.8096659,0.99999833,1.4305115e-06,1.847744e-06,2.9146671e-05,0.9999989
0.58606505,1.657959,1.0251606,14.776407,57.699604,18.769684,0.0002459532,19.99833,0.05922564,312.01608,7.7175503,172.76122,2.129954,1.8200092,0.4100054,1.1900096,1.8928043,0.75998,0.9999791,0.78401953,0.99994737,2.1904707e-05,4.595518e-05,0.00026625395,0.99997807
0.50679994,1.6579959,1.0202892,14.094325,57.699917,18.769958,2.7915836e-05,19.999886,0.050858196,312.4689,7.9433503,172.38103,2.1299963,1.8200003,0.41000015,1.1900012,1.9090365,0.75999814,0.99999845,0.7376423,0.9999971,6.2584877e-07,1.9669533e-06,1.731515e-05,0.99999845
0.51552826,1.6579957,1.0213472,13.6289,57.699856,18.769953,5.6419372e-05,19.999746,0.050870117,312.27444,8.023847,172.42894,2.129986,1.8200012,0.4100009,1.1900016,1.9216354,0.75999767,0.99999535,0.80839586,0.9999907,4.2915344e-06,6.67572e-06,3.3944845e-05,0.9999963
0.54496086,1.6579881,1.0208828,15.279673,57.69983,18.769894,7.816434e-05,19.999517,0.052622274,312.2343,7.7308464,172.46494,2.1299908,1.8200036,0.41000122,1.1900029,1.9083085,0.75999314,0.9999951,0.7475917,0.99998945,6.1690807e-06,5.722046e-06,5.275011e-05,0.99999547
0.5386684,1.6579796,1.021431,16.472536,57.699604,18.769672,0.00015779793,19.999264,0.054040685,312.35077,7.84382,172.52222,2.12999,1.8200039,0.41000202,1.1900043,1.9235673,0.7599887,0.9999894,0.703943,0.9999837,1.0609627e-05,1.2874603e-05,0.00014489889,0.9999925
0.5042626,1.6579989,1.0202968,11.003394,57.699955,18.769983,2.3508072e-05,19.999956,0.050584048,312.70834,7.7774124,172.3209,2.129997,1.8200003,0.41000012,1.1900009,1.93559,0.75999916,0.99999857,0.8249475,0.9999983,1.0430813e-06,1.9669533e-06,1.8149614e-05,0.9999993
0.51157004,1.6579963,1.0204338,13.4232235,57.699936,18.769928,5.524397e-05,19.999569,0.051072747,312.3635,7.782441,172.40671,2.1299946,1.8200018,0.4100006,1.1900026,1.932387,0.7599944,0.9999987,0.8020781,0.99999547,1.937151e-06,3.5762787e-06,8.663535e-05,0.9999981
0.54151016,1.6579841,1.0218267,14.110421,57.69963,18.769842,0.00010549247,19.999193,0.053897653,312.1679,7.84532,172.59547,2.1299784,1.8200066,0.41000104,1.1900051,1.8947471,0.7599918,0.99999046,0.72833884,0.9999852,6.28829e-06,1.5348196e-05,0.00017657876,0.99999136
0.629808,1.657927,1.0338607,16.152088,57.69847,18.769114,0.00061356067,19.997345,0.06832018,311.6353,7.6914315,173.29153,2.1298974,1.8200171,0.410015,1.1900314,1.8938241,0.75993013,0.9999616,0.73824733,0.99988806,6.3717365e-05,8.136034e-05,0.00044855475,0.9999751
0.5767278,1.6579704,1.0237297,14.361827,57.699215,18.769753,0.000117246505,19.99912,0.056853674,311.9558,7.8921676,172.74083,2.1299832,1.8200066,0.41000244,1.1900069,1.9070548,0.7599855,0.9999911,0.7390461,0.99995905,9.357929e-06,3.1024218e-05,0.00014576316,0.99998224
0.5496295,1.6579659,1.022862,14.742633,57.699295,18.769745,0.00019599855,19.998415,0.060596377,311.74387,7.80411,172.69522,2.1299374,1.8200098,0.41000372,1.1900089,1.9047921,0.7599847,0.9999844,0.78417915,0.99992156,1.5050173e-05,5.364418e-05,0.00027155876,0.9999875
0.5085253,1.657998,1.0202435,9.450722,57.69993,18.769964,2.1744967e-05,19.999819,0.050715163,312.58554,8.06681,172.34645,2.1299906,1.8200011,0.41000068,1.1900017,1.9401178,0.7599988,0.99999785,0.8023673,0.9999937,2.3841858e-06,6.7949295e-06,4.1157007e-05,0.9999975
0.7995023,1.6578423,1.0328102,18.247438,57.696915,18.768366,0.00114308,19.9942,0.07960788,311.78012,7.830455,173.13226,2.1298292,1.8200543,0.4100149,1.1900339,1.8902941,0.7599092,0.999928,0.7355267,0.9998596,6.619096e-05,0.00023150444,0.00066524744,0.9999148
0.5319699,1.6579766,1.0212559,13.508747,57.699585,18.769768,0.00010196626,19.999233,0.052145496,312.05112,7.81513,172.67133,2.129985,1.8200048,0.41000238,1.1900042,1.9319112,0.75998586,0.99998975,0.756619,0.99997747,1.0728836e-05,1.7046928e-05,0.00010386109,0.9999924
0.5323759,1.657989,1.0206926,13.542594,57.699833,18.769842,0.00010108471,19.999413,0.0520263,312.21057,8.110646,172.46208,2.1299932,1.820003,0.41000065,1.1900027,1.9183966,0.7599912,0.99999607,0.747033,0.99998945,2.6524067e-06,5.841255e-06,5.2005053e-05,0.99999577
0.5585608,1.6579871,1.0219866,14.474119,57.699795,18.769894,9.87339e-05,19.999441,0.054481708,312.12222,7.8078814,172.48817,2.1299841,1.8200033,0.41000333,1.1900069,1.9118828,0.7599935,0.99999404,0.77274513,0.99998415,1.1920929e-05,1.3917685e-05,9.429455e-05,0.99998736
0.59682316,1.6579746,1.0212559,13.445875,57.69963,18.7697,0.00018659532,19.99892,0.052324288,312.21854,7.7774224,172.62988,2.129963,1.8200057,0.4100019,1.190012,1.9092131,0.7599868,0.99998534,0.7775279,0.99997866,1.2129545e-05,1.8000603e-05,0.00032174587,0.99998814
0.53542066,1.6579893,1.021568,12.987253,57.699768,18.769905,9.608924e-05,19.999083,0.05648417,312.40796,7.8126974,172.38205,2.129982,1.8200054,0.41000155,1.1900055,1.9144086,0.75999165,0.9999946,0.7653022,0.99998623,5.0365925e-06,1.1920929e-05,0.000104904175,0.9999935
0.69780755,1.6578658,1.0263404,15.427112,57.698223,18.769331,0.0012224198,19.996729,0.065399915,311.50665,7.7244406,173.38988,2.1298583,1.820028,0.41001132,1.1900238,1.9029454,0.7599167,0.9999251,0.7086177,0.9999068,3.877282e-05,8.46684e-05,0.000510931,0.99993914
0.5432355,1.6579803,1.0235469,14.934657,57.69943,18.769695,0.00016073644,19.999292,0.058748864,311.73865,7.677111,172.8264,2.129963,1.8200072,0.41000232,1.1900102,1.9080455,0.759974,0.99998146,0.739463,0.99995923,1.013279e-05,2.387166e-05,0.00020775199,0.9999819
0.6351871,1.6579622,1.0238134,15.561218,57.699234,18.769619,0.00021568657,19.998747,0.057199337,312.0001,7.7884774,172.90555,2.129969,1.8200144,0.41000584,1.1900096,1.9113694,0.7599623,0.99997807,0.7481877,0.9999429,2.5629997e-05,3.72231e-05,0.00017887354,0.9999828
0.54435194,1.6579835,1.0234709,14.3994,57.69963,18.76976,0.0001783675,19.999489,0.05922564,311.97656,7.871231,172.62112,2.1299675,1.820006,0.4100014,1.1900041,1.9096749,0.75999135,0.9999874,0.76685214,0.99996746,1.3440847e-05,3.3587217e-05,0.00016739964,0.9999913
0.5444534,1.6579751,1.0228314,14.233018,57.699337,18.76984,0.00010931253,19.999462,0.05882038,311.6223,7.8778534,172.67294,2.1299868,1.820009,0.41000557,1.190005,1.9133954,0.7599901,0.9999843,0.7583938,0.9999745,1.2814999e-05,2.7090311e-05,0.000115185976,0.99999124
0.52395207,1.6579914,1.0231359,16.057333,57.699673,18.76982,0.0001645565,19.999598,0.053206325,312.1529,7.866446,172.55536,2.129988,1.8200033,0.41000074,1.1900035,1.9129307,0.7599863,0.99999523,0.7452941,0.9999852,4.827976e-06,9.983778e-06,9.5933676e-05,0.999996
0.67659575,1.657916,1.0343097,16.003813,57.697697,18.768389,0.0010226012,19.996933,0.068129465,311.87793,7.6808076,173.07835,2.1299212,1.8200266,0.4100139,1.1900188,1.8842655,0.75992525,0.9999701,0.7328088,0.9999299,3.811717e-05,0.00011026859,0.00069868565,0.999961
0.51796407,1.6579924,1.0205251,13.284427,57.69985,18.769865,7.316887e-05,19.999836,0.05140649,312.60202,7.8373585,172.40018,2.129989,1.8200015,0.41000032,1.1900024,1.9115132,0.7599972,0.99999464,0.7772661,0.9999958,4.4703484e-06,5.0365925e-06,7.95722e-05,0.99999416
0.51309246,1.657995,1.0206773,12.306129,57.69993,18.769934,2.938509e-05,19.99987,0.051585283,312.31934,7.710911,172.46404,2.129991,1.8200012,0.4100003,1.1900023,1.9030383,0.7599983,0.9999983,0.7579975,0.99999297,2.3841858e-06,2.9802322e-06,2.9623508e-05,0.9999985
0.672739,1.6578721,1.033853,17.457832,57.69835,18.768885,0.00119039,19.996132,0.08077599,311.8438,7.876337,173.03506,2.1299155,1.8200324,0.41002393,1.190031,1.8805133,0.75995535,0.9999528,0.7549004,0.9998574,6.559491e-05,0.00021401048,0.0008020401,0.99995375
0.73749083,1.6579037,1.029347,16.476843,57.698505,18.768269,0.00047780157,19.997667,0.072766125,311.72174,7.940179,172.89479,2.1299024,1.8200341,0.41001186,1.190024,1.911306,0.75997806,0.9999385,0.71153414,0.9999219,8.440018e-05,9.2059374e-05,0.00063568354,0.9999585
0.75443995,1.657955,1.0306486,18.967777,57.697845,18.76929,0.00046986758,19.997225,0.0694406,311.7726,7.9632063,173.34679,2.1299338,1.8200171,0.4100105,1.1900162,1.8978812,0.759978,0.9999232,0.7250519,0.9998612,5.340576e-05,8.7469816e-05,0.00047305226,0.9999732
0.6297065,1.6579683,1.0264775,15.486696,57.699207,18.769308,0.00070230366,19.998383,0.057270855,312.2744,7.8424044,172.59256,2.129968,1.8200104,0.4100065,1.1900244,1.8978498,0.7599668,0.9999832,0.771968,0.9999462,2.5838614e-05,2.5987625e-05,0.0002860725,0.99998546
0.53511614,1.657983,1.0214005,15.316068,57.699768,18.769768,6.9054964e-05,19.99931,0.05462474,312.1353,7.8657823,172.75777,2.1299918,1.8200036,0.41000146,1.190004,1.9241173,0.7599941,0.99999416,0.7784245,0.99998623,7.867813e-06,1.8507242e-05,0.0001514852,0.999995
0.5278087,1.657991,1.0204794,12.103293,57.699894,18.769941,3.5262106e-05,19.999609,0.051573362,312.51807,7.928142,172.35016,2.1299882,1.8200024,0.4100009,1.1900032,1.9101061,0.75999755,0.9999963,0.78270245,0.99999344,8.612871e-06,9.059906e-06,7.5399876e-05,0.9999957
0.5194864,1.6579896,1.0211112,12.756887,57.699802,18.769867,0.00015691639,19.999552,0.051573362,312.06714,7.9222207,172.61139,2.1299891,1.8200023,0.41000116,1.1900035,1.9200567,0.75998676,0.99999535,0.80048895,0.99999034,3.8444996e-06,8.612871e-06,5.3346157e-05,0.9999965
0.7126253,1.6578909,1.0332745,15.011842,57.69848,18.76925,0.0013887393,19.9966,0.06801027,311.69427,7.56797,173.75008,2.1299098,1.8200222,0.410018,1.1900465,1.8895949,0.75990015,0.9999698,0.7462717,0.99987984,4.6908855e-05,7.560849e-05,0.00048556924,0.999959
0.63437515,1.6579468,1.0242015,14.834997,57.69948,18.769506,0.0007684201,19.997852,0.059738178,311.33536,7.606492,172.86058,2.129915,1.8200165,0.4100108,1.1900182,1.8832753,0.7599498,0.99998456,0.7397653,0.99995744,2.5212765e-05,5.865097e-05,0.00030982494,0.9999771
0.5175581,1.6579963,1.0207078,15.436283,57.699867,18.769836,0.00023478687,19.99947,0.051036987,312.71695,8.138812,172.46371,2.129993,1.8200012,0.41000053,1.1900033,1.9201027,0.7599925,0.9999949,0.7617192,0.9999894,3.4570694e-06,6.377697e-06,0.00020188093,0.99999565
0.5337968,1.6579722,1.0215832,13.907395,57.69962,18.76982,0.000106667874,19.999403,0.054076444,311.80908,7.808525,172.83405,2.1299794,1.8200052,0.41000348,1.1900053,1.9030573,0.7599906,0.9999887,0.7740658,0.9999777,1.41859055e-05,1.9520521e-05,0.00016209483,0.99999267
0.50334924,1.6579992,1.0201522,12.485261,57.69998,18.769989,2.6446582e-05,19.99996,0.05019071,312.8293,7.9211955,172.33774,2.1299987,1.8200003,0.4100001,1.1900003,1.9367207,0.7599991,0.9999995,0.7446349,0.9999993,2.682209e-07,7.748604e-07,1.6003847e-05,0.99999964
0.5072059,1.6579946,1.0204718,14.074204,57.69989,18.769949,3.908217e-05,19.999832,0.050893955,312.39316,8.015178,172.413,2.1299965,1.8200006,0.4100006,1.1900016,1.9232745,0.7599978,0.9999957,0.77469164,0.9999941,2.503395e-06,8.702278e-06,4.9978495e-05,0.99999774
0.5404952,1.6579719,1.0229304,14.443184,57.69964,18.76984,0.0002280283,19.998764,0.055590212,311.39142,7.6424155,172.92323,2.129963,1.8200058,0.41000414,1.1900089,1.8959091,0.75998473,0.9999717,0.7341685,0.9999596,1.2010336e-05,2.9563904e-05,0.00032147765,0.9999851
0.79422474,1.6578623,1.0303593,17.408003,57.698288,18.768896,0.0006605768,19.997425,0.07609165,311.3578,7.6752324,173.1306,2.1299016,1.8200443,0.4100096,1.1900307,1.8921251,0.7599107,0.9999311,0.72824275,0.9999042,3.477931e-05,9.498e-05,0.00048595667,0.99992514
0.506191,1.6579965,1.0204567,12.334057,57.699955,18.769976,4.613459e-05,19.99989,0.051299214,312.35312,8.090652,172.36122,2.1299949,1.8200006,0.41000053,1.1900007,1.9231261,0.7599984,0.9999984,0.67608166,0.999992,1.6391277e-06,6.1690807e-06,3.516674e-05,0.9999983
0.5457728,1.6579809,1.021941,14.08567,57.699715,18.769741,0.00012694359,19.999357,0.054553222,312.19937,7.877671,172.47949,2.1299834,1.820003,0.4100018,1.1900064,1.8984638,0.7599911,0.9999937,0.7766208,0.9999771,9.506941e-06,1.8566847e-05,0.00020927191,0.9999937
0.5097432,1.657993,1.0210351,13.203817,57.69992,18.769949,0.00012841284,19.999681,0.052145496,312.15195,7.81334,172.53857,2.1299858,1.8200029,0.41000068,1.1900028,1.9132221,0.75999415,0.99999684,0.7499157,0.9999875,1.9669533e-06,1.0311604e-05,4.4822693e-05,0.9999958
0.52395207,1.6579928,1.0213777,15.58844,57.699875,18.76992,8.7861416e-05,19.999683,0.051764075,312.18832,8.062112,172.46358,2.12999,1.8200023,0.41000062,1.190003,1.9009687,0.75999504,0.9999952,0.7815908,0.99998856,4.3809414e-06,1.2099743e-05,5.6773424e-05,0.9999954
0.50162387,1.6579993,1.0201066,10.681017,57.699978,18.769981,5.583167e-06,19.999968,0.050297983,312.76547,7.604448,172.26884,2.129999,1.82,0.41000006,1.1900003,1.9197695,0.7599997,0.9999994,0.7545591,0.99999934,6.2584877e-07,3.2782555e-07,7.748604e-06,0.99999964
0.52009535,1.6579959,1.022565,16.54404,57.699787,18.769903,4.4959186e-05,19.999842,0.056686804,312.57446,8.214601,172.34431,2.12999,1.8200048,0.41000074,1.190003,1.9149836,0.75999236,0.9999958,0.7677576,0.99999225,3.1888485e-06,7.5399876e-06,7.349253e-05,0.99999595
0.5925605,1.6579598,1.0225117,15.188244,57.6994,18.76955,0.00048367857,19.998901,0.057664197,311.8423,7.955761,172.60284,2.1299229,1.8200135,0.41000342,1.1900111,1.9067152,0.75995237,0.9999789,0.77229774,0.99997413,1.3619661e-05,2.631545e-05,0.00022932887,0.9999833
0.5271998,1.6579857,1.0205556,13.786132,57.699814,18.769869,0.00010931253,19.999527,0.051382653,312.5041,7.8420553,172.54283,2.1299865,1.8200018,0.41000077,1.1900046,1.907996,0.7599953,0.9999947,0.8008479,0.99999183,4.7385693e-06,5.3048134e-06,0.00013363361,0.9999941
0.54617876,1.6579794,1.0217278,15.361506,57.699543,18.769836,0.000147807,19.999437,0.052944098,312.2516,7.874114,172.81497,2.1299727,1.8200039,0.41000262,1.1900042,1.9167039,0.759993,0.9999906,0.7274172,0.999982,1.4394522e-05,1.6838312e-05,8.031726e-05,0.99999213
0.5218207,1.6579912,1.0209057,11.166128,57.69974,18.769903,5.847633e-05,19.999502,0.052598435,312.33966,7.8966517,172.42941,2.1299882,1.8200027,0.41000077,1.1900038,1.9315857,0.7599916,0.9999965,0.7987286,0.9999878,3.0994415e-06,9.23872e-06,0.00013688207,0.9999971
0.5475997,1.6579784,1.0214614,14.659999,57.699795,18.76975,0.00018571377,19.999514,0.052836824,312.1708,7.9880805,172.73083,2.1299808,1.8200033,0.41000104,1.1900043,1.9148074,0.75999206,0.9999912,0.76149374,0.99998486,7.212162e-06,1.2367964e-05,0.00011456013,0.9999938
0.51664466,1.6579863,1.0218877,14.029185,57.69976,18.769894,9.050607e-05,19.999275,0.05441019,312.72406,8.099598,172.57787,2.1299894,1.8200058,0.41000202,1.1900054,1.9202224,0.759989,0.99999285,0.7293495,0.99998295,8.374453e-06,1.1622906e-05,0.00020188093,0.9999939
0.55267423,1.6579796,1.0217354,14.737789,57.699795,18.769764,0.00015339017,19.999384,0.05355199,311.72144,7.6263704,172.41772,2.1299725,1.82001,0.41000256,1.190005,1.906,0.75998914,0.99998426,0.71862644,0.99997246,7.5399876e-06,1.0669231e-05,0.00014296174,0.9999876
0.5308535,1.6579845,1.0210199,14.5736265,57.69978,18.769848,9.315074e-05,19.999609,0.052109737,312.2108,7.9471884,172.86043,2.1299794,1.8200047,0.41000223,1.1900064,1.9259537,0.7599929,0.99999297,0.78578085,0.9999878,6.2286854e-06,1.8030405e-05,0.00013795495,0.9999841
0.549325,1.6579863,1.0215223,13.224049,57.699726,18.769844,9.81462e-05,19.999722,0.054112203,312.24695,7.949264,172.51646,2.1299777,1.8200068,0.41000116,1.1900035,1.9259986,0.75999594,0.9999945,0.7906716,0.9999887,3.3676624e-06,9.030104e-06,5.7697296e-05,0.99999166
0.54973096,1.6579888,1.0224966,13.815453,57.699795,18.76982,0.00023449301,19.999245,0.05332552,311.9234,7.7983274,172.48627,2.129966,1.8200039,0.41000128,1.1900042,1.8992281,0.7599914,0.9999919,0.78445137,0.9999654,6.1690807e-06,1.66893e-05,6.8992376e-05,0.9999937
0.512585,1.657994,1.0213168,13.654604,57.699917,18.769943,7.7282784e-05,19.999552,0.051656798,312.23605,7.7879133,172.38002,2.1299899,1.8200024,0.4100019,1.1900023,1.9124526,0.7599971,0.99999595,0.7470441,0.9999876,4.8577785e-06,7.897615e-06,0.000108897686,0.9999973
0.5264894,1.6579831,1.0216289,12.236225,57.699646,18.769863,0.00012488663,19.999655,0.05379038,312.12488,7.889641,172.39404,2.1299937,1.8200042,0.41000256,1.1900027,1.9248648,0.75999314,0.999993,0.78122216,0.9999825,9.387732e-06,1.3798475e-05,0.00010338426,0.9999964
0.5172536,1.6579888,1.0206317,13.446713,57.699814,18.76994,4.2902233e-05,19.999578,0.051573362,312.14923,7.512306,172.51538,2.129986,1.8200012,0.41000184,1.190002,1.9122728,0.7599966,0.99999416,0.7948474,0.99998677,8.5532665e-06,1.1354685e-05,3.5852194e-05,0.999995
0.51410735,1.657993,1.0203196,12.045189,57.699883,18.769953,4.4077635e-05,19.99975,0.050929714,312.59875,8.072634,172.34833,2.1299956,1.8200015,0.41000074,1.190001,1.9230343,0.75999856,0.99999666,0.8091348,0.99999356,2.3543835e-06,7.7188015e-06,0.000107854605,0.9999964
1.1148374,1.6578028,1.0500429,19.219723,57.693222,18.76695,0.002122485,19.992525,0.12390052,310.79016,7.614945,173.72282,2.129801,1.8200902,0.41002393,1.1900687,1.8695549,0.75981295,0.99986446,0.71384835,0.99972117,0.0001052022,0.00022679567,0.0015355349,0.999864
1.2481976,1.6577357,1.0502408,19.162624,57.69103,18.765362,0.002497145,19.988754,0.1093588,310.64355,7.7050743,173.92265,2.129615,1.8200983,0.41001964,1.1900775,1.8836534,0.7598125,0.9997814,0.7079393,0.9996811,0.00014531612,0.00021979213,0.0010583401,0.9997996
0.55267423,1.657967,1.0214766,14.25593,57.699688,18.76976,0.00031853438,19.9986,0.055983555,312.17868,7.963741,172.68266,2.129977,1.820007,0.41000777,1.1900091,1.908576,0.75998497,0.99999297,0.77301896,0.99997514,1.31726265e-05,3.4213066e-05,0.00037574768,0.99998677
0.5801785,1.6579697,1.0221388,13.261445,57.699165,18.769842,0.00013869762,19.999283,0.057485405,312.2647,7.8788633,172.48929,2.12998,1.8200063,0.41000292,1.1900074,1.91313,0.7599875,0.99999034,0.7654195,0.99997354,1.3619661e-05,2.682209e-05,0.00013357401,0.99998987
0.5386684,1.657982,1.02137,13.119551,57.6996,18.769674,0.00011107564,19.999376,0.052169334,312.33374,7.959863,172.60191,2.129976,1.820005,0.41000137,1.1900054,1.9137335,0.75999033,0.9999848,0.7654347,0.99997056,9.5665455e-06,2.43783e-05,9.122491e-05,0.99999106
0.5174566,1.6579772,1.0215147,14.314114,57.69969,18.769882,0.00022832215,19.99954,0.056627207,311.90103,8.037134,172.54918,2.1299865,1.820006,0.41000256,1.190006,1.918804,0.7599865,0.99999213,0.69092184,0.99998546,8.910894e-06,1.4424324e-05,0.00012865663,0.9999931
0.6278797,1.6579497,1.0252671,15.625015,57.699013,18.76939,0.0003244114,19.998344,0.066377304,311.56757,7.7879815,172.89355,2.12994,1.820011,0.4100045,1.1900127,1.8961953,0.7599851,0.99997246,0.7537527,0.9999589,2.8282404e-05,4.824996e-05,0.0003375113,0.9999872
0.50639397,1.657993,1.0206546,12.648669,57.699883,18.769953,8.433521e-05,19.999756,0.051144265,312.50238,7.9225855,172.49886,2.129995,1.8200006,0.41000062,1.1900021,1.9006763,0.7599964,0.99999726,0.8047993,0.999995,1.847744e-06,7.3611736e-06,5.096197e-05,0.9999975
0.50639397,1.6579971,1.020137,11.201523,57.69998,18.769968,3.4086705e-05,19.99989,0.0503695,312.6786,8.14679,172.37854,2.1299908,1.8200005,0.41000015,1.1900015,1.9302813,0.7599982,0.99999917,0.7817515,0.99999726,1.8775463e-06,1.4603138e-06,2.9325485e-05,0.9999993
0.5109611,1.6579974,1.0202206,12.55841,57.69997,18.769957,3.584981e-05,19.999676,0.050476775,312.44016,8.006362,172.33151,2.1299963,1.8200005,0.41000032,1.1900016,1.9260068,0.7599976,0.99999857,0.7898021,0.999997,1.6391277e-06,2.592802e-06,4.7415495e-05,0.9999982
0.5207043,1.6579906,1.0207382,12.9310055,57.699867,18.769869,6.288409e-05,19.99947,0.05121578,312.6549,7.845744,172.56096,2.1299875,1.8200029,0.4100009,1.1900023,1.9077327,0.75999665,0.9999962,0.76176107,0.99999404,7.4505806e-06,9.000301e-06,5.2005053e-05,0.9999955
0.55287725,1.6579893,1.0222454,13.348436,57.699688,18.769882,9.7264645e-05,19.999529,0.054922726,312.2776,7.9183903,172.58492,2.1299691,1.8200076,0.41000283,1.1900046,1.9074836,0.7599928,0.99999124,0.7537689,0.999976,1.0609627e-05,3.0308962e-05,0.0001449883,0.99998534
0.59976643,1.6579055,1.0235546,15.43838,57.697426,18.76943,0.0005289316,19.99778,0.068642,311.73694,7.7805514,173.1584,2.1299639,1.8200209,0.41001147,1.190009,1.8998418,0.75996554,0.99993515,0.7533588,0.9999196,5.9366226e-05,0.00012525916,0.0005348921,0.99996424
0.64026165,1.6578768,1.0279921,17.057652,57.698593,18.769482,0.0006338364,19.998018,0.0707875,312.1087,7.9387164,172.92409,2.1298947,1.8200557,0.4100143,1.1900198,1.8992447,0.75994897,0.9999527,0.7004061,0.9999181,3.838539e-05,0.000102669,0.00069513917,0.9999273
0.57155174,1.6579612,1.0238438,14.195892,57.69956,18.769756,0.0002765137,19.99924,0.05500616,312.06876,7.884502,172.50822,2.129937,1.8200129,0.41000277,1.1900094,1.8944484,0.75999,0.9999824,0.76207876,0.999969,1.847744e-05,2.5719404e-05,0.00023001432,0.9999851
0.67517483,1.6579703,1.0235165,13.821124,57.69933,18.769684,0.00015015781,19.998919,0.05395725,311.50555,7.7954836,172.51643,2.1299553,1.820011,0.4100048,1.1900115,1.9006721,0.75997645,0.999981,0.75001335,0.99995154,2.2232533e-05,2.0951033e-05,0.00014826655,0.99998534
0.55998164,1.6579578,1.0250388,17.568207,57.699314,18.76954,0.00012136042,19.999147,0.058129054,311.74866,7.7952056,172.7814,2.1299438,1.8200157,0.41000423,1.190009,1.8865819,0.75998104,0.99998593,0.74195576,0.9999621,2.7507544e-05,4.029274e-05,0.00035902858,0.99998605
0.6206738,1.6579337,1.0259598,14.237904,57.69895,18.76948,0.00048132776,19.998363,0.07263501,311.42487,7.8009114,173.19276,2.1299257,1.8200324,0.41001168,1.1900234,1.9063301,0.7599578,0.99994826,0.72712517,0.9999118,3.1858683e-05,6.3329935e-05,0.00041669607,0.9999598
0.6606615,1.65791,1.0261273,15.208327,57.698513,18.769098,0.0004346055,19.997837,0.06579325,311.49435,7.9769096,173.17436,2.1298804,1.82003,0.41001013,1.1900212,1.8958931,0.7599608,0.99995244,0.7499736,0.99991035,6.252527e-05,0.00015473366,0.0003784895,0.99995047
0.5573429,1.6579859,1.0211493,13.529431,57.699715,18.769827,0.00019306004,19.999374,0.054684337,312.30844,8.036631,172.54604,2.1299782,1.820003,0.41000128,1.1900051,1.925611,0.75999385,0.9999872,0.74844503,0.99997354,9.804964e-06,2.5361776e-05,0.00011906028,0.9999934
0.51116407,1.6579902,1.0208601,15.557138,57.699802,18.769958,7.493198e-05,19.999674,0.051525686,312.4187,7.9906344,172.45804,2.1299887,1.8200012,0.41000125,1.1900027,1.906535,0.7599969,0.9999916,0.73280126,0.9999813,3.3080578e-06,1.2934208e-05,7.0780516e-05,0.99999213
0.62047076,1.6579376,1.0270026,17.72281,57.698963,18.76927,0.00032382368,19.997814,0.06292067,311.68564,7.836854,172.94205,2.1299357,1.8200161,0.41000742,1.1900207,1.896403,0.7599568,0.9999782,0.7687563,0.9999345,3.7252903e-05,4.300475e-05,0.00028082728,0.9999672
0.54151016,1.6579853,1.0236306,16.52437,57.699726,18.769558,0.00017337203,19.999186,0.054040685,312.0134,7.853123,172.88577,2.1299772,1.8200057,0.41000405,1.1900066,1.9090947,0.75998724,0.99999017,0.7841093,0.9999627,1.7225742e-05,3.8415194e-05,0.0003476739,0.99999213
0.5040597,1.6579952,1.0202512,11.935694,57.69995,18.769983,3.3205153e-05,19.999855,0.050667487,312.6985,7.9564724,172.4608,2.129996,1.8200009,0.41000086,1.190001,1.9302189,0.7599974,0.9999971,0.73978287,0.99999374,1.66893e-06,5.9604645e-06,2.1755695e-05,0.9999988
0.52750427,1.6579875,1.021941,15.703875,57.69954,18.769903,0.00017337203,19.999193,0.055351824,312.11673,7.665172,172.66571,2.1299813,1.8200029,0.4100017,1.1900064,1.9021564,0.7599896,0.999995,0.7785059,0.9999833,1.475215e-05,1.9520521e-05,0.0002143383,0.9999957
0.54851305,1.6579784,1.023037,15.360974,57.699665,18.769756,0.00019364775,19.999186,0.053897653,312.05457,7.748656,172.63754,2.1299806,1.8200057,0.41000238,1.190006,1.9152114,0.75998574,0.9999887,0.76606846,0.99997115,7.7188015e-06,2.6404858e-05,0.00013360381,0.9999943
0.52080584,1.6579944,1.0203881,11.471354,57.699863,18.769955,8.8449124e-05,19.999767,0.05227661,312.274,7.7722316,172.47517,2.1299899,1.8200023,0.41000143,1.1900021,1.9230243,0.75999504,0.9999968,0.76572365,0.9999924,2.7418137e-06,6.2286854e-06,6.16014e-05,0.9999966
0.5048716,1.6579971,1.0203577,12.079878,57.69998,18.769981,3.0266643e-05,19.999863,0.050822437,312.87454,8.171081,172.35524,2.129998,1.8200021,0.41000065,1.1900008,1.934084,0.75999886,0.99999905,0.77502793,0.9999963,1.7881393e-06,4.8577785e-06,8.833408e-05,0.9999995
0.53521764,1.6579902,1.0215603,15.833638,57.699707,18.769718,0.00010167241,19.999569,0.053885736,312.37302,7.8991756,172.5977,2.1299818,1.8200041,0.4100017,1.1900041,1.906765,0.7599851,0.9999925,0.7659905,0.9999876,1.2397766e-05,2.0742416e-05,0.00014957786,0.9999936
0.5101492,1.6579938,1.0207992,14.085322,57.699917,18.76998,3.1442047e-05,19.99979,0.051489927,312.42477,7.7591147,172.37581,2.1299946,1.8200011,0.4100011,1.190001,1.9110422,0.75999856,0.9999973,0.78660595,0.99999285,4.4107437e-06,8.612871e-06,2.9921532e-05,0.9999952
0.51045364,1.6579946,1.0210884,12.879462,57.699917,18.769945,4.4371485e-05,19.9996,0.05188327,312.14822,7.770451,172.64746,2.1299849,1.8200029,0.41000077,1.1900017,1.9133984,0.7599947,0.9999955,0.7199904,0.9999888,2.861023e-06,5.185604e-06,9.253621e-05,0.99999785
0.52496696,1.6579831,1.0217049,14.710062,57.699806,18.769913,9.138763e-05,19.99925,0.05293218,311.72913,7.854745,172.55731,2.1299915,1.8200027,0.4100009,1.1900041,1.9130222,0.75999177,0.99999475,0.77114123,0.9999817,3.4868717e-06,1.6510487e-05,9.673834e-05,0.99999577
0.5222267,1.6579963,1.0205708,9.817928,57.699955,18.769928,5.818248e-05,19.99975,0.05081052,312.40845,7.990468,172.39665,2.1299856,1.8200012,0.41000053,1.1900026,1.9396858,0.7599974,0.9999967,0.7734792,0.99998623,4.3809414e-06,4.7385693e-06,8.559227e-05,0.9999949
0.5346087,1.6579857,1.0220703,13.636883,57.699665,18.769775,0.00022009433,19.999107,0.054672416,311.9397,7.736357,172.51076,2.1299653,1.8200063,0.41000283,1.1900083,1.9132544,0.75998527,0.9999851,0.7395004,0.99996865,1.3053417e-05,2.5600195e-05,0.00018322468,0.99999285
0.524561,1.6579869,1.0209057,14.485741,57.699795,18.769905,0.00013517142,19.999445,0.05225277,312.66797,8.118687,172.6528,2.1299944,1.8200036,0.4100018,1.1900045,1.9079589,0.7599898,0.9999937,0.7598746,0.99998736,6.1392784e-06,1.4990568e-05,0.00012269616,0.9999968
0.5566324,1.6579682,1.0239884,15.381358,57.699337,18.769764,0.00020716488,19.999273,0.05922564,311.89355,7.8945317,172.59032,2.1299577,1.8200076,0.41000554,1.1900074,1.901278,0.7599837,0.99998105,0.7737441,0.9999474,1.001358e-05,4.0084124e-05,0.00017499924,0.9999892
0.55703837,1.6579616,1.0216973,13.716045,57.69964,18.769705,0.0003631997,19.998714,0.053647347,312.29184,7.896353,172.55074,2.1299686,1.82001,0.41000417,1.1900109,1.9041749,0.759959,0.99999005,0.7739439,0.99997234,1.001358e-05,2.5480986e-05,0.00015977025,0.9999866
0.55825627,1.6579703,1.0236688,15.326719,57.699356,18.769775,0.00033675312,19.998554,0.05656761,311.9843,7.7404475,172.59183,2.1299336,1.8200114,0.41000658,1.1900078,1.9018896,0.75997615,0.99997914,0.76705575,0.99996996,2.3037195e-05,3.886223e-05,0.0002168417,0.99997795
0.5596772,1.6579865,1.020997,13.914949,57.699833,18.76986,0.00016602575,19.999454,0.05163296,312.6067,7.765212,172.3941,2.1299877,1.8200035,0.41000098,1.1900042,1.9111469,0.7599944,0.9999958,0.762226,0.99999106,5.841255e-06,7.0035458e-06,9.256601e-05,0.99999523
0.5221252,1.6579877,1.0213624,14.625173,57.699516,18.769728,0.00013605297,19.999517,0.053563908,312.2482,7.919624,172.78961,2.1299703,1.8200024,0.4100004,1.1900069,1.9162389,0.7599904,0.9999906,0.77956474,0.9999902,7.390976e-06,1.2934208e-05,0.00015980005,0.9999932
0.70795673,1.6579351,1.0310977,17.251013,57.698067,18.769306,0.0005935788,19.997942,0.07734319,311.7673,7.858602,172.99713,2.129914,1.8200266,0.41001144,1.1900202,1.8903105,0.7599604,0.9999732,0.7452364,0.9999126,7.1018934e-05,0.000113248825,0.0005633533,0.9999635
0.5146148,1.6579888,1.020548,13.497498,57.699944,18.769913,4.1139127e-05,19.99967,0.05097739,312.34253,8.085216,172.48553,2.1299837,1.8200018,0.41000068,1.1900034,1.9205279,0.759993,0.9999967,0.75106794,0.99999,2.8908253e-06,3.6656857e-06,8.311868e-05,0.9999975
0.6621839,1.6579411,1.027916,15.863059,57.69854,18.76941,0.00058858335,19.99718,0.06603164,311.70636,7.8458023,172.7185,2.1299632,1.8200177,0.41000673,1.190016,1.9022938,0.7599813,0.99997497,0.7418694,0.999926,3.4809113e-05,8.0645084e-05,0.0004864633,0.9999801
0.52141476,1.6579947,1.0204718,13.438182,57.699917,18.769938,0.000109018685,19.999615,0.050965473,312.56302,7.9380765,172.36687,2.129989,1.8200011,0.410001,1.190002,1.9067872,0.7599973,0.9999973,0.7921739,0.9999964,3.963709e-06,5.841255e-06,5.030632e-05,0.99999756
0.5034507,1.6579957,1.0203121,11.049687,57.699978,18.769987,1.4986395e-05,19.99992,0.050691325,312.5626,7.96949,172.31433,2.129996,1.8200006,0.41000023,1.1900009,1.9217434,0.75999916,0.9999993,0.7903377,0.9999962,1.013279e-06,2.5331974e-06,2.965331e-05,0.9999994
0.59580827,1.6579667,1.0240189,13.458344,57.699463,18.769741,0.00014428078,19.999166,0.061466496,312.09546,7.6436195,172.54181,2.1299598,1.8200161,0.41000366,1.1900097,1.9190761,0.759976,0.999982,0.778764,0.99995285,1.3977289e-05,1.9937754e-05,0.000128299,0.99997264
0.5794681,1.6579756,1.0223444,13.779805,57.699276,18.769543,0.00021627426,19.99945,0.054219477,311.92377,7.8461647,172.63567,2.12998,1.8200072,0.41000304,1.1900053,1.9123725,0.75998306,0.999982,0.7415673,0.99997365,1.5884638e-05,3.0070543e-05,7.95722e-05,0.9999869
0.5901247,1.6579688,1.0256325,16.459162,57.698784,18.769615,0.0002644658,19.99868,0.058355525,311.7943,7.9132075,172.62282,2.1299481,1.8200126,0.41000354,1.1900064,1.9138865,0.75998276,0.99997735,0.7363459,0.9999475,2.4855137e-05,3.2633543e-05,0.00020980835,0.99998057
0.5336953,1.6579893,1.0206469,12.615142,57.69992,18.76992,8.697987e-05,19.999355,0.05146609,312.66095,7.9393854,172.33229,2.1299937,1.8200027,0.410001,1.1900036,1.9296457,0.7599961,0.9999961,0.73169255,0.99999213,4.142523e-06,5.632639e-06,6.189942e-05,0.9999972
0.5240536,1.6579661,1.0226032,17.127247,57.69956,18.769928,0.00012811899,19.999546,0.057294693,311.7911,7.883234,172.72763,2.1299698,1.8200082,0.41000324,1.1900085,1.8996668,0.75998837,0.9999917,0.7641251,0.9999707,7.4207783e-06,2.3424625e-05,0.00014197826,0.99998605
0.50162387,1.6579998,1.0200684,10.070515,57.69999,18.76998,3.8200615e-06,19.999968,0.050238386,312.77655,8.073052,172.2947,2.129999,1.8200003,0.4100001,1.1900002,1.9316988,0.7599994,0.9999993,0.79744315,0.9999982,6.854534e-07,1.7285347e-06,1.9609928e-05,0.99999976
0.5148178,1.6579914,1.0210807,12.945358,57.6999,18.769966,4.96608e-05,19.999702,0.05164488,312.5918,7.893976,172.52025,2.1299913,1.8200012,0.41000175,1.1900024,1.9329706,0.7599956,0.99999785,0.7700062,0.99999,3.33786e-06,1.6331673e-05,3.683567e-05,0.9999968
0.5235461,1.6579894,1.0208448,14.017604,57.699833,18.76989,6.817341e-05,19.999624,0.052312367,312.07965,7.987346,172.68185,2.1299775,1.8200074,0.41000196,1.1900047,1.9045745,0.75999314,0.99999046,0.75398636,0.9999784,9.179115e-06,2.1994114e-05,0.00022116303,0.9999943
0.5029433,1.6579975,1.0204262,12.94958,57.699963,18.769981,1.0284782e-05,19.999844,0.05081052,312.53006,7.990871,172.54892,2.1299944,1.8200012,0.4100003,1.1900004,1.9192128,0.75999856,0.99999905,0.79984605,0.9999963,8.6426735e-07,6.377697e-06,4.5895576e-05,0.99999857
0.50324774,1.6579969,1.0202055,11.849852,57.69999,18.769985,1.5574098e-05,19.999876,0.050691325,312.52954,8.045371,172.31375,2.1299942,1.8200006,0.41000032,1.190001,1.9111476,0.7599987,0.9999988,0.7918314,0.9999938,1.3113022e-06,1.9669533e-06,3.5703182e-05,0.9999989
0.5983456,1.6579273,1.026173,15.444762,57.699383,18.769512,0.0003723091,19.998753,0.06098972,311.7272,7.6153703,172.71083,2.1299658,1.82001,0.4100058,1.1900164,1.8812006,0.7599767,0.99998295,0.7168964,0.99996066,2.2649765e-05,2.387166e-05,0.000323534,0.9999841
0.54678774,1.6579689,1.021743,15.705497,57.699505,18.769714,0.00016720116,19.99919,0.055339906,312.19418,7.7359543,172.77713,2.1299832,1.8200048,0.41000417,1.1900058,1.9077349,0.7599773,0.9999872,0.72874427,0.9999646,1.0639429e-05,1.9073486e-05,0.00013065338,0.9999913
0.506597,1.6579963,1.0202512,13.106001,57.699963,18.769953,2.3801922e-05,19.999632,0.050584048,312.42017,7.963,172.39886,2.1299949,1.8200006,0.4100002,1.1900014,1.9365572,0.75999814,0.99999917,0.8089694,0.9999957,1.5497208e-06,4.172325e-06,9.0390444e-05,0.99999917
0.53785646,1.6579896,1.022862,11.322384,57.69948,18.769814,9.050607e-05,19.999657,0.05567365,311.67688,7.842923,172.60063,2.1299822,1.820005,0.41000247,1.1900059,1.9325826,0.759991,0.99999195,0.791065,0.9999804,6.3180923e-06,2.1547079e-05,0.00013974309,0.9999949
0.5259819,1.6579922,1.0207002,12.916403,57.69991,18.769945,9.9027755e-05,19.999681,0.050905876,312.44592,7.9782524,172.47414,2.1299865,1.8200047,0.41000122,1.1900035,1.9103141,0.7599905,0.9999971,0.78873706,0.99999535,6.2584877e-06,8.404255e-06,9.793043e-05,0.9999945
0.555922,1.6579695,1.0221692,14.960261,57.69972,18.769798,9.550154e-05,19.999205,0.05375462,311.9654,7.791893,172.8335,2.1299784,1.8200064,0.41000307,1.1900082,1.9041698,0.7599837,0.9999787,0.7816352,0.9999633,1.7493963e-05,2.5987625e-05,0.00015193224,0.99998736
0.5126865,1.6579957,1.0207382,12.335369,57.699894,18.769943,0.00010402322,19.999712,0.050882034,312.6224,7.7715645,172.35591,2.1299927,1.8200012,0.41000143,1.1900017,1.9159566,0.75999534,0.9999981,0.80451095,0.99999493,2.503395e-06,4.142523e-06,4.261732e-05,0.99999833
0.52161777,1.6579932,1.0207535,17.470955,57.699776,18.76989,0.00012077272,19.99949,0.05183559,312.18622,7.7913885,172.68726,2.1299956,1.8200021,0.41000095,1.1900017,1.9322144,0.7599954,0.99999535,0.7058898,0.99999243,3.695488e-06,9.834766e-06,9.864569e-05,0.999998
0.5096417,1.6579947,1.0202968,12.505424,57.699917,18.769981,3.614366e-05,19.999662,0.050727084,312.68375,8.092648,172.33861,2.129992,1.8200006,0.41000065,1.190001,1.9334434,0.7599978,0.9999983,0.77906454,0.9999917,3.4570694e-06,9.4771385e-06,4.0233135e-05,0.9999989
0.5260834,1.6579841,1.0225117,15.81366,57.69966,18.769909,0.00014075458,19.999445,0.055220712,312.17834,7.663517,172.61378,2.1299882,1.820006,0.4100031,1.1900051,1.8912551,0.7599925,0.9999906,0.7322209,0.9999848,8.374453e-06,1.6361475e-05,0.00015252829,0.99999005
0.549528,1.6579809,1.0221007,13.355748,57.699627,18.769861,0.00010020316,19.99912,0.053909574,312.00894,7.676487,172.5656,2.1299727,1.8200063,0.41000623,1.1900055,1.9116124,0.7599852,0.9999852,0.7575166,0.9999597,1.5109777e-05,2.208352e-05,0.00011527538,0.9999862
0.6038261,1.6579736,1.0227021,14.157258,57.699455,18.769669,0.0002471286,19.998928,0.057723794,312.3691,7.850268,172.4621,2.1299672,1.820005,0.41000375,1.1900132,1.8945321,0.75998425,0.9999862,0.75381315,0.99995613,2.270937e-05,1.7285347e-05,0.00022923946,0.99998695
0.51897895,1.6579766,1.0205784,14.429606,57.699856,18.769928,7.816434e-05,19.999723,0.052789144,312.32526,7.7521505,172.45047,2.1299882,1.8200021,0.41000256,1.1900051,1.9146727,0.7599959,0.9999971,0.7678654,0.9999902,1.1116266e-05,1.1056662e-05,6.738305e-05,0.9999958
0.5445549,1.6579566,1.0231664,15.710594,57.6996,18.769882,0.0003279376,19.9987,0.054314833,311.88144,7.901149,172.85742,2.1299658,1.820006,0.41000387,1.1900071,1.9031458,0.75998676,0.99998474,0.75705206,0.9999636,9.179115e-06,2.1338463e-05,0.00014132261,0.9999906
0.50923574,1.6579888,1.022253,14.574438,57.6997,18.76983,8.169055e-05,19.99972,0.05524455,312.0848,7.948621,172.6241,2.129982,1.8200027,0.41000202,1.1900047,1.9120196,0.7599939,0.9999951,0.7827855,0.9999852,5.5134296e-06,1.6123056e-05,0.00014162064,0.99999446
0.5034507,1.6579963,1.0203729,13.047802,57.69989,18.769958,2.0569563e-05,19.9999,0.051311135,312.00717,7.8608146,172.48291,2.1299932,1.8200011,0.41000047,1.190001,1.9123313,0.7599973,0.99999666,0.7371768,0.9999927,1.6093254e-06,4.3809414e-06,6.726384e-05,0.99999803
0.5358266,1.6579849,1.0220017,13.303099,57.699646,18.76982,0.00018865228,19.998863,0.055971637,311.97278,7.614512,172.64415,2.1299875,1.8200057,0.4100038,1.1900079,1.9126091,0.7599809,0.99998814,0.73439664,0.99995923,9.924173e-06,1.8805265e-05,0.00012844801,0.99999654
0.52263266,1.6579877,1.0206926,13.647385,57.69976,18.769928,8.13967e-05,19.999538,0.053945333,312.24228,7.9302125,172.5096,2.1299903,1.8200021,0.41000217,1.1900052,1.9051074,0.75999564,0.9999941,0.7881949,0.99998534,7.0631504e-06,2.232194e-05,9.9390745e-05,0.99999344
0.51796407,1.6579908,1.0212178,14.524897,57.699768,18.769867,8.933067e-05,19.999561,0.05209782,312.0979,7.9323645,172.70009,2.1299849,1.820003,0.41000125,1.1900023,1.9175572,0.7599948,0.9999943,0.76908636,0.9999888,1.2218952e-05,1.9133091e-05,9.9658966e-05,0.99999577
0.5501369,1.6579766,1.022527,13.855238,57.699516,18.769695,0.00015162706,19.999155,0.05718742,311.9346,8.046172,172.7866,2.1299603,1.8200094,0.4100055,1.1900094,1.9020817,0.75997895,0.9999749,0.73640716,0.9999544,2.3007393e-05,6.058812e-05,0.00031912327,0.99997306
0.53054905,1.6579748,1.0218648,14.534062,57.699802,18.76995,6.934881e-05,19.999622,0.054898888,312.25485,7.8991523,172.48618,2.1299684,1.8200052,0.4100058,1.1900051,1.9146018,0.7599953,0.99998844,0.74585557,0.99997073,9.715557e-06,2.5898218e-05,8.368492e-05,0.9999887
0.5887038,1.6579508,1.023349,13.022996,57.698936,18.76958,0.0003908217,19.99652,0.06242005,312.25317,7.860654,172.76921,2.1299353,1.8200088,0.4100059,1.1900122,1.9125161,0.7599678,0.9999788,0.76205647,0.9999367,3.427267e-05,9.953976e-05,0.00038662553,0.9999821
0.65924066,1.657958,1.026386,15.240898,57.69939,18.76905,0.00039904952,19.998158,0.06165721,311.48004,7.8441176,172.86761,2.1299033,1.8200177,0.4100039,1.1900185,1.8981005,0.7599828,0.9999667,0.75074226,0.99994755,2.7358532e-05,4.8935413e-05,0.00048592687,0.999979
0.5035522,1.6579983,1.0201902,11.897592,57.69997,18.769985,1.8512606e-05,19.999863,0.05039334,312.7658,7.7035728,172.2614,2.1299975,1.8200003,0.41000023,1.1900004,1.9186584,0.75999916,0.9999993,0.78762233,0.9999981,1.1026859e-06,2.3543835e-06,1.7017126e-05,0.9999992
0.629808,1.6579673,1.0245898,16.40662,57.698944,18.769138,0.0005733031,19.998308,0.061728723,311.68567,7.843954,172.84746,2.1299658,1.8200175,0.41000554,1.1900188,1.8902726,0.75995505,0.9999769,0.75131184,0.9999621,3.913045e-05,4.3600798e-05,0.0003594458,0.9999685
0.71698946,1.6578988,1.0317522,17.05778,57.697865,18.76918,0.00046222747,19.9981,0.072849564,311.77527,7.7293277,173.29472,2.1299152,1.8200291,0.41001055,1.19002,1.8945544,0.7599231,0.9999418,0.7158834,0.9999279,4.068017e-05,7.376075e-05,0.0003373921,0.9999333
0.52922964,1.6579853,1.0214994,14.363628,57.699512,18.76985,0.00010020316,19.99957,0.05333744,311.88983,7.805698,172.57281,2.129983,1.8200036,0.41000184,1.1900043,1.900675,0.75998896,0.9999912,0.77360666,0.9999826,5.751848e-06,1.8894672e-05,6.2286854e-05,0.9999896
0.5041612,1.6579986,1.0202663,11.351307,57.699936,18.769981,2.2332668e-05,19.999851,0.050655566,312.50714,7.794218,172.44165,2.1299949,1.8200003,0.41000023,1.1900011,1.9182084,0.7599986,0.9999992,0.78927004,0.9999956,2.2947788e-06,4.2915344e-06,3.117323e-05,0.9999994
0.5505429,1.6579825,1.0214994,12.196401,57.699566,18.769794,0.00012841284,19.999565,0.054684337,312.28778,7.95399,172.43675,2.1299841,1.8200045,0.41000232,1.1900041,1.9119742,0.7599937,0.99999106,0.7685802,0.9999789,9.894371e-06,3.221631e-05,0.00017425418,0.99998045
0.65041083,1.6579373,1.0267057,15.164865,57.698936,18.769352,0.00040286957,19.99842,0.06337361,311.72076,7.7964296,172.89378,2.129946,1.8200159,0.41000822,1.1900146,1.9052964,0.7599691,0.99997795,0.74313605,0.99996114,3.4868717e-05,6.791949e-05,0.00042420626,0.99996483
0.51542675,1.6579827,1.022253,14.762535,57.699444,18.769861,8.492291e-05,19.99968,0.05479161,312.2438,8.007668,172.69669,2.1299634,1.820006,0.41000205,1.190005,1.924715,0.75999236,0.99999166,0.7497071,0.9999862,8.136034e-06,1.8954277e-05,0.00011026859,0.99999326
0.50578505,1.6579989,1.0203272,11.559524,57.699978,18.769976,2.7915836e-05,19.999918,0.050405256,312.64206,8.031067,172.26817,2.1299968,1.8200009,0.41000015,1.1900007,1.9197389,0.75999904,0.9999993,0.7708715,0.9999978,2.0563602e-06,1.4007092e-06,2.2023916e-05,0.9999988
0.90596724,1.6578348,1.0360681,19.914595,57.69782,18.76816,0.0012168366,19.994337,0.08076407,311.82706,7.735513,173.2969,2.1297696,1.820065,0.41001204,1.1900386,1.8879315,0.75993824,0.99991196,0.74990106,0.99984294,0.00012397766,0.00013494492,0.0012841821,0.999912
0.51167154,1.6579952,1.0203805,11.616401,57.6999,18.76989,0.00012018502,19.99979,0.050619807,312.6555,7.8539586,172.448,2.1299896,1.8200012,0.41000083,1.1900023,1.9206457,0.759998,0.99999833,0.77187496,0.999997,3.1888485e-06,5.6922436e-06,7.545948e-05,0.9999983
0.6066679,1.6579328,1.0254194,15.363745,57.69855,18.769272,0.0003123635,19.998491,0.06445827,311.4579,7.7602925,173.51784,2.129946,1.8200161,0.41000673,1.1900129,1.9048204,0.75997925,0.99997187,0.7849525,0.99994767,4.5865774e-05,7.6532364e-05,0.00031414628,0.9999873
0.586268,1.6579721,1.021743,14.659132,57.699627,18.76963,0.00018042445,19.99906,0.053635426,311.5748,7.9018598,173.06868,2.1299553,1.8200064,0.41000232,1.1900171,1.9217694,0.7599668,0.9999882,0.7474147,0.99997044,2.220273e-05,1.719594e-05,0.00016847253,0.9999849
0.50994617,1.657998,1.0203272,11.979094,57.699944,18.76993,3.820062e-05,19.999784,0.05060789,312.54703,7.646935,172.31815,2.1299932,1.8200006,0.41000035,1.190001,1.9130105,0.75999814,0.9999981,0.7665111,0.9999958,1.1324883e-06,3.2782555e-06,3.2186508e-05,0.9999987
0.5795696,1.657943,1.0236306,16.011927,57.69854,18.769428,0.00026123345,19.998844,0.06207439,312.09308,7.795434,172.6779,2.1299791,1.8200179,0.41001293,1.1900141,1.9033387,0.7599663,0.99996775,0.7330361,0.99996966,4.3034554e-05,3.758073e-05,0.00023165345,0.99997544
0.65528244,1.6579618,1.0285782,14.793976,57.69883,18.769125,0.00044253946,19.998213,0.062408134,311.2674,7.7730055,172.89952,2.1299217,1.8200171,0.41000688,1.1900222,1.8842008,0.75996315,0.99997103,0.7354786,0.99992883,3.9458275e-05,6.759167e-05,0.00034472346,0.99997437
0.6587332,1.657864,1.0293393,15.478789,57.696804,18.769138,0.000967651,19.997238,0.07033456,311.56952,7.6896224,173.06177,2.1299083,1.8200291,0.41002375,1.1900246,1.8925314,0.7599586,0.999926,0.7266776,0.99983776,4.181266e-05,0.00011315942,0.00040504336,0.99993634
0.69050014,1.6579244,1.0246125,15.289789,57.698513,18.769407,0.00041374206,19.997982,0.0652092,311.58716,7.759379,172.75433,2.1299505,1.8200126,0.41000733,1.1900148,1.8891342,0.7599651,0.9999749,0.7461237,0.99993575,3.015995e-05,5.4597855e-05,0.00020214915,0.99996376
0.5096417,1.6579953,1.0207688,15.581062,57.69984,18.769907,0.00010196626,19.999693,0.051823672,312.18555,7.795572,172.533,2.1299894,1.8200024,0.41000086,1.1900017,1.9067299,0.7599944,0.99999684,0.7715649,0.9999936,3.516674e-06,1.1742115e-05,0.00013500452,0.99999714
0.5845427,1.6579719,1.0229076,14.82966,57.699455,18.769493,0.00022479593,19.998442,0.060465265,311.90396,7.815512,172.66235,2.1299493,1.8200088,0.41000366,1.1900126,1.909465,0.7599827,0.99997514,0.7388822,0.99995047,2.4914742e-05,4.3183565e-05,0.00025218725,0.9999848
0.52141476,1.6579905,1.021644,15.338496,57.699802,18.769835,0.00013869762,19.999493,0.052824903,312.5391,7.805833,172.6326,2.1299818,1.8200047,0.41000172,1.1900029,1.8956333,0.75999427,0.9999951,0.7801547,0.999987,7.987022e-06,1.14142895e-05,9.429455e-05,0.9999969
0.5198924,1.6579946,1.021134,13.452666,57.699867,18.769922,0.00018042445,19.999561,0.052360047,312.55643,7.7284102,172.43784,2.129984,1.8200023,0.41000083,1.190003,1.9100751,0.75999606,0.99999547,0.7332895,0.9999852,9.447336e-06,1.2010336e-05,9.560585e-05,0.99999666
0.5024358,1.6579986,1.0201598,10.598238,57.69997,18.769995,8.227825e-06,19.999844,0.050262224,312.71143,7.9479523,172.30301,2.129997,1.8200005,0.41000035,1.1900007,1.9399315,0.75999844,0.99999917,0.7760534,0.999997,1.013279e-06,2.0563602e-06,2.0444393e-05,0.9999996
0.50690144,1.6579965,1.0201674,11.825909,57.69997,18.76998,1.7337203e-05,19.999846,0.050464854,312.53796,7.985014,172.43054,2.1299944,1.8200006,0.4100002,1.1900008,1.9318506,0.7599984,0.9999964,0.7553389,0.9999962,1.4007092e-06,3.4570694e-06,2.810359e-05,0.9999984
0.7120164,1.65794,1.024407,14.105377,57.698593,18.76941,0.00070054055,19.997648,0.06590053,312.10794,7.9002542,172.94255,2.1299467,1.8200122,0.410014,1.1900308,1.9027755,0.7599704,0.99994373,0.73246515,0.9998701,3.8295984e-05,9.346008e-05,0.00039619207,0.9999521
0.61458427,1.6579211,1.0294535,18.970325,57.69827,18.7692,0.0005803555,19.998014,0.081717625,311.80518,7.9399385,172.9616,2.1299272,1.8200288,0.41000894,1.1900223,1.8884605,0.7599251,0.9999658,0.7316162,0.9998975,3.796816e-05,8.612871e-05,0.00037273765,0.99996996
0.5360296,1.6579881,1.0224966,11.855111,57.69964,18.769827,0.00024213314,19.999214,0.05655569,311.71072,7.8032517,172.57005,2.129965,1.8200052,0.41000277,1.1900069,1.9097486,0.75998557,0.9999902,0.77498126,0.99995846,9.447336e-06,2.6106834e-05,0.000109523535,0.9999924
0.5017254,1.6579989,1.020449,10.997223,57.69995,18.769985,6.7585706e-06,19.99987,0.050893955,312.43597,7.7845564,172.38823,2.1299965,1.8200005,0.41000032,1.1900005,1.9232934,0.75999904,0.99999917,0.79911685,0.9999924,9.536743e-07,3.8444996e-06,3.0517578e-05,0.9999996
0.58342624,1.6579658,1.0234404,15.339942,57.699585,18.769674,0.00035232722,19.998772,0.0546605,312.2034,7.834783,172.71768,2.1299481,1.8200105,0.41000593,1.1900167,1.9027085,0.75998604,0.9999792,0.7415091,0.99995553,2.0951033e-05,2.0205975e-05,0.0002258122,0.9999827
0.57500243,1.6579762,1.0235926,14.699642,57.699524,18.769638,0.00028474152,19.998945,0.058129054,311.5841,7.9397464,172.98178,2.1299527,1.8200088,0.41000447,1.1900078,1.9247254,0.75998837,0.99999166,0.7607231,0.999969,1.6123056e-05,4.4703484e-05,0.00023078918,0.99999154
0.5046686,1.6579977,1.0206469,10.726897,57.69995,18.769972,2.997279e-05,19.999863,0.051728316,312.71277,7.942707,172.40842,2.1299956,1.8200012,0.41000068,1.1900016,1.9378059,0.7599981,0.9999987,0.7477163,0.9999914,1.847744e-06,8.672476e-06,6.967783e-05,0.999998
0.50213134,1.6579989,1.0201293,10.600102,57.69999,18.76999,5.877018e-06,19.999958,0.050262224,312.4713,7.845391,172.36943,2.1299987,1.8200003,0.41000026,1.1900003,1.9252871,0.7599992,0.99999946,0.78538054,0.9999968,3.874302e-07,6.556511e-07,7.599592e-06,0.9999997
0.50811934,1.6579956,1.0204718,13.147236,57.69993,18.769922,3.2323598e-05,19.999828,0.05121578,312.514,8.069489,172.47139,2.129985,1.8200017,0.41000086,1.1900029,1.9284906,0.7599951,0.99999756,0.79405564,0.9999944,3.5464764e-06,8.076429e-06,3.6925077e-05,0.9999975
0.52445954,1.657986,1.0217887,14.306778,57.699833,18.769909,0.00010049701,19.99953,0.05419564,312.36115,7.783233,172.56061,2.1299903,1.8200039,0.41000408,1.190005,1.8968112,0.7599933,0.99999404,0.74965614,0.9999832,7.4505806e-06,1.7881393e-05,0.00017160177,0.99999166
0.67527634,1.6579307,1.0276953,17.439291,57.699017,18.769537,0.00052746234,19.997915,0.06344512,312.24448,7.7994857,172.70326,2.1298916,1.8200195,0.41000608,1.190016,1.8891766,0.7599729,0.99995923,0.7577671,0.9999231,3.8146973e-05,5.9574842e-05,0.00022405386,0.9999703
0.5269968,1.6579845,1.0205632,12.6235075,57.69969,18.76992,0.00013399601,19.999489,0.052824903,312.51367,7.9076934,172.59624,2.1299858,1.8200029,0.41000083,1.1900038,1.909835,0.7599966,0.99998987,0.78581923,0.9999934,9.685755e-06,1.7940998e-05,0.00020372868,0.99999285
0.66878086,1.6579746,1.0221465,15.000178,57.699287,18.769691,0.00035526574,19.999025,0.055578295,312.13785,7.8969183,172.73637,2.129967,1.8200048,0.41000372,1.190009,1.9169275,0.7599908,0.9999874,0.7846794,0.99997085,2.1338463e-05,2.3424625e-05,0.00026583672,0.99997765
0.6226021,1.6579626,1.0273985,14.272608,57.69884,18.76965,0.00041139126,19.99845,0.062837236,311.80957,7.5742445,172.94057,2.1299484,1.8200215,0.41000772,1.1900277,1.8982596,0.75996304,0.99997526,0.7368301,0.99996316,4.1097403e-05,5.5760145e-05,0.0003913641,0.99997604
0.5416116,1.6579883,1.0210427,13.12716,57.69982,18.769848,7.316887e-05,19.999517,0.051740237,312.39877,7.957422,172.54773,2.129982,1.8200036,0.4100017,1.190005,1.9213248,0.75999534,0.99999505,0.81159896,0.9999908,1.2934208e-05,1.8030405e-05,0.00013488531,0.99999213
0.50943875,1.6579963,1.0207002,12.087274,57.699883,18.769894,3.820062e-05,19.999847,0.051036987,312.19864,8.092318,172.30989,2.129996,1.8200023,0.4100003,1.1900015,1.9332365,0.7599958,0.99999774,0.8038307,0.99999416,2.6226044e-06,3.8444996e-06,4.863739e-05,0.9999988
0.5735816,1.6579549,1.0239809,16.334324,57.699375,18.769432,0.0002712244,19.998867,0.062014792,311.84427,7.780347,172.5571,2.129952,1.8200153,0.41000733,1.1900122,1.8893796,0.75996494,0.99997735,0.7509418,0.9999404,2.4318695e-05,4.467368e-05,0.00043296814,0.9999734
0.5358266,1.6579764,1.0251606,14.778739,57.69968,18.769724,0.00015574097,19.998886,0.056436494,311.85062,7.785019,172.80925,2.1299465,1.820006,0.41000566,1.1900097,1.9053861,0.75998175,0.99998486,0.7473339,0.99992394,1.0579824e-05,5.8799982e-05,0.00041919947,0.9999894
0.5294326,1.6579875,1.020624,13.72487,57.699795,18.769857,7.7870485e-05,19.999517,0.054529384,311.91907,7.8015933,172.64452,2.1299882,1.8200029,0.41000172,1.1900036,1.9130892,0.7599916,0.9999926,0.7243538,0.9999889,9.357929e-06,1.4603138e-05,0.00012865663,0.99999607
0.66330034,1.6579307,1.0285249,16.017645,57.697662,18.76867,0.0004866171,19.998148,0.07294492,312.08508,7.703259,172.96957,2.1298933,1.8200198,0.41000542,1.1900185,1.8831277,0.75995183,0.9999473,0.7532096,0.99993336,2.69413e-05,8.350611e-05,0.0004015863,0.9999542
0.54556984,1.6579725,1.022489,14.266782,57.69974,18.769794,0.00017660439,19.999022,0.05375462,311.96783,7.6575785,172.55566,2.1299772,1.8200041,0.41000146,1.1900084,1.8931084,0.7599842,0.99999106,0.77459544,0.9999766,6.1392784e-06,8.434057e-06,0.00010532141,0.99998856
0.50162387,1.6579986,1.0202206,12.187123,57.699978,18.769985,5.877018e-06,19.999956,0.050464854,312.6603,8.017591,172.26028,2.1299968,1.8200003,0.41000006,1.1900005,1.9269661,0.7599994,0.99999917,0.7915628,0.99999857,1.1920929e-06,1.4603138e-06,3.167987e-05,0.99999964
0.512179,1.6579899,1.0207915,14.394651,57.699707,18.76988,6.611645e-05,19.9996,0.052217014,312.17368,7.9312754,172.49408,2.129984,1.8200021,0.41000158,1.1900036,1.9148623,0.7599925,0.99999416,0.73258996,0.9999912,1.0192394e-05,1.4781952e-05,0.00011909008,0.9999957
0.5157312,1.657991,1.0218267,15.896183,57.69983,18.76993,5.7007073e-05,19.999853,0.05290834,312.1052,7.864166,172.48843,2.1299899,1.8200036,0.41000098,1.1900024,1.8878726,0.75999576,0.99999475,0.7571652,0.99999416,3.3676624e-06,9.149313e-06,5.465746e-05,0.99999475
0.5978381,1.6579689,1.0274365,14.59935,57.697674,18.76975,0.00020040631,19.999199,0.064494036,311.61737,7.814236,172.8337,2.1299665,1.820012,0.41000438,1.1900183,1.8920935,0.7599812,0.99997944,0.7473084,0.99993265,2.3514032e-05,3.427267e-05,0.00020691752,0.9999682
0.50700295,1.6579934,1.0203121,12.832663,57.699936,18.769968,2.1451116e-05,19.99991,0.051239617,312.60547,7.9679685,172.41623,2.1299946,1.8200011,0.41000134,1.1900016,1.9060273,0.7599982,0.9999985,0.8213027,0.9999939,4.053116e-06,5.364418e-06,4.7415495e-05,0.9999985
0.5627219,1.6579725,1.0231131,16.480576,57.699524,18.769707,0.00013458371,19.999527,0.0563173,311.93427,7.893891,172.76326,2.129971,1.8200096,0.41000262,1.1900064,1.9150096,0.759992,0.9999806,0.72562367,0.999977,1.3321638e-05,2.899766e-05,0.00014993548,0.9999807
0.78285766,1.6578113,1.0365323,17.420979,57.696476,18.766825,0.0017466497,19.991756,0.080966696,311.8987,7.812544,173.28992,2.1297057,1.8200474,0.41001847,1.1900481,1.895433,0.7599309,0.9999378,0.7665602,0.9998928,0.0001437664,0.00011998415,0.0013637841,0.9999225
0.5173551,1.6579849,1.0211036,13.859192,57.699688,18.76984,4.7309994e-05,19.999643,0.05542334,312.1742,7.9191113,172.55684,2.1299846,1.8200035,0.4100013,1.1900045,1.9039927,0.75999606,0.999992,0.7635018,0.9999875,1.12354755e-05,2.8252602e-05,0.00014579296,0.99999464
0.6147872,1.6579728,1.0240341,14.050536,57.69931,18.769657,0.00021803737,19.998177,0.05610275,311.7848,7.8659163,172.9005,2.1299534,1.8200116,0.4100026,1.1900082,1.9262854,0.75996596,0.99998474,0.7571528,0.999974,1.1622906e-05,2.527237e-05,0.00021493435,0.99999106
0.52131325,1.6579953,1.0205251,12.57949,57.699833,18.769922,8.2865954e-05,19.999872,0.05139457,312.60553,7.9549026,172.39142,2.1299944,1.8200015,0.41000077,1.1900021,1.9084505,0.7599974,0.999996,0.7621433,0.9999958,3.606081e-06,3.8444996e-06,4.2140484e-05,0.99999654
0.5146148,1.6579942,1.020586,13.011609,57.6999,18.769941,7.199347e-05,19.999653,0.051096585,312.69498,7.9825134,172.4663,2.129991,1.8200012,0.41000053,1.1900023,1.91521,0.7599954,0.99999607,0.7516078,0.9999887,3.427267e-06,8.285046e-06,4.9471855e-05,0.99999845
0.51644164,1.6579946,1.0205708,14.695446,57.69993,18.76988,4.6428442e-05,19.999786,0.051311135,312.42416,7.935966,172.39551,2.1299922,1.820003,0.41000047,1.1900021,1.9210943,0.7599935,0.9999951,0.7696116,0.99999315,3.1888485e-06,5.6922436e-06,9.6172094e-05,0.99999785
0.61062604,1.6579812,1.020997,13.5622635,57.699745,18.769598,0.00020305096,19.998951,0.052109737,312.03357,7.78225,172.57597,2.129967,1.8200042,0.4100011,1.1900061,1.9090947,0.7599904,0.99998903,0.7609376,0.99998295,8.34465e-06,9.179115e-06,8.672476e-05,0.999992
0.52314013,1.6579942,1.0210656,15.4630995,57.699806,18.769768,5.0542356e-05,19.999702,0.05184751,312.30475,7.8971157,172.42395,2.1299949,1.8200021,0.41000074,1.1900023,1.916321,0.7599951,0.9999968,0.74620044,0.9999925,7.0035458e-06,5.3942204e-06,7.5399876e-05,0.99999523
0.5186745,1.6579912,1.020822,13.743905,57.6999,18.769888,5.7594778e-05,19.999681,0.051573362,312.32312,8.100001,172.48949,2.1299896,1.8200027,0.41000092,1.1900038,1.9225863,0.7599953,0.9999963,0.7721167,0.99998784,5.632639e-06,6.4969063e-06,0.00026404858,0.999998
0.50446564,1.6579981,1.020137,10.73201,57.699978,18.769981,1.2635589e-05,19.999922,0.050500613,312.3763,7.972645,172.36671,2.1299953,1.8200003,0.41000012,1.1900008,1.9171764,0.7599991,0.9999993,0.76479363,0.99999833,1.013279e-06,4.440546e-06,2.631545e-05,0.9999986
0.6562974,1.6578883,1.0289359,16.943712,57.698925,18.769463,0.00033675312,19.998308,0.07298067,311.78372,7.7541223,173.26279,2.1299484,1.8200266,0.41001216,1.1900235,1.8904538,0.7599538,0.9999589,0.72782624,0.9998971,3.3646822e-05,0.00010317564,0.00049349666,0.99994755
0.52324164,1.6579908,1.0213928,14.339286,57.699753,18.76985,0.00010578633,19.9997,0.05270571,311.97076,7.975965,172.48657,2.129989,1.8200024,0.41000083,1.1900027,1.9273349,0.7599949,0.99999547,0.7150169,0.9999869,6.4373016e-06,6.9737434e-06,0.0001360774,0.9999955
0.5180655,1.6579957,1.0204338,11.945758,57.699944,18.769949,3.29113e-05,19.999758,0.05081052,312.33017,7.9947686,172.44948,2.1299946,1.8200009,0.41000065,1.190001,1.9375404,0.7599991,0.9999974,0.76439726,0.99999213,3.3974648e-06,3.7550926e-06,3.2633543e-05,0.99999845
0.55389214,1.6579888,1.0209666,14.193811,57.69984,18.769835,6.876111e-05,19.999557,0.052574597,312.57593,8.008248,172.45215,2.129971,1.8200039,0.4100007,1.1900048,1.9132578,0.7599961,0.9999958,0.733771,0.99999213,8.7320805e-06,1.3023615e-05,7.420778e-05,0.9999939
0.53633404,1.6579742,1.021743,14.6754675,57.699654,18.769758,0.00020716488,19.998629,0.058617752,312.29895,7.873141,172.66878,2.1299791,1.8200066,0.41000256,1.1900091,1.9042797,0.75999326,0.9999827,0.7812899,0.99996215,2.5510788e-05,3.9041042e-05,0.00045776367,0.9999881
0.5180655,1.6579851,1.0211265,14.587637,57.699753,18.7699,4.6428442e-05,19.999472,0.053861894,312.24304,8.070611,172.57117,2.129978,1.820003,0.4100011,1.1900039,1.9224277,0.75999254,0.999992,0.7214963,0.9999777,4.7683716e-06,1.2606382e-05,8.019805e-05,0.99998957
0.67659575,1.6579468,1.0302756,15.154661,57.698437,18.769451,0.00049837114,19.996767,0.081705704,311.1277,7.6676354,173.27629,2.1299121,1.8200222,0.4100059,1.1900246,1.9026469,0.75997347,0.9999701,0.7779882,0.9998988,4.4226646e-05,9.6946955e-05,0.00047290325,0.9999799
0.5411042,1.6579906,1.0215223,12.58457,57.699753,18.769735,0.00016367495,19.999445,0.05350431,312.15042,7.4408307,172.64444,2.1299655,1.8200141,0.41000295,1.190005,1.916179,0.7599885,0.9999838,0.7552357,0.9999622,1.4662743e-05,1.5586615e-05,0.00012671947,0.9999914
0.5383639,1.6579893,1.0223824,14.838913,57.69935,18.769857,0.00025535643,19.99956,0.054517463,312.30695,7.8534613,172.60388,2.1299856,1.8200024,0.41000158,1.1900064,1.9161944,0.7599953,0.9999931,0.7603921,0.99997866,1.9460917e-05,1.9848347e-05,8.416176e-05,0.99999624
0.5169491,1.6579959,1.0203958,13.1086645,57.69995,18.769955,4.7897698e-05,19.99981,0.050584048,312.76343,8.038895,172.4561,2.1299956,1.8200017,0.41000047,1.1900014,1.9276283,0.75999707,0.999998,0.7464907,0.9999951,1.847744e-06,6.0498714e-06,6.392598e-05,0.999997
0.64046466,1.6579365,1.0253204,14.842361,57.69897,18.769531,0.0005007219,19.998547,0.06866584,311.98877,7.950465,172.83366,2.12989,1.8200169,0.41000813,1.1900188,1.8898642,0.75996894,0.9999478,0.755401,0.99990237,4.2647123e-05,0.00012794137,0.00071167946,0.9999503
0.50811934,1.6579942,1.0206622,13.8299,57.69989,18.769968,7.933974e-05,19.999645,0.051311135,312.42508,7.9913497,172.38815,2.1299915,1.8200015,0.41000107,1.1900022,1.9177672,0.7599943,0.99999774,0.7846528,0.9999927,3.4570694e-06,8.940697e-06,6.571412e-05,0.99999815
0.51542675,1.6579934,1.0210351,14.777364,57.699894,18.769922,8.227825e-05,19.999636,0.052217014,312.38892,8.045175,172.39468,2.1299913,1.8200033,0.41000143,1.190003,1.929373,0.7599964,0.9999972,0.71615094,0.99999315,4.9471855e-06,6.0498714e-06,6.6667795e-05,0.9999981
0.5348117,1.6579797,1.0216212,16.323719,57.69968,18.769821,0.00017013967,19.999407,0.05635306,311.97903,7.754091,172.54182,2.1299741,1.8200045,0.41000214,1.1900058,1.8965198,0.75998896,0.9999917,0.7384389,0.9999873,6.0498714e-06,1.5735626e-05,7.519126e-05,0.9999927
0.5058865,1.657998,1.0202359,12.506762,57.69995,18.76995,3.6437512e-05,19.999823,0.05035758,312.4598,7.7359385,172.3669,2.1299906,1.8200011,0.41000018,1.1900008,1.9302671,0.7599981,0.99999857,0.76271623,0.99999714,1.66893e-06,3.4570694e-06,3.221631e-05,0.9999989
0.5606921,1.6579641,1.0217049,13.002967,57.69935,18.769674,0.00026064576,19.998594,0.060417585,312.0178,7.7167106,172.9761,2.12998,1.8200078,0.4100041,1.1900104,1.9058919,0.7599835,0.99998325,0.75487626,0.9999558,1.50203705e-05,4.7802925e-05,0.00021386147,0.9999918
0.5175581,1.6579869,1.0222834,12.929225,57.69982,18.769892,6.288409e-05,19.999311,0.052133575,311.85318,7.9340897,172.73357,2.1299796,1.8200015,0.41000172,1.1900024,1.9313005,0.7599886,0.999996,0.7648713,0.99998033,5.6922436e-06,1.3530254e-05,0.00010180473,0.9999963
0.57266814,1.6579704,1.0250998,17.326134,57.69927,18.769632,0.00028973698,19.999073,0.05753308,311.95862,7.929507,172.82472,2.1299722,1.8200102,0.41000575,1.190007,1.9025589,0.7599832,0.99997973,0.7326185,0.99996054,1.13248825e-05,2.2798777e-05,0.00022608042,0.9999808
0.54262656,1.6579883,1.0219333,14.894737,57.699814,18.769814,8.7861416e-05,19.99939,0.052371964,312.0912,7.8682323,172.50117,2.12997,1.8200048,0.4100013,1.1900055,1.8995199,0.759991,0.99999416,0.7914239,0.9999832,8.881092e-06,2.0235777e-05,0.00013741851,0.9999888
0.5728711,1.6579264,1.0250008,16.962656,57.698883,18.769299,0.00021392346,19.99881,0.06251541,311.68817,7.7990055,173.0149,2.1299307,1.8200308,0.41000494,1.1900109,1.8909761,0.7599681,0.99997765,0.72785425,0.99997073,1.6778708e-05,6.771088e-05,0.0004515946,0.999961
0.5842382,1.6579697,1.0235622,16.397917,57.699417,18.769787,0.00036231815,19.998419,0.05764036,312.21887,7.618358,172.6981,2.1299775,1.8200068,0.4100043,1.1900125,1.8898064,0.7599692,0.99998665,0.766428,0.9999796,2.5987625e-05,2.1100044e-05,0.00036552548,0.9999894
0.69872093,1.6579324,1.0296971,16.809177,57.697617,18.768362,0.00046957374,19.995375,0.075483754,311.8831,7.7980027,173.2462,2.1299243,1.8200377,0.41000903,1.1900268,1.9234916,0.7599186,0.99993753,0.73848516,0.9998937,8.094311e-05,7.939339e-05,0.0006887615,0.9999703
0.5331878,1.6579659,1.0216973,18.351145,57.6997,18.769873,0.00014516234,19.999464,0.05247924,312.29395,8.002041,172.71042,2.1299825,1.8200035,0.41000196,1.1900033,1.9197116,0.75998825,0.9999807,0.73697543,0.99996525,6.467104e-06,7.5101852e-06,0.00010544062,0.99999
0.5172536,1.6579946,1.0206546,13.181194,57.69989,18.769928,4.1139127e-05,19.999798,0.053003695,312.18713,7.8918986,172.48561,2.1299944,1.8200023,0.41000053,1.1900017,1.9146533,0.7599974,0.99999636,0.7877687,0.9999939,3.33786e-06,6.109476e-06,6.28531e-05,0.99999714
0.54790413,1.6579841,1.0226792,13.183186,57.69926,18.769543,0.00017160893,19.998796,0.057962183,311.8745,7.8322983,172.66515,2.1299589,1.820008,0.41000253,1.1900116,1.9207991,0.75998443,0.99998605,0.77759564,0.9999778,1.7762184e-05,3.2186508e-05,0.00011199713,0.999993
0.50274026,1.657998,1.0201066,11.782725,57.699978,18.769985,8.521676e-06,19.999903,0.050262224,312.73734,8.120464,172.30101,2.1299982,1.82,0.41000018,1.1900005,1.9261066,0.7599992,0.99999934,0.78068775,0.99999845,1.013279e-06,1.6987324e-06,1.9788742e-05,0.99999964
0.51654315,1.6579957,1.0204718,14.1790085,57.69991,18.769941,4.96608e-05,19.999815,0.05102507,312.35175,7.827859,172.3488,2.1299906,1.8200009,0.4100004,1.1900014,1.8985656,0.7599973,0.99999744,0.76156974,0.99999607,2.0563602e-06,4.887581e-06,4.4882298e-05,0.9999979
0.50324774,1.6579986,1.0203425,12.343716,57.699936,18.769966,3.908217e-05,19.999857,0.050739,312.60986,7.966952,172.33289,2.1299953,1.8200005,0.41000044,1.1900008,1.9221889,0.7599989,0.9999981,0.7660171,0.999997,1.5497208e-06,2.861023e-06,3.477931e-05,0.99999917
0.92951334,1.6578747,1.0321176,17.110054,57.696945,18.768261,0.0015741593,19.992393,0.0997279,311.03146,7.485118,173.1815,2.129878,1.820045,0.41002363,1.1900399,1.8838788,0.75990975,0.99992144,0.7549332,0.99985015,9.441376e-05,8.7082386e-05,0.0006942153,0.9999244
0.524561,1.6579794,1.0222834,14.687265,57.6997,18.769846,9.75585e-05,19.999203,0.05573325,312.05536,7.8543677,172.65489,2.129983,1.8200054,0.41000324,1.1900043,1.9068341,0.75999355,0.99998665,0.7807021,0.9999698,1.6391277e-05,2.4616718e-05,0.00020384789,0.99999446
0.5035522,1.6579987,1.0202359,10.6324215,57.699963,18.769983,1.5574098e-05,19.999895,0.050476775,312.0602,8.019414,172.31577,2.129996,1.8200005,0.41000012,1.1900008,1.9366238,0.75999886,0.9999991,0.77360046,0.99999607,7.748604e-07,2.3841858e-06,2.5480986e-05,0.9999994
0.52161777,1.6579952,1.0207992,11.614149,57.699944,18.769918,5.3774715e-05,19.999685,0.050870117,312.03238,7.902577,172.44144,2.1299918,1.8200021,0.41000074,1.1900017,1.9285405,0.75999683,0.99999684,0.74133766,0.9999924,1.6093254e-06,7.4207783e-06,3.951788e-05,0.99999815
0.50385666,1.657998,1.0202206,12.924621,57.699963,18.769981,2.0569563e-05,19.999876,0.05057213,312.58557,8.00353,172.37746,2.129998,1.8200006,0.41000035,1.1900011,1.9221094,0.75999933,0.9999994,0.82082355,0.999998,1.66893e-06,4.082918e-06,2.0384789e-05,0.99999964
0.5122805,1.6579956,1.0204794,12.293428,57.699944,18.769957,4.554689e-05,19.999825,0.050953552,312.7075,8.043892,172.37389,2.1299903,1.8200021,0.41000026,1.1900012,1.9025826,0.7599978,0.999998,0.78568876,0.9999952,2.2649765e-06,6.0498714e-06,6.958842e-05,0.9999984
0.52385056,1.6579742,1.0207915,13.705926,57.69956,18.769857,0.00016837656,19.999502,0.053075213,312.19565,7.7057123,172.6018,2.129989,1.8200041,0.41000417,1.1900051,1.9128177,0.7599948,0.9999906,0.7603308,0.99998283,1.1384487e-05,2.4020672e-05,0.00010213256,0.9999947
0.5113671,1.657995,1.021431,13.824285,57.699867,18.769915,4.1139127e-05,19.999632,0.051513765,312.50308,7.8634467,172.61905,2.1299875,1.8200027,0.41000086,1.190003,1.9016856,0.75999165,0.999995,0.7484467,0.9999906,6.0796738e-06,1.5735626e-05,0.000116854906,0.99999654
0.6151932,1.6579671,1.0220932,15.107648,57.69912,18.769611,0.00027328133,19.998625,0.058939576,311.90524,7.6765084,172.89215,2.1299565,1.8200082,0.4100043,1.1900167,1.8873563,0.75998116,0.999977,0.73141086,0.9999458,3.0249357e-05,2.8342009e-05,0.0003502369,0.9999788
0.5229371,1.6579918,1.0208753,12.697134,57.69976,18.769873,5.583167e-05,19.999546,0.051716395,312.17303,7.8193235,172.41617,2.1299832,1.8200029,0.41000095,1.1900029,1.9159126,0.75999266,0.9999953,0.7483539,0.9999848,3.33786e-06,8.136034e-06,0.00022575259,0.99999607
0.5276058,1.6579922,1.0210276,14.838221,57.6997,18.769817,6.7879555e-05,19.999739,0.051561445,312.4684,7.9553366,172.39384,2.129984,1.8200039,0.41000056,1.1900023,1.9050999,0.75999564,0.9999914,0.7742011,0.99999166,6.377697e-06,1.0371208e-05,0.00011584163,0.99999166
0.57753974,1.6579647,1.0243233,15.947252,57.699512,18.76979,0.0003482133,19.998995,0.05415988,311.79016,7.888106,172.79016,2.1299753,1.8200078,0.41000366,1.1900116,1.895757,0.7599808,0.9999926,0.77869165,0.9999661,9.804964e-06,2.3305416e-05,0.00018575788,0.99999005
1.6355919,1.6574491,1.0685619,19.046932,57.69424,18.764366,0.0057177506,19.983656,0.13491409,310.88312,7.6170993,173.89131,2.1296353,1.8201473,0.41004115,1.1901274,1.8826555,0.7597916,0.9998374,0.74935293,0.99969625,0.0002015233,0.00026091933,0.0020593703,0.999846
0.5083223,1.6579969,1.0202131,12.123622,57.69995,18.769949,2.7915836e-05,19.99981,0.050417177,312.43686,7.875837,172.37753,2.129995,1.8200006,0.41000044,1.1900008,1.9368186,0.75999856,0.9999986,0.79979503,0.9999951,1.8775463e-06,4.798174e-06,4.9889088e-05,0.99999905
0.5060895,1.657998,1.0203196,12.238524,57.69998,18.769981,1.6161799e-05,19.999903,0.05039334,312.5951,7.969769,172.59016,2.1299963,1.8200003,0.41000023,1.1900012,1.9149499,0.75999916,0.9999994,0.806898,0.999998,7.1525574e-07,1.3113022e-06,1.6570091e-05,0.9999993
