SBET,VTotal,Dp,C,O,H,N,Dosage,Initial concentration,Temperature,Initial pH,Adsorption amount,Adsorption capacity,MW,E,S,A,B,V,pKa1,Kow,Pollutant_Sulfadiazine,Pollutant_Sulfamerazine,Pollutant_Sulfamethazine,Pollutant_Sulfamethoxazole,Pollutant_Sulfapyridine,Pollutant_Sulfathiazole,Pollutant_Sulfonamide
1234.0286,1.4484756,1.2607014,65.41832,27.046442,5.1124063,0.39227948,0.00995723,393.38492,287.87296,6.710026,457.8463,471.21033,251.6837,1.8872102,2.22533,0.58168036,1.2845385,1.7274147,1.6015674,0.48359576,0.0,0.0,0.0,1.0,0.0,0.0,0.0
21.671495,0.29592672,29.3646,74.872246,24.25001,6.5197268,0.14245774,7.426794,51.622433,297.91467,6.4721856,0.02551097,0.23317607,252.65239,1.8872013,2.230777,0.5808218,1.2902808,1.7238547,1.6120528,0.4712319,0.0,0.0,0.0,1.0,0.0,0.0,0.001365453
21.383867,0.4023264,2.9294906,66.27971,3.428621,1.5495383,1.6173295,20.0,52.27525,298.11914,4.351941,0.025796786,0.3922105,252.55829,1.9056242,2.197837,0.5742605,1.3186201,1.7285323,2.2253964,0.5152899,3.257394e-05,6.2584877e-07,0.0,0.9959768,0.005612433,0.0,0.00015804172
522.5783,0.21187001,2.9076223,79.61907,20.212168,2.585009,0.6972403,0.100639805,50.50742,297.80273,5.0410514,164.41687,146.73827,252.6948,1.8863227,2.232192,0.57981765,1.2891159,1.7197987,1.6052777,0.46679837,0.0,0.0,0.0,1.0,0.0,0.0,0.0002719164
85.8334,0.16567676,5.7431927,47.98599,44.268368,2.1026616,3.7903655,0.36932895,5.521702,297.33716,7.0299835,3.834095,10.809881,252.8172,1.8867104,2.226362,0.579325,1.2882953,1.7259798,1.60295,0.48359543,0.0,0.0,0.0,1.0,0.0,0.0,5.7160854e-05
3174.228,1.583988,1.0306181,88.0616,6.4936457,0.8295834,0.3738991,0.052700497,156.59047,295.59668,4.9404078,94.48773,165.18013,172.20001,1.5,1.82,0.41000003,1.19,1.1969,10.43,-0.55,0.0,0.0,0.0,0.0,0.0,0.0,1.0
785.9733,0.23562786,2.0283003,80.94216,9.55479,1.6004257,2.373644,0.7619432,44.030823,297.92245,4.7993007,86.307274,92.49928,278.00812,2.128236,2.5273144,0.589974,1.5291263,1.9991908,2.7534811,0.75669354,2.5331974e-06,0.0,1.0,2.3841858e-07,2.0861626e-07,0.00053572655,0.00089263916
0.536943,0.042934902,16.7028,57.908504,40.350002,7.098975,0.0,7.4729466,9.65168,297.6777,6.409783,0.025528833,0.22515307,253.14017,1.8887042,2.2310216,0.58000195,1.291419,1.7246648,1.6109359,0.47874442,0.0,0.0,0.0,1.0,0.0,0.0,1.6063452e-05
12.443556,0.2549793,29.365877,75.413536,22.845379,6.55847,0.0055373264,7.447484,11.0612135,297.87692,6.364605,0.060505535,0.46090856,252.98419,1.8891518,2.2332006,0.5805414,1.2904699,1.7219946,1.6128343,0.46884933,0.0,0.0,0.0,1.0,0.0,0.0,0.0005351901
31.593538,0.28048843,3.512021,61.41431,3.3306074,1.3711894,2.1420317,20.0,27.3063,296.14813,7.273595,0.02499293,0.23129368,252.97253,1.8866591,2.2242627,0.57926756,1.2873722,1.7220562,1.6089462,0.48171523,0.0,0.0,0.0,1.0,0.0,0.0,0.0005233288
2.984824,0.0072036395,17.253197,52.48182,42.50193,1.4759344,2.1319473,1.1995171,10.5153265,297.47702,4.838802,12.13765,7.08944,253.09413,1.8891598,2.2304177,0.58017653,1.2916678,1.725111,1.6086715,0.47838524,0.0,0.0,0.0,1.0,0.0,0.0,3.606081e-06
17.528702,0.0016680795,4.583399,69.24592,22.250761,3.1143868,5.400818,1.1790869,3.6741533,298.12683,5.2164025,0.062345475,5.6695886,278.33,2.1299999,2.5389335,0.5903297,1.53,2.0042999,2.7024362,0.76000005,0.0,0.0,1.0,0.0,0.0,0.0,0.0
30.72639,0.6149869,1.9430885,65.93395,5.655297,2.1444037,1.8388343,20.0,67.44131,296.70316,5.508618,0.025278745,0.26004124,251.97818,1.8948804,2.2070239,0.57476985,1.2956488,1.7253344,1.779136,0.5162134,1.2218952e-06,0.0,0.0,0.99986655,7.119775e-05,0.0,0.00093737245
57.697636,0.16550203,3.375804,12.980434,9.891006,0.6822878,0.5916141,1.0036935,21.244682,293.74255,6.9009166,4.7258754,132.74757,252.85008,1.881372,2.2243106,0.58161795,1.2856306,1.7226605,1.6023103,0.47436166,0.0,0.0,0.0,1.0,0.0,0.0,0.00028672814
342.1267,0.2734987,4.201251,86.540955,6.946389,3.5426362,1.6267891,2.1370401,29.991236,297.65555,5.5283227,0.19921549,1.6831821,252.42268,1.8698997,2.2422326,0.57654834,1.2867821,1.7196997,1.6266923,0.47434026,2.9206276e-06,1.1026859e-06,0.0001963675,0.99993825,2.682209e-07,2.1010637e-05,0.004429728
0.88546586,0.8172403,256.19888,70.43996,28.560167,7.1135235,0.0030366553,7.3524785,8.567095,298.51086,6.5084896,0.028208356,0.27590448,252.52689,1.8863511,2.2255428,0.5790786,1.2866926,1.7287056,1.6420664,0.47244725,2.9802322e-07,1.5705824e-05,7.3611736e-06,0.9999688,9.23872e-07,0.00019085407,0.00022646785
7.5926538,0.064498335,1.7061625,72.004265,2.1675003,0.9530625,1.732727,20.0,42.94043,295.62125,6.711785,0.03354954,1.666058,246.32936,2.037828,2.2270887,0.5845269,1.4782206,1.7613735,8.375949,0.5199768,0.0,0.0,0.0,0.0,0.9999998,0.0,1.7017126e-05
501.64972,0.30385324,14.50484,46.2778,35.009308,0.7973238,1.5823486,0.036271688,22.075968,295.28506,4.250116,17.573328,26.614273,253.12137,1.8826692,2.231971,0.5799917,1.2877965,1.7215743,1.6004119,0.4756615,0.0,0.0,0.0,1.0,0.0,0.0,5.5342913e-05
274.79327,0.10199006,2.2126455,41.683872,1.6556256,0.95091003,0.09553475,0.9325219,36.651485,301.59073,5.087596,7.192894,8.695611,248.95279,2.0752478,2.550784,0.6495492,1.3680022,1.7219597,6.4197283,-0.34246674,1.0,0.0,0.0,0.0,0.0,0.0,0.0
1025.265,0.5617729,1.5539153,70.89135,19.243664,1.2686203,0.54075205,0.02212065,49.737144,297.17838,4.6371164,265.95773,355.84525,253.18956,1.8877381,2.2328753,0.5801956,1.288462,1.717786,1.6105105,0.4747151,0.0,0.0,0.0,1.0,0.0,0.0,6.568432e-05
343.47806,0.16619913,4.1953444,37.140884,55.677284,2.1205916,2.999454,0.2631417,16.972933,296.7187,7.6225214,173.60623,240.2244,253.58566,1.8853505,2.2295513,0.5796618,1.2875701,1.7257888,1.6079783,0.48196924,0.0,0.0,0.0,1.0,0.0,0.0,0.00028654933
46.00568,0.079732925,5.5842705,11.250856,2.6976633,0.75405693,0.08553912,1.1287429,48.866634,305.78995,6.46078,0.38667488,0.6289164,247.8525,2.0727496,2.5470836,0.64791137,1.364278,1.7213843,6.3817215,-0.32735655,1.0,0.0,0.0,0.0,0.0,0.0,0.0
0.5407997,0.025874874,20.43565,57.944374,39.133244,7.0507646,4.995465e-06,7.2455516,1.2130631,297.13794,6.3962736,0.051413022,0.33784053,252.822,1.8952382,2.235898,0.5817637,1.2979695,1.7321436,1.6032866,0.46410736,0.0,0.0,0.0,1.0,0.0,0.0,4.172325e-07
1226.2971,1.2877277,2.314329,78.4436,14.094322,1.7828066,0.6137643,0.31697053,180.31885,297.2308,5.5877028,271.14206,410.70093,253.28052,1.8876362,2.2313004,0.580017,1.2883388,1.7215331,1.6119207,0.4797683,0.0,0.0,0.0,1.0,0.0,0.0,5.057454e-05
1189.9475,0.8147206,2.6561809,72.90728,16.408175,1.2088103,0.5225007,0.015115736,40.888058,297.8803,4.7192197,321.68677,296.45325,250.10844,2.0764053,2.547493,0.649858,1.3697145,1.7215834,6.4236493,-0.3317763,0.99996734,0.0,5.811453e-06,1.5199184e-06,0.0,6.645918e-06,1.5199184e-06
668.6687,0.3650838,1.8151453,39.952663,3.395165,2.4917836,0.78584284,1.9565985,31.642387,302.00076,5.123993,48.589264,56.59448,249.40245,2.076443,2.5457733,0.6491302,1.3669875,1.7201382,6.420163,-0.3354056,1.0,0.0,0.0,0.0,0.0,0.0,0.0
3.4161644,0.27909243,3.3915143,55.306545,12.042638,1.1619973,2.3277807,17.555565,9.755391,297.1061,6.638972,12.118929,143.54376,247.36978,2.0387173,2.236728,0.589952,1.4756116,1.7575951,8.324191,0.51935124,0.0,0.0,0.0,0.0,0.9999405,0.0,1.4483929e-05
36.97514,0.22197372,6.9561996,43.71312,46.649433,0.69588137,1.1567111,0.071980245,0.3284381,296.87378,3.9337766,6.650005,11.362335,253.07655,1.8922096,2.238868,0.5829983,1.2957878,1.7348257,1.6005566,0.47118232,0.0,0.0,0.0,1.0,0.0,0.0,0.0
1019.8953,0.5844317,3.24952,55.236298,24.257439,3.011056,0.9980737,0.107048914,4.595967,298.09152,6.1759553,36.42693,97.364746,250.27205,2.0804949,2.5520802,0.6501874,1.369323,1.7233049,6.405413,-0.3303959,1.0,0.0,0.0,0.0,0.0,0.0,0.0
0.6806554,0.0013684317,6.07279,72.53285,23.03285,2.8825715,4.858238,0.8288989,13.556942,297.88934,5.0214567,0.09648259,3.635256,278.33,2.1299999,2.538022,0.59329367,1.53,2.0042999,2.722905,0.76000005,0.0,0.0,1.0,0.0,0.0,0.0,0.0
551.08636,0.60268116,6.113809,89.544395,3.7931092,1.3946332,1.2217354,0.21685277,20.341486,298.04987,4.9119167,70.45229,90.64472,249.63454,2.0774727,2.5474913,0.64878416,1.3673117,1.7184827,6.3834076,-0.33764902,0.99999976,0.0,0.0,0.0,0.0,0.0,6.854534e-07
1522.7098,0.998263,2.0985858,84.39986,10.631831,0.7747152,0.99173033,0.05200638,147.87415,297.84644,5.32489,493.88257,493.2228,253.09496,1.8873166,2.2299094,0.57977647,1.2880226,1.7196074,1.6036195,0.47285065,0.0,0.0,0.0,1.0,0.0,0.0,3.0606985e-05
374.65005,0.14493,3.6149983,52.4563,1.6378331,1.3664525,0.113717064,1.2474976,55.34764,288.52023,5.0432606,7.4913034,7.7304206,254.64493,2.1125636,2.50925,0.68,1.3969179,1.6680299,2.256944,0.72917306,0.0,0.0,0.0,0.0,0.0,1.0,0.0
21.535294,0.08385097,4.8681865,61.851513,4.032053,1.2646046,2.0454602,20.0,35.047783,295.94846,6.6433167,0.025171565,0.23725154,252.95282,1.8888432,2.2248363,0.5797252,1.2905927,1.7289641,1.618785,0.4846366,0.0,0.0,0.0,1.0,0.0,0.0,0.00027224422
188.62988,0.13758506,4.0466213,24.008305,13.916773,0.90605557,0.408989,1.0332015,44.656128,296.71072,6.586352,67.49353,131.88484,253.09016,1.8846239,2.2260802,0.5804256,1.2881474,1.7252067,1.6065537,0.4842517,0.0,0.0,0.0,1.0,0.0,0.0,0.0012745559
472.90308,1.0776991,6.2247787,49.446373,44.536682,0.9673359,0.36320648,0.21031734,9.857529,298.73853,4.359384,242.41063,265.2724,253.21056,1.8922572,2.2360306,0.58162165,1.29645,1.7283175,1.6038774,0.47612566,0.0,0.0,0.0,1.0,0.0,0.0,0.0
22.347431,0.0096550835,2.566638,91.984566,7.0811114,2.5238006,0.78879017,0.022605043,13.863534,297.88388,3.9328601,24.49425,394.08734,253.49866,1.8885374,2.23083,0.57908887,1.2893046,1.7209122,1.6074721,0.47281867,0.0,0.0,0.0,1.0,0.0,0.0,8.910894e-06
3.7897556,0.12753172,24.406954,69.744606,29.78906,6.566411,0.0019035661,7.472251,15.242684,298.03403,6.308928,0.043946087,0.32813618,253.41704,1.8883865,2.2309716,0.5801141,1.291408,1.7224191,1.6119809,0.47132778,0.0,0.0,0.0,1.0,0.0,0.0,0.00034162402
79.57014,0.42915407,1.02,77.83145,17.544794,2.166444,0.2263119,10.977519,61.440403,297.94907,6.3291764,0.02499293,0.22213759,266.4579,2.109152,2.6498141,0.6573847,1.4239162,1.8909906,1.9505643,0.20186499,0.0,1.0,0.0,0.0,0.0,0.0,3.1739473e-05
131.53018,0.22709577,6.2916617,41.553688,46.67039,1.0424576,1.5984992,0.31057337,4.0093756,297.01575,6.928493,49.383045,64.35076,252.85439,1.8851604,2.2260835,0.57912487,1.2895057,1.727359,1.6037424,0.48953727,0.0,0.0,0.0,1.0,0.0,0.0,1.0073185e-05
577.3345,0.3385331,3.8437192,66.81793,24.284767,1.2220862,0.37667218,0.33323073,10.550668,298.72055,4.4047117,134.77792,325.8352,278.33,2.1299999,2.5330288,0.5901206,1.53,2.0042999,2.6665037,0.76000005,0.0,0.0,1.0,0.0,0.0,0.0,0.0
2.5404928,0.009665452,11.820397,48.274593,46.14416,1.022678,1.6098654,0.8890529,14.891907,297.62112,5.967887,5.024874,3.7663107,253.07109,1.8886883,2.2309566,0.5799132,1.290717,1.725031,1.6079903,0.4805402,0.0,0.0,0.0,1.0,0.0,0.0,4.976988e-06
506.71667,0.13198234,4.824519,92.39545,2.998518,1.147103,1.1828516,0.2915391,19.321505,298.0162,5.4771924,61.723763,113.48447,249.11469,2.075675,2.5458493,0.64813024,1.3671206,1.7207361,6.486244,-0.33166528,1.0,0.0,0.0,0.0,0.0,0.0,0.0
303.16553,0.20266141,2.3025234,68.3346,18.806536,1.9435322,2.9561322,0.21882251,92.48417,297.51706,6.1417093,89.12976,95.214455,252.33893,1.8864913,2.2195194,0.57861775,1.2859358,1.7225525,1.6544812,0.49089476,9.23872e-07,0.0,0.0,0.9999963,7.1525574e-07,0.0,0.0009612441
1322.307,0.8260955,1.9257494,78.762764,16.396746,1.2135364,0.8213879,0.045302346,85.97753,297.44434,5.414798,435.36493,475.39346,252.784,1.8864204,2.226637,0.58008,1.2875797,1.7193159,1.601813,0.4752491,0.0,0.0,0.0,1.0,0.0,0.0,6.970763e-05
708.4622,0.4467249,2.8338811,44.668175,17.973244,3.48967,2.5291533,0.257926,50.24629,301.33167,4.983673,77.00651,73.38374,249.43146,2.0744522,2.5423245,0.6485527,1.368204,1.7174238,6.4166102,-0.3317259,1.0,0.0,0.0,0.0,0.0,0.0,0.0
391.3969,0.014066063,2.6700873,83.97287,11.72561,1.5976092,4.0129223,1.1749841,16.914457,298.11612,5.148893,1.848408,11.811715,278.33,2.1299999,2.537008,0.5920296,1.53,2.0042996,2.6904602,0.76000005,0.0,0.0,1.0,0.0,0.0,0.0,0.0
4.2263737,0.14881831,26.916002,70.2237,28.75413,6.853225,0.00048456012,7.324701,10.58695,297.6935,6.3965983,0.06863342,0.43508512,253.1426,1.8876029,2.2291243,0.57973856,1.2909502,1.7235332,1.609075,0.47788516,0.0,0.0,0.0,1.0,0.0,0.0,0.0001436472
140.8711,0.15995066,2.9535735,20.777615,14.346198,0.9241888,1.3638711,0.9951937,41.564022,302.7386,5.772678,24.778261,93.782776,253.28586,1.8826181,2.2280698,0.5788064,1.2885543,1.72091,1.6058131,0.48293886,0.0,0.0,0.0,1.0,0.0,0.0,0.0009777546
1322.9224,0.7013614,1.4267408,59.270203,21.922384,1.1988549,0.0858791,0.013348569,79.02556,298.1966,4.7566147,292.03568,336.35498,249.74109,2.0725057,2.5415545,0.6491566,1.3714476,1.7228334,6.5514274,-0.33544672,0.99902403,0.0,0.00042378902,0.00032669306,1.8298626e-05,0.0011183918,1.2516975e-05
226.36597,0.13660845,11.382396,91.81869,3.36642,2.1732087,0.48659974,0.13309883,25.745687,298.08273,6.7238564,3.5566928,4.213698,247.13496,2.0651166,2.54255,0.64324677,1.3641157,1.7156215,6.515578,-0.33160263,1.0,0.0,0.0,0.0,0.0,0.0,0.0
105.03362,0.16412169,12.320799,53.119156,37.14519,1.1742626,1.3000933,1.5263263,27.26296,297.3328,5.226653,3.1466546,6.324276,253.23157,1.8876159,2.228674,0.579736,1.2900056,1.7250701,1.6029711,0.48067254,0.0,0.0,0.0,1.0,0.0,0.0,1.4901161e-06
664.5084,0.2940576,3.2994826,77.20018,20.350986,2.1460838,0.9330736,0.13031045,86.48648,297.35638,4.872102,206.2389,187.89545,253.19336,1.888083,2.2305074,0.579851,1.2896314,1.7224,1.6071084,0.47484082,0.0,0.0,0.0,1.0,0.0,0.0,0.00028049946
0.5120775,0.013756837,2.879939,69.8435,20.554918,4.9542074,4.8300457,0.8203229,18.652157,298.29065,4.9531746,4.256584,9.305432,278.3079,2.1298704,2.5324762,0.58910906,1.5299698,2.0039525,2.6748292,0.7598692,0.0,0.0,1.0,0.0,0.0,1.7881393e-07,0.00044324994
0.5382624,0.0013142196,2.7555504,37.065536,45.63853,6.6965585,3.2349193,0.6765216,4.06846,298.17224,5.030471,0.026654234,0.24169251,278.33,2.1299999,2.5419374,0.58740616,1.53,2.0042999,2.7480178,0.76000005,0.0,0.0,1.0,0.0,0.0,0.0,0.0
1096.6329,1.5331624,1.1172,83.31943,5.9038467,2.4846425,0.10321366,0.008526098,399.4575,284.01685,7.3460236,537.51587,470.1661,251.17574,1.8757156,2.1924431,0.57594675,1.2795876,1.7283844,1.6002014,0.4835845,0.0,0.0,0.0,1.0,0.0,0.0,0.0
218.3951,0.045203466,3.334001,75.95452,16.439552,4.181921,4.7160406,1.1976427,25.356922,297.92664,5.108922,15.831175,16.187483,278.18457,2.1289616,2.5260742,0.5887879,1.5296541,2.0020142,2.6774662,0.75878537,0.0,0.0,1.0,0.0,0.0,3.7550926e-05,0.0011588037
1150.2761,0.5868064,3.6649153,69.57712,13.496841,2.9407454,0.38839653,0.29789695,54.901985,297.74854,6.8011603,101.32228,212.88074,249.29005,2.074284,2.5462081,0.64828056,1.3682307,1.7201596,6.4180727,-0.32406867,1.0,0.0,0.0,0.0,0.0,0.0,0.0
2.930323,0.004443315,2.5950065,84.23813,11.067721,3.2772207,2.9920669,0.11541763,20.860245,297.69174,3.986461,148.37688,53.106194,252.56221,1.8842307,2.227278,0.57896554,1.2875496,1.7208551,1.6014687,0.47835,0.0,0.0,0.0,1.0,0.0,0.0,7.1167946e-05
3.215515,0.21459854,30.20208,74.982346,23.975216,6.438657,0.00035879193,7.421457,6.6140227,297.91272,6.42037,0.06186316,0.44831666,253.55241,1.8881824,2.2281475,0.5796642,1.2898779,1.7253455,1.6086936,0.48031312,0.0,0.0,0.0,1.0,0.0,0.0,0.00022009015
1335.715,0.73694843,2.0919256,60.288326,20.86737,1.3847376,0.23563962,0.019105267,29.623783,297.75458,5.07706,237.6511,370.0998,249.67471,2.0525181,2.4998198,0.64047927,1.3659469,1.7160307,6.9302897,-0.25270906,0.99454784,2.9802322e-07,0.0008624792,0.0037907958,0.000109404325,0.0035218298,2.7954578e-05
15.173279,0.0138501525,7.2309327,74.54248,26.419613,2.2939444,2.020547,0.36568975,21.201069,297.65738,4.5833983,29.192488,26.806406,253.09892,1.8886662,2.2326877,0.58015,1.2902639,1.7247571,1.6079962,0.47314703,0.0,0.0,0.0,1.0,0.0,0.0,2.6166439e-05
319.1304,0.19800287,3.5537708,49.92928,1.1606358,1.6361561,0.115471944,0.80117005,131.24406,288.16306,6.064993,2.1165745,1.4870481,254.73972,2.1144083,2.5272832,0.68,1.3826479,1.6619622,2.239469,0.74527067,0.0,0.0,0.0,0.0,0.0,1.0,0.0
1024.4828,0.4232775,1.7277414,76.5781,14.482123,0.9375225,0.8996357,0.068916604,113.27358,299.98297,5.7218895,457.37024,457.09314,253.03336,1.8843507,2.227103,0.5797598,1.2868105,1.7220606,1.6017916,0.48912066,0.0,0.0,0.0,1.0,0.0,0.0,2.2292137e-05
163.38055,0.08692971,2.7647755,80.35154,16.999199,2.476992,2.1743245,0.19175138,32.245213,298.07886,5.3593016,75.90862,64.328316,252.92287,1.8858722,2.228479,0.57955563,1.2877953,1.721657,1.602429,0.4732509,0.0,0.0,0.0,1.0,0.0,0.0,0.0004286468
967.31354,1.0560538,4.8734694,71.10691,12.087207,0.8754604,2.2467422,0.04737159,33.08526,297.5287,4.2666783,187.85478,320.968,253.099,1.8861929,2.2280607,0.57989615,1.2887894,1.7226605,1.6061383,0.48114318,0.0,0.0,0.0,1.0,0.0,0.0,5.504489e-05
406.6353,0.4622086,5.193491,88.848236,4.238092,1.6419967,1.2403284,0.3330228,19.01887,297.928,4.875071,26.41963,32.86417,249.2181,2.0765967,2.5435987,0.6487767,1.367718,1.7188346,6.4814754,-0.33651644,0.99999964,0.0,0.0,0.0,0.0,0.0,1.7285347e-06
101.471054,0.10300508,3.0643222,80.44176,15.552869,2.4390552,0.7217986,0.6607351,76.60163,297.72745,5.112121,128.63475,153.84196,253.07918,1.887049,2.2311707,0.57992846,1.2893195,1.7221701,1.6067653,0.47588685,0.0,0.0,0.0,1.0,0.0,0.0,0.00065365434
138.15811,0.13532212,3.7273989,56.747364,37.43518,2.2020502,4.538272,0.21390471,6.1891785,297.28546,6.946705,5.9166374,15.071684,252.98341,1.8826629,2.2279603,0.57937115,1.2859584,1.7223705,1.6009029,0.47467268,0.0,0.0,0.0,1.0,0.0,0.0,0.00062024593
5.001568,0.08215188,15.894405,61.057735,30.211275,5.451498,1.020974,7.6815066,39.93616,297.23328,6.4980693,0.058183283,0.49925083,253.21605,1.8918265,2.2336504,0.5815649,1.2954587,1.7295452,1.6094757,0.4770406,0.0,0.0,0.0,1.0,0.0,0.0,3.8564205e-05
410.3288,0.08626958,2.9694664,56.997772,1.8638523,0.95776784,0.23749088,0.96019477,34.988483,303.72437,4.9511166,13.786252,15.297808,249.09973,2.0758264,2.5510387,0.64955926,1.3678594,1.7176396,6.3922887,-0.34029227,1.0,0.0,0.0,0.0,0.0,0.0,0.0
17.77086,0.079523236,7.662875,51.625465,34.719204,1.8448011,1.7727269,1.3970073,13.514079,297.25806,6.9168863,4.3897743,12.557798,253.06717,1.887375,2.2286434,0.57950574,1.2901568,1.7250282,1.60875,0.48293936,0.0,0.0,0.0,1.0,0.0,0.0,8.785725e-05
848.8875,0.53338987,2.7227216,57.439316,20.119705,2.7625968,1.1322478,0.61216956,6.819311,299.9865,4.740862,33.302517,71.69096,250.50621,2.0806735,2.5418348,0.6503267,1.3688556,1.7188878,6.4648952,-0.34031206,0.99994147,0.0,1.4334917e-05,9.23872e-05,1.6003847e-05,0.00017350912,2.2143126e-05
229.47649,0.4856687,4.86177,44.65526,12.488955,1.4413987,0.36428785,3.1960883,100.98908,297.73904,5.055573,4.815836,15.397758,253.14859,1.8857427,2.2313352,0.57956076,1.2877791,1.722464,1.6035597,0.47286168,0.0,0.0,0.0,1.0,0.0,0.0,0.0008017719
143.8726,0.13166443,9.4926195,32.90924,19.858822,1.842233,3.6710958,0.63751227,44.221233,300.6939,4.920688,2.322094,6.785571,253.10173,1.886055,2.2286081,0.57981724,1.287414,1.7244292,1.6021082,0.47682384,0.0,0.0,0.0,1.0,0.0,0.0,2.9444695e-05
629.49023,0.09248763,3.0911913,86.25261,4.558382,2.066595,0.77583367,0.24711981,88.98678,302.52484,5.6098003,275.17743,349.67886,251.26732,1.9938922,2.3805525,0.616311,1.3223437,1.7206335,3.7550137,0.09327374,0.262474,8.046627e-07,0.003052175,0.8605919,4.172325e-07,3.749132e-05,7.927418e-06
2.3558793,0.004074248,10.308933,74.58172,25.839752,1.9054533,1.8560901,0.97966456,32.85897,297.72684,4.9807906,15.145949,6.191321,252.93817,1.8869225,2.2312708,0.5797575,1.2892087,1.7221996,1.6047002,0.47424954,0.0,0.0,0.0,1.0,0.0,0.0,2.3633242e-05
295.77368,0.076229975,4.410189,46.607822,1.9694213,1.2211819,0.26107505,0.78437716,38.42916,298.29248,4.621467,9.61997,12.421572,249.43443,2.0748901,2.5458221,0.64858496,1.3678402,1.7183701,6.438517,-0.3294346,1.0,0.0,0.0,0.0,0.0,0.0,0.0
1387.1285,0.81194425,1.5670834,64.05375,18.96193,0.9121049,0.1628548,0.0140408985,74.11816,297.73343,4.957756,482.81375,497.81573,252.88556,1.8830489,2.2256927,0.5816033,1.2883089,1.725305,1.6261531,0.4800561,0.0,0.0,5.662441e-07,1.0,0.0,0.0,6.720424e-05
135.37541,0.10420832,6.58298,33.448128,19.774292,1.7008445,4.0507913,0.67377496,70.77391,301.27356,5.179511,9.284851,16.004179,252.99011,1.8842942,2.2267592,0.57972306,1.2876993,1.7220142,1.6015882,0.4787506,0.0,0.0,0.0,1.0,0.0,0.0,7.0512295e-05
1047.1951,0.49188367,4.355896,62.028435,4.7027764,2.383049,1.0276271,0.12732187,13.353882,297.89355,4.25029,74.41518,80.85217,249.41417,2.0757895,2.5471938,0.64917886,1.3673043,1.7186242,6.424155,-0.33800855,1.0,0.0,0.0,0.0,0.0,0.0,1.4901161e-07
1.0049218,0.08918227,24.913034,67.269295,30.720808,6.7547565,1.7631053e-05,7.3077965,9.362872,297.85712,6.4681644,0.03094147,0.2533889,253.24127,1.8882227,2.2296462,0.5795719,1.2901479,1.7238882,1.6075718,0.47930878,0.0,0.0,0.0,1.0,0.0,0.0,6.452203e-05
285.57822,0.31944767,9.763341,58.72124,12.33571,2.3273473,2.168976,0.31594157,22.593891,298.054,4.489848,0.45687836,2.4779341,253.02812,1.8834273,2.2270746,0.5799528,1.2858467,1.722101,1.6007937,0.4780285,0.0,0.0,0.0,1.0,0.0,0.0,0.00010883808
0.5012179,0.0013481391,1.8791054,40.74136,45.80777,7.3025365,3.451303,0.7852536,25.661917,297.7335,5.206273,0.043624546,0.3798379,278.33,2.1299999,2.5359302,0.5892282,1.53,2.0042999,2.6505356,0.76000005,0.0,0.0,1.0,0.0,0.0,0.0,0.0
945.6162,0.5203703,3.6099596,54.23869,17.683537,4.3313394,1.9033439,0.2730643,75.75546,298.8942,4.8334103,81.08492,86.932365,249.04398,2.0762691,2.5445673,0.6484192,1.3684571,1.7180952,6.4459176,-0.33288077,1.0,0.0,0.0,0.0,0.0,0.0,0.0
405.91837,0.082626805,3.004716,62.24412,3.3163688,1.1484001,0.6720364,0.9748302,52.446426,304.22168,5.498197,23.156292,13.345332,254.92363,2.1112127,2.498796,0.679692,1.399299,1.6837327,2.3115063,0.7083446,0.0,0.0,0.0,0.0,0.0,1.0,0.00076141953
525.07526,0.6863204,5.886725,47.471966,26.395975,4.5980105,0.30199116,1.0982405,56.97543,301.35983,5.193762,111.341896,254.54504,253.07126,1.8844582,2.2296996,0.5798543,1.2893056,1.7229156,1.6043848,0.48589844,0.0,0.0,0.0,1.0,0.0,0.0,0.0004824698
898.9761,0.680242,1.5597154,69.84807,16.308088,1.5660099,0.43625164,0.08606038,49.345173,297.44104,5.184689,243.6138,342.4659,253.27022,1.8816996,2.220976,0.5809359,1.2881467,1.7206218,1.6643398,0.48214903,2.1457672e-06,0.0,2.0861626e-07,0.9999988,0.0,0.0,0.00012257695
5.200289,0.051308453,22.337803,57.617893,40.16817,7.179099,0.01832748,7.333675,19.788567,297.54456,6.4388943,0.0768149,0.38409615,253.1841,1.8886707,2.2317667,0.58007497,1.2914723,1.7265036,1.6127768,0.47873345,0.0,0.0,0.0,1.0,0.0,0.0,8.401275e-05
0.59337246,0.41457888,242.24208,74.512314,27.824223,7.162504,1.0537902,6.085541,6.436185,298.63937,7.221136,1.4609491,6.978708,251.32787,1.8671315,2.2091155,0.57807016,1.2955393,1.7271574,1.6201608,0.49624124,0.0,1.3709068e-06,1.1980534e-05,0.999981,0.0,2.5868416e-05,4.8160553e-05
124.77306,0.073238134,3.6234243,23.357656,2.3023777,0.80828875,0.12545553,0.9844084,36.146862,306.91788,5.807788,1.3599311,2.3058143,248.16304,2.0730402,2.5508475,0.6483,1.3655488,1.7203242,6.3881273,-0.33643454,1.0,0.0,0.0,0.0,0.0,0.0,0.0
812.3727,0.4573592,4.8417287,51.725773,20.49626,3.3218844,2.0281465,0.48604238,15.005464,299.97784,4.6701856,42.1769,68.92261,249.59798,2.078301,2.547852,0.64950186,1.3694662,1.7197144,6.403759,-0.33891892,1.0,0.0,0.0,0.0,0.0,0.0,2.3841858e-07
1316.4658,0.67915785,3.6555226,65.1521,16.899258,3.0521688,0.34907195,0.13271812,5.0913386,297.82922,5.296782,38.299095,118.78904,249.73764,2.0763648,2.5415466,0.64908844,1.3678509,1.7222166,6.473269,-0.34121597,0.99998474,0.0,1.4960766e-05,7.599592e-06,2.3841858e-07,0.00016066432,9.745359e-06
445.63608,0.07586762,1.4644182,86.03604,7.888623,2.0215847,3.5697825,1.7978419,10.456337,298.2637,5.1377397,9.25175,9.825575,274.54776,2.0981975,2.481169,0.59078246,1.50806,1.9542025,2.672059,0.6891419,0.0026255846,6.824732e-06,0.9986447,0.002248764,0.00071007013,0.0007867515,0.0077932477
57.50957,0.13420242,4.959054,12.873705,10.095366,0.66121334,0.6969826,1.3932966,20.094086,298.69217,6.86743,6.7088294,133.42958,252.60002,1.8810865,2.2281,0.5797533,1.2879382,1.7243485,1.6074594,0.47430083,0.0,0.0,0.0,1.0,0.0,0.0,0.0010289848
1268.5264,0.6724448,1.5274422,61.299004,21.91712,1.3984308,0.18802167,0.016399702,42.217373,297.4611,5.1894274,392.3188,469.3815,252.06636,1.8794248,2.2231586,0.5795448,1.2849445,1.7162155,1.7624527,0.4613736,4.181266e-05,0.0,3.963709e-06,0.9999699,0.0,9.834766e-07,0.000100404024
0.58119345,0.0017056033,1.9452046,60.770546,25.634157,6.5893083,4.6285987,0.92948383,24.521324,297.6909,5.2744846,0.046857834,0.30498096,278.33,2.1299999,2.5371106,0.5887998,1.53,2.0042999,2.6468873,0.76000005,0.0,0.0,1.0,0.0,0.0,0.0,0.0
320.62384,0.2116692,1.7599764,82.198555,13.05166,2.5757928,0.7257729,2.9278166,28.583359,297.4066,5.047664,0.42609957,1.3923256,257.13293,2.0421836,2.4547336,0.6328084,1.3811619,1.7711939,3.1125228,0.14178585,0.40876466,0.019899935,4.5984983e-05,0.0883826,0.000112473965,0.005527973,4.848838e-05
49.44889,0.09348942,9.570243,54.73905,40.1793,1.2894747,0.45742565,1.5325227,17.723728,297.58856,5.2321367,0.5894254,1.7769909,253.3414,1.8867164,2.2286246,0.58014584,1.291434,1.7283995,1.601808,0.48886907,0.0,0.0,0.0,1.0,0.0,0.0,3.874302e-07
176.02165,0.117185995,9.668181,35.14348,21.29306,1.942629,4.231279,0.1870415,54.363,300.192,4.5269914,41.18292,49.809525,253.15623,1.8842534,2.2278638,0.5797915,1.2867212,1.7226354,1.601898,0.47727206,0.0,0.0,0.0,1.0,0.0,0.0,0.00010663271
176.10133,0.23386054,22.060131,72.230606,24.323238,6.0373383,0.994375,5.950554,41.22395,297.63458,6.119346,19.810997,30.819933,253.08836,1.8875358,2.2303448,0.5799367,1.2890136,1.7222309,1.6062852,0.47762457,0.0,0.0,0.0,1.0,0.0,0.0,0.0017398596
3.6359956,0.07686201,22.411026,62.01822,37.649956,7.1156144,0.002284397,7.175466,50.13695,297.49274,6.4637485,0.079440825,0.38199443,252.99467,1.8882462,2.2302842,0.57990974,1.292271,1.7277958,1.6031164,0.48089108,0.0,0.0,0.0,1.0,0.0,0.0,2.3037195e-05
111.49804,0.137234,3.073228,16.74404,10.461329,0.7532136,0.71731794,1.0951893,31.312828,309.84158,6.934291,12.222805,115.217964,253.4293,1.8799921,2.2246196,0.57864976,1.2877499,1.7195432,1.6608903,0.4793792,5.811453e-06,5.066395e-07,0.0,0.99999523,0.0,0.0,0.0016987026
129.91312,0.47986123,9.450231,88.59692,4.8552356,2.2752008,0.1444142,0.1481817,65.05748,297.87985,6.9150553,5.2948275,3.0410974,246.94615,2.0652618,2.5362422,0.6428392,1.3648661,1.7110883,6.51799,-0.3180746,1.0,0.0,0.0,0.0,0.0,0.0,0.0
37.224506,0.016162857,1.02,32.126656,44.39893,2.3415031,2.2147262,6.8538823,16.684364,298.17902,7.718007,0.034853574,0.30964124,265.40244,2.1083503,2.6495,0.65536916,1.4194722,1.8827598,2.0068727,0.20174666,0.0,1.0,0.0,0.0,0.0,0.0,4.0382147e-05
82.10216,0.190349,31.413572,75.92764,20.823242,6.156741,1.6770608,7.039888,16.307507,298.0561,6.3336067,0.92379403,2.4509776,252.06073,1.8684411,2.2313895,0.57526946,1.2810867,1.7103829,1.6298952,0.47172338,3.1292439e-06,1.7881393e-07,6.735325e-06,0.999997,0.0,2.3841858e-07,0.0082542
5.9035254,0.0898735,19.634354,62.983128,37.041218,6.8097644,0.0023781352,7.222347,19.308607,297.60153,6.4191833,0.45066187,1.108487,253.04189,1.8896221,2.2299387,0.58010924,1.2921305,1.7265055,1.6051658,0.4771176,0.0,0.0,0.0,1.0,0.0,0.0,4.774332e-05
574.8344,0.41886395,2.3128598,47.526024,17.309732,3.3359857,2.2048686,0.22860031,59.51248,301.98154,4.868655,71.06336,68.72423,248.53047,2.07005,2.5412624,0.6465521,1.3658987,1.715857,6.4800982,-0.3251769,1.0,0.0,0.0,0.0,0.0,0.0,0.0
5.561803,0.61188513,1.02,76.952034,17.768475,2.4685385,0.3000444,10.312507,24.810728,298.0389,6.7372904,0.025707468,0.27164626,265.4212,2.1031933,2.6481566,0.6540667,1.4234977,1.870439,2.1419168,0.20160893,0.0,1.0,0.0,0.0,0.0,4.172325e-07,0.0002488196
43.823605,0.10209819,5.2546577,71.696465,10.467207,2.2872303,1.482431,19.8324,66.71795,297.5934,5.837332,1.9445671,12.568709,248.72939,2.0399194,2.2306936,0.5883118,1.477643,1.7579674,8.383828,0.52241194,0.0,0.0,0.0,0.0,0.99991447,0.0,0.00035631657
1.6066667,0.07450442,17.989489,58.474262,38.4588,7.1580973,0.00031383277,7.320217,1.3274659,297.3962,6.4605203,0.89830285,2.621745,253.18544,1.888446,2.2309062,0.57981896,1.2917342,1.7270697,1.6066594,0.48027676,0.0,0.0,0.0,1.0,0.0,0.0,1.5705824e-05
332.90353,0.15528911,3.049533,46.03293,1.6803373,1.4089687,0.049098667,1.085066,60.907425,289.78278,5.4051156,3.6539237,4.658161,255.61049,2.1132352,2.5077875,0.68,1.3904266,1.6702248,2.2713788,0.7345497,0.0,0.0,0.0,0.0,0.0,1.0,0.0
1.3707997,0.0015362522,6.598706,67.35385,30.104584,2.298642,4.0885153,0.9625649,18.38428,298.12817,5.0418525,0.4794578,9.424918,278.33,2.1299999,2.5364401,0.5918256,1.53,2.0042999,2.7426035,0.76000005,0.0,0.0,1.0,0.0,0.0,0.0,0.0
3.1851687,0.011568208,4.269961,66.98626,4.2681828,1.306715,2.3829248,20.0,48.385242,296.7623,6.111331,0.025600288,0.23721498,253.21297,1.8891821,2.2280111,0.58016354,1.2898163,1.7250816,1.6099194,0.48507667,0.0,0.0,0.0,1.0,0.0,0.0,0.00012749434
63.26984,0.92853457,74.37701,30.438215,47.9976,3.1132884,6.382793,0.28336757,15.491503,297.688,3.9550233,25.012774,62.03029,247.66795,2.035429,2.226807,0.58933145,1.4758786,1.7636386,8.276812,0.51657826,0.0,0.0,0.0,0.0,0.9999163,0.0,0.000102847815
475.44482,0.31291133,3.9190207,86.00875,6.9463754,1.872565,0.7775374,0.2818447,57.163723,297.91412,6.800046,66.53701,93.12347,248.9579,2.072778,2.5428965,0.64740884,1.3666282,1.7166184,6.3987923,-0.32965454,1.0,0.0,0.0,0.0,0.0,0.0,0.0
56.41184,0.1244519,4.1379075,60.881893,7.888615,1.6376967,1.8729266,19.748695,16.34137,296.49924,6.6639037,0.39685705,4.470781,252.949,1.8869711,2.2263854,0.57985824,1.2923019,1.7274913,1.6051478,0.48637578,0.0,0.0,0.0,1.0,0.0,0.0,6.67572e-06
116.96236,0.149588,4.749872,19.964064,9.482513,0.93532753,0.42950717,1.6925126,44.931908,300.02838,6.726475,13.1536,103.88088,252.93326,1.8796239,2.2234612,0.5789325,1.2875291,1.7209309,1.6168443,0.48914355,1.7881393e-07,0.0,4.172325e-07,1.0,0.0,0.0,0.0046269298
1.5630252,0.71715575,195.96983,76.04958,22.528301,6.9943895,1.541352,7.189155,2.3375788,298.04254,6.8847175,0.07506427,0.9987053,251.93294,1.8829156,2.2145834,0.5780352,1.2877097,1.7207671,1.6029408,0.47314999,0.0,0.0,0.0,1.0,0.0,0.0,0.001253128
10.036373,0.025408441,3.9495509,61.784615,29.282581,4.438506,4.334606,0.78105915,22.390427,298.46094,5.1689444,9.362986,15.181319,277.5546,2.126456,2.5132856,0.5878859,1.528082,1.9929653,2.786432,0.753044,9.23872e-07,0.0,0.99999964,3.2782555e-07,1.5288591e-05,0.000112205744,0.00049102306
471.78705,0.01845764,2.0960588,84.05532,10.707269,1.7565866,4.0178967,1.0532725,22.602497,298.20224,5.079384,3.1156435,19.045773,278.32996,2.1299999,2.5385725,0.5912506,1.53,2.0042996,2.6521883,0.76000005,0.0,0.0,1.0,0.0,0.0,0.0,0.0
404.71497,0.24133904,2.0415673,75.51552,21.745085,3.6226926,0.43850428,0.5319178,29.608192,297.46582,5.4456663,37.9278,62.575943,255.02405,1.9142169,2.2495623,0.58882433,1.3058368,1.7396773,1.8176991,0.45433965,0.0020698607,6.67572e-06,1.0579824e-05,0.9991425,4.917383e-06,0.00013524294,5.4985285e-05
1.2879823,0.028986739,2.9992356,6.0573626,2.4732213,0.54420024,0.05386875,0.8227204,17.445456,284.99237,7.602237,0.025117975,0.22274068,246.08481,2.0723128,2.5531528,0.64749026,1.3624355,1.7217443,6.465079,-0.3190566,1.0,0.0,0.0,0.0,0.0,0.0,0.0
514.50507,0.26399046,61.814476,64.50608,29.891695,3.4505193,0.73014516,0.49944687,31.81956,297.75848,4.385914,14.212939,22.906862,248.69077,2.0205603,2.2284422,0.5870311,1.4654515,1.7494423,7.851763,0.5109517,0.0021062493,0.0,7.4505806e-07,0.00016278028,0.9995509,1.2934208e-05,7.271767e-05
17.817242,0.13812771,35.968853,74.7609,23.330812,6.775459,0.007480562,7.459583,27.326717,297.84265,6.459777,0.03372817,0.2746069,253.07253,1.887199,2.2301712,0.57967794,1.28987,1.7227235,1.6027985,0.47809738,0.0,0.0,0.0,1.0,0.0,0.0,0.0002387464
536.04144,0.41397315,4.962913,86.56193,7.274403,1.6052814,1.0368067,0.23568864,68.5943,297.80548,6.8618507,110.67889,110.69453,248.20589,2.0689263,2.5403104,0.64566505,1.3659605,1.7143062,6.3961787,-0.32413897,1.0,0.0,0.0,0.0,0.0,0.0,0.0
74.09719,0.040191907,3.8973582,76.27167,22.851528,1.9085847,1.582688,0.49410784,55.15639,297.60144,5.3372746,8.178333,8.072704,253.03012,1.8881269,2.2331712,0.5799487,1.290897,1.7238193,1.6084931,0.47458747,0.0,0.0,0.0,1.0,0.0,0.0,5.1796436e-05
216.76189,0.015978152,3.5788736,77.01999,15.64568,2.4907587,4.547008,1.0791281,14.817803,298.25983,5.060786,2.337278,17.346048,278.33,2.1299999,2.5331864,0.5912871,1.53,2.0042996,2.6258252,0.76000005,0.0,0.0,1.0,0.0,0.0,0.0,0.0
335.77737,0.11848965,4.8226995,55.23817,3.326311,1.3257613,0.2414614,0.99292845,69.19055,289.99686,4.9745913,19.160284,31.200687,249.97179,2.0651822,2.5233808,0.64432293,1.3764998,1.7163655,6.7196155,-0.29189616,0.9982201,1.1593103e-05,0.011384517,0.003017664,1.4036894e-05,0.00021141768,7.57277e-05
1166.8348,0.5647247,1.5048662,84.64003,7.9616337,1.1306428,1.058202,0.23932962,219.27838,298.94125,6.583361,456.66788,438.81686,253.36865,1.889191,2.2304602,0.58085465,1.2882875,1.7209427,1.6036955,0.48086083,0.0,0.0,0.0,1.0,0.0,0.0,2.3037195e-05
524.5221,0.41942453,32.159958,56.473465,15.306525,1.3303647,2.6265163,0.13167366,31.107325,297.04053,3.9989119,7.726726,14.774157,253.09842,1.8843129,2.2295063,0.5795859,1.2867291,1.7234286,1.6011758,0.4756086,0.0,0.0,0.0,1.0,0.0,0.0,2.8252602e-05
66.03631,0.45111373,34.32264,33.694523,41.423347,3.450315,6.3654804,0.81820416,75.10992,297.75403,5.134888,37.662796,67.783,249.38474,2.0426002,2.2311907,0.58997434,1.479749,1.767566,8.40646,0.5297868,0.0,0.0,0.0,1.7881393e-07,0.9994755,0.0,0.0004968345
1076.8373,0.6306711,2.5049233,72.62077,6.924887,2.809905,1.2413979,0.11801595,36.829395,297.82895,4.421026,77.77382,84.22664,249.03171,2.0760703,2.5466301,0.6489314,1.366633,1.7159479,6.40717,-0.33355108,1.0,0.0,0.0,0.0,0.0,0.0,0.0
2.1567523,0.0021938086,10.867236,50.998535,17.002787,2.8309376,4.066889,1.9496866,37.67758,296.20563,8.020262,0.030369839,0.2308368,249.54686,2.0879066,2.555408,0.65271103,1.374151,1.7204505,6.1882644,-0.28518555,0.9999998,0.0,0.0,0.0,0.0,0.0,0.0
700.7282,0.49291104,3.0812352,62.892643,14.115664,2.818993,2.0302582,0.4101001,61.762646,300.01248,5.2794366,78.87475,99.047745,249.37723,2.0735517,2.544083,0.647815,1.3670269,1.7196479,6.441713,-0.3294462,1.0,0.0,0.0,0.0,0.0,0.0,2.0861626e-07
1267.9404,0.74722654,1.3799751,62.661983,17.697742,1.4002678,0.17555974,0.015273625,73.24584,297.8682,4.8108273,296.64246,294.9162,250.30794,2.0813997,2.5499957,0.6520539,1.3711181,1.7200242,6.458367,-0.33406222,0.9999864,0.0,3.5762787e-07,2.3841858e-07,0.0,7.1525574e-07,0.0
1505.7,0.9268181,1.8603277,81.41812,11.814256,0.6523502,0.97806066,0.039088666,115.95099,298.82767,6.0328836,471.56946,470.28415,253.27289,1.8880714,2.2301645,0.58076334,1.2873125,1.7170784,1.6022229,0.47833604,0.0,0.0,0.0,1.0,0.0,0.0,1.31726265e-05
979.0967,1.2614363,2.1102622,73.62605,16.786995,4.9276857,0.17818648,0.050725393,126.28323,295.1104,5.7771573,120.352036,375.41757,252.85497,1.8869221,2.2313187,0.58254325,1.2895225,1.7224026,1.6016964,0.47512323,0.0,0.0,0.0,1.0,0.0,0.0,9.62615e-06
170.97345,0.29963773,32.198563,75.7517,23.882202,6.7257075,1.2646484,7.423082,24.042091,298.0088,6.428061,6.736321,13.690102,251.88036,1.8776883,2.2245164,0.5765819,1.285915,1.7116375,1.6127828,0.4732569,0.0,0.0,0.0,1.0,0.0,0.0,0.0031011403
108.47866,0.40424332,15.368049,61.40056,16.57979,3.9740946,1.7182487,19.304478,87.372025,295.43332,4.3871183,0.2146674,1.3054434,252.60637,1.8819357,2.2313354,0.5792731,1.2873548,1.7181104,1.6004254,0.47945324,0.0,0.0,0.0,1.0,0.0,0.0,0.00044327974
122.60145,0.16030774,4.688005,39.84232,56.48589,2.9304004,3.2912161,0.7482867,23.98521,294.80072,4.887628,72.867165,103.097824,253.11453,1.8890046,2.2304041,0.5803702,1.2912722,1.7288927,1.6155643,0.48695606,0.0,0.0,0.0,1.0,0.0,0.0,0.00013047457
55.76564,0.105793506,4.8480234,90.735504,13.322348,1.2316424,0.032997694,20.0,34.748226,297.48315,6.08263,0.076618396,0.7105536,245.74144,2.0297067,2.2047558,0.5830694,1.4801668,1.7723095,8.466669,0.54538053,0.0,0.0,0.0,0.0,0.9999993,0.0,1.847744e-06
721.275,0.39327386,2.8369257,43.715492,19.789692,0.95572543,0.20552285,0.10284668,70.067215,297.22437,5.2987757,288.15417,290.94287,253.36691,1.8724005,2.2111497,0.57746387,1.2837534,1.72127,1.6383514,0.51274794,1.3709068e-06,0.0,9.834766e-07,0.99999976,0.0,0.0,0.0001271069
25.644087,0.005500204,6.42115,68.36521,23.247835,5.1613007,5.1918836,0.940663,11.232018,297.99307,5.0290313,0.85385853,13.551938,278.33,2.1299999,2.535209,0.5917501,1.53,2.0042999,2.6815658,0.76000005,0.0,0.0,1.0,0.0,0.0,0.0,0.0
359.66043,0.21544382,1.0633175,38.72465,57.699646,2.086477,2.8751695,0.008,8.348003,278.14423,9.473953,72.797516,175.75702,252.5099,1.8733666,2.2215323,0.58219576,1.2796522,1.7296362,1.6028653,0.483939,0.0,0.0,0.0,1.0,0.0,0.0,0.0
114.82443,0.041519165,5.117931,71.12626,14.031392,2.714745,1.8079721,0.5688055,52.92065,297.08624,3.7099757,160.6604,210.33897,255.95279,2.1120296,2.505641,0.67950004,1.4038508,1.6847296,2.2531002,0.7153674,0.0,0.0,0.0,0.0,0.0,1.0,0.0003221631
5.2129755,0.04479263,19.130367,57.975845,40.41851,7.0521255,0.25133038,7.0197525,52.288383,297.15558,6.317612,0.068901375,0.41229543,253.06963,1.8891635,2.2301605,0.58125097,1.2942357,1.7317626,1.6053945,0.48707312,0.0,0.0,0.0,1.0,0.0,0.0,4.4703484e-06
206.62387,0.4963429,8.713763,60.956608,15.456825,3.017692,1.8485543,13.228325,76.14913,297.21994,4.6905403,4.3711247,14.117897,252.97684,1.8845176,2.227313,0.57990694,1.2879071,1.721916,1.6038721,0.4776578,0.0,0.0,0.0,1.0,0.0,0.0,0.0017826557
455.45166,0.7342873,3.6416008,81.74297,14.613663,2.1915936,0.30202937,20.0,13.633214,297.18066,6.42638,87.14216,192.59804,252.47046,1.929591,2.2880108,0.5966505,1.2899699,1.7223195,2.0815678,0.34636554,0.0107982755,0.0,4.4703484e-07,0.99457204,8.6426735e-07,5.9604645e-08,2.926588e-05
159.14874,0.028699286,6.7285824,77.87188,16.719091,2.4104595,4.570078,0.90385693,35.96241,298.13885,4.902764,17.11972,24.229944,278.32828,2.1299903,2.5326278,0.5903014,1.5299989,2.0042732,2.6845727,0.75999236,0.0,0.0,1.0,0.0,0.0,0.0,1.7881393e-07
561.2603,0.23795937,2.5742953,78.02879,21.161228,2.4068704,0.74090713,0.07493367,72.07906,297.66498,4.954417,181.3506,157.50433,252.90305,1.8854383,2.229917,0.5798831,1.2880025,1.7209977,1.60557,0.47352797,0.0,0.0,0.0,1.0,0.0,0.0,0.00018554926
396.71844,0.19594923,1.7129215,36.363056,57.64565,2.2343228,3.1307821,0.008401575,13.308434,281.65167,8.40526,145.41916,212.34964,252.7512,1.8859317,2.2306678,0.58110267,1.2893767,1.7279841,1.6123731,0.48477113,0.0,0.0,0.0,1.0,0.0,0.0,2.3841858e-06
38.685074,0.7520482,5.4173326,75.91225,11.438574,2.5706315,0.84716594,20.0,22.642128,297.6876,6.2256727,0.03917654,1.3716193,248.48055,2.0399132,2.2279994,0.5900781,1.4790058,1.7610006,8.388905,0.5275629,0.00033140182,4.4703484e-06,0.0,6.940961e-05,0.99987936,1.1920929e-06,0.00022280216
379.16727,0.14101553,3.3133204,53.35649,2.5887644,1.2807984,0.109889954,1.1435714,53.932888,299.7645,5.2056704,19.273129,15.302377,255.52402,2.1090531,2.5029004,0.6799915,1.3991699,1.6770155,2.224052,0.71695095,0.0,0.0,0.0,0.0,0.0,1.0,6.556511e-06
10.000242,0.01152471,8.706022,48.141666,45.00369,3.9966636,3.0435574,0.99173564,34.349792,298.2731,4.9784794,20.499636,32.342327,278.3295,2.1299973,2.5356672,0.5899402,1.5299999,2.0042925,2.6253731,0.75999844,0.0,0.0,1.0,0.0,0.0,0.0,0.0
74.75029,0.09822681,2.7408218,13.147981,2.9650397,0.7095522,0.08579917,0.7295348,58.625877,294.50348,6.951512,5.51671,5.629382,255.20567,2.1129115,2.510611,0.67999977,1.397558,1.677365,2.230163,0.7223743,0.0,0.0,0.0,0.0,0.0,1.0,0.0
0.6745659,0.10415025,20.050169,57.84747,39.15765,7.1097436,2.938509e-06,7.2674127,4.3152404,297.47437,6.5394173,0.32345602,0.9532904,253.03278,1.8879261,2.2250972,0.5797713,1.2925618,1.7241468,1.610532,0.47889867,0.0,0.0,0.0,1.0,0.0,0.0,2.7149916e-05
47.106762,0.12174169,28.62237,67.659325,32.427345,6.8706517,0.1185947,7.5369563,67.72996,297.3861,6.42755,0.06314933,0.3614709,253.00291,1.8891593,2.2312477,0.5798101,1.2910913,1.7242123,1.6097902,0.4765424,0.0,0.0,0.0,1.0,0.0,0.0,0.00037157536
314.41385,0.19612673,6.7779207,70.425964,27.56126,2.8279114,1.645193,0.60238045,71.6004,297.88754,5.4929376,72.30084,87.558685,253.01654,1.8855188,2.2282667,0.5798072,1.2874942,1.72161,1.6107391,0.47354728,0.0,0.0,0.0,1.0,0.0,0.0,0.0012930334
1037.0544,1.2364624,3.2439864,66.30042,23.71386,4.380576,0.631388,0.58547264,251.68332,296.1514,5.7592998,257.88046,367.92218,252.68645,1.8888416,2.231396,0.58022964,1.2893138,1.7241211,1.6064674,0.47919118,0.0,0.0,0.0,1.0,0.0,0.0,1.052022e-05
142.37003,0.054033916,2.2699077,88.80608,8.686553,2.2486372,1.1326823,0.023744227,26.186623,296.84442,3.9508085,59.427307,345.55988,253.06871,1.8868278,2.2313812,0.5794762,1.2879227,1.7180228,1.6034395,0.46707785,0.0,0.0,0.0,1.0,0.0,0.0,1.0222197e-05
94.240776,0.11597699,2.9887087,15.817284,7.0447454,0.72470707,0.53778124,1.112528,29.876595,298.598,6.303547,7.084802,63.934772,254.14542,1.9880484,2.3381603,0.6187393,1.3427804,1.7044442,1.9348384,0.5391338,9.146333e-05,6.1392784e-05,5.662441e-07,0.6739712,2.026558e-06,0.28421295,0.0034424365
1303.5896,0.7244049,1.9029831,62.53399,18.977276,1.7265656,0.18179585,0.041686986,21.10476,297.89178,5.0447955,177.42705,278.5498,249.50906,2.0647604,2.5198326,0.64510727,1.3728204,1.7206726,6.7397995,-0.29865533,0.9990388,1.4901161e-07,0.00053197145,0.000536114,3.349781e-05,0.0017960966,2.232194e-05
376.30548,0.5005502,1.262825,33.030903,29.446344,3.200949,0.6169873,0.042741563,3.7483637,297.55048,8.68038,54.31742,456.62518,249.02432,2.0747058,2.543362,0.6497898,1.3674946,1.7213761,6.2791433,-0.30202594,1.0,0.0,0.0,0.0,0.0,0.0,0.0
1.5247627,0.083812065,1.983864,92.02244,8.880401,1.4673741,0.32820266,20.0,26.270142,297.14365,5.7146482,0.026118329,0.2385491,252.34607,1.8880177,2.2280781,0.5789976,1.287941,1.7223146,1.6044992,0.46386123,0.0,0.0,0.0,1.0,0.0,0.0,2.0861626e-07
419.2342,0.0176648,2.4266837,82.89728,10.783747,1.9757308,4.117069,1.2169975,10.461201,298.409,5.126271,1.5387623,13.660586,278.33,2.1299999,2.5343006,0.5920241,1.53,2.0042999,2.691088,0.76000005,0.0,0.0,1.0,0.0,0.0,0.0,0.0
47.426258,0.45199302,4.7157645,86.40963,12.143458,1.8598111,0.4817136,19.999975,27.639841,297.59195,5.734134,0.16682899,1.2193286,252.6683,1.8866979,2.226553,0.5797405,1.2878952,1.7213169,1.6137433,0.4791039,0.0,0.0,0.0,1.0,0.0,0.0,0.00095155835
584.34064,0.057790846,1.1400195,78.635155,8.01774,1.4428773,1.4058291,0.19921565,217.31506,292.2287,6.183737,364.38342,382.0465,252.9155,1.8848907,2.2311275,0.5810866,1.2858311,1.7187848,1.6005753,0.4761481,0.0,0.0,0.0,1.0,0.0,0.0,3.695488e-06
505.8142,0.035856422,1.2495505,75.46091,6.347664,2.8677466,1.0241416,0.2556351,229.39609,307.14188,5.919951,363.88022,429.36282,253.45013,1.8884819,2.2234762,0.58236563,1.2862653,1.7204938,1.6036584,0.4753198,0.0,0.0,0.0,1.0,0.0,0.0,7.2717667e-06
1318.3434,0.6354835,4.078301,60.549313,10.6438675,3.6203735,0.48014885,0.17293099,26.408182,298.0694,4.7891026,60.995434,94.75601,249.59622,2.0784242,2.5480344,0.64958733,1.3695216,1.7188562,6.398805,-0.335137,1.0,0.0,0.0,0.0,0.0,0.0,0.0
52.318367,0.22677875,6.1725783,63.260433,9.466199,3.0050197,2.3271353,19.99646,27.656624,296.9618,7.2463775,0.14528562,1.8604192,252.83339,1.8879172,2.2263541,0.57916754,1.289015,1.7220162,1.60515,0.4871642,0.0,0.0,0.0,1.0,0.0,0.0,0.003499627
848.2062,0.4555632,2.1402822,67.5458,18.982227,1.3533465,1.0692362,0.58837837,47.44146,298.14932,4.8110385,262.54718,318.24094,278.32996,2.1299999,2.5363457,0.5913199,1.53,2.0042996,2.6292872,0.76000005,0.0,0.0,1.0,0.0,0.0,0.0,0.0
0.5878919,0.0013145158,8.694506,46.99197,49.58437,3.8983197,2.7828286,1.0567997,6.9682565,298.42743,4.982921,0.09144509,1.4339576,278.33,2.1299999,2.5358176,0.58788043,1.53,2.0042999,2.726951,0.76000005,0.0,0.0,1.0,0.0,0.0,0.0,0.0
377.27484,0.14644425,3.8323247,37.935673,57.38532,2.4556522,3.343995,0.1382204,19.564089,289.96396,5.390213,223.9261,232.27768,252.77167,1.8913888,2.2368376,0.5832454,1.2951691,1.728191,1.6063732,0.4747415,0.0,0.0,0.0,1.0,0.0,0.0,1.2814999e-06
1056.2197,0.5422488,1.3770447,83.27996,9.048254,1.2989517,0.9733244,0.15230411,197.13116,299.19537,5.9542284,443.42615,455.0516,253.18857,1.8849989,2.2272878,0.5812,1.2869873,1.7226309,1.6026579,0.48063475,0.0,0.0,0.0,1.0,0.0,0.0,4.0322542e-05
18.503937,0.0649384,10.426715,43.730354,46.877556,0.89159644,1.4820834,0.5686476,15.778749,297.28625,6.575645,4.8624773,6.1796427,252.72588,1.8875345,2.227332,0.57934815,1.2906244,1.7261864,1.604881,0.48673347,0.0,0.0,0.0,1.0,0.0,0.0,1.385808e-05
0.6576168,0.001447528,2.1521258,21.291126,36.00924,6.5114903,2.0763392,0.59543157,3.3095853,298.71338,8.573739,0.026743552,0.23206125,278.33,2.1299999,2.535095,0.58746845,1.53,2.0042999,2.7427819,0.76000005,0.0,0.0,1.0,0.0,0.0,0.0,0.0
25.992407,0.09081757,2.1344821,13.297934,3.97974,0.5662788,0.17971627,0.6971938,19.124142,301.99066,6.351505,0.7950698,3.6398432,255.44951,2.1068554,2.491766,0.67983353,1.3962102,1.6913904,2.2578604,0.7171872,0.0,0.0,0.0,0.0,0.0,1.0,1.7881393e-07
0.79929936,0.04604109,18.574873,55.389366,41.88254,7.2369056,2.5565028e-05,7.2783313,16.654078,297.55508,6.3592024,0.030280521,0.24339214,253.0097,1.8893493,2.23081,0.5799808,1.2914599,1.7266542,1.6082994,0.4790631,0.0,0.0,0.0,1.0,0.0,0.0,1.2695789e-05
436.50586,0.08120223,2.3099217,63.14397,3.7700658,1.1540915,0.67174816,0.963203,54.271397,293.24402,4.9046793,30.799309,21.894302,255.03642,2.110866,2.499441,0.67641,1.3962206,1.6884042,2.3989296,0.69474953,5.286932e-05,2.1010637e-05,0.0,2.3841858e-07,0.0,0.99999696,0.005100578
292.83618,0.72517514,1.0200456,78.77219,19.661781,2.396119,0.3934972,10.568983,9.550973,298.0582,6.7031436,0.057718832,0.7287013,265.32196,2.105227,2.6474364,0.6536399,1.4250149,1.8710287,2.0482745,0.22371574,2.8312206e-06,1.0,0.0,0.0,0.0,2.0563602e-06,0.0038273036
72.886696,0.065391004,4.2876654,69.19029,21.083519,4.95998,4.790917,1.3449908,25.383682,298.15198,5.049683,2.884365,5.8623595,277.32465,2.1225114,2.518105,0.58935976,1.5254475,1.9898254,2.675948,0.746444,8.493662e-06,0.0,0.9999993,2.7418137e-06,8.136034e-06,0.002367109,0.0140809715
28.521177,0.099340826,10.138038,52.95956,20.609093,3.4123697,3.3122256,0.6350707,68.103386,297.48758,5.033293,20.135096,33.420826,248.85135,2.0371416,2.2320092,0.5896421,1.4787389,1.7582005,8.453432,0.51758856,0.0,0.0,0.0,2.3841858e-07,0.9997127,0.0,0.00048696995
347.34906,0.061792273,4.745168,66.96861,3.786804,1.2006559,0.68711597,0.57164806,53.114735,297.5583,6.217456,21.031591,33.31748,248.3723,2.0676823,2.5411882,0.644763,1.3639091,1.7163092,6.4357743,-0.3182232,1.0,0.0,0.0,0.0,0.0,0.0,0.0
1.8222352,0.0046911696,15.838658,58.126045,40.89228,1.6886169,2.2618902,0.95786756,4.159692,297.81042,5.903276,15.369672,12.724673,253.14233,1.8882722,2.2302966,0.58025855,1.2899579,1.7249076,1.6067019,0.47858137,0.0,0.0,0.0,1.0,0.0,0.0,6.377697e-06
5.5039525,0.07094563,3.7617652,74.71525,8.215765,1.579671,1.4517695,20.0,59.763138,296.7709,6.1946406,0.02499293,0.22217414,252.79733,1.8885881,2.2264047,0.57907575,1.2896147,1.7247956,1.6171964,0.4782471,0.0,0.0,0.0,1.0,0.0,0.0,0.0005670786
94.671715,0.20363535,14.202933,76.30033,15.8523035,5.5315022,2.814845,5.461109,7.581512,297.94473,7.108718,0.5744022,4.0263543,252.77289,1.888914,2.228528,0.57935065,1.2895267,1.7224735,1.6066055,0.47444567,0.0,0.0,0.0,1.0,0.0,0.0,0.0053827465
370.4892,0.19692037,2.6375935,53.87677,3.625597,1.3442061,0.19739552,0.90617645,67.55205,292.40002,4.847299,38.074818,49.27573,250.57236,2.0778773,2.5469189,0.65013874,1.3744422,1.7202442,6.5712733,-0.34001005,0.9998568,1.4901161e-07,0.0010582805,0.00025594234,9.536743e-07,2.1249056e-05,1.8149614e-05
50.30081,0.032911982,1.0353982,62.433025,36.49539,3.8122978,2.5468383,1.1080791,50.98056,304.04327,5.8443427,10.817002,10.239792,172.20001,1.5,1.8200005,0.41000006,1.19,1.1969004,10.429975,-0.55,0.0,0.0,0.0,0.0,0.0,0.0,1.0
1107.8517,1.2504919,7.0240035,49.299152,45.82835,3.7364762,0.54719883,0.35899884,18.755808,300.36652,4.5805907,280.91226,403.33566,253.10768,1.8894563,2.2317502,0.5810138,1.290546,1.7250887,1.6216118,0.48101035,2.9802322e-07,0.0,0.0,1.0,0.0,0.0,1.809001e-05
1091.1663,1.2181578,1.7608365,50.7375,47.306965,10.191271,0.8479529,0.013219279,17.62178,302.41077,4.5979443,181.30606,405.3948,252.42686,1.8846567,2.2289336,0.5804082,1.2903113,1.7230116,1.6075562,0.47985762,0.0,0.0,0.0,1.0,0.0,0.0,7.0035458e-06
12.67577,0.06545781,7.708492,60.108395,18.096022,5.3853393,2.2451956,1.4565679,79.11707,297.58447,5.357415,21.783733,38.040337,249.41397,2.0365343,2.2293303,0.5887722,1.4793575,1.7583427,8.414839,0.5310212,2.2351742e-06,0.0,0.0,3.5464764e-06,0.9998299,1.4901161e-07,0.00012332201
111.63069,0.7176791,2.221262,85.404015,12.889798,1.8374852,0.34084707,19.99986,16.124794,297.34018,5.951236,16.187515,41.741444,252.94197,1.8874903,2.2260695,0.58039826,1.2876489,1.7227923,1.6050829,0.48104632,0.0,0.0,0.0,1.0,0.0,0.0,0.00021231174
1.0804317,0.8029474,256.23294,69.94269,28.756296,6.8767295,0.0011539524,7.3249855,10.131604,298.09973,6.514447,0.026511326,0.24935,252.81268,1.8883386,2.2295492,0.5792118,1.2886164,1.7285783,1.6412134,0.47583953,5.9604645e-07,1.2665987e-05,8.255243e-06,0.99997306,1.6391277e-06,0.00015175343,0.00025209785
106.97536,0.072570704,1.0202512,63.204666,41.83367,3.0949209,2.2906733,1.1179087,34.216213,304.14413,6.465883,7.284212,9.298981,172.20001,1.5,1.82,0.41000003,1.19,1.1969,10.43,-0.55,0.0,0.0,0.0,0.0,0.0,0.0,1.0
1.3768892,0.0030296033,11.49673,74.80286,27.506687,1.7501804,1.779189,1.0590554,19.908287,297.85062,4.9285746,6.8630805,13.492688,253.17715,1.888614,2.2327209,0.5800295,1.2909657,1.7233531,1.6056463,0.4774819,0.0,0.0,0.0,1.0,0.0,0.0,2.9206276e-06
76.240295,0.106820524,3.1461165,16.57462,3.9489775,0.8878047,0.22847672,0.92959285,32.95503,306.24567,5.748241,6.824799,19.677067,255.76154,2.1054292,2.494475,0.6783934,1.3978148,1.6878864,2.2833142,0.713767,0.0,2.9802322e-07,0.0,0.0,0.0,1.0,0.00032502413
120.41734,0.14783677,5.9194775,17.161167,8.260097,0.7938966,0.3971633,1.5587752,49.201473,296.28998,6.514,9.453143,94.055466,253.22635,1.913308,2.2733312,0.5894475,1.3125685,1.7094853,1.8033721,0.48315737,0.00013256073,5.8978796e-05,6.109476e-06,0.9873662,7.4505806e-07,0.006873727,0.0062746704
286.80658,0.170639,6.722912,91.07906,5.2843685,1.9592923,0.40344495,0.16084026,39.515297,297.49222,6.7328,14.968369,20.53984,247.9678,2.0689838,2.5421603,0.6445849,1.364842,1.7137138,6.477486,-0.3339032,1.0,0.0,0.0,0.0,0.0,0.0,0.0
268.46414,0.15814656,3.0893645,46.73364,48.17142,2.2901134,3.7994666,0.21683846,12.904543,297.8483,5.7138557,45.30608,79.67266,253.05742,1.8827479,2.2248826,0.5791597,1.2869301,1.7245973,1.6053989,0.48159963,0.0,0.0,0.0,1.0,0.0,0.0,0.0035282373
1336.9924,0.7343093,2.035341,58.29926,15.357676,3.132283,0.63523716,0.10304568,5.187743,297.9026,7.36073,47.141018,128.76173,249.17184,2.0757954,2.5487187,0.6488387,1.3679085,1.7196819,6.384091,-0.33029088,1.0,0.0,0.0,0.0,0.0,0.0,0.0
466.20236,0.08104715,1.5548135,86.084785,7.880206,2.15262,3.5164855,1.2163898,8.192287,297.82095,5.074148,12.939113,16.539381,278.27386,2.1296074,2.5296798,0.5884697,1.529898,2.003385,2.6236882,0.75963813,0.0,0.0,1.0,0.0,0.0,1.9967556e-06,0.0007188916
0.50872827,0.0021322893,1.3826392,40.887257,43.612377,7.5660486,3.422228,0.89306927,27.199656,297.95255,5.1173525,0.090819865,0.39681596,278.32996,2.1299999,2.5314264,0.5873824,1.53,2.0042996,2.6609516,0.76000005,0.0,0.0,1.0,0.0,0.0,0.0,0.0
5.7291627,0.012782796,9.981353,57.22717,41.129383,1.5066506,2.3020203,1.4167143,18.204653,297.69644,6.579279,11.434203,8.352834,252.82559,1.8870515,2.228987,0.57948244,1.2899351,1.7228963,1.6032103,0.47780696,0.0,0.0,0.0,1.0,0.0,0.0,6.276369e-05
1.6710125,0.034372054,1.2593085,73.359474,10.150396,1.863027,0.97891873,20.0,18.850674,296.2928,7.071314,0.02586824,0.6168362,244.23834,2.018818,2.2059903,0.5802207,1.4729614,1.7621173,8.461924,0.50838625,0.0,0.0,0.0,0.0,0.9999994,0.0,6.9230795e-05
73.51219,0.07449929,5.2426696,14.421667,3.2409565,0.7533944,0.34047857,1.3219206,37.279305,284.13312,5.815112,0.8022509,1.5066946,247.86075,2.0728412,2.5507572,0.649153,1.3656139,1.7216903,6.419681,-0.33097947,1.0,0.0,0.0,0.0,0.0,0.0,0.0
1248.2137,1.2780678,1.9145603,80.82821,11.934284,1.9938732,0.64452344,0.43112677,139.02242,298.0134,5.34217,222.25412,409.29187,252.95093,1.8880866,2.2301157,0.5797899,1.2894766,1.7207693,1.612567,0.47595325,0.0,0.0,0.0,1.0,0.0,0.0,0.00010043383
185.4188,0.24157426,3.1975784,36.73413,57.207146,2.2802565,3.1118846,0.32369184,11.340557,292.85953,5.3550634,197.17892,227.9633,252.98758,1.8855387,2.2315178,0.58154476,1.2900686,1.7265993,1.6230595,0.4744708,0.0,0.0,0.0,1.0,0.0,0.0,0.0003682971
327.94556,0.304684,4.0361176,50.606853,5.9831758,1.9974449,0.48524746,3.1301758,66.53649,302.0265,4.8374133,9.201928,13.754833,249.38754,2.0593126,2.5102909,0.64349234,1.3731922,1.7235961,6.545292,-0.2758715,0.9981932,1.463294e-05,0.0006299019,0.0027227402,2.7388334e-05,0.00017544627,0.00035738945
219.88165,0.11026951,4.4782524,79.86981,19.398935,2.3153327,1.1420906,0.14597365,45.2564,297.58646,4.598556,121.12097,143.30658,253.21762,1.8885078,2.2329824,0.58023185,1.2896826,1.7223371,1.6063466,0.47379714,0.0,0.0,0.0,1.0,0.0,0.0,0.00012242794
1328.2428,0.8501852,1.7730379,85.35834,10.475967,1.153187,1.0980326,0.07352339,115.97399,298.0264,5.685804,458.5117,456.641,253.38402,1.8874497,2.2334392,0.58033836,1.2888631,1.7200849,1.6055079,0.47106892,0.0,0.0,0.0,1.0,0.0,0.0,0.00024220347
38.224606,0.30011478,4.2693367,61.66935,5.343876,2.0646088,2.429584,20.0,28.12122,296.51,7.412003,0.025314473,0.26356843,252.92137,1.885651,2.22462,0.5787197,1.2891315,1.7206788,1.6069484,0.48382598,0.0,0.0,0.0,1.0,0.0,0.0,0.0010624826
7.424786,0.0051869294,3.206819,84.12083,13.1474285,2.9116957,2.127014,0.12454541,17.165146,297.67783,3.990632,162.61897,69.73871,252.775,1.8848875,2.229015,0.5796516,1.2878575,1.7202576,1.6025385,0.47387624,0.0,0.0,0.0,1.0,0.0,0.0,5.555153e-05
513.3303,0.050361615,2.0173779,86.39077,7.6918874,1.988154,3.5695438,1.3375838,12.529951,297.76602,5.1312237,8.849857,14.953002,278.32666,2.1299772,2.5371718,0.592289,1.5299972,2.0042424,2.6332352,0.7599861,0.0,0.0,1.0,0.0,0.0,0.0,2.7865171e-05
12.295886,0.045134492,4.15141,77.05497,11.212584,2.5515928,1.0852851,19.440298,71.845695,297.88245,5.8740416,7.323762,12.189582,253.00874,1.888343,2.2311633,0.58008695,1.2886751,1.7228615,1.6090578,0.47763944,0.0,0.0,0.0,1.0,0.0,0.0,0.0011166334
207.7149,0.026748737,1.5393696,77.2114,11.245414,2.7418644,1.1136732,0.39298195,13.265119,298.97656,4.427731,0.23347764,0.8814307,174.71442,1.5118146,1.8344955,0.41733357,1.2019969,1.2291505,10.321324,-0.5201127,0.0,0.0,0.0,0.0,0.00025621057,0.0,0.9998199
13.781014,0.10543387,24.753296,65.480194,32.877934,6.945564,0.02502875,7.4322042,25.563522,297.72583,6.4318256,0.36713222,1.0682806,253.09102,1.8879687,2.2314415,0.579638,1.2905248,1.72501,1.6082094,0.47870025,0.0,0.0,0.0,1.0,0.0,0.0,0.00040832162
386.88986,0.17467508,4.4490542,54.661423,1.264454,1.4133755,0.27339417,0.844381,92.48935,301.63354,6.3894305,4.9345207,3.6561086,254.4181,2.1117313,2.514539,0.68,1.3882567,1.6686083,2.24316,0.7391978,0.0,0.0,0.0,0.0,0.0,1.0,0.0
123.78281,0.18597183,3.914804,55.90301,40.142075,2.2114418,4.680626,0.29180124,5.313064,297.35202,6.994117,4.040561,10.553822,252.84518,1.8841652,2.2279599,0.5787609,1.286983,1.7213551,1.6008816,0.4784907,0.0,0.0,0.0,1.0,0.0,0.0,0.00030449033
329.05496,0.11867402,3.310877,50.011753,3.6644866,1.4245131,0.27479377,0.8013422,40.85645,299.8106,4.7160554,17.368935,24.034195,256.58148,2.1119795,2.5127454,0.6799716,1.4082862,1.7009495,2.2757618,0.71637523,0.0,0.0,0.0,0.0,0.0,1.0,4.0501356e-05
387.81467,0.20729937,3.2713804,37.564304,56.604614,2.010699,3.2871258,0.022689648,18.539875,294.0163,6.9744205,211.02481,248.96046,253.12045,1.8883672,2.2318654,0.5817955,1.2894245,1.7282051,1.6263514,0.4808888,0.0,0.0,0.0,1.0,0.0,0.0,8.9138746e-05
1.6057533,0.012357049,2.4003398,83.9299,8.073225,2.3176877,1.110774,19.998936,29.653309,297.61685,5.742368,2.0458174,3.2986374,252.82759,1.8854251,2.2288415,0.57993346,1.287561,1.7206303,1.601904,0.47943544,0.0,0.0,0.0,1.0,0.0,0.0,0.00080356
13.874691,0.090507954,12.035037,54.951546,41.048813,2.6811507,0.7314313,2.4734864,4.271317,297.3352,5.891305,0.21602502,0.7347688,252.83151,1.8917975,2.2362638,0.581156,1.2957853,1.7302759,1.6040714,0.4703272,0.0,0.0,0.0,1.0,0.0,0.0,1.2516975e-06
2472.7139,1.4713317,1.1358256,93.34131,6.942783,1.2053945,0.5283301,0.12807617,16.178658,295.5071,5.8476667,136.75117,248.79745,173.42761,1.5056183,1.8472763,0.41720852,1.1912223,1.2096229,10.229927,-0.5490565,1.1593103e-05,0.0,0.0,0.0,0.0,0.0,0.9999975
355.10974,0.06222607,2.0697684,53.606434,2.3919406,1.1539334,0.2697472,1.3507702,42.228592,294.6691,4.323902,7.256577,10.358438,249.88618,2.0775568,2.5530217,0.65051323,1.3675103,1.7177905,6.388167,-0.35395885,1.0,0.0,0.0,0.0,0.0,0.0,1.2516975e-06
1114.2047,1.0589526,2.853656,75.63128,13.431815,0.74026126,2.6746018,0.018822853,34.381737,296.56485,3.8804414,242.4616,378.95493,252.8951,1.8854408,2.2282345,0.58001995,1.2869632,1.7236067,1.6021787,0.47818136,0.0,0.0,0.0,1.0,0.0,0.0,3.6358833e-05
2.1134152,0.005652768,1.719125,80.57145,1.6524291,0.6503372,1.2897762,20.0,18.15229,294.3452,7.3716187,0.025135837,0.25508854,245.00595,2.0230138,2.2046561,0.5817678,1.4829235,1.7761698,8.5567045,0.5332446,0.0,0.0,0.0,0.0,1.0,0.0,2.3245811e-06
3.6720252,0.8814098,2.5208542,86.23532,8.298408,1.5693277,0.366239,20.0,7.4332695,296.65033,6.602284,0.02499293,0.25636783,246.1123,2.043197,2.2241607,0.5869751,1.4758648,1.7606399,8.274505,0.51496184,0.0,0.0,0.0,0.0,1.0,0.0,0.0
566.6186,0.3953899,19.03819,58.03635,16.186834,1.4864733,2.8220134,0.09159663,30.220829,296.70767,4.1330247,16.538122,29.40202,253.18199,1.885272,2.23038,0.5800687,1.2881196,1.7237928,1.6020606,0.47481272,0.0,0.0,0.0,1.0,0.0,0.0,2.2023916e-05
76.51168,0.10058459,3.79926,13.785028,3.317445,0.7425532,0.15972619,0.77499974,40.672947,293.9107,5.781161,5.253777,10.075293,255.33125,2.1113086,2.5066137,0.67999184,1.398269,1.6839873,2.2509468,0.72099066,0.0,0.0,0.0,0.0,0.0,1.0,5.364418e-07
90.0177,0.04246852,1.02,69.38722,20.750704,2.2038317,1.1295755,8.139656,41.257942,297.83188,8.425172,0.0857645,0.7412932,265.6184,2.1096413,2.6492684,0.65470934,1.4242914,1.873168,2.227671,0.24319181,2.8312206e-06,1.0,0.0,0.0,0.0,0.0,0.0033437908
1.4964466,0.0014570077,8.256382,53.58736,40.77917,2.124367,2.0833762,0.8761155,10.45902,298.18414,4.946947,0.15720057,1.2011809,278.33,2.1299999,2.5377414,0.5895535,1.53,2.0042999,2.690352,0.76000005,0.0,0.0,1.0,0.0,0.0,0.0,0.0
967.10693,0.55110174,2.157355,55.277657,7.6471815,2.6065598,0.33046356,0.49898037,15.304594,298.20517,4.4976306,45.640522,72.39218,250.05566,2.0767593,2.5477238,0.6492577,1.3687968,1.720254,6.4281573,-0.34638813,0.9999924,0.0,2.0354986e-05,6.943941e-06,0.0,1.2814999e-05,8.6426735e-06
395.3557,0.43273836,15.736975,56.723194,12.93864,1.1535238,2.2065918,0.88569134,78.75074,297.64972,4.5547915,5.191362,12.035316,253.0588,1.8856902,2.229668,0.5800827,1.287833,1.7231686,1.6013826,0.47307935,0.0,0.0,0.0,1.0,0.0,0.0,4.297495e-05
365.74213,0.20300654,1.818228,35.339806,57.622078,2.0870872,3.2139406,0.008431365,24.944809,283.15094,6.2102757,168.64832,199.64803,252.90805,1.8902508,2.2349296,0.5822657,1.2920172,1.7295235,1.6037716,0.47681904,0.0,0.0,0.0,1.0,0.0,0.0,0.0
187.01576,0.089013666,2.5416188,32.184166,2.3231778,0.8266775,0.14693338,0.8014125,37.47035,311.83298,6.1810946,3.9715009,5.9721594,248.36488,2.0731494,2.5481038,0.64832526,1.3667622,1.7232516,6.3793106,-0.33654335,1.0,0.0,0.0,0.0,0.0,0.0,0.0
11.503539,0.26746097,4.128157,63.630985,7.7980905,2.6868944,2.527386,20.0,15.559849,296.661,7.502715,0.02556456,0.29935208,253.06068,1.8856457,2.2233822,0.57852536,1.2903587,1.7228342,1.6065271,0.4828489,0.0,0.0,0.0,1.0,0.0,0.0,0.00095260143
93.74915,0.119641885,2.3526914,17.645033,9.768634,0.7207623,0.79489017,0.66539013,78.14216,294.96118,6.679624,22.62087,103.27327,252.84023,1.8791119,2.2256613,0.5785839,1.2875814,1.7242568,1.6061971,0.4820264,0.0,0.0,0.0,1.0,0.0,0.0,0.0018503368
348.83743,0.0023050471,1.0303061,68.72227,8.388343,3.200779,1.2910956,0.17510092,252.62555,278.20117,5.8937216,341.90414,395.01355,252.78653,1.8863523,2.232929,0.58262867,1.2881857,1.717472,1.6006145,0.47674614,0.0,0.0,0.0,1.0,0.0,0.0,4.172325e-07
399.36353,0.17963281,6.6176434,39.51713,55.641006,2.383219,3.216029,0.1095811,11.525332,297.32733,4.6244493,235.21265,260.18668,252.91745,1.8870832,2.2320848,0.58103496,1.2898589,1.7270778,1.6198766,0.47596762,4.4703484e-07,0.0,0.0,1.0,0.0,0.0,0.00043597817
54.44249,0.17579892,9.738581,42.548855,47.494915,0.9470121,1.2710879,0.36549255,5.151484,297.39374,4.7046747,6.6983614,8.969453,253.11967,1.8909463,2.2316735,0.580766,1.2942122,1.7284509,1.6079152,0.47627714,1.7881393e-07,0.0,0.0,1.0,0.0,0.0,6.2584877e-07
22.65901,0.32933205,21.346354,71.617676,28.137142,6.4257073,2.013908,7.284813,2.9756978,297.43417,6.4623413,1.1532326,4.9702168,252.79283,1.8853165,2.225434,0.5789277,1.2891471,1.7227528,1.6021861,0.48004314,0.0,0.0,0.0,1.0,0.0,0.0,0.00041815639
405.23685,0.0822923,4.388793,59.655186,3.2839534,0.9844166,0.44584352,1.047346,55.70992,308.0018,5.9262757,20.35035,7.215304,254.81674,2.1076615,2.5040665,0.6799954,1.3966439,1.680776,2.189443,0.7117505,0.0,0.0,0.0,0.0,0.0,1.0,1.9669533e-06
747.4159,0.43269622,8.385483,64.1148,12.929229,1.4196688,2.892278,0.08517621,48.54272,295.71896,3.6285167,113.09185,111.512085,253.00188,1.8856924,2.2306364,0.5797774,1.2860496,1.7207674,1.6010439,0.47072592,0.0,0.0,0.0,1.0,0.0,0.0,5.7011843e-05
21.873869,0.09774196,2.4299338,11.916458,3.8695302,0.5530552,0.18397476,0.5453795,20.349281,306.2508,6.99922,0.8528224,1.9308534,254.8821,2.1091378,2.4972153,0.6799912,1.3945262,1.689343,2.2635853,0.7218417,0.0,0.0,0.0,0.0,0.0,1.0,0.0
4.8318734,0.038644344,7.5858765,6.2765713,2.5141232,0.58688265,0.11244675,1.0285733,38.467304,310.5772,7.388179,0.031834643,0.23663016,247.2669,2.0744781,2.542783,0.6471563,1.3646111,1.7225235,6.3069205,-0.30737066,1.0,0.0,0.0,0.0,0.0,0.0,0.0
90.6705,0.33543077,26.708876,75.857956,24.158909,6.552356,1.7835203,7.4891825,20.877123,297.6249,6.3437405,3.9593537,8.845508,253.06445,1.8861234,2.2285464,0.5792291,1.2885003,1.7224004,1.6045213,0.47749436,0.0,0.0,0.0,1.0,0.0,0.0,0.002017051
2759.9114,1.4049786,1.2730018,71.97477,15.326146,0.8381196,0.0690385,0.25750536,3.9002411,297.23727,5.357498,92.10728,185.45235,172.20341,1.5000029,1.8201418,0.41002363,1.1900023,1.1969792,10.426537,-0.5499981,0.0,0.0,0.0,0.0,0.0,0.0,1.0
854.283,0.42884934,3.2874258,55.85738,20.245047,5.11259,2.2080562,0.3936552,112.87953,298.08423,4.614929,47.665024,57.55062,248.28172,2.0713706,2.540171,0.64627624,1.3668301,1.7194202,6.5216722,-0.3177788,1.0,0.0,0.0,0.0,0.0,0.0,0.0
39.762104,0.03875208,1.02,70.696556,19.928677,2.315447,1.1477287,6.3584127,16.01367,297.97223,9.250206,0.042642053,0.25817713,262.87796,2.0991318,2.6469858,0.6486953,1.4122528,1.8419054,2.549098,0.21094947,0.00029620528,0.999998,0.0,0.0,0.0,0.0,5.7697296e-05
30.596786,0.038910322,1.103834,60.779373,13.615929,2.1924093,0.8603258,2.8494756,9.623884,297.90567,7.563389,0.18383503,3.4506907,175.4121,1.5166761,1.8382176,0.41923693,1.204893,1.2381954,10.278819,-0.5046913,0.0,0.0,0.0,0.0,0.00023058057,0.0,0.9997049
452.27567,0.06769497,1.2364813,48.69975,3.004528,0.62718433,0.22072846,0.8557174,8.00135,285.02673,3.8936808,6.1226926,9.442152,249.82454,2.0814285,2.535057,0.6551083,1.3767521,1.7061757,5.7965975,-0.21508184,0.99754107,0.0,0.0,5.3048134e-06,0.0,0.0085609555,0.0
244.6355,0.022695318,1.9362382,83.61349,11.732778,1.9070871,3.9930954,0.79160553,19.383854,298.22205,5.0419793,4.7957754,17.916595,278.3292,2.1299956,2.5391057,0.59158504,1.5299997,2.0042858,2.6633027,0.7599978,0.0,0.0,1.0,0.0,0.0,0.0,1.4901161e-07
11.174401,0.08375143,15.460818,71.98993,21.571669,5.424797,0.7210857,4.3407655,5.787768,298.17218,5.607809,0.19171281,0.79098463,269.51926,2.045209,2.3913085,0.58288985,1.439524,1.8872839,1.9794017,0.6364105,0.00068351626,4.3988228e-05,0.68938386,0.32251,0.00052702427,0.00095668435,0.020085335
62.731834,0.33022988,22.544868,72.504395,26.777542,6.5062575,2.784176,7.111847,8.630828,297.1073,6.543164,1.4947646,5.739968,253.14563,1.8866366,2.2309427,0.57966375,1.2882853,1.7223812,1.6028442,0.47452137,0.0,0.0,0.0,1.0,0.0,0.0,0.0015266538
692.57855,0.38274872,15.589493,58.399536,14.02736,1.4931338,2.3383849,0.13771276,52.620914,296.7871,3.906373,45.936375,58.836807,253.17789,1.8844287,2.230282,0.58013296,1.2877458,1.7236434,1.6026714,0.47546986,0.0,0.0,0.0,1.0,0.0,0.0,8.943677e-05
27.6723,0.31135857,6.8141065,84.119995,12.482214,1.8803141,0.59553176,20.0,33.00763,297.2087,5.8873324,0.02688646,0.2608819,253.08301,1.889425,2.2282083,0.5793112,1.2879183,1.7245213,1.6118531,0.48008782,0.0,0.0,0.0,1.0,0.0,0.0,0.0018132329
1366.9357,0.5990504,3.8283286,68.94704,8.979945,3.633225,0.78431773,0.12987551,31.849203,297.79672,4.569173,69.56787,103.67004,249.35474,2.076704,2.5477324,0.64928895,1.3675109,1.7184258,6.429284,-0.33719525,1.0,0.0,0.0,0.0,0.0,0.0,0.0
3198.797,1.6008468,1.1241571,93.94677,3.5611591,1.2663529,1.1132574,0.07464112,2.481184,293.4977,5.397387,99.09701,205.33208,172.38788,1.5004448,1.8234241,0.4107993,1.1901995,1.1995233,10.377587,-0.54982334,2.9802322e-07,0.0,0.0,0.0,0.0,5.00679e-06,1.0
29.594656,0.038650714,3.0504844,11.211938,29.822418,1.1449722,0.10358802,0.11005,42.809628,303.53137,4.8614907,6.740555,13.9567795,253.20982,1.8921125,2.24139,0.58322227,1.2960756,1.728056,1.6023619,0.45753077,0.0,0.0,0.0,1.0,0.0,0.0,0.0
209.92256,0.15547352,4.826399,67.726555,31.849892,2.0812368,2.6606576,0.3768004,31.932877,298.0956,6.326226,69.0347,53.214035,253.36966,1.8856239,2.2275949,0.57899183,1.2865297,1.7225773,1.6017637,0.48248214,0.0,0.0,0.0,1.0,0.0,0.0,0.00037679076
259.08704,0.26536572,13.828923,56.82378,17.141401,1.7260475,2.552907,0.47237456,31.109732,297.3647,4.419006,11.858265,21.715311,253.10555,1.8853465,2.2297773,0.57988566,1.2881521,1.7229755,1.6052397,0.4764217,0.0,0.0,0.0,1.0,0.0,0.0,6.651878e-05
1333.642,0.65424377,2.104188,52.162487,8.909384,2.4175029,0.45774534,0.090240575,4.8904963,297.8264,6.1776834,62.24043,112.13132,249.74544,2.0765758,2.54587,0.649056,1.3681104,1.7202787,6.461441,-0.3364401,1.0,0.0,0.0,0.0,0.0,0.0,0.0
56.13223,0.08705072,2.3270555,13.354505,3.468688,0.66929793,0.16492823,0.889582,44.34763,301.97388,6.1084557,2.1798828,9.74074,255.40004,2.1058977,2.4961853,0.6789852,1.3967358,1.6861248,2.2727613,0.7138067,0.0,6.854534e-07,0.0,0.0,0.0,1.0,5.3346157e-05
405.27805,0.47799125,30.563921,52.324078,13.911642,1.2423289,2.2673993,0.31326044,41.89942,296.63812,3.780716,2.413162,6.611642,253.3033,1.8833991,2.2303803,0.57987547,1.2872518,1.7225524,1.6004353,0.47309896,0.0,0.0,0.0,1.0,0.0,0.0,4.2676926e-05
1166.0632,0.6848505,1.7444715,61.979633,21.083557,2.6085422,0.22083923,0.07541747,40.12265,298.72495,4.436345,263.27274,407.177,252.66461,2.0103712,2.4088972,0.62467736,1.3141297,1.7247618,3.0181105,0.050848674,0.40506095,0.0,5.6773424e-05,0.6949372,8.821487e-06,2.6226044e-05,3.6865473e-05
428.30136,0.07040252,1.914134,82.20627,10.743393,2.0696335,4.3738923,1.2471389,38.11058,297.97333,4.986829,33.90091,25.260416,277.3973,2.1234868,2.5214097,0.59021455,1.5265186,1.9898573,2.7967646,0.7491588,5.7131052e-05,0.0,0.99999905,3.606081e-06,7.778406e-06,0.00553599,0.005179405
137.11812,0.007810588,1.0718426,84.52466,6.56073,1.8462143,0.44667247,0.15208247,20.13249,299.62637,4.3725615,0.0423741,0.33639675,172.23776,1.5000613,1.8203795,0.4101459,1.190118,1.1977992,10.423591,-0.5497318,0.0,0.0,0.0,0.0,0.0,0.0,1.0
1221.8374,0.5844111,2.6635642,57.647007,6.2112207,3.4337814,1.2967329,0.26064107,26.070217,297.7388,5.0393996,77.9538,104.84183,249.03386,2.076355,2.5474274,0.64902097,1.368118,1.7188829,6.423223,-0.3400661,1.0,0.0,0.0,0.0,0.0,0.0,0.0
225.67845,0.13161427,2.6359494,33.412247,1.9904693,1.1822466,0.06518583,0.97213,52.490837,290.07513,5.8326874,5.87096,4.6977277,255.6815,2.1146207,2.5114458,0.68,1.3940656,1.6713996,2.268017,0.73103595,0.0,0.0,0.0,0.0,0.0,1.0,0.0
15.468417,0.0020607964,6.0868487,69.53856,24.526213,2.208737,5.307041,0.9905136,11.460121,298.29816,5.176372,0.28562114,13.288294,278.33,2.1299999,2.5354471,0.59149945,1.53,2.0042999,2.654901,0.76000005,0.0,0.0,1.0,0.0,0.0,0.0,0.0
56.205505,0.30980963,22.01112,72.31382,26.771475,6.6729527,0.9138848,7.4488378,5.6942835,297.37137,6.452622,2.403587,7.1433163,252.95547,1.8874426,2.2308574,0.57947534,1.289262,1.7224557,1.6025003,0.4747082,0.0,0.0,0.0,1.0,0.0,0.0,0.0012844205
177.36014,0.29729575,3.8324387,82.51174,13.600482,3.966285,2.713278,0.15639493,28.107893,297.99716,3.87954,283.65063,275.06177,254.65176,2.1107566,2.5113041,0.68,1.3920288,1.6778469,2.2329202,0.733905,0.0,0.0,0.0,0.0,0.0,1.0,0.0
852.3956,0.92053676,2.143677,63.8725,22.845337,1.5797853,0.63012975,1.4967617,217.27695,298.02988,6.2430906,348.63812,337.91028,253.06691,1.8909094,2.230579,0.58306235,1.2951853,1.7292517,1.6155651,0.5051346,0.0,0.0,0.0,1.0,0.0,0.0,6.556511e-07
605.00116,0.19306977,1.4527572,74.07089,10.3582735,2.4107788,0.9432326,0.4187107,204.99467,299.31772,5.820308,388.70828,412.5465,253.0255,1.8850087,2.233117,0.5810136,1.2874143,1.7197073,1.6102616,0.47438923,0.0,0.0,0.0,1.0,0.0,0.0,9.953976e-05
259.93936,0.55366474,2.9856791,79.99263,17.22951,2.0933616,0.6340477,4.2554345,52.621784,297.9687,5.5018735,58.677845,88.67451,252.97635,1.8847291,2.2294414,0.58009654,1.2874644,1.7191546,1.6053866,0.47114664,0.0,0.0,0.0,1.0,0.0,0.0,0.0004913211
33.105564,0.049564283,10.440545,56.49855,19.411604,3.322656,2.490206,0.5070798,103.264534,297.7551,5.5225573,15.297253,37.930138,249.29277,2.0351596,2.2306411,0.5906999,1.4807492,1.7653826,8.420407,0.53654623,0.00013133883,7.4505806e-06,1.2814999e-06,5.9872866e-05,0.9998245,2.503395e-06,0.00022432208
68.63115,0.050279755,2.9826345,84.71445,12.688894,1.693977,1.5705743,0.07534001,13.09262,297.97028,4.3175416,73.838295,240.83308,253.32602,1.8887007,2.2335608,0.58016026,1.2908669,1.7236766,1.6120892,0.47274423,0.0,0.0,0.0,1.0,0.0,0.0,1.04904175e-05
101.10578,0.124430865,5.0886035,31.23204,18.294949,1.6344972,4.606461,0.32939315,34.430023,301.07983,4.8306956,22.846737,34.569214,253.04366,1.8827912,2.227453,0.57885796,1.2861717,1.7214507,1.6023676,0.4762869,0.0,0.0,0.0,1.0,0.0,0.0,0.00029930472
310.09488,0.18543984,7.6127224,39.45304,54.004044,2.0503001,2.8312275,0.15130137,14.566626,297.86188,4.841322,167.41718,187.93767,253.03017,1.8888693,2.2318313,0.5812558,1.2897862,1.7273105,1.6219158,0.4763845,1.4901161e-07,0.0,0.0,1.0,0.0,0.0,0.0009236634
11.651514,0.053305805,1.02,35.650627,36.01131,2.6364799,2.2975903,7.5364585,26.08023,297.98636,7.641972,0.05780815,0.41520125,264.88452,2.10392,2.6493592,0.6522102,1.4122227,1.8690962,2.0823164,0.15503797,0.0,1.0,0.0,0.0,0.0,0.0,4.6789646e-06
1.8522768,0.012996634,17.541744,6.1509776,2.5714326,0.67113006,0.07878877,1.5179528,35.138145,300.22424,6.3602047,0.025528833,0.22221069,246.27774,2.0687594,2.5379786,0.6429918,1.3593792,1.7202725,6.384946,-0.30821592,1.0,0.0,0.0,0.0,0.0,0.0,0.0
611.9851,0.194146,2.807705,89.598785,4.2181168,1.0985587,1.6036434,0.24667415,18.67956,298.01953,6.337346,114.39387,237.69171,248.91331,2.0748248,2.5447946,0.6476081,1.3676435,1.7205819,6.4510317,-0.33475718,1.0,0.0,0.0,0.0,0.0,0.0,0.0
795.4641,0.4580903,8.791142,65.35373,12.9956255,1.5272968,2.3157701,0.071040064,45.438496,296.33157,3.780416,176.22832,186.59888,253.14163,1.8858504,2.229931,0.5802735,1.286875,1.7236036,1.6034411,0.471488,0.0,0.0,0.0,1.0,0.0,0.0,0.000116705894
4.3795247,0.27758175,27.784067,74.58263,24.492949,6.533005,0.034242153,7.3880963,12.77213,297.7201,6.4298053,0.036461286,0.33636022,253.36987,1.8869983,2.2334685,0.57911795,1.2909195,1.7231869,1.6059319,0.47633258,0.0,0.0,0.0,1.0,0.0,0.0,0.00045114756
468.0491,0.45744574,5.212185,42.41268,54.02227,3.0104556,2.380895,0.16529392,38.277176,297.50098,5.709544,189.48932,262.3754,252.6811,1.8869301,2.2310221,0.58312273,1.2929002,1.7277724,1.636968,0.4884727,3.874302e-07,0.0,0.0,1.0,0.0,0.0,8.34465e-06
110.937805,0.2875478,31.226654,75.36826,21.983736,7.0175304,1.58791,7.600381,34.062428,297.64435,6.1699347,3.0356507,7.1771994,253.07268,1.88722,2.2302256,0.5802665,1.2876621,1.7213565,1.6046671,0.47740632,0.0,0.0,0.0,1.0,0.0,0.0,0.0011485815
608.5422,0.18933935,3.382761,86.19431,3.7059972,1.8523846,1.2147464,0.24903356,28.436548,297.98557,4.9857273,70.84187,100.82772,249.40768,2.074726,2.5460398,0.6486522,1.3665711,1.7203935,6.452532,-0.33570683,1.0,0.0,0.0,0.0,0.0,0.0,0.0
130.43398,0.09457035,6.012278,74.437096,18.29197,3.5153103,3.8368053,1.8074899,33.240795,297.89844,4.978398,0.51652455,2.1130795,273.9316,2.099223,2.476354,0.59221065,1.5035816,1.9444664,2.7401567,0.6873722,0.0006457269,9.23872e-05,0.9991024,0.0024279058,0.0005778372,0.050343126,0.010076612
1264.722,1.2843876,1.4261014,59.436714,37.00365,6.2044992,0.5017795,0.015581658,39.860985,299.2086,5.21369,111.51169,414.7243,252.02904,1.8786582,2.2302287,0.5800052,1.2893565,1.7212572,1.6048255,0.47318792,0.0,0.0,0.0,1.0,0.0,0.0,4.827976e-06
211.07196,0.24228157,5.409409,57.996376,32.55511,3.2060122,1.2468607,1.1409117,4.1016083,299.23978,4.83122,102.10631,353.2979,253.47585,1.9047915,2.2519548,0.5958245,1.293874,1.7079958,1.6557515,0.5358523,9.179115e-06,2.5331974e-06,2.5331974e-06,0.997551,6.2584877e-07,0.0015133917,0.020739645
104.043365,0.16926171,5.3239384,59.52852,38.355076,2.3041677,4.634028,0.54224557,20.627577,297.46457,7.115632,2.9030502,9.881882,252.92345,1.8850577,2.226408,0.5790104,1.2880993,1.7238005,1.6007137,0.48015684,0.0,0.0,0.0,1.0,0.0,0.0,0.0003964603
2.2663634,0.3285017,6.4107146,70.53588,24.162611,4.6638203,0.013588841,15.596675,27.129831,297.85187,6.591426,0.09164159,0.99232715,253.20839,1.8877636,2.227989,0.5793068,1.2907156,1.7228938,1.6217829,0.4786075,0.0,0.0,0.0,1.0,0.0,0.0,0.0015601218
1256.3129,0.56147367,3.8915505,76.174095,13.27431,3.2323232,0.98945683,0.10451375,45.233994,298.086,4.304769,77.34704,117.618904,249.03654,2.0758772,2.546104,0.64831,1.3687093,1.7170982,6.4401913,-0.33047545,1.0,0.0,0.0,0.0,0.0,0.0,0.0
0.5,0.1499902,15.409631,69.148285,27.140762,7.023631,0.0,7.282472,3.9401832,297.99072,6.5615015,0.02499293,0.22211932,253.93916,1.88657,2.2233033,0.5805746,1.292825,1.7203666,1.6051286,0.47557807,0.0,0.0,0.0,1.0,0.0,0.0,1.3709068e-06
342.53064,0.4126859,14.742817,56.921673,12.695547,1.1942389,2.0602612,1.0680562,57.057068,297.8548,4.5309443,1.5597162,5.613811,253.05037,1.882938,2.2277067,0.5796405,1.2865487,1.7220865,1.6008937,0.47566321,0.0,0.0,0.0,1.0,0.0,0.0,8.395314e-05
114.7067,0.17136414,3.42362,40.092377,48.216908,1.94578,2.934769,0.11982542,1.2603356,297.2395,6.8865943,27.650995,52.217377,252.80652,1.8843455,2.2229974,0.57884324,1.2882115,1.7267103,1.6039814,0.4877413,0.0,0.0,0.0,1.0,0.0,0.0,1.3023615e-05
8.064387,0.064571306,3.5604765,6.564573,2.5984063,0.620995,0.087286055,1.3401953,40.128815,293.8535,6.438071,0.04251701,0.2680094,248.14986,2.078557,2.552928,0.64901006,1.3669866,1.7231896,6.4161477,-0.31374997,1.0,0.0,0.0,0.0,0.0,0.0,0.0
1242.4526,0.5883842,2.4552653,56.361073,5.874466,4.154436,1.2937896,0.39246896,67.84328,297.51703,4.820968,98.42615,90.16967,249.14444,2.0760021,2.5454068,0.64893633,1.3667094,1.7165655,6.3948545,-0.33478126,1.0,0.0,0.0,0.0,0.0,0.0,0.0
88.05658,0.2775258,29.122536,75.125015,23.92501,6.453635,0.58067876,7.250413,17.734144,297.79764,6.3317933,4.484933,10.997773,253.0385,1.8860381,2.2298298,0.57960093,1.2879198,1.7212441,1.6122988,0.4749887,0.0,0.0,0.0,1.0,0.0,0.0,0.0018033981
357.74933,0.07172637,4.10074,53.57057,2.1089544,0.90608555,0.32391977,0.8650186,25.766832,290.40497,4.4975243,11.738883,12.885444,249.01787,2.0741315,2.5489132,0.64884907,1.3687758,1.7205539,6.45374,-0.3334046,1.0,0.0,0.0,0.0,0.0,0.0,0.0
151.19342,0.31360927,3.8392131,76.390236,7.078188,3.1844366,1.3945953,0.17437464,27.916777,298.25293,3.921885,110.2472,211.55098,255.05365,2.1130745,2.5099401,0.68,1.3921697,1.6730146,2.272009,0.7324863,0.0,0.0,0.0,0.0,0.0,1.0,0.0
386.34668,0.16739964,1.7024024,48.971584,3.2273896,1.5941715,0.6448532,1.394919,31.445324,298.09207,4.257561,17.89262,29.589233,250.89256,2.078472,2.547534,0.65103424,1.3707163,1.7187339,6.3721113,-0.34210998,0.999999,0.0,5.5134296e-06,4.827976e-06,0.0,2.0861626e-07,1.3679266e-05
503.01093,0.2763899,4.5959353,49.483067,3.9727867,2.3097606,1.081103,1.7566936,31.88632,303.88632,4.7650056,27.514715,29.058693,249.71649,2.0764718,2.543146,0.649707,1.3676711,1.7198569,6.437612,-0.33910206,1.0,0.0,0.0,0.0,0.0,0.0,0.0
1056.1704,1.0547824,2.5291357,77.58199,11.523956,0.9735459,2.3243325,0.039414573,29.500227,297.53506,4.34996,185.10342,353.36703,253.35889,1.8877902,2.2302008,0.58050627,1.2891352,1.7227194,1.6127617,0.47681874,0.0,0.0,0.0,1.0,0.0,0.0,0.00013583899
71.5193,0.15847242,6.121025,46.91215,25.319538,4.1177096,1.0283221,0.8379778,5.5099497,299.1795,9.01791,10.936937,11.669165,278.33,2.1299999,2.529601,0.5870175,1.53,2.0042999,2.6349928,0.76000005,0.0,0.0,1.0,0.0,0.0,0.0,0.0
1456.199,0.8147518,1.6467388,74.225876,16.841805,0.76567936,0.6691567,0.023576805,114.613045,297.83118,5.0902863,506.655,505.79102,253.1702,1.8876957,2.2301812,0.58079875,1.2884365,1.7196889,1.6082453,0.4780054,0.0,0.0,0.0,1.0,0.0,0.0,7.918477e-05
1057.7037,0.54440695,1.5229057,74.59852,15.876122,1.2902962,1.1891837,0.018831195,56.685013,296.8827,4.301753,252.483,342.0429,253.06137,1.885535,2.2288778,0.58076125,1.2886181,1.7176687,1.6058635,0.47570872,0.0,0.0,0.0,1.0,0.0,0.0,6.309152e-05
21.414112,1.0045063,1.600133,90.779076,9.1757145,1.1621804,0.16783382,20.0,82.693085,295.85638,5.534128,0.02858349,0.3581082,248.58176,2.0405126,2.2186437,0.58821726,1.4807639,1.7555802,8.50692,0.5297751,2.592802e-06,0.0,0.0,5.066395e-06,0.9999783,0.0,4.4703484e-07
196.17854,0.21563253,4.4051657,62.18499,8.61948,2.034163,1.4881805,1.4792074,72.7404,297.78903,5.409422,0.26213068,1.3506938,252.91122,1.8839558,2.227947,0.58037156,1.2873306,1.7217062,1.6011395,0.4779746,0.0,0.0,0.0,1.0,0.0,0.0,0.00016748905
1029.2206,0.61632776,4.4882994,56.052917,18.339514,1.9857864,0.9852371,0.23753445,12.257603,301.0186,5.2553525,60.45174,155.06735,250.96587,2.0760128,2.5375633,0.6481879,1.3824106,1.7325989,6.2194166,-0.30628237,0.99993765,0.0,0.0,0.0,0.0,0.0,3.835559e-05
1147.4537,0.64217055,2.1773431,63.566147,21.866894,2.0412343,0.6444315,0.06663168,35.31659,298.5624,4.743083,139.40416,157.48395,249.86996,2.0795364,2.549051,0.64961684,1.3676851,1.7240138,6.3698173,-0.3428557,0.9999685,0.0,6.9737434e-06,5.9604645e-06,1.4901161e-07,2.5689602e-05,2.2351742e-06
47.158016,0.48728532,1.02,79.438835,17.531252,2.331126,0.254757,11.1666975,42.588642,297.77176,5.8895903,0.02556456,0.23323089,266.20346,2.108607,2.6497688,0.6562032,1.4207823,1.8776383,1.9954008,0.19328542,0.0,1.0,0.0,0.0,0.0,0.0,5.841255e-06
357.09988,0.57607216,4.4167275,89.116776,6.427784,1.6990565,0.92598855,0.48356682,78.31286,297.51773,6.7184873,66.63901,75.377945,247.75148,2.068875,2.5390034,0.6455124,1.3657627,1.7142289,6.4609995,-0.32721385,1.0,0.0,0.0,0.0,0.0,0.0,0.0
458.4081,0.4999982,21.629095,54.201855,14.50219,1.6373873,3.0256681,0.19767371,25.1418,297.61346,4.2103486,5.718353,17.719145,253.10707,1.884905,2.2284966,0.58000857,1.2868851,1.7221535,1.6018616,0.47341004,0.0,0.0,0.0,1.0,0.0,0.0,6.386638e-05
448.84018,0.048719257,2.180654,81.74467,10.906646,2.2183666,4.1926703,1.1242952,27.801039,298.0924,4.9971585,8.204646,16.651447,278.32327,2.1299593,2.5312088,0.5899264,1.529994,2.0041826,2.6528172,0.7599712,0.0,0.0,1.0,0.0,0.0,0.0,1.9162893e-05
57.71195,0.15792902,30.134794,67.98005,31.10367,6.769437,0.20663008,7.6508527,44.053658,297.65546,6.4786043,2.771843,4.7001767,252.84023,1.8883826,2.2327156,0.5798589,1.2907182,1.7233719,1.606035,0.4745288,0.0,0.0,0.0,1.0,0.0,0.0,0.00056293607
257.51816,0.06269057,3.6551192,35.265217,2.1391296,1.1129252,0.1950597,1.012409,43.509727,301.6831,4.8816805,7.2447157,9.900559,249.0704,2.0749958,2.5440285,0.64858264,1.366427,1.7181035,6.4347177,-0.33110768,1.0,0.0,0.0,0.0,0.0,0.0,0.0
1.4341305,0.003758751,7.0491295,13.158321,18.160076,4.020612,0.33075356,0.20387904,0.08271886,297.9567,9.429237,0.025225155,0.22283207,248.03703,2.0740817,2.5428116,0.6459751,1.3676056,1.7211397,6.2427163,-0.2764431,1.0,0.0,0.0,0.0,0.0,0.0,0.0
187.9438,0.24265549,7.5688643,93.159706,2.428875,3.231416,0.5258841,0.08971328,25.380272,298.05176,6.1517024,0.93558395,1.4180943,247.51274,2.0691776,2.5451217,0.64540803,1.3645538,1.7173761,6.4725986,-0.3285493,1.0,0.0,0.0,0.0,0.0,0.0,0.0
52.837906,0.23841904,33.54527,75.69612,21.626022,6.6082063,0.14726456,6.903536,29.012377,297.78256,6.5732684,0.029887524,0.26959938,252.92352,1.8900628,2.2334747,0.5810192,1.2912722,1.7230359,1.6048968,0.4754702,0.0,0.0,0.0,1.0,0.0,0.0,0.0007660091
110.520874,0.08859833,2.8572183,19.797989,18.114666,1.0994679,1.5574776,0.7144216,19.721401,302.5215,5.5904145,12.445062,66.53898,253.20886,1.8810239,2.2277207,0.5785564,1.2875243,1.7234411,1.6019143,0.48431143,0.0,0.0,0.0,1.0,0.0,0.0,4.9352646e-05
302.1634,0.0016162373,1.0261045,64.58056,9.340784,4.45055,1.2131408,0.1974467,227.53255,278.0392,5.7481956,328.8156,390.46854,252.75662,1.8869027,2.2353368,0.58218306,1.2889589,1.7177434,1.6004792,0.47780943,0.0,0.0,0.0,1.0,0.0,0.0,1.4901161e-07
16.458876,0.020142263,1.6028731,70.61388,14.763218,3.3306828,2.2592776,3.1045632,5.2141685,298.06906,8.803549,0.06597176,0.30138066,251.88419,2.0845647,2.6002464,0.65224296,1.3742269,1.7430806,5.6989927,-0.2999577,0.9996288,9.834766e-06,0.0,0.0,0.0,0.0,1.1920929e-07
8.603614,0.24015462,3.233056,90.85722,9.297897,1.1052492,0.296197,20.0,38.25653,297.39374,5.755498,0.02499293,0.22202794,252.7905,1.8918569,2.224727,0.57767487,1.2890165,1.7267188,1.627681,0.4764715,0.0,0.0,0.0,1.0,0.0,0.0,0.00016659498
3.8445613,0.11577095,22.325663,66.825745,32.51205,6.9629283,0.00042108833,7.2641087,25.841995,297.74887,6.4330616,0.04887641,0.32133764,253.10297,1.8884432,2.22987,0.57962483,1.2909497,1.7239953,1.6111778,0.4764192,0.0,0.0,0.0,1.0,0.0,0.0,0.0001487732
0.73931766,0.040387575,18.81957,56.192593,40.97536,7.206849,4.819155e-05,7.3381414,24.727493,297.6947,6.3718762,0.026493462,0.23010576,253.08754,1.8893642,2.2317634,0.58000714,1.2923374,1.7264174,1.6121086,0.47897112,0.0,0.0,0.0,1.0,0.0,0.0,3.5345554e-05
495.65164,0.15355097,2.4889693,93.359886,1.9829917,1.0006425,0.99661386,0.21470726,17.653439,298.1707,5.168391,52.38736,89.65283,249.00099,2.0747535,2.5431156,0.6480119,1.3658574,1.7186925,6.479415,-0.33430454,1.0,0.0,0.0,0.0,0.0,0.0,0.0
69.66951,0.045890745,1.02,67.5557,21.2998,2.8204277,1.3293823,6.503987,28.52083,298.0359,9.290596,0.041945376,0.30159998,265.85403,2.107879,2.6491199,0.653594,1.4233179,1.8762885,2.1183174,0.25098085,3.874302e-07,1.0,0.0,0.0,0.0,0.0,6.0111284e-05
726.3885,0.27341035,2.476692,83.57783,7.1888933,1.4612862,2.640849,0.19717978,57.83101,297.51788,6.925661,113.77431,181.34119,248.05122,2.072162,2.5404222,0.6468634,1.365303,1.7174248,6.4757175,-0.33347452,1.0,0.0,0.0,0.0,0.0,0.0,0.0
1411.6609,0.94815016,1.9861474,77.41235,14.865266,0.82796806,1.3385187,0.024647472,65.34976,297.50235,4.6684446,400.88342,460.3502,252.90968,1.8841103,2.2285833,0.5795263,1.2874135,1.7201382,1.609572,0.4717796,0.0,0.0,0.0,1.0,0.0,0.0,5.7548285e-05
49.92032,0.0018848786,11.752495,65.60224,34.077026,0.98132277,2.7630184,0.9185746,10.022792,298.50018,4.9843225,0.22490317,9.065217,278.33,2.1299999,2.5389986,0.592266,1.53,2.0042999,2.7212722,0.76000005,0.0,0.0,1.0,0.0,0.0,0.0,0.0
24.692905,0.14359213,9.593732,47.209625,43.68882,0.76808953,1.4974892,0.41643116,4.904728,296.98138,4.2488413,2.756409,4.4635806,253.1289,1.8918505,2.235699,0.5820103,1.295983,1.7320062,1.6019967,0.47418317,0.0,0.0,0.0,1.0,0.0,0.0,0.0
1232.0687,0.681723,1.2948014,57.747154,18.726582,1.3074532,0.121641345,0.13812625,52.447533,297.5337,5.0671163,324.45428,395.28293,277.52444,2.1265833,2.530928,0.58992344,1.5272231,1.9931391,2.8509486,0.74282414,3.2126904e-05,0.0,0.9999964,7.2419643e-06,0.0,6.759167e-05,2.887845e-05
436.15137,0.036843743,1.7255263,84.03323,10.205626,2.219989,3.9735644,0.92153037,17.594818,298.245,5.102268,8.913272,25.163061,278.32803,2.1299872,2.5317879,0.5896665,1.5299987,2.004266,2.6341965,0.7599931,0.0,0.0,1.0,0.0,0.0,0.0,4.261732e-06
98.73362,0.15659074,2.9700527,15.940428,9.847936,0.7244941,0.62833875,1.0289314,34.52446,304.07663,6.814586,10.729631,129.09665,252.98447,1.8790073,2.2206945,0.5788045,1.2857119,1.7209063,1.6154717,0.4785544,0.0,0.0,0.0,1.0,0.0,0.0,0.0006003082
0.82690513,0.0017498421,2.653319,42.39726,46.689938,6.3701954,3.253393,0.83610284,27.851149,297.88174,5.0287437,0.76236176,1.7196969,278.33,2.1299999,2.538265,0.58997434,1.53,2.0042999,2.6360326,0.76000005,0.0,0.0,1.0,0.0,0.0,0.0,0.0
796.2991,0.5494138,4.5363517,84.05889,9.145522,4.5173116,0.71177065,0.859505,120.20479,297.25513,5.0678873,46.09545,71.34877,248.3734,2.067049,2.5408826,0.6468005,1.3661482,1.715484,6.495096,-0.33176374,1.0,0.0,0.0,0.0,0.0,0.0,0.0
5.8719616,0.25399327,24.204355,73.235504,24.80986,6.6218348,0.0024336732,7.5709696,21.389383,297.93594,6.490058,0.059326544,0.4288166,253.13756,1.8910162,2.2319448,0.5798987,1.2889072,1.7242924,1.6099299,0.47566146,0.0,0.0,0.0,1.0,0.0,0.0,0.00028848648
894.0926,0.5109142,1.8051893,75.24207,7.727312,1.5368279,0.7488755,0.09806889,31.400257,298.01248,4.8767486,167.68697,194.39777,249.48613,2.0768447,2.546249,0.64959353,1.3679718,1.718524,6.392729,-0.32849407,0.9999996,0.0,0.0,0.0,0.0,0.0,0.0
496.9552,0.05560962,2.1644642,80.73955,14.799815,2.0797522,4.7199397,0.7157055,43.028538,297.89563,5.2027254,58.071594,35.702797,277.0777,2.1212716,2.514623,0.58823043,1.5247381,1.9859234,2.6237588,0.7436178,4.5269728e-05,1.1920929e-07,0.9999972,1.4275312e-05,7.0631504e-06,0.0052168965,0.0036085248
489.457,0.80208135,6.7209177,50.89561,41.674713,1.1510596,0.7001735,0.61704034,92.172905,299.13882,4.887015,52.08995,61.474415,253.00195,1.8903008,2.2317238,0.5809044,1.2946596,1.7257782,1.6086068,0.47120836,1.4901161e-07,0.0,0.0,1.0,0.0,0.0,6.735325e-06
11.718093,0.55786353,66.76248,28.573084,43.57884,3.732028,6.8171268,0.92079514,193.21721,298.43793,5.673306,34.737244,45.055103,249.07199,2.0392926,2.2288616,0.58960384,1.4784293,1.7630463,8.41852,0.5283586,2.9802322e-07,2.682209e-07,8.940697e-08,6.017089e-05,0.9995444,5.0365925e-06,0.00011795759
5.6678615,0.0599539,23.614527,58.627552,40.00874,7.209928,0.021941552,7.4074535,30.249447,297.60544,6.442129,0.08567518,0.41187507,253.0583,1.8890214,2.2314594,0.57977027,1.2918161,1.726518,1.6091465,0.4802289,0.0,0.0,0.0,1.0,0.0,0.0,0.00012433529
385.1376,0.18918398,1.7008952,36.97653,57.6535,2.2195292,3.0855432,0.008883583,10.810643,281.36673,8.280797,142.8873,212.60101,252.85085,1.8845136,2.2310417,0.5822846,1.2901368,1.7291601,1.6099923,0.4852872,0.0,0.0,0.0,1.0,0.0,0.0,1.1920929e-06
403.62558,0.20061088,1.1181896,14.017517,31.902925,1.2281089,0.07779086,1.2726604,29.755434,299.88547,5.7069016,13.825677,13.954312,172.20001,1.5,1.82,0.41000003,1.19,1.1969,10.429998,-0.55,0.0,0.0,0.0,0.0,0.0,0.0,1.0
0.5537906,0.0042621633,1.2968565,61.67639,18.999258,5.922348,4.81809,1.105986,21.117334,298.50284,5.533208,0.040087573,0.2782072,278.32996,2.1299996,2.5314236,0.58514154,1.53,2.0042996,2.650038,0.76000005,0.0,0.0,1.0,0.0,0.0,0.0,0.0
0.50943875,0.671688,1.1189202,74.711174,19.854372,3.2966979,0.00043489932,9.499361,11.514879,297.25226,7.0162067,0.02499293,0.22204621,261.27713,2.0796072,2.6424448,0.64289004,1.4109368,1.8336111,2.110298,0.216877,0.0,0.99993724,0.0,7.587671e-05,0.0,2.0384789e-05,4.261732e-06
5.561498,0.008591924,1.0206926,61.038315,17.39613,3.194326,0.96107906,2.7461686,11.549731,297.87875,9.301818,0.02556456,0.22292344,257.7867,2.095378,2.641325,0.6516898,1.3900931,1.7994912,3.8258755,-0.10180587,0.5720772,0.8695936,0.0,0.0,0.0,0.0,0.0
0.8693287,0.010909319,1.4480685,80.46397,2.2865875,0.901073,1.8366058,20.0,30.678928,293.9741,7.292976,0.02499293,0.25252995,243.61345,2.023614,2.1852784,0.5777977,1.4845015,1.7708361,8.670374,0.5404842,0.0,0.0,0.0,0.0,1.0,0.0,0.0
363.60025,0.2038765,1.4305009,35.31947,57.65857,2.117075,3.0643818,0.008163251,12.452987,282.03177,8.906246,129.48314,210.60689,252.78484,1.8847826,2.2308156,0.58098155,1.2884295,1.7278341,1.6157699,0.48625368,0.0,0.0,0.0,1.0,0.0,0.0,7.4505806e-07
247.64423,0.014880183,1.160411,84.34692,7.180937,2.5985715,0.5967542,0.3563719,19.811108,299.60275,4.3312597,0.11506061,0.58256936,172.52005,1.5009615,1.8222657,0.4110656,1.1912557,1.202167,10.402331,-0.54703534,0.0,0.0,0.0,0.0,1.7881393e-07,0.0,0.9999999
26.519556,0.55055064,1.02,77.95906,17.505392,2.0182807,0.23861516,10.873174,32.32729,298.27298,6.7183013,0.025135837,0.24211285,267.29208,2.112248,2.6498492,0.659179,1.4252417,1.88915,1.9044553,0.20992528,0.0,1.0,0.0,0.0,0.0,0.0,0.00020158291
21.891022,0.66162705,3.465811,64.9967,2.7096717,1.1198162,1.6948094,20.0,6.2103357,297.62088,7.9920626,0.07000891,16.287523,247.78331,2.037601,2.2227292,0.59038764,1.4791509,1.7621657,8.424051,0.5271167,1.3947487e-05,0.0,0.0,3.874302e-07,0.9999742,0.0,1.3768673e-05
545.3156,0.014495909,1.0849878,78.35038,8.248562,2.0226684,1.09675,0.15758893,262.35443,281.396,6.4235377,400.21603,420.36133,252.86153,1.8813084,2.2285135,0.58129156,1.28658,1.7180988,1.6002493,0.48164698,0.0,0.0,0.0,1.0,0.0,0.0,3.874302e-07
314.23218,0.11016918,10.459117,91.29488,4.5071483,2.1498325,0.7270159,0.2256457,22.484827,297.9406,6.7396145,8.014328,12.04599,247.67125,2.0684474,2.5438643,0.6449886,1.3644944,1.715996,6.4601336,-0.33114678,1.0,0.0,0.0,0.0,0.0,0.0,0.0
458.47397,0.18230757,2.1054134,53.05832,2.8701904,0.95114374,0.87774676,0.60450035,14.840427,297.74985,6.6494846,28.981073,61.07568,248.79155,2.0744095,2.5442343,0.647847,1.3662606,1.7198898,6.4386683,-0.3221507,1.0,0.0,0.0,0.0,0.0,0.0,0.0
1.3710027,0.8179187,256.36746,71.3222,28.743422,6.8830323,0.0029147072,7.3830676,12.3385,297.95,6.5494075,0.025314473,0.22802234,252.59895,1.8833934,2.2210772,0.5789272,1.2836266,1.731157,1.6265963,0.46777356,1.7881393e-07,7.2717667e-06,5.632639e-06,0.99999154,5.662441e-07,0.00018706918,7.337332e-05
263.0517,0.08352935,1.03501,61.96729,29.051533,3.2635105,1.5007124,1.255345,25.921904,301.63635,5.7728887,5.3179426,6.876949,172.20001,1.5,1.8200003,0.41000006,1.19,1.1969005,10.429983,-0.55,0.0,0.0,0.0,0.0,0.0,0.0,1.0
20.471151,0.012119513,4.0983577,85.15082,11.455852,2.5763257,1.7456224,0.07021785,29.024725,297.3237,3.9093993,120.95371,158.46057,253.12448,1.8867644,2.230524,0.5796051,1.2882131,1.7201825,1.6040089,0.47143647,0.0,0.0,0.0,1.0,0.0,0.0,3.272295e-05
276.74448,0.093479745,4.4932013,79.1972,11.531878,2.5272326,1.674837,0.28421482,41.20284,297.19104,4.2555575,30.010315,29.04082,251.61823,1.9559579,2.22406,0.58167535,1.3752707,1.7410663,2.5963025,0.5234893,6.699562e-05,2.3841858e-06,4.0233135e-06,0.8367246,0.27097195,2.2411346e-05,0.0011639297
412.49838,0.21742137,1.9626504,35.916542,57.582184,2.2379827,3.1109874,0.008875838,8.596226,284.03122,7.157345,156.98668,209.45795,252.98154,1.888271,2.2307644,0.58127457,1.2923346,1.728105,1.6140909,0.4839831,0.0,0.0,0.0,1.0,0.0,0.0,6.854534e-07
627.2073,0.5840253,11.905267,63.169308,12.785936,1.1290655,2.9329605,0.050547246,41.11151,295.7368,3.814694,62.961918,87.773735,252.8924,1.8842229,2.2285151,0.5794297,1.2860901,1.7215753,1.6005527,0.47300437,0.0,0.0,0.0,1.0,0.0,0.0,6.863475e-05
60.26548,0.071306795,4.3569765,8.8721,2.1901557,0.698231,0.25228363,0.80821127,49.981983,309.48367,6.2449408,1.705393,1.7715082,248.28308,2.0739338,2.5419037,0.6480198,1.364991,1.7215058,6.3498116,-0.31203142,1.0,0.0,0.0,0.0,0.0,0.0,0.0
157.8115,0.077639885,7.2525268,57.876217,15.681596,1.767984,5.302228,1.3124068,23.72004,298.20908,5.2387595,26.74153,51.536427,249.37257,1.9656005,2.250179,0.58987874,1.4115472,1.7347534,6.2476096,0.38462153,0.05682257,0.0005752444,0.00051122904,0.12846401,0.8254947,0.0036360323,0.089172274
195.46059,0.15383224,8.499284,70.57957,20.874086,2.1479023,1.1845767,0.34439856,64.28485,297.70044,4.904305,45.027714,59.58426,253.2684,1.8865172,2.2322836,0.5801201,1.2887971,1.7220272,1.6064249,0.47766832,0.0,0.0,0.0,1.0,0.0,0.0,0.00015822053
1.1679176,0.0053159916,2.7283463,42.85392,49.95172,7.1053104,3.1211498,0.9385413,18.97838,298.33136,4.9250026,4.9214807,4.3627357,278.3282,2.1299887,2.530013,0.5866185,1.5299987,2.0042777,2.6534202,0.75999075,0.0,0.0,1.0,0.0,0.0,0.0,0.0
1.5879922,0.0042590527,14.903665,58.972244,34.863995,2.0870116,2.874205,1.127226,8.279753,297.66794,4.8954067,1.7293836,2.251682,253.0658,1.8876064,2.2299752,0.5799628,1.2893809,1.725434,1.6046594,0.4786672,0.0,0.0,0.0,1.0,0.0,0.0,2.2649765e-06
1305.9584,0.7951525,1.6936109,86.024704,9.503233,1.1699643,1.1235466,0.07351922,123.22386,297.86456,5.6852956,458.6522,448.62445,253.37277,1.8868675,2.2308722,0.5802377,1.2878766,1.7213473,1.6095723,0.47501364,0.0,0.0,0.0,1.0,0.0,0.0,0.00019150972
20.795317,0.029345289,7.5757074,7.338674,1.9897778,0.6509931,0.10193364,1.1514688,41.312237,310.0088,6.5596395,0.09501778,0.30596784,246.86404,2.0678084,2.5354238,0.64488083,1.3608599,1.7169325,6.3471875,-0.31265885,1.0,0.0,0.0,0.0,0.0,0.0,0.0
10.411284,0.12338687,24.730433,66.55264,32.070484,6.895972,0.01876003,7.302305,12.8120365,297.60757,6.389764,0.40405604,1.2386094,253.01947,1.8878475,2.2310944,0.57973623,1.2908393,1.7250996,1.6096481,0.47753358,0.0,0.0,0.0,1.0,0.0,0.0,0.00036290288
75.15656,0.085766464,7.225224,19.233757,2.8113527,0.9065568,0.12594861,1.5076607,51.47618,307.24783,5.829571,0.720847,0.8891247,248.48581,2.075481,2.545219,0.6470671,1.3644499,1.7201777,6.353167,-0.32383642,1.0,0.0,0.0,0.0,0.0,0.0,0.0
262.42276,0.252812,9.770245,48.452503,50.12865,3.8274784,1.9605429,2.0192852,13.542698,297.80643,5.103595,110.64899,158.99628,253.06871,1.8884197,2.2330582,0.57995707,1.2890935,1.7240192,1.6204964,0.47568843,0.0,0.0,0.0,1.0,0.0,0.0,0.010323197
361.05402,0.19067259,1.8993752,37.560997,57.63648,2.243412,2.9772868,0.017952377,13.594083,283.38126,7.8851204,145.69876,215.02155,253.00749,1.8848093,2.2329948,0.58220774,1.2898457,1.7304635,1.6085678,0.48296943,0.0,0.0,0.0,1.0,0.0,0.0,6.3180923e-06
1218.8218,0.6420193,1.8435441,84.55492,9.550984,1.0176715,0.9262036,0.10414375,185.56763,298.71442,5.801904,505.07285,485.7879,252.9516,1.8863914,2.2293746,0.5812607,1.2873273,1.7218068,1.6024435,0.4807908,0.0,0.0,0.0,1.0,0.0,0.0,3.424287e-05
65.11415,0.14506604,12.408568,54.157967,43.54479,5.358992,1.7766035,4.3053346,28.447788,298.1,5.462872,3.699815,8.402141,253.15858,1.8882363,2.2327497,0.5800612,1.2903587,1.7251925,1.6229632,0.47835052,0.0,0.0,0.0,1.0,0.0,0.0,0.0040916204
353.13937,0.09671618,2.7796106,52.985126,1.6398319,1.200668,0.22844116,0.90339875,44.453983,304.02628,4.8077946,15.821618,14.033884,249.49559,2.0766232,2.5485716,0.64973974,1.3680888,1.7198387,6.4154296,-0.3370355,1.0,0.0,0.0,0.0,0.0,0.0,0.0
75.843056,0.121045075,3.1600533,16.746727,15.414909,0.78875655,0.8189895,1.3053167,157.87051,302.07895,6.3025804,17.27776,72.39721,253.12187,1.8761221,2.2241902,0.5791866,1.2874674,1.7216513,1.6188556,0.48617548,0.0,0.0,0.0,1.0,0.0,0.0,0.0022512376
0.5270983,0.013323634,19.246094,56.237865,41.270866,7.111001,1.5867949e-05,7.316693,19.732761,297.44354,6.427782,0.025135837,0.22308792,252.89854,1.8935509,2.235315,0.5809734,1.2937914,1.728092,1.60558,0.4631397,0.0,0.0,0.0,1.0,0.0,0.0,1.3113022e-06
780.3445,0.90510064,2.2541516,77.96628,11.346894,2.9488587,1.5052433,19.999989,12.153391,299.03748,6.411004,197.79843,260.42212,249.83661,2.0803967,2.550187,0.6492505,1.3682199,1.7184454,6.314719,-0.33713046,1.0,0.0,0.0,0.0,0.0,0.0,1.4901161e-07
11.105286,0.13414313,21.328003,64.49287,34.76151,6.9209304,0.027307564,7.3893566,4.507012,297.34366,6.478305,0.9917289,2.945388,253.07022,1.8882712,2.22955,0.5797505,1.2912005,1.7240367,1.6095902,0.4763201,0.0,0.0,0.0,1.0,0.0,0.0,0.00019523501
360.41553,0.08808603,1.9190588,50.93642,2.1728911,1.1563708,0.4244938,1.1203325,27.945324,286.6985,4.5669484,14.148273,13.095449,249.56384,2.075932,2.5545785,0.6512173,1.3700144,1.7179323,6.4378557,-0.33539143,1.0,0.0,0.0,0.0,0.0,0.0,0.0
50.448483,0.5547976,1.02,78.47623,18.253544,2.4765475,0.32265946,10.889994,28.428251,297.84317,6.020778,0.025260882,0.23149471,265.93762,2.1069405,2.6496153,0.655282,1.4218812,1.8785642,1.9943079,0.19877954,0.0,1.0,0.0,0.0,0.0,0.0,1.22487545e-05
49.114372,0.023513881,2.6401358,88.82555,10.216787,2.8580422,0.9469069,0.04234118,23.422935,297.8606,4.127451,67.31109,241.96548,253.27562,1.8864988,2.2310069,0.580086,1.2886664,1.721032,1.6058321,0.47330537,0.0,0.0,0.0,1.0,0.0,0.0,2.3156404e-05
41.51426,0.021251043,10.6015,68.87504,10.173776,2.7611456,2.8258455,2.1096969,19.692234,301.12985,7.440503,1.5367974,3.1774335,249.59572,2.0750015,2.544961,0.6490532,1.3698112,1.7213316,6.3138375,-0.32297814,1.0,0.0,0.0,0.0,0.0,0.0,0.0
1133.5376,0.5516163,3.2191422,63.51318,14.293736,4.3085117,0.4285877,0.12841459,93.56801,298.11307,4.518656,61.70772,76.32444,248.72838,2.0752711,2.5467856,0.64798164,1.368287,1.7160326,6.436704,-0.33093014,1.0,0.0,0.0,0.0,0.0,0.0,0.0
1414.8492,0.4756306,3.6990533,77.4018,12.533076,6.0885553,0.8052831,1.4414403,164.06659,296.69327,4.9600143,62.708775,95.54186,248.43959,2.0701714,2.5406954,0.6462225,1.3660022,1.7181042,6.500437,-0.32723743,1.0,0.0,0.0,0.0,0.0,0.0,0.0
732.5352,0.36423635,1.177499,93.18648,1.5228719,1.2183441,0.6997706,0.080155924,43.04668,299.23816,4.9475737,231.45403,290.8533,249.86275,2.0710998,2.5377262,0.64689106,1.3618063,1.7190939,6.591836,-0.32622895,0.99947685,3.2782555e-07,0.0016634762,7.596612e-05,0.0,0.0007277429,1.9669533e-06
89.396675,0.13010536,3.5226698,15.919452,11.421571,0.7086337,0.7150794,1.0631903,30.151827,309.31784,6.908721,8.705734,116.15051,252.94617,1.8823758,2.2237887,0.5807336,1.2881099,1.7232654,1.603699,0.4807674,0.0,0.0,0.0,1.0,0.0,0.0,0.00041618943
298.81082,0.11869026,1.9531282,43.605938,1.4291307,1.1057051,0.03610928,0.7144942,55.089394,308.13553,5.1465187,6.7307477,7.8666472,248.6964,2.0697763,2.5522606,0.6498834,1.3662634,1.7199413,6.4482455,-0.34363645,1.0,0.0,0.0,0.0,0.0,0.0,0.0
14.533982,0.010990785,2.8445754,85.16414,9.572185,2.8290696,2.043269,0.09793722,22.787058,297.59015,4.0318294,126.153114,96.58589,252.9497,1.8865216,2.229236,0.57995456,1.2881413,1.7225012,1.6035945,0.4726805,0.0,0.0,0.0,1.0,0.0,0.0,4.4494867e-05
0.5360296,0.0027116379,1.8433386,44.22825,44.10351,6.9316177,3.5603933,0.9344517,36.042164,297.7894,5.125417,0.66114724,1.2608691,278.32996,2.1299996,2.5355847,0.5883776,1.53,2.0042994,2.626867,0.76000005,0.0,0.0,1.0,0.0,0.0,0.0,0.0
35.488186,0.271139,30.57842,30.207884,43.199207,3.1006668,6.568232,0.4703351,110.00334,298.6234,5.1437945,24.256683,55.944122,250.3511,2.0337036,2.2438884,0.59311384,1.4755256,1.7731054,8.287535,0.5282166,0.0,0.0,0.0,0.0,0.99896085,0.0,0.002031058
3.994769,0.37415388,2.5239217,64.385025,2.505608,0.8996402,2.5737977,20.0,21.896305,296.57785,6.921633,0.02499293,0.22190002,252.50824,1.8839074,2.2222998,0.57826704,1.2848035,1.7185374,1.60157,0.47853068,0.0,0.0,0.0,1.0,0.0,0.0,0.00012716651
1193.7777,0.9611285,2.0327988,82.06112,12.308958,1.2335256,1.641834,0.04359059,73.86525,297.67514,4.775495,312.71243,399.4692,252.98756,1.8866333,2.2308145,0.5799249,1.2881382,1.720475,1.6076307,0.47330853,0.0,0.0,0.0,1.0,0.0,0.0,8.7052584e-05
4.1027565,0.2764561,23.764452,76.93283,22.66587,6.5937085,0.022799598,7.3347673,5.092972,297.7649,6.4502077,0.112917,0.6434638,253.18925,1.8867062,2.2299397,0.5786861,1.2877272,1.720496,1.6017311,0.47287104,0.0,0.0,0.0,1.0,0.0,0.0,0.0005748868
613.51776,0.35828197,45.32581,56.80509,29.088713,3.954491,1.0773852,0.7101776,39.980465,297.45334,4.412808,37.67855,69.85951,248.92868,2.0274003,2.266324,0.5951362,1.4580787,1.7362244,7.440677,0.44482544,0.00722754,1.3887882e-05,6.943941e-05,0.0038146079,0.99904966,0.00028404593,0.0034261942
150.58609,0.0790021,3.770564,23.524998,2.495924,0.7798193,0.14791456,0.9080383,35.081085,295.64276,5.6033697,2.5547838,3.9908814,248.23961,2.0721207,2.5497253,0.6481819,1.3657614,1.7202218,6.4017963,-0.3344763,1.0,0.0,0.0,0.0,0.0,0.0,0.0
2.4679263,0.14248523,2.9400172,67.634254,5.0236163,1.3240153,2.0653784,20.0,21.001787,296.58057,7.2343335,0.02499293,0.22190002,252.65666,1.8875072,2.2203233,0.57814956,1.2883859,1.7220613,1.6076107,0.47864297,0.0,0.0,0.0,1.0,0.0,0.0,0.00023776293
636.5058,0.312121,1.750028,49.60229,23.196644,2.0124357,1.4519496,0.09244804,20.05039,301.99545,5.043485,33.425117,47.195766,249.6867,2.0747478,2.5393014,0.6474604,1.3699658,1.7204256,6.4198647,-0.3305076,1.0,0.0,0.0,0.0,0.0,0.0,0.0
3.608796,0.34086615,6.652063,77.08882,18.100727,3.9057844,0.05705938,19.670122,45.0599,297.55276,6.542719,0.027851086,0.30159998,253.29907,1.8889613,2.2284613,0.5800057,1.2895666,1.7238688,1.6149302,0.47641566,0.0,0.0,0.0,1.0,0.0,0.0,0.0012024939
388.97827,0.31411642,14.768742,50.878494,14.680172,1.5964264,3.0084126,0.39659432,36.326107,298.05106,4.17553,2.1455314,6.690483,253.09143,1.8855675,2.2302716,0.58035207,1.289107,1.723871,1.600763,0.4842184,0.0,0.0,0.0,1.0,0.0,0.0,1.9967556e-06
1126.6965,0.56894106,2.99511,63.165073,18.45366,2.0924997,0.39661202,0.06003549,31.474539,297.5099,5.06838,247.3191,362.26767,251.49039,1.9474597,2.3168745,0.6027883,1.2884778,1.715424,2.172424,0.24153352,0.029605716,0.0,9.775162e-06,0.9912051,0.0,2.9206276e-06,3.144145e-05
48.38373,0.009753584,1.02,38.717987,54.474197,1.9787962,1.7415035,5.845515,7.7890053,299.1769,7.9132314,0.19451739,1.4583554,265.0411,2.1108317,2.6498597,0.65942174,1.4206096,1.8927324,1.8346059,0.21609055,0.0,1.0,0.0,0.0,0.0,0.0,0.00010803342
105.686615,0.105762444,1.02,54.84749,21.350195,2.1564488,0.9242387,6.8444223,22.324965,298.0273,9.116883,0.027636725,0.22944784,264.56232,2.1024523,2.649662,0.6518028,1.4129976,1.8615017,2.0652788,0.19643007,0.0,1.0,0.0,0.0,0.0,0.0,5.066395e-07
0.5029433,0.04977402,2.5424485,72.62248,10.054567,2.163913,0.21194202,20.0,33.81555,296.52536,7.1916494,0.02499293,0.22190002,252.35146,1.8940449,2.232307,0.5798357,1.2938524,1.7246789,1.6117896,0.46319553,0.0,0.0,0.0,1.0,0.0,0.0,0.00038960576
341.34412,0.2376415,6.684405,60.237526,16.533157,2.2673872,2.73271,0.7290576,23.38682,297.73056,5.5556726,1.7338138,7.8194227,252.96877,1.8845029,2.227592,0.57985836,1.2867934,1.7220074,1.6024798,0.4776833,0.0,0.0,0.0,1.0,0.0,0.0,0.00018912554
1013.0836,1.2316827,4.4338007,47.563213,48.33345,6.3192186,0.6828783,0.1354481,18.892023,301.49762,4.8211336,171.245,390.50772,252.72116,1.8870276,2.2299738,0.5801158,1.2901862,1.7247307,1.6176783,0.48195893,0.0,0.0,0.0,1.0,0.0,0.0,8.973479e-05
276.79938,0.44157958,7.9836893,90.118576,4.9029875,2.213006,0.36208484,0.19452724,50.855274,297.9887,6.429751,13.94438,14.684258,248.7373,2.0722125,2.5460644,0.6473941,1.3670905,1.7182429,6.454309,-0.33589423,1.0,0.0,0.0,0.0,0.0,0.0,0.0
953.93207,0.46702164,2.0436606,73.39123,17.271992,1.5268698,0.91362447,0.047680814,71.41007,296.91885,4.1965556,249.4654,268.90042,253.36299,1.8876752,2.2318354,0.57994974,1.2864513,1.7186649,1.6066555,0.4655502,0.0,0.0,0.0,1.0,0.0,0.0,4.389882e-05
65.79952,0.5829809,2.5368311,66.411125,10.583179,2.5643365,2.0386746,19.925917,5.9287987,297.49652,7.9785523,0.065024994,1.890775,252.69556,1.8795471,2.2246232,0.57832503,1.2831773,1.7199001,1.6002693,0.4776294,0.0,0.0,0.0,1.0,0.0,0.0,0.0009890497
680.20435,0.9217859,3.1197119,41.369274,43.557434,7.91676,1.6665037,0.038456514,85.77492,303.5228,4.17136,212.9557,333.24118,252.78888,1.8862891,2.2283897,0.5811992,1.2918593,1.7237624,1.6015632,0.4905652,0.0,0.0,0.0,1.0,0.0,0.0,1.013279e-06
25.329666,0.9753631,2.4350717,90.57523,11.445532,0.9675222,0.17067537,20.0,49.146667,296.36725,5.6914334,0.17329557,2.0527883,247.5586,2.0425553,2.2090266,0.58724695,1.480629,1.7618836,8.504565,0.5365764,0.0,0.0,0.0,0.0,0.99999726,0.0,0.0
306.0615,0.22031155,1.0224053,42.469593,57.699997,2.056541,2.8495724,0.008,4.333644,278.00757,9.498971,47.566757,157.79681,244.5974,1.8079714,2.1906888,0.5798318,1.244839,1.6570226,1.6005387,0.4040792,0.0,0.0,0.0,1.0,0.0,0.0,0.0
448.14108,0.10618227,2.1312928,61.336838,3.343626,0.9784283,0.4079244,0.95024776,43.113834,286.85892,5.082552,18.036707,13.508295,254.43394,2.1093848,2.4939373,0.6798636,1.3993045,1.677599,2.2174926,0.71419185,0.0,0.0,0.0,0.0,0.0,1.0,9.122491e-05
10.55997,0.037983827,1.9465061,47.91794,21.404516,4.583577,1.3948894,1.0496976,8.345894,298.90103,9.112063,2.6169486,2.02479,278.32996,2.1299999,2.5348163,0.5887188,1.53,2.0042996,2.5231514,0.76000005,0.0,0.0,1.0,0.0,0.0,0.0,0.0
19.387524,0.006966795,6.9771924,71.01484,22.460907,3.797296,5.279094,1.060505,33.109158,297.96072,5.083263,4.41096,15.635962,278.33,2.1299999,2.5348394,0.5907209,1.53,2.0042996,2.6384356,0.76000005,0.0,0.0,1.0,0.0,0.0,0.0,0.0
398.94476,0.20754707,1.8148104,37.55817,57.49434,2.1478739,2.9827685,0.012687818,18.15353,286.02597,8.00856,155.24373,209.26071,252.93037,1.8883193,2.234197,0.5806682,1.2898406,1.7261835,1.615694,0.48321638,0.0,0.0,0.0,1.0,0.0,0.0,7.331371e-05
45.888153,0.29241332,16.8844,73.730804,23.96618,6.1300254,3.3263867,5.950042,1.7215463,297.1454,6.722297,2.2498004,8.831764,252.78116,1.8836254,2.2269433,0.5789408,1.287004,1.7209758,1.6013203,0.47606596,0.0,0.0,0.0,1.0,0.0,0.0,0.0013526678
48.501972,0.08412144,2.8700666,11.808923,21.921473,0.8397638,0.11034101,0.41588837,55.60106,306.6048,5.4788485,19.331238,45.645298,253.36838,1.885223,2.2311742,0.58083606,1.2911359,1.72527,1.6025714,0.4822217,0.0,0.0,0.0,1.0,0.0,0.0,4.7683716e-07
13.981766,0.75151086,222.85567,74.71887,24.889448,5.3900332,0.32715568,8.360822,18.424889,297.77142,6.592482,0.035907518,0.39548185,257.15622,1.9602622,2.4337132,0.6011721,1.327524,1.7729805,1.7091439,0.411583,2.3841858e-06,0.070625514,1.3828278e-05,0.95192665,7.6293945e-06,0.00078237057,0.00055006146
11.029674,0.043727446,4.7848854,62.663254,6.2004623,1.824485,2.542528,20.0,63.746815,295.8561,6.6727753,0.02499293,0.2225762,252.93597,1.8924506,2.2283468,0.5806875,1.2926034,1.7293876,1.6152896,0.485008,0.0,0.0,0.0,1.0,0.0,0.0,0.00019848347
267.08365,0.10169604,1.02,70.16713,19.846874,2.1120598,1.0678201,7.1330104,11.087007,298.2788,9.060413,0.118150994,0.62761885,263.01913,2.1032133,2.6487284,0.65147203,1.4103327,1.8441148,2.5248039,0.17850646,0.00015643239,0.99999964,0.0,0.0,0.0,0.0,0.002290219
1.0226828,0.31296322,3.6699693,85.23041,13.766542,2.6426938,0.083705194,19.99993,24.281624,297.5755,6.197432,0.025064383,0.22897267,253.14758,1.8908237,2.2289734,0.57978547,1.2891808,1.725137,1.6165503,0.47619143,0.0,0.0,0.0,1.0,0.0,0.0,0.001244396
6.3434925,1.2950068,136.55873,28.391264,49.19803,2.866407,5.886127,0.4999849,76.55733,297.3987,3.865255,27.929665,78.72352,247.6355,2.037384,2.2360091,0.5891292,1.4788618,1.763634,8.2996235,0.5074299,0.0,0.0,0.0,0.0,0.9999546,0.0,1.2844801e-05
678.49176,0.32046077,2.80702,69.38557,11.624311,1.6522845,0.44827983,0.15573476,169.90356,299.39136,5.5892935,287.38168,332.82553,251.35858,1.9364834,2.305921,0.5982866,1.3090651,1.7265868,3.1229177,0.30869907,0.06061241,4.261732e-06,0.016159773,0.9793378,1.9013882e-05,0.0005635321,0.0001847446
0.50801784,0.0013046905,1.6502934,78.903915,11.286759,3.4091783,9.675947,0.42130905,31.354795,299.49496,4.9496703,25.499481,3.3658552,172.2192,1.5000114,1.820305,0.4100697,1.1900145,1.1973215,10.425504,-0.54993206,0.0,0.0,0.0,0.0,0.0,6.4969063e-06,1.0
36.94398,0.38859862,3.7401938,62.926113,7.5039577,2.7599084,2.0139377,20.0,19.454216,296.8381,7.608526,1.876668,124.64963,247.94827,2.038083,2.228537,0.58834076,1.4770296,1.7589295,8.321145,0.5247178,0.0,0.0,0.0,0.0,0.99998426,0.0,0.0001514554
57.432236,0.16954345,21.841063,72.714424,27.988407,7.2778068,0.047637638,7.3922935,42.746346,297.40472,5.7427344,0.03262064,0.333893,252.99933,1.8837641,2.2274241,0.57897216,1.2875266,1.7263814,1.6004306,0.4765249,0.0,0.0,0.0,1.0,0.0,0.0,2.2530556e-05
1181.5455,0.7166284,1.8578082,65.230675,19.33373,1.699208,0.49191463,0.37536925,46.727524,297.88077,4.6837916,319.619,350.25778,277.8479,2.1279612,2.5298593,0.5868349,1.528497,1.9974968,2.812205,0.7507309,4.7683716e-06,0.0,0.9999999,1.2814999e-06,0.0,6.1035156e-05,2.3812056e-05
237.69478,0.11216634,6.5667067,71.712524,21.512651,2.5592291,2.7207778,1.9352186,7.2997007,298.6427,5.0513177,1.4748647,8.7146,252.88443,1.886056,2.2284994,0.5794022,1.290652,1.7217997,1.6013298,0.48181808,0.0,0.0,0.0,1.0,0.0,0.0,0.0010374784
19.681139,0.44338313,1.02,78.545364,18.11885,2.1491532,0.30263147,10.9551,49.358883,297.74338,6.232292,0.02499293,0.22306965,266.2382,2.1115508,2.6499827,0.6593381,1.4182198,1.8835514,1.9152199,0.18602742,0.0,1.0,0.0,0.0,0.0,0.0,4.172325e-07
8.624521,0.0062975367,3.1488414,84.891884,11.798901,2.572759,2.1450024,0.08287579,27.45695,297.50018,3.8568354,164.80145,67.86295,253.00449,1.8845459,2.229654,0.5790665,1.2873284,1.7213795,1.6010705,0.47398862,0.0,0.0,0.0,1.0,0.0,0.0,5.182624e-05
127.07277,0.48672393,4.3063445,65.65019,21.006039,2.7427683,2.9910862,9.926863,20.909494,297.14993,7.170404,0.12118779,2.1207554,253.15382,1.882401,2.225067,0.5785516,1.2864581,1.7230991,1.6005021,0.48016605,0.0,0.0,0.0,1.0,0.0,0.0,0.0004889071
1.8095489,0.03880565,21.021788,55.905003,41.30937,7.177379,0.0026555306,7.258274,13.165293,297.60062,6.4002166,0.04158811,0.29165804,253.07889,1.8896707,2.2330406,0.58050364,1.2928534,1.7277814,1.6107149,0.47848496,0.0,0.0,0.0,1.0,0.0,0.0,2.3305416e-05
166.15889,0.2891925,27.909292,40.05441,37.734753,3.2274582,5.020346,1.0005465,51.268345,299.36734,5.4134626,39.585835,77.41588,238.58607,1.9661411,2.1533916,0.5618251,1.4384027,1.6857526,8.736504,0.377211,0.0,0.0,0.0,3.874302e-07,0.98026764,0.0,0.11848813
0.51837003,0.0013036537,5.939024,70.574135,28.80075,1.9574542,4.0798607,0.8810351,10.2143135,297.9143,5.0810227,0.041070066,4.004369,278.33,2.1299999,2.5383935,0.5953884,1.53,2.0042999,2.7725093,0.76000005,0.0,0.0,1.0,0.0,0.0,0.0,0.0
620.7943,0.3571769,1.7027068,38.613304,26.352036,1.8014301,0.74167377,0.08221027,11.271103,307.9168,6.318013,32.877083,55.898617,248.96645,2.0757997,2.5414166,0.64754957,1.3660874,1.7231541,6.3496914,-0.32521883,1.0,0.0,0.0,0.0,0.0,0.0,0.0
118.00732,0.16267075,3.004084,67.685326,17.262497,4.14564,2.9821334,1.4688511,20.641117,298.41592,6.7238045,27.756586,27.447697,278.29916,2.1298552,2.533225,0.59035593,1.5299549,2.0039098,2.6022112,0.7596997,0.0,0.0,1.0,0.0,0.0,1.4901161e-07,1.0728836e-06
480.65002,0.38115132,21.930414,56.646748,16.156435,1.52062,2.7535322,0.3408726,47.408386,297.07452,4.264002,7.163133,16.243223,253.15858,1.8847884,2.2288303,0.58004606,1.2877779,1.7228101,1.6018234,0.4738809,0.0,0.0,0.0,1.0,0.0,0.0,8.535385e-05
194.53336,0.15329368,13.600666,50.164635,20.860065,4.9043083,0.36263403,6.1617203,52.08728,299.7043,5.82006,34.108734,48.523067,253.03543,1.8838533,2.2299657,0.5790004,1.2892507,1.7215005,1.6043247,0.4810453,0.0,0.0,0.0,1.0,0.0,0.0,0.0011032522
556.39594,0.20800397,1.7169633,29.49368,24.700573,1.5145772,0.4334568,1.0298054,28.955103,299.59583,5.31317,7.7558436,15.0361,172.2012,1.5000005,1.8200195,0.41000456,1.1900018,1.1969364,10.429542,-0.5499953,0.0,0.0,0.0,0.0,0.0,0.0,1.0
33.72324,0.16510007,29.536264,75.35179,20.673185,6.341829,2.3783026,6.559054,24.380865,297.9351,6.1742806,0.029280165,0.26685804,252.60477,1.8710134,2.244498,0.5762308,1.2830312,1.717953,1.6701405,0.4567725,5.4508448e-05,3.8295984e-05,0.0007767379,0.9995022,9.655952e-06,3.8295984e-05,0.014338732
2.8502457,0.013248142,5.265816,6.5409255,2.2900522,0.6825711,0.13244331,1.1031649,18.028627,309.11578,7.68262,0.028601354,0.2246779,248.75421,2.076577,2.544141,0.6480493,1.3631736,1.7228286,6.4284987,-0.31355402,1.0,0.0,0.0,0.0,0.0,0.0,0.0
51.452644,0.6790953,5.2751937,65.26493,10.183255,3.3359466,1.8641542,20.0,24.229357,297.37256,7.2891045,2.758999,105.68377,248.43622,2.0396934,2.228473,0.58937097,1.4789023,1.757864,8.370482,0.51913816,1.7881393e-07,0.0,0.0,2.9802322e-07,0.99996376,0.0,0.00041759014
325.6684,0.1934217,3.9182975,80.44682,6.96645,2.1293404,0.9057584,0.47189015,63.285725,297.9948,5.0711374,0.62397337,2.099117,253.03749,1.8860997,2.227851,0.5801907,1.2892,1.7231805,1.6023543,0.47802195,0.0,0.0,0.0,1.0,0.0,0.0,0.00014463067
2.6100147,0.0029823529,2.7483726,84.63261,11.099437,3.0856671,2.5674982,0.0996168,26.589392,297.7223,3.7990575,175.42589,60.760864,252.85072,1.8856999,2.232464,0.58016896,1.288692,1.7195917,1.6012958,0.4699252,0.0,0.0,0.0,1.0,0.0,0.0,2.6166439e-05
460.52908,0.09515267,2.8708432,76.41585,4.8920045,1.2653848,1.761871,0.39534134,43.4084,297.67596,6.6264005,84.80971,91.57909,248.18936,2.0700922,2.5395396,0.64504015,1.3646728,1.7167637,6.3724165,-0.31542352,1.0,0.0,0.0,0.0,0.0,0.0,0.0
1375.6035,1.2936558,4.1651416,54.592556,46.47588,5.9383354,0.94166607,0.1211082,3.1050475,300.7733,4.5953283,203.22327,407.85898,252.76396,1.8854897,2.2299414,0.5792748,1.2885966,1.7231491,1.6115568,0.48614123,0.0,0.0,0.0,1.0,0.0,0.0,0.00014021993
5.0433826,0.27064607,7.0457425,75.00458,18.689768,3.9563355,0.19613843,19.925322,52.805904,297.6065,6.5940857,0.033210132,0.37106562,253.13617,1.8879275,2.2303238,0.5796154,1.2904048,1.7258401,1.6135807,0.48021123,0.0,0.0,0.0,1.0,0.0,0.0,0.0028420985
1623.2622,1.0519508,2.0901675,83.84814,10.634791,0.8134604,0.97885966,0.06808902,168.78687,297.94925,5.833879,504.6715,490.38864,253.50711,1.8863417,2.2288857,0.5799009,1.2878561,1.7220522,1.603651,0.48131335,0.0,0.0,0.0,1.0,0.0,0.0,4.7713518e-05
1075.9543,0.5243896,3.3326461,71.01881,6.4290695,3.801826,1.6397741,0.3941837,66.2239,297.58344,4.9513645,100.21141,99.95069,249.30824,2.0751195,2.5421498,0.6488268,1.3666918,1.7160033,6.400223,-0.33009735,1.0,0.0,0.0,0.0,0.0,0.0,0.0
359.4826,0.15370195,6.589488,89.68523,5.692059,1.8174392,0.7674178,0.24542236,39.02857,297.61603,6.7019286,31.934336,44.99549,248.52544,2.0706933,2.5427434,0.6458085,1.3650929,1.715888,6.433009,-0.3303211,1.0,0.0,0.0,0.0,0.0,0.0,0.0
55.898693,0.041184414,5.339101,67.794235,21.864977,4.6017084,5.112022,0.9444797,27.134636,297.9003,4.980832,10.832079,27.360249,278.32162,2.1299486,2.530761,0.59103316,1.5299921,2.004172,2.705749,0.75995874,0.0,0.0,1.0,0.0,0.0,0.0,1.1652708e-05
37.1971,0.5084375,4.467231,68.24887,9.133548,1.8043131,1.8256621,20.0,111.513084,296.4608,4.690514,0.025528833,0.24474454,252.70538,1.8849711,2.2278588,0.5793399,1.286479,1.7190397,1.6011516,0.47417206,0.0,0.0,0.0,1.0,0.0,0.0,0.00087696314
226.86693,0.08043393,2.9198465,86.3036,14.387213,2.098232,0.84538376,0.08971209,41.159275,297.74628,4.591811,101.03972,250.4264,253.35335,1.8880535,2.2340817,0.57996875,1.2892082,1.7217431,1.6073844,0.47263446,0.0,0.0,0.0,1.0,0.0,0.0,8.657575e-05
145.24832,0.08684246,2.773369,79.9555,12.772703,1.7740977,2.3142853,0.050788548,53.987526,296.22586,3.8337643,202.48633,156.20154,252.80429,1.885587,2.2301672,0.57978606,1.2881638,1.7189978,1.6043303,0.47038212,0.0,0.0,0.0,1.0,0.0,0.0,3.3557415e-05
23.929993,0.14261222,21.71375,65.01837,32.94256,6.7494755,0.14573565,7.329329,3.2280445,297.22095,6.56505,2.9643576,6.6332436,252.99336,1.8872874,2.2285573,0.5795187,1.2903982,1.7243191,1.6071624,0.47889036,0.0,0.0,0.0,1.0,0.0,0.0,0.0003143549
1099.4535,1.2529206,1.9994068,49.645824,47.34685,10.020011,0.593786,0.01641579,44.18798,301.40787,4.906196,289.97968,396.394,252.6842,1.8903574,2.2342246,0.58081204,1.292132,1.7246042,1.6075381,0.47200632,0.0,0.0,0.0,1.0,0.0,0.0,3.1888485e-06
589.48267,0.43006518,19.300228,55.260025,14.719291,1.3152294,2.5271218,0.11462998,38.557476,296.71365,3.9107962,31.818903,50.37735,253.1617,1.8840959,2.2279677,0.5802927,1.2868028,1.722368,1.6016024,0.47482738,0.0,0.0,0.0,1.0,0.0,0.0,7.778406e-05
1219.1241,0.61522806,3.0002174,69.007454,10.299826,2.8746796,0.39587092,0.08321659,36.182037,297.9312,4.4457364,85.496056,106.86966,249.3954,2.077341,2.5474727,0.64862657,1.3685948,1.7176858,6.421259,-0.33588555,1.0,0.0,0.0,0.0,0.0,0.0,0.0
1.2338873,0.0021119474,2.7789483,68.572784,23.411228,4.069162,5.393421,0.8815821,16.295874,298.45087,5.1626124,0.35602114,11.788724,278.33,2.1299999,2.538577,0.5917045,1.53,2.0042999,2.5905764,0.76000005,0.0,0.0,1.0,0.0,0.0,0.0,0.0
346.5483,0.23218589,2.3678765,38.86057,57.450214,2.1102989,2.94806,0.15855235,12.543229,290.54724,6.712635,173.94948,239.85944,253.14227,1.8867395,2.2354639,0.58169645,1.291282,1.7256223,1.6206427,0.4753324,0.0,0.0,0.0,1.0,0.0,0.0,0.00036111474
84.610016,0.26647854,1.02,54.198368,27.79713,1.9895656,1.5291463,8.215603,19.670385,298.9853,7.416497,0.50326985,2.6963096,264.63144,2.1051173,2.6456602,0.6517532,1.4308823,1.864138,2.4544117,0.2431436,7.4505806e-07,0.99999976,0.0,0.0,4.4703484e-07,3.5464764e-06,0.0012715757
474.29483,0.28580323,3.2790074,73.39912,12.012739,1.6065398,0.996129,0.22249328,116.49114,297.34897,4.767496,3.096869,6.3520913,252.93723,1.8818144,2.2306097,0.5793741,1.2854153,1.7190772,1.6013674,0.47479865,0.0,0.0,0.0,1.0,0.0,0.0,0.00014296174
1368.3999,0.62404794,1.9237475,51.151356,7.7549505,3.400569,0.59169286,0.16373052,15.932486,297.7877,6.062064,79.42094,105.7791,249.57541,2.0775201,2.547499,0.64940363,1.3683575,1.7187028,6.396112,-0.33875307,1.0,0.0,0.0,0.0,0.0,0.0,0.0
831.4793,0.39781845,2.8060913,57.52163,3.5325558,3.234743,0.6387531,1.0608464,24.931591,297.9448,5.215379,39.21165,76.53877,249.28413,2.0756385,2.5473235,0.6495741,1.368069,1.7183706,6.390153,-0.3359066,1.0,0.0,0.0,0.0,0.0,0.0,0.0
1120.5979,0.61157465,3.0316608,71.941505,9.019525,2.4699087,0.61918676,0.058766417,13.244569,298.0318,4.42813,135.86987,151.01628,249.96385,2.076615,2.5463824,0.65036327,1.3691183,1.7190795,6.386936,-0.33590814,0.9999907,0.0,5.2452087e-06,1.013279e-06,0.0,1.2516975e-06,2.5331974e-06
881.72675,0.47179812,3.9022753,81.76427,7.449226,1.4386917,2.5827653,0.18298048,28.989168,297.84366,7.348931,83.78114,181.684,248.4641,2.0733824,2.5453107,0.64692724,1.3667072,1.7193966,6.4320607,-0.334345,1.0,0.0,0.0,0.0,0.0,0.0,0.0
453.25546,0.07819642,2.0217316,58.566296,3.5478723,0.80132365,0.52523553,0.69008815,30.729288,286.316,4.769802,13.976231,13.898279,254.62897,2.1088886,2.5033083,0.6759593,1.3931407,1.6888635,2.6512415,0.66750795,0.0004233122,1.1622906e-06,0.0,1.7881393e-07,0.0,0.999969,0.00011467934
9.170547,0.17600228,3.4614954,44.784378,30.29427,1.0163165,2.3790977,0.051894963,32.370903,297.72098,5.66294,67.90755,88.904465,249.31607,2.0365202,2.2225354,0.5913548,1.4819701,1.7602878,8.5815935,0.5373403,0.00031509995,0.0,0.0,7.6025724e-05,0.9998894,0.0,1.0371208e-05
368.0995,0.1393038,3.6998143,57.46311,1.7754447,1.248249,0.47167593,0.8514586,58.1615,302.1376,6.4785285,7.1845517,3.46458,254.79787,2.105791,2.5134757,0.68,1.3916526,1.672292,2.252022,0.730368,0.0,0.0,0.0,0.0,0.0,1.0,0.0
108.14242,0.08887255,4.9242992,67.393196,31.44598,2.1616619,2.500399,0.45826402,21.274624,297.7244,6.0852094,56.06672,66.71868,252.95937,1.8868405,2.2302372,0.58004403,1.2880595,1.7223217,1.6036556,0.47397357,0.0,0.0,0.0,1.0,0.0,0.0,0.0003607571
23.454504,0.1947538,5.14483,42.89242,47.234142,0.59995973,0.59375364,0.14403191,1.6839048,296.9785,5.7395344,42.054535,39.329113,252.96039,1.8927598,2.2322843,0.5819535,1.2971116,1.7346307,1.6017476,0.46794114,0.0,0.0,0.0,1.0,0.0,0.0,0.0
152.20955,0.057817854,1.02,70.201256,20.507158,2.414633,1.0879903,6.5015435,13.680367,297.99866,9.393947,0.025975421,0.23008749,265.85226,2.1099875,2.6498704,0.65549403,1.4199208,1.8799453,1.9391396,0.24075793,0.0,1.0,0.0,0.0,0.0,0.0,8.556247e-05
60.526314,0.35152787,6.5352707,40.306583,48.958977,0.61279106,0.58267754,0.2271662,5.011526,296.92386,6.101126,77.78316,83.290504,252.96213,1.8935997,2.2317598,0.5817396,1.2987585,1.7322723,1.6038921,0.47618997,0.0,0.0,0.0,1.0,0.0,0.0,1.7881393e-07
612.5763,0.13210139,1.7155552,89.165146,4.690844,2.8517904,2.030857,0.70027053,24.245436,297.75012,5.1343517,14.257831,27.24438,251.83661,1.8688326,2.246277,0.57307786,1.2816399,1.7116476,1.6381695,0.46816477,4.142523e-06,3.5762787e-07,0.00014030933,0.9999137,2.3841858e-07,4.220009e-05,0.0065810084
24.61151,0.6535429,247.80376,72.25609,26.697758,6.278558,0.91265124,7.215457,9.721516,297.97772,6.598741,2.1473355,8.353291,253.45882,1.8860968,2.2342157,0.58298033,1.2957987,1.7339014,1.6402411,0.47014093,1.0430813e-06,9.602308e-05,4.7415495e-05,0.99976707,2.2351742e-06,0.00025087595,0.0018101633
96.09442,0.051199682,1.0360985,63.940353,35.38252,3.6880093,2.57336,1.2574029,30.878197,303.73404,6.054848,12.788988,13.293063,172.20001,1.5,1.8200005,0.4100001,1.19,1.1969006,10.429973,-0.55,0.0,0.0,0.0,0.0,0.0,0.0,1.0
568.2879,0.4671766,17.192661,57.57471,17.440813,1.9678978,2.9730093,0.12678267,21.372005,297.03403,4.0896187,21.502937,51.167934,253.1969,1.8857183,2.2306578,0.58017874,1.2878044,1.7221358,1.6038378,0.47323683,0.0,0.0,0.0,1.0,0.0,0.0,0.000107735395
81.05892,0.24264264,17.210503,41.225124,33.73168,4.0965233,5.508007,0.6315667,86.53367,298.27402,5.111092,36.65321,69.1446,249.38383,2.0394306,2.2301714,0.5897679,1.4798313,1.7627025,8.399647,0.5253906,0.0,0.0,0.0,6.556511e-07,0.99938583,0.0,0.0009672642
1150.0969,0.570491,4.1062965,72.502014,14.979568,3.1728554,1.2153174,0.15541124,42.447407,298.32907,4.518909,77.15615,106.41079,248.8353,2.0754423,2.5466638,0.64784795,1.3676189,1.7172115,6.4512377,-0.33220932,1.0,0.0,0.0,0.0,0.0,0.0,0.0
882.35944,0.46036056,6.985611,67.117905,11.526108,0.9052815,2.1467948,0.030358292,56.96488,294.23694,3.4526148,250.21164,211.79283,253.20099,1.88293,2.2292202,0.57954085,1.2856597,1.721976,1.600624,0.4776724,0.0,0.0,0.0,1.0,0.0,0.0,3.373623e-05
79.416885,0.2484828,6.832724,52.993114,52.711723,3.1182919,2.2711375,1.1258562,0.62009484,297.0689,4.5757856,93.792755,148.87547,252.52722,1.8851471,2.2305932,0.5807371,1.2905953,1.7337277,1.6129562,0.4857932,0.0,0.0,0.0,1.0,0.0,0.0,3.632903e-05
40.592815,0.26104435,5.0571904,79.86659,12.5458,2.3538365,0.93285495,19.999771,46.013702,297.73624,5.9266577,2.7326148,15.625874,248.8545,2.039026,2.2260358,0.5885237,1.4784476,1.75847,8.431163,0.5212696,0.0,0.0,0.0,2.682209e-07,0.9999331,0.0,7.736683e-05
1160.7749,1.1675962,1.7556987,76.30651,7.55244,2.631433,1.8527578,19.998316,10.128815,300.78433,5.719674,306.39807,379.35562,249.62778,2.0744357,2.5453496,0.64676213,1.3688781,1.7266768,6.377268,-0.33238623,1.0,0.0,0.0,0.0,0.0,0.0,0.0
295.70853,0.23652932,6.3643675,52.70327,19.703886,2.33851,0.89216894,2.7175715,101.679146,297.94104,4.4990783,41.66829,47.936695,252.88306,1.8760562,2.2125344,0.57834375,1.285378,1.7227607,1.700273,0.48343587,1.2606382e-05,0.0,6.556511e-07,0.9999995,0.0,0.0,0.00018110871
1.7290658,0.0028715094,4.6736345,81.12007,6.821101,2.6087928,5.0336714,0.22518574,16.960073,298.5809,4.450839,44.7852,25.075722,188.40381,1.5443442,1.8867133,0.4447444,1.2016939,1.311676,9.093269,-0.389013,3.1769276e-05,8.940697e-07,3.2186508e-06,0.090082645,3.2782555e-07,0.010778964,0.84774595
498.32016,0.26193726,6.058922,36.71107,52.29118,1.001384,2.087682,0.01741198,10.418219,294.64264,4.696777,195.09508,223.92175,252.49893,1.8851974,2.229056,0.57850367,1.2908092,1.720314,1.6021752,0.480501,0.0,0.0,0.0,1.0,0.0,0.0,0.0024240613
1300.0259,0.63160145,1.834022,60.37237,22.603224,1.2188246,0.22247188,0.013532078,55.42905,297.23154,4.92316,411.87253,469.33505,252.58266,1.8830457,2.2266164,0.5827052,1.2847459,1.7205498,1.896386,0.46115774,0.000112742186,0.0,5.3346157e-06,0.9999464,0.0,5.662441e-07,4.5895576e-05
3.0918977,0.10578674,11.498983,63.229874,28.02033,5.4442005,0.15260059,10.651567,53.874683,297.54703,6.5637183,0.03421049,0.35425204,253.38037,1.890409,2.2351477,0.58107215,1.2917162,1.7278311,1.6125625,0.48047185,0.0,0.0,0.0,1.0,0.0,0.0,9.9122524e-05
660.78015,0.56636304,5.055767,50.480896,36.444744,2.9281042,0.7513929,0.05783517,17.205399,298.7862,5.068648,37.150455,38.9912,249.42493,2.0760615,2.5432408,0.6479646,1.3712132,1.7244887,6.408238,-0.31536394,1.0,0.0,0.0,0.0,0.0,0.0,0.0
252.7861,0.14146112,8.863826,45.603535,53.560776,3.7686017,2.8634725,1.8922518,26.261168,297.22516,4.793081,53.97639,74.23396,253.08447,1.8899444,2.2353165,0.5813955,1.2910079,1.7268251,1.6301434,0.47424832,4.172325e-07,0.0,0.0,1.0,0.0,0.0,0.00067549944
22.359203,0.092946656,14.644596,67.55245,20.846056,5.087438,3.9633586,2.8863742,13.9373865,297.66992,7.0736966,1.147695,5.3725,251.46083,1.8953048,2.24267,0.5769158,1.3115754,1.7190986,1.8084543,0.49563006,4.4554472e-05,9.387732e-06,0.00065362453,0.9923727,0.00067815185,5.2154064e-05,0.008588165
55.82156,0.15926303,4.183668,15.27501,8.365303,0.63792807,0.66427964,1.1425793,13.05865,296.87268,6.582196,2.8147867,106.40019,253.44829,1.8918722,2.2572262,0.5835038,1.3021648,1.7169456,1.8048016,0.46009582,0.00012040138,1.2814999e-05,0.0,0.997334,1.1920929e-07,0.00064748526,0.00029930472
186.81247,0.36530808,32.719135,29.05598,41.586964,2.6182454,6.012085,0.77693254,75.07624,298.74634,5.3179245,33.05545,64.21645,236.12715,1.9514222,2.135807,0.55584437,1.4394827,1.6762857,8.942947,0.3669405,0.0,0.0,0.0,6.556511e-07,0.98645645,0.0,0.069169104
4.929204,0.028760707,3.3709478,66.15901,4.1765637,1.4109348,2.1150386,20.0,44.148087,296.86108,6.295931,0.025689606,0.24454351,253.13002,1.8880659,2.2267447,0.5797034,1.2893254,1.7237693,1.6067952,0.48256424,0.0,0.0,0.0,1.0,0.0,0.0,0.0001476407
337.5536,0.23090824,6.7968125,89.30746,6.205184,2.1255872,0.5795222,0.30311027,40.544888,297.78043,6.664836,30.136698,35.268475,248.67847,2.0725133,2.5465949,0.6469222,1.3670341,1.7175356,6.40959,-0.33146667,1.0,0.0,0.0,0.0,0.0,0.0,0.0
488.47098,0.23052323,2.6080985,39.29672,54.955612,1.8298783,2.3650234,0.01275157,62.129097,295.26004,7.0791554,144.08733,248.33554,253.23184,1.8878093,2.2418423,0.58129305,1.2930089,1.7300408,1.611131,0.4749838,0.0,0.0,0.0,1.0,0.0,0.0,1.8686056e-05
1057.052,0.61249536,2.618671,57.623066,30.800653,2.6615374,0.9625618,0.04038455,1.1848497,297.92505,7.6363697,26.93976,91.10662,249.54974,2.0771468,2.5466604,0.6489675,1.3677865,1.7193629,6.391332,-0.3330957,1.0,0.0,0.0,0.0,0.0,0.0,0.0
760.557,0.7396911,3.7025318,88.31527,5.1267633,1.4051372,0.6716573,0.07307296,12.619013,297.8438,4.7421384,157.0328,197.30684,250.49875,2.0797098,2.5489814,0.6501363,1.3694385,1.7202601,6.389343,-0.3327895,0.99975103,0.0,3.4064054e-05,1.4305115e-06,0.0,2.297759e-05,0.00014984608
50.285587,0.17924741,5.6503544,61.129078,8.866873,2.4436064,2.0722463,19.99998,38.06277,296.6217,7.0992947,0.02735091,0.3129857,252.98729,1.8877808,2.2277865,0.5789994,1.2900826,1.7241303,1.6124634,0.48543593,0.0,0.0,0.0,1.0,0.0,0.0,0.0022970736
0.51674616,0.06443622,16.68403,60.42608,36.111893,6.813603,0.0,7.2599754,8.278715,297.77118,6.522563,0.025117975,0.22348998,253.46964,1.8883835,2.2271008,0.58044434,1.2915815,1.7251099,1.613342,0.48034117,0.0,0.0,0.0,1.0,0.0,0.0,7.4207783e-06
0.7403326,0.026581015,19.484222,56.15355,42.0731,7.0776353,0.00042931616,7.4782248,34.170834,297.41782,6.436125,0.027993994,0.2340533,252.69487,1.8923211,2.2309635,0.5803894,1.2949393,1.7295288,1.6046113,0.4727734,0.0,0.0,0.0,1.0,0.0,0.0,4.9471855e-06
35.265816,0.27893478,1.0200913,70.98414,20.781384,2.5619128,1.4473126,8.2184105,4.921928,297.97766,8.411337,0.10405671,1.2927053,262.18793,2.0965364,2.6415403,0.64659584,1.4147046,1.8321265,2.7988696,0.21207981,0.0003412068,0.9999957,1.7881393e-06,0.0,0.0,3.9339066e-06,0.0010594428
89.23449,0.1439287,4.9446526,16.485178,9.36804,0.6247845,0.7117912,1.1091449,24.144503,312.3154,7.055311,8.173724,102.60802,253.43973,1.8819032,2.2323756,0.5792582,1.2906543,1.7174096,1.6550449,0.46119848,1.3202429e-05,6.556511e-07,0.0,0.99999774,0.0,0.0,0.0001898706
573.06665,0.09039701,2.2785773,82.55069,10.942205,2.3590949,4.209094,0.9304634,47.004234,297.78302,5.00395,46.31449,35.06832,278.14957,2.1288352,2.5260813,0.588992,1.5295684,2.00138,2.7220433,0.75844604,1.1920929e-07,0.0,1.0,0.0,0.0,0.00016400218,0.00043976307
58.69672,0.04637525,8.705862,29.596523,5.1254,1.8624521,0.21076308,1.3755851,62.73844,297.3091,5.557658,0.7613078,0.58364767,248.12498,2.0711884,2.544625,0.64525974,1.3635399,1.7153544,6.505131,-0.32564405,1.0,0.0,0.0,0.0,0.0,0.0,0.0
0.5005075,0.2989364,10.550578,75.839264,20.944433,5.436812,0.0,6.9862375,2.8704014,297.60983,6.5643754,0.02499293,0.22213759,254.14069,1.8873802,2.2245924,0.5810982,1.2900132,1.7265866,1.6092318,0.47598192,0.0,0.0,0.0,1.0,0.0,0.0,2.503395e-06
9.233371,0.35706165,4.7978554,90.02798,11.651539,1.0954757,0.28804824,20.0,21.513203,297.3224,5.918662,0.025082247,0.22568306,252.70927,1.8889867,2.2232645,0.5778976,1.2888771,1.7252139,1.6123962,0.47802404,0.0,0.0,0.0,1.0,0.0,0.0,4.2378902e-05
61.36484,0.22379333,10.777167,25.837996,7.9444585,1.3168911,0.7749227,0.996716,16.581774,298.7788,6.147652,2.7274342,106.18971,253.16031,1.8822651,2.2232065,0.5800447,1.2861944,1.7231799,1.6201348,0.4792987,1.4901161e-07,0.0,0.0,0.9999998,0.0,0.0,0.0006056428
5.3872366,0.003827084,13.854277,47.494152,48.534412,2.1281598,2.4409025,0.9950102,21.619202,298.21872,5.0701876,7.3295674,22.212553,278.33,2.1299999,2.5332584,0.5903651,1.53,2.0042999,2.6963437,0.76000005,0.0,0.0,1.0,0.0,0.0,0.0,0.0
504.3308,0.11059128,4.377756,93.24018,2.82354,1.3041348,1.2935469,0.17512059,20.05461,297.9958,5.582395,27.246851,60.923664,248.60161,2.072502,2.5456045,0.6469597,1.3649871,1.7195842,6.4606137,-0.3312882,1.0,0.0,0.0,0.0,0.0,0.0,0.0
1077.155,0.66586965,1.339177,64.58811,19.605474,2.0437107,0.30957487,0.05567596,43.06382,298.02527,5.0524626,333.7494,411.5762,253.9887,1.892444,2.2337818,0.58356357,1.2899961,1.722136,1.682689,0.46554992,5.3048134e-06,0.0,2.0861626e-07,0.9999969,0.0,0.0,2.348423e-05
260.71768,0.2886039,7.679674,86.78293,6.9344482,2.2403057,0.3813982,0.3174764,56.632187,297.8328,6.8583922,15.153756,15.932849,248.355,2.0711899,2.5449483,0.6464866,1.3660051,1.7165354,6.408546,-0.3331746,1.0,0.0,0.0,0.0,0.0,0.0,0.0
431.10498,0.093921736,2.9854586,61.60549,3.175569,1.0729461,0.6586048,0.7773764,57.233295,307.01068,5.5279026,20.986736,30.822565,254.7194,2.1095889,2.4975471,0.67989594,1.3974824,1.6792136,2.1895144,0.7148057,0.0,0.0,0.0,0.0,0.0,1.0,0.00026273727
33.279823,0.2858981,10.277169,41.08198,47.032223,0.6959435,0.9621163,0.105080366,0.5738951,296.85522,4.2788463,18.027634,21.465502,252.97964,1.894875,2.2373576,0.5820885,1.2978387,1.7322705,1.6029553,0.4672404,0.0,0.0,0.0,1.0,0.0,0.0,0.0
1.0572915,0.06592612,18.131247,55.564697,41.109127,7.1723866,4.84854e-05,7.2981367,7.7712336,297.5123,6.3951902,0.07165235,0.3891585,253.24092,1.8878676,2.2282064,0.57977915,1.2920773,1.7264879,1.613332,0.48208734,0.0,0.0,0.0,1.0,0.0,0.0,2.7626753e-05
529.32043,0.3506059,5.303608,84.33053,7.0678277,1.3990449,1.366754,0.26363382,34.70777,297.83807,6.746483,99.574326,129.0988,248.19402,2.0696907,2.541319,0.64488834,1.3668301,1.7176733,6.40301,-0.3227063,1.0,0.0,0.0,0.0,0.0,0.0,0.0
443.28674,0.19651644,3.306683,78.17587,4.3363147,1.9324164,0.7898192,0.7390559,69.46957,297.76068,5.4926615,39.21908,60.963905,249.55058,2.075259,2.5452313,0.64857876,1.367837,1.718563,6.4291015,-0.33544043,1.0,0.0,0.0,0.0,0.0,0.0,0.0
308.3615,0.12165953,2.1398482,54.479298,3.766122,1.1158588,0.20875256,1.0592395,36.05959,289.34305,4.6224813,8.040034,27.111078,256.0446,2.1060708,2.4974287,0.6769378,1.397644,1.6813456,2.2123606,0.7085821,4.4703484e-07,2.3424625e-05,0.0,0.0,0.0,1.0,0.0024416745
1029.5775,0.435158,4.4143376,73.91583,11.926416,1.0243423,2.909065,0.025666304,67.550415,293.3784,3.4211063,287.15338,249.2024,252.795,1.8828859,2.2297885,0.57895917,1.2862349,1.7198533,1.6006827,0.47368014,0.0,0.0,0.0,1.0,0.0,0.0,3.5643578e-05
0.56353384,0.018671427,17.53828,55.858253,42.606636,7.0949435,2.0569563e-05,7.325198,8.228856,297.57483,6.4178095,0.031209422,0.24339214,252.976,1.895937,2.2353387,0.5814406,1.2984798,1.7317696,1.6021732,0.47329542,0.0,0.0,0.0,1.0,0.0,0.0,2.3841858e-07
252.8744,0.2561006,4.6529613,65.48607,19.40621,2.4854846,0.9329369,1.802699,8.39263,299.6454,4.9602356,1.5037857,12.000081,252.99034,1.8830113,2.2346456,0.5782084,1.289812,1.7159756,1.6104717,0.46645346,0.0,0.0,0.0,1.0,0.0,0.0,0.0053163767
389.06027,0.63075083,4.8250823,89.15602,5.9591827,1.925746,0.896984,0.56866306,73.06107,297.7957,6.2131615,64.774666,70.24372,249.2349,2.0747607,2.544522,0.64877814,1.3673552,1.7202162,6.414252,-0.33464408,1.0,0.0,0.0,0.0,0.0,0.0,2.2649765e-06
415.14145,0.13054548,2.0360641,53.795704,37.654575,1.9860163,1.7773263,0.4414378,52.55512,301.51834,6.1998167,235.39357,291.20706,252.72185,1.8853478,2.226908,0.5796007,1.2892221,1.7208332,1.6017958,0.48043802,0.0,0.0,0.0,1.0,0.0,0.0,0.00018301606
3088.049,1.5756415,2.2948585,89.76206,12.1833935,1.641915,0.57462513,0.056279514,6.4705486,293.245,5.515858,142.80453,206.15244,172.2805,1.5000925,1.8217692,0.41035813,1.1900717,1.1980485,10.410618,-0.5499125,0.0,0.0,0.0,0.0,0.0,5.054474e-05,1.0
0.5,0.0013035055,3.7609584,68.046,20.715979,5.120587,5.1945844,0.578594,15.750929,298.1135,5.0605974,0.02761886,1.0028356,278.33,2.1299999,2.537033,0.5941692,1.53,2.0042999,2.7139678,0.76000005,0.0,0.0,1.0,0.0,0.0,0.0,0.0
44.57434,0.04537968,4.874801,69.25686,21.168335,4.2798996,4.5462856,1.9783401,29.6455,298.30676,4.9987016,10.721683,10.806227,276.84055,2.122194,2.5187478,0.5934743,1.522769,1.983361,2.5757537,0.72701716,5.00679e-06,1.0937452e-05,0.9999794,9.6946955e-05,4.5895576e-06,0.0039313138,0.00029435754
657.13354,0.17912132,1.3556637,77.82122,9.766186,1.3857106,1.3451786,0.25774366,178.66403,302.01297,6.283396,377.45694,409.45724,252.96262,1.8858161,2.228705,0.5804409,1.2867337,1.718061,1.6010264,0.4796737,0.0,0.0,0.0,1.0,0.0,0.0,7.2717667e-06
482.43475,0.24842058,8.524539,66.067314,26.89171,1.2188234,0.9822531,0.8936746,24.098625,298.79675,4.551136,139.99062,221.08043,278.33,2.1299999,2.5331311,0.5911732,1.53,2.0042999,2.7002568,0.76000005,0.0,0.0,1.0,0.0,0.0,0.0,0.0
496.35986,0.49398986,5.0270786,92.46179,2.5506392,1.2267866,1.2934853,0.33706835,16.10943,297.98224,5.0508046,63.05411,99.07662,249.50703,2.0775847,2.549388,0.64929235,1.3681558,1.7192106,6.4141636,-0.3373762,1.0,0.0,0.0,0.0,0.0,0.0,2.9802322e-07
405.76248,0.07829863,2.6093469,58.68143,2.4402459,1.0983194,0.47381988,1.0443026,38.87701,300.69122,4.817617,15.419743,18.876759,249.75885,2.077715,2.5488677,0.649919,1.3690512,1.7189761,6.4110994,-0.33966875,1.0,0.0,0.0,0.0,0.0,0.0,0.0
1.5276046,0.058054943,6.081003,62.83203,16.02356,3.933398,2.1188734,0.9965593,71.30968,298.0411,4.431079,4.286184,9.260931,249.1371,2.0388794,2.2282808,0.58900666,1.4804626,1.7619797,8.490824,0.5277476,2.3841858e-07,0.0,0.0,8.34465e-07,0.9998126,0.0,0.00010788441
333.07516,0.08958467,1.994855,52.629894,2.1077247,1.3287157,0.3518547,0.976138,45.979828,287.5628,4.549117,17.43703,18.400753,249.8082,2.0789642,2.5552573,0.65161484,1.3692503,1.7197436,6.4224186,-0.34851462,1.0,0.0,0.0,0.0,0.0,0.0,0.0
688.45593,0.190273,1.5818118,68.89281,10.550092,2.4431803,0.60782003,0.18858406,195.20665,303.03375,5.5318656,372.85205,409.63116,253.28969,1.8849468,2.2241192,0.58084506,1.2921319,1.7226365,1.6184633,0.48934406,0.0,0.0,1.7881393e-07,1.0,0.0,0.0,6.484985e-05
12.730981,0.2482448,15.658294,76.737045,17.126617,5.449217,1.9145397,5.113232,6.738629,298.22144,7.4902477,0.20911185,1.6315353,252.36533,1.886342,2.2313018,0.5802858,1.2851387,1.7261921,1.6013588,0.48837355,0.0,0.0,0.0,1.0,0.0,0.0,0.0022286773
0.58099043,0.25070676,2.065095,84.91099,12.205437,1.9747387,0.7910781,20.0,24.19119,297.26938,6.3153377,0.02499293,0.22200966,252.69528,1.8866585,2.2232199,0.57784504,1.2903379,1.7218524,1.6119844,0.4833821,0.0,0.0,0.0,1.0,0.0,0.0,0.00048568845
971.01154,0.5665214,4.3105383,59.474037,19.199379,2.7587998,0.911797,0.40421292,2.1347218,298.209,7.2340956,23.7338,85.44266,249.97841,2.0796363,2.5494592,0.65016526,1.3690104,1.723029,6.372367,-0.32895353,0.9999999,0.0,0.0,0.0,0.0,6.854534e-07,1.6391277e-06
130.56856,0.16553125,12.121398,47.163155,12.938048,0.765979,0.45172375,2.9627972,150.76192,298.88278,5.0430117,0.5764029,1.1438686,253.15436,1.8871669,2.2313728,0.58041096,1.2891297,1.7241076,1.6006745,0.47834447,0.0,0.0,0.0,1.0,0.0,0.0,1.6391277e-06
61.903763,0.6866189,19.573118,72.9243,25.755266,4.0260715,0.21411064,9.958178,16.13471,298.27444,7.074276,0.026100466,0.2722859,260.9592,2.037175,2.5901792,0.62790793,1.3411288,1.8105572,1.7065489,0.32874033,9.23872e-07,0.9311365,1.0728836e-06,0.04667723,2.3841858e-07,3.027916e-05,0.00032693148
11.474107,0.2971004,3.2972143,66.97612,5.299719,1.4202082,2.0594358,20.0,14.384163,296.8318,7.3583813,0.02499293,0.22190002,252.52724,1.8866798,2.2226791,0.57854223,1.2863758,1.718691,1.6036656,0.47579575,0.0,0.0,0.0,1.0,0.0,0.0,0.0004092455
11.25732,0.17711991,33.350113,76.42221,20.304628,6.086003,0.17243552,6.4570336,23.585945,298.2518,6.807419,0.027243728,0.24452522,253.01823,1.8873385,2.2315896,0.57978696,1.2893292,1.7228835,1.6054865,0.4746042,0.0,0.0,0.0,1.0,0.0,0.0,0.00093349814
0.82934093,0.0046112835,6.6895046,52.64733,45.053658,1.0132467,2.397538,0.6331015,10.711902,298.37305,5.224461,2.8099635,32.75618,278.33,2.1299999,2.5508091,0.5917636,1.53,2.0042999,2.5014172,0.76000005,0.0,0.0,1.0,0.0,0.0,0.0,0.0
5.0538363,0.6352038,2.2242153,64.998886,1.8881406,0.91169196,2.0258312,20.0,17.147207,297.18835,5.9894447,0.02499293,0.2222838,248.74937,2.0400066,2.2246022,0.589865,1.4804527,1.7605823,8.393412,0.5298021,6.532669e-05,0.0,0.0,2.8014183e-06,0.9999753,0.0,2.142787e-05
483.69183,0.1523337,4.409489,87.02723,2.5906925,1.5905759,1.2157619,0.3772699,24.369827,297.94705,4.8403745,52.679214,58.396492,249.38634,2.0765493,2.5473223,0.64854884,1.3679807,1.720842,6.430301,-0.33294693,1.0,0.0,0.0,0.0,0.0,0.0,0.0
975.3362,1.1918705,1.9688005,75.49052,19.88545,4.2426634,0.49736822,0.42102244,71.95832,298.9248,4.850565,105.48537,459.77118,252.95712,1.8882828,2.2310948,0.5805893,1.2909644,1.7242001,1.614734,0.48199034,0.0,0.0,0.0,1.0,0.0,0.0,0.000112086535
49.20399,0.059990138,3.9337568,70.63033,11.123623,2.3176801,1.559154,9.584451,51.789974,298.15796,6.0652313,2.7478344,14.528751,248.89717,2.0339797,2.2308238,0.5895522,1.4769953,1.7641722,8.388329,0.5209128,0.0,0.0,0.0,0.0,0.9993385,0.0,0.0028432012
216.43153,0.23736185,6.6967278,68.85288,31.268993,2.2208242,2.3929822,0.5267438,37.544834,297.85754,6.034479,48.24155,52.86311,253.1168,1.8853158,2.2263358,0.5790702,1.2876697,1.7203815,1.6029403,0.4784589,0.0,0.0,0.0,1.0,0.0,0.0,0.00045898557
383.33005,0.21549156,1.1951731,34.829014,57.677044,2.123631,2.9891977,0.008111416,2.455605,286.79935,9.434942,138.63054,222.52437,252.95212,1.8847388,2.2355556,0.58126664,1.2856196,1.7218082,1.6019019,0.4773999,0.0,0.0,0.0,1.0,0.0,0.0,1.8775463e-06
428.30542,0.029731983,1.8143688,83.99627,10.532881,2.2549055,3.9956577,0.9633436,28.900393,298.10226,4.9930625,10.959696,36.017593,278.32965,2.129998,2.5313752,0.5908816,1.5299999,2.0042946,2.6531427,0.75999916,0.0,0.0,1.0,0.0,0.0,0.0,1.4901161e-07
44.81447,0.13757558,3.805608,12.8234625,4.9560494,0.6020958,0.3632147,0.91830647,39.7444,295.0525,5.9046636,2.8751295,22.459366,254.42517,2.0946307,2.479361,0.66883206,1.4020767,1.686648,2.2270703,0.684222,5.9217215e-05,0.00024145842,0.0,6.80387e-05,1.937151e-06,0.99997663,0.0009228289
0.66056,0.020834431,17.985485,55.839684,42.415195,6.9920464,0.00023801923,7.2930007,10.465408,297.07434,6.467079,0.033781763,0.25141513,252.78688,1.893499,2.2355285,0.58164144,1.2964817,1.7306348,1.6017545,0.47200695,0.0,0.0,0.0,1.0,0.0,0.0,1.7881393e-07
392.68436,0.09777983,4.831659,71.76479,2.3743236,1.6700941,0.775975,0.72925,29.727007,297.88922,4.5947065,25.250376,27.60885,249.68307,2.0773644,2.54695,0.6486428,1.3678834,1.7191954,6.445523,-0.33431804,1.0,0.0,0.0,0.0,0.0,0.0,0.0
74.075165,0.09796281,16.239332,59.426975,15.809477,2.1800916,3.5264106,0.5623851,26.456837,297.9229,4.561678,2.9034252,8.086905,253.03824,1.8856891,2.2287738,0.57991797,1.2872211,1.7238137,1.6034455,0.47420588,0.0,0.0,0.0,1.0,0.0,0.0,3.668666e-05
0.7848875,0.12339067,22.154097,72.30967,25.85175,6.559331,2.644658e-06,7.6693716,6.4643745,297.99744,6.399476,0.030226931,0.25055617,253.03938,1.884773,2.227097,0.57939386,1.2896525,1.7235519,1.6214732,0.476172,0.0,0.0,0.0,1.0,0.0,0.0,0.00011867285
281.24777,0.38183156,5.641045,48.33143,14.949228,1.4171727,0.7729777,1.6419542,117.34525,297.31207,4.8080487,7.000022,16.947676,253.36974,1.8816054,2.2250583,0.5789744,1.2846165,1.717416,1.6048898,0.47666326,0.0,0.0,0.0,1.0,0.0,0.0,0.00015130639
69.25055,0.2622498,4.9129124,63.852512,9.347505,2.7947748,1.8079015,19.874996,86.4638,297.28317,6.3724194,18.546906,82.72904,249.4972,2.0405264,2.2270424,0.5909854,1.4796457,1.7619318,8.364487,0.53015745,1.1622906e-06,0.0,0.0,3.5464764e-06,0.99983174,0.0,0.00040456653
45.012276,0.06291048,18.373394,80.16753,12.851092,5.165187,3.161201,3.8562496,5.3847475,297.94507,8.144887,0.10282413,0.73690706,252.63136,1.8846062,2.2290998,0.57905996,1.2890869,1.7156851,1.601016,0.47692063,0.0,0.0,0.0,1.0,0.0,0.0,0.00321877
1119.6981,0.7345077,4.905788,79.99703,11.0073805,1.6142671,0.9186155,0.039168503,12.533634,298.05917,4.5120316,167.20567,189.93234,249.79488,2.079407,2.5508833,0.65003985,1.3687602,1.7199669,6.4000154,-0.34004834,0.99999535,0.0,9.23872e-07,0.0,0.0,8.34465e-07,4.3809414e-06
1.0385156,0.23107749,10.76948,65.215,26.675701,5.298984,0.00039816796,7.075758,15.081211,297.4877,6.6382527,0.053181507,0.5408096,253.00871,1.8867939,2.2284927,0.5796377,1.2918893,1.7251996,1.6105412,0.47948554,0.0,0.0,0.0,1.0,0.0,0.0,0.0002015531
152.69936,0.22819383,13.9853945,88.2617,15.087891,1.8414834,0.06096701,20.0,53.838306,297.26178,6.201545,1.9367608,10.668538,248.47043,2.026927,2.1918344,0.5813137,1.4820693,1.7719195,8.328798,0.5788494,0.0,0.0,0.0,5.662441e-07,0.9999943,0.0,4.7385693e-06
40.757942,0.27905142,13.260633,73.19067,25.048561,6.2197957,3.4192166,5.784271,1.6442131,297.23892,6.700479,2.4570348,8.720539,252.81941,1.8828353,2.2272713,0.5781804,1.2858094,1.7190598,1.6009985,0.4751346,0.0,0.0,0.0,1.0,0.0,0.0,0.0022873282
85.51086,0.3590936,36.25453,34.934525,39.64534,3.3199046,6.249012,0.78318375,80.43093,298.35464,5.556398,39.11322,67.90239,249.3778,2.037064,2.2319868,0.5901601,1.4781835,1.7645081,8.316995,0.5256367,0.0,0.0,0.0,5.9604645e-07,0.998925,0.0,0.0017414391
0.50395817,0.7591852,255.89691,72.79629,23.676249,6.1432223,0.00020657718,7.3849564,13.504055,297.65607,6.535122,0.02499293,0.2220645,253.23346,1.9142144,2.2495944,0.5862962,1.3259897,1.7479486,1.8555207,0.42835766,3.874302e-07,0.0007568002,7.605553e-05,0.9993646,9.420514e-05,0.0022509694,1.21593475e-05
381.39612,0.17824453,1.9300575,35.91236,57.61994,2.1451888,3.3099394,0.00844924,23.566124,283.8402,8.171427,165.80711,211.4505,253.08263,1.8867269,2.2325733,0.58061576,1.2890515,1.726962,1.6091839,0.48618466,0.0,0.0,0.0,1.0,0.0,0.0,4.7683716e-07
155.83037,0.15288483,8.610276,50.754723,41.89422,1.7785088,1.4917879,0.5132845,7.1923423,297.1312,4.7880816,17.916004,19.65013,253.14697,1.892524,2.2330492,0.58125484,1.295076,1.7280635,1.6076728,0.47445622,0.0,0.0,0.0,1.0,0.0,0.0,2.2649765e-06
792.0303,0.37580824,2.8809438,49.957066,21.685438,3.1913373,1.0510012,0.34100246,22.396446,304.06192,5.569256,56.897068,82.25651,249.74313,2.0787163,2.5480824,0.6500232,1.3689736,1.7203057,6.4091825,-0.33770147,1.0,0.0,0.0,0.0,0.0,0.0,0.0
15.99993,0.17187886,21.252443,62.17403,34.384586,6.7795544,0.20853423,7.088367,0.9839357,297.08786,6.6375384,3.3772006,10.82739,253.01175,1.8870913,2.2267263,0.579371,1.2904747,1.7268364,1.6056355,0.4869403,0.0,0.0,0.0,1.0,0.0,0.0,6.264448e-05
970.4121,0.4195891,1.5190998,83.13368,8.959989,0.9575036,1.1011853,0.12539503,191.32358,299.5083,6.232705,483.41455,479.74106,252.80373,1.8858398,2.2285774,0.5812322,1.2871201,1.7200181,1.6010277,0.47339514,0.0,0.0,0.0,1.0,0.0,0.0,9.268522e-06
133.59727,0.14943933,3.647774,18.656933,10.718143,0.8561913,0.4990987,1.2469691,23.186394,306.52637,6.8356657,8.950892,112.499115,253.08354,1.8717238,2.224359,0.5782662,1.2882521,1.7181532,1.6492124,0.48110667,4.4703484e-06,4.4703484e-07,6.556511e-07,0.99997634,0.0,1.7881393e-06,0.0047754943
502.0794,0.042090565,1.6684241,84.746056,9.912494,2.098634,3.8432043,0.9899768,25.151587,298.17245,5.059789,11.713088,31.770685,278.32877,2.1299922,2.5331142,0.591098,1.5299991,2.0042791,2.6348853,0.75999576,0.0,0.0,1.0,0.0,0.0,0.0,1.1026859e-06
431.23895,0.1424869,2.528504,86.69734,8.970414,2.5520744,1.8962572,1.1229314,7.245062,297.94287,5.182475,5.9773197,12.284816,255.87746,1.9154329,2.3006046,0.58012223,1.3131982,1.7478294,1.7675332,0.47143558,0.0004670322,5.5134296e-06,0.008936226,0.9931822,3.08156e-05,0.00021454692,0.009515643
362.89346,0.13579684,2.4694304,42.48253,2.7827613,0.90916634,0.6084177,0.99231714,25.569767,300.69067,5.921738,26.396389,41.6698,249.09218,2.0750303,2.5433404,0.6481786,1.367011,1.720206,6.396838,-0.31851274,1.0,0.0,0.0,0.0,0.0,0.0,0.0
6.0455127,0.07029607,19.746275,57.014545,40.45369,7.106472,0.009815502,7.270883,15.965264,297.559,6.3895793,0.34255207,0.9112565,253.07043,1.8888977,2.230888,0.57991594,1.2916529,1.7269752,1.6099802,0.4785234,0.0,0.0,0.0,1.0,0.0,0.0,0.0001064837
422.6425,0.43640345,23.622473,57.855904,12.783644,1.1434398,2.781384,0.28051785,33.16536,297.69955,4.120864,0.88008213,3.888136,253.11307,1.8827792,2.230093,0.5796129,1.2861518,1.7236513,1.6004666,0.47276545,0.0,0.0,0.0,1.0,0.0,0.0,2.1070242e-05
71.26425,0.06559186,4.19214,14.798127,2.5708437,0.7718077,0.117617644,0.8794866,40.840237,306.75616,6.2669325,0.5847273,1.2618195,247.94817,2.0721333,2.547052,0.6478217,1.3648231,1.7228875,6.3605022,-0.3260366,1.0,0.0,0.0,0.0,0.0,0.0,0.0
6.2582393,0.007151896,1.02,37.115715,48.553535,2.7278035,2.2252395,6.6426477,10.917691,298.4277,7.697484,0.026600642,0.22891785,264.90594,2.10719,2.6497512,0.65675336,1.4190725,1.8805562,1.9855622,0.21387596,0.0,1.0,0.0,0.0,0.0,0.0,2.7120113e-06
33.539238,0.29807705,5.5999503,72.91569,20.196232,3.921507,2.9955285,4.827075,29.071878,298.31973,5.391051,0.9112003,3.5564883,266.97116,2.0822363,2.4971092,0.6142954,1.4478073,1.8743235,2.883475,0.3942646,0.002115488,0.46505424,0.83759344,0.01063773,0.00028544664,0.069337755,0.00042298436
3.0616531,0.004443463,1.02,69.97591,21.894382,1.5611352,0.16215986,8.186162,26.042946,295.9098,4.5972967,0.24080168,2.1166983,262.82886,2.1196918,2.6490254,0.6720649,1.4172648,1.8222708,1.9673756,0.45256904,0.0,0.999949,0.0,0.0,0.0,1.1712313e-05,0.0
3223.3,1.623131,1.1427369,94.012215,7.486678,1.2951121,0.5793582,0.060271427,4.583344,293.66718,5.6699257,101.53722,230.25537,172.23444,1.5000542,1.8210111,0.4101749,1.1900309,1.1975613,10.411974,-0.5499757,0.0,0.0,0.0,0.0,0.0,0.0,1.0
2.624731,0.038190503,20.008867,79.97897,14.74719,4.964686,3.6711695,3.780536,1.3424605,297.6701,8.102983,0.03872995,0.3518945,253.6872,1.8858129,2.2284284,0.57837296,1.2870415,1.7182895,1.6003925,0.47242078,0.0,0.0,0.0,1.0,0.0,0.0,0.0009979606
1075.1089,0.5787103,2.4797595,68.73749,12.068176,1.749208,1.0986935,0.06785547,3.1244404,297.66638,7.6019244,36.447403,131.00072,249.04086,2.0762532,2.5464327,0.64788395,1.3673697,1.720512,6.340302,-0.32227263,1.0,0.0,0.0,0.0,0.0,0.0,0.0
25.088724,0.0996659,3.1362596,11.097525,3.7328293,0.57948935,0.17571138,0.5852802,14.86808,299.4961,6.391857,1.5131819,4.5012097,255.60704,2.1079512,2.4984374,0.67998725,1.393975,1.6844739,2.2866118,0.71549886,0.0,0.0,0.0,0.0,0.0,1.0,0.0
167.34198,0.4619296,33.436832,31.268818,38.523087,2.0709589,6.121438,0.6135948,114.96933,297.5606,5.4184027,51.50894,64.14002,249.08128,2.033422,2.2200508,0.58994025,1.4752429,1.762827,8.463092,0.53591275,0.00024694204,8.961558e-05,2.3394823e-05,0.0016645491,0.9989142,0.00050088763,0.0036456883
81.21735,0.053269763,3.6085742,80.35546,12.774763,1.8967999,2.1204836,0.047413293,44.194584,296.09296,3.8050337,177.02023,132.32687,252.87007,1.8859583,2.2288709,0.5799664,1.2873664,1.7192993,1.6036482,0.4728154,0.0,0.0,0.0,1.0,0.0,0.0,3.0100346e-05
39.88755,0.07674933,2.3583012,12.739063,3.4967701,0.6515679,0.1744246,0.98904914,34.564857,288.90387,5.6903033,2.0599117,7.396068,255.21527,2.1105874,2.5050278,0.679796,1.3982818,1.6876183,2.2156637,0.71945316,0.0,0.0,0.0,0.0,0.0,1.0,4.3809414e-06
407.431,0.20471728,1.2932714,34.88843,57.684753,2.1180754,3.0720336,0.008013108,8.467841,279.4734,8.929213,110.74761,192.66585,253.20187,1.8830072,2.2308676,0.5823583,1.2903838,1.7313167,1.603369,0.49091154,0.0,0.0,0.0,1.0,0.0,0.0,0.0
458.74078,0.32174557,1.91061,94.15238,1.2595032,1.0251982,1.2760667,0.12590386,8.754754,298.3068,4.9712706,31.19361,44.552544,248.66466,2.072393,2.5427108,0.6476393,1.366711,1.7154043,6.508209,-0.3403089,1.0,0.0,0.0,0.0,0.0,0.0,0.0
127.31462,0.058717538,1.6456959,26.5065,2.294411,0.8902813,0.17129657,1.4630371,36.167103,297.20782,4.575041,2.2904756,4.023924,250.20193,2.0828896,2.5502872,0.6514551,1.369954,1.7239653,6.336377,-0.32295105,1.0,0.0,0.0,0.0,0.0,0.0,0.0
180.23134,0.049542215,1.0228162,68.01576,29.65482,3.7204013,1.5190669,0.7520373,31.39562,302.7232,5.8425856,2.6495316,4.3986835,172.20001,1.5,1.82,0.41000003,1.19,1.1969,10.43,-0.55,0.0,0.0,0.0,0.0,0.0,0.0,1.0
37.09003,0.011151002,1.02,60.54081,20.032341,1.9404579,0.5453182,5.772978,50.695568,298.03555,9.422874,0.02499293,0.22239345,267.53503,2.1158926,2.6499856,0.65976745,1.419643,1.8939157,1.8046337,0.212379,0.0,1.0,0.0,0.0,0.0,0.0,3.874302e-07
94.70663,0.13827965,3.1100376,13.446284,17.407654,0.9184615,0.40514398,0.2807627,15.717007,305.77542,6.0297227,6.8150096,79.97987,253.35588,1.8796965,2.22854,0.5797842,1.2875563,1.7231061,1.60149,0.481218,0.0,0.0,0.0,1.0,0.0,0.0,1.2814999e-06
37.863194,0.13900933,3.7151518,14.068268,5.903874,0.5451144,0.34412202,0.93235564,4.933168,295.30927,5.632791,0.96279,37.73941,253.83322,2.0660863,2.4402587,0.6534272,1.389604,1.7002062,2.1154954,0.645049,3.33488e-05,0.000110685825,0.0,0.003594607,0.0,0.99875975,1.4454126e-05
10.229512,0.0068653324,6.6822505,46.69091,45.940926,2.5322814,2.7571313,0.9535592,35.543705,298.35178,5.0862613,8.015043,18.962984,278.32996,2.1299996,2.5291822,0.5890559,1.53,2.004299,2.7362854,0.76000005,0.0,0.0,1.0,0.0,0.0,0.0,0.0
360.88574,0.23227356,1.262612,35.543915,57.66389,2.0841203,3.7828202,0.00802562,6.4975224,284.6397,9.361105,107.081505,239.61395,252.46022,1.8822297,2.2390082,0.58135325,1.2859137,1.7257981,1.6016705,0.4842991,0.0,0.0,0.0,1.0,0.0,0.0,0.0
397.53748,0.078780904,3.300708,54.855247,2.9389734,0.950076,0.40960318,1.0337247,45.690903,298.23108,5.4319706,12.888738,3.9630477,255.25609,2.1057937,2.5086277,0.6799997,1.3931293,1.6807603,2.2359774,0.7131854,0.0,0.0,0.0,0.0,0.0,1.0,0.0
88.10042,0.05700467,3.6529803,20.849106,20.683392,1.3891243,4.703833,0.27192986,82.87916,302.16248,4.842315,17.413486,35.88787,253.22453,1.8817351,2.2304811,0.5786976,1.2867172,1.7198178,1.6018198,0.47787848,0.0,0.0,0.0,1.0,0.0,0.0,6.660819e-05
11.74509,0.006662111,2.2517996,91.287476,6.108344,2.4492612,0.9101188,0.02014495,10.837021,297.82587,3.8505485,30.8932,344.196,253.38026,1.8873862,2.2334132,0.57968754,1.2903374,1.7201302,1.6035148,0.47736493,0.0,0.0,0.0,1.0,0.0,0.0,3.993511e-06
1655.9392,1.100027,2.2155151,83.61613,9.765171,0.7126929,0.8972464,0.05754501,165.88603,297.53976,5.74002,513.7319,496.13217,253.25195,1.8873025,2.2309153,0.5804666,1.2864861,1.7187777,1.6035821,0.4765821,0.0,0.0,0.0,1.0,0.0,0.0,3.6120415e-05
1343.557,0.7107536,1.7744232,58.472855,20.094406,2.819169,0.5699911,0.061933137,1.4991058,297.8868,7.8368835,30.678087,133.28893,249.41222,2.0753138,2.5467012,0.6488264,1.3673041,1.722638,6.390085,-0.32951033,1.0,0.0,0.0,0.0,0.0,0.0,0.0
10.655474,0.9027994,2.9196868,86.63092,15.827445,2.6435518,0.3743687,20.0,20.841864,296.63803,6.4386797,0.051109344,6.44749,246.09796,2.0391092,2.2177706,0.5846238,1.4755901,1.7594233,8.267063,0.51482195,0.0,0.0,0.0,0.0,1.0,0.0,1.4901161e-07
620.53357,0.1754726,2.553295,80.002106,6.891504,1.7975267,0.7292157,0.33877116,149.71687,299.78973,5.841547,278.77237,340.19638,251.62297,1.9603558,2.3381085,0.6042903,1.322539,1.7285955,3.5135148,0.21990894,0.14840502,1.5377998e-05,0.02987951,0.9411354,5.26011e-05,0.0012197196,0.000103622675
495.78683,0.41726747,27.366442,58.131145,15.41083,1.0595301,3.136072,0.043277793,20.44155,297.17874,3.8924763,14.682678,26.023916,253.239,1.8842672,2.2303407,0.57985824,1.2862648,1.7233541,1.6004317,0.47427464,0.0,0.0,0.0,1.0,0.0,0.0,9.119511e-06
1313.09,0.6565732,3.846208,73.06919,14.460592,2.446842,0.47664878,0.0458064,29.104954,297.74066,4.2293954,101.815956,132.17699,249.51239,2.0766044,2.5463064,0.64882517,1.370377,1.7195867,6.3801527,-0.3282614,1.0,0.0,0.0,0.0,0.0,0.0,0.0
0.5013194,0.049840774,19.86095,63.929966,33.710304,6.851405,0.0,7.019381,14.411137,297.8408,6.6298394,0.02499293,0.22190002,253.89073,1.8890313,2.2304757,0.58114517,1.2920815,1.7269908,1.6097347,0.48030773,0.0,0.0,0.0,1.0,0.0,0.0,1.4603138e-06
0.56018466,0.002117329,2.4936733,69.528534,21.027555,5.9598794,5.1190553,0.7308212,9.477752,297.8392,5.0503693,0.42799312,8.368861,278.33,2.1299999,2.537448,0.59106636,1.53,2.0042999,2.6831486,0.76000005,0.0,0.0,1.0,0.0,0.0,0.0,0.0
9.2488985,0.033414062,7.516938,71.81606,16.617693,3.5903907,1.3290515,11.541598,49.077274,297.95233,5.873602,9.424543,12.092903,253.01132,1.8867289,2.2285218,0.58008534,1.2887751,1.7209991,1.6060455,0.48033604,0.0,0.0,0.0,1.0,0.0,0.0,0.0013502836
406.1044,0.29975593,8.275624,71.412125,23.006918,3.0890095,1.0130659,0.68424094,39.876553,297.98874,4.4139776,24.242857,32.828133,249.31326,2.0162983,2.271263,0.5957306,1.4455358,1.7413156,7.4948034,0.42335325,0.013993084,0.0004235208,0.00041553378,0.0075677633,0.9970925,0.0016615689,0.001182586
317.5126,0.1513101,4.802133,56.54956,3.1343687,1.8236275,0.27316645,1.8272374,60.189495,294.82056,4.767228,6.8181896,13.186352,249.70819,2.0686376,2.5351617,0.6470998,1.3700749,1.7116777,6.51268,-0.3275771,0.9994067,8.940697e-06,0.0129446685,0.00096696615,6.556511e-06,0.00028645992,0.0004208088
151.35397,0.20535928,3.8396242,26.207283,13.257364,1.172362,0.5292149,1.8151084,51.14711,301.92105,5.654016,31.53657,89.58344,253.54657,1.8840121,2.2280111,0.5793371,1.2886528,1.7214344,1.6041095,0.48733833,0.0,0.0,0.0,1.0,0.0,0.0,0.0014461577
54.995213,0.5112659,55.55661,31.961426,44.84548,3.2783332,5.061738,1.5482395,88.15116,298.48544,5.321273,60.926144,58.404495,250.34146,2.0359185,2.2454293,0.5900783,1.4689722,1.763156,7.518528,0.5241413,0.0004208088,0.00033843517,4.222989e-05,0.001547277,0.99831426,0.0014919639,0.0029298663
29.938004,1.0488881,1.9640661,85.48754,7.355807,1.3887321,0.43932325,20.0,171.01082,295.3901,4.562721,0.025117975,0.2399746,248.91853,2.041476,2.2236252,0.5886751,1.480275,1.7606014,8.445093,0.53039914,1.809001e-05,3.2782555e-07,0.0,1.1622906e-05,0.99994195,0.0,9.834766e-06
51.83669,0.09583629,3.07099,13.734417,4.0878744,0.6905615,0.2017404,0.92088157,28.520044,309.58603,6.544219,2.8535504,11.274448,255.50676,2.1042063,2.4903462,0.67720866,1.3997831,1.6888937,2.3119395,0.7119668,0.0,6.4074993e-06,0.0,0.0,0.0,1.0,0.00010436773
1308.392,0.70619893,2.753518,58.82082,22.084442,1.0898143,0.17750034,0.017208213,68.09262,297.61383,5.04914,432.2814,447.14395,252.4718,1.8938394,2.2421236,0.5844967,1.2863783,1.7198824,1.8488479,0.43451008,0.0009344816,0.0,0.00013428926,0.9994936,1.013279e-06,1.642108e-05,7.6681376e-05
141.46542,0.1284348,5.5316668,38.927864,55.151752,1.7307353,2.219874,0.0973998,6.999235,297.73026,4.634321,10.729471,17.683653,252.8221,1.8954614,2.2424018,0.5834478,1.2947586,1.7325519,1.6080287,0.4623905,1.8179417e-06,0.0,0.0,1.0,0.0,0.0,3.3974648e-06
62.6141,0.3485672,7.3760858,78.431595,17.180084,3.498588,0.68748856,20.0,26.169077,297.65784,6.6151357,2.7009428,24.89567,248.37599,2.0413399,2.2277932,0.58899766,1.4781877,1.7598488,8.367022,0.5223512,0.0,0.0,0.0,0.0,0.99993,0.0,0.00013822317
1.0927122,0.035139173,18.429325,54.839706,42.65063,7.015664,0.00039376022,7.447611,51.94352,297.5666,6.4747596,0.038997903,0.26197845,252.83578,1.8924799,2.230691,0.5807769,1.2958803,1.7287492,1.6054171,0.47630864,0.0,0.0,0.0,1.0,0.0,0.0,6.3180923e-06
48.28031,0.058727015,4.140457,10.354549,1.9889276,0.6903926,0.102087915,0.79708517,37.49748,311.8447,6.84951,0.2603979,0.68981075,247.14421,2.070443,2.544944,0.64739287,1.3633249,1.720316,6.3588853,-0.3285465,1.0,0.0,0.0,0.0,0.0,0.0,0.0
336.3634,0.16622934,4.561447,67.181404,35.41697,2.0721939,2.0611436,0.20603766,16.593454,298.27896,4.971186,22.364601,35.401413,253.00006,1.8890893,2.2305684,0.58026737,1.2895466,1.7246708,1.6153423,0.4778035,0.0,0.0,0.0,1.0,0.0,0.0,0.004057318
431.10144,0.25579432,1.0310444,41.45865,57.699963,2.3640475,3.82916,0.008,2.6166008,278.04474,9.4981575,127.14368,218.57632,252.03844,1.8715618,2.2066267,0.5759284,1.2767466,1.7079182,1.6009301,0.47970948,0.0,0.0,0.0,1.0,0.0,0.0,0.0
0.6239215,0.07832978,3.1187603,77.6086,13.268682,2.2760525,1.1545041,20.0,80.44912,296.95227,6.7237024,0.02499293,0.2223569,252.49959,1.8906158,2.2307405,0.5794329,1.2908,1.724319,1.6141665,0.4742071,0.0,0.0,0.0,1.0,0.0,0.0,0.00067833066
1385.5535,0.73034096,2.0574603,58.77794,13.2994,2.6697626,0.71831,0.12459248,2.8940854,297.89862,7.823797,39.50247,125.928246,249.23239,2.0756667,2.5468566,0.6490382,1.3679229,1.7207036,6.3720493,-0.32901195,1.0,0.0,0.0,0.0,0.0,0.0,0.0
372.6996,0.21701206,1.3913544,35.496475,57.567116,2.2111683,3.0872004,0.009039685,6.0334153,288.41794,8.803431,124.84281,221.42659,253.00046,1.8872069,2.237633,0.58021325,1.2874674,1.721347,1.6064839,0.48254237,0.0,0.0,0.0,1.0,0.0,0.0,8.201599e-05
88.468025,0.23885441,35.418163,77.16037,21.712477,6.5366693,0.4378217,7.466803,32.936375,297.78146,6.4243226,0.096161045,0.54292953,253.27756,1.8907095,2.2311962,0.58048654,1.290112,1.7237098,1.6073176,0.47576848,0.0,0.0,0.0,1.0,0.0,0.0,0.0011478364
91.76671,0.075128004,5.017039,79.756966,17.71043,2.5967257,1.3877035,0.36503974,40.81536,297.7624,4.610342,126.92891,87.74479,253.04472,1.88687,2.230441,0.57937646,1.2885678,1.7208035,1.6054779,0.47407338,0.0,0.0,0.0,1.0,0.0,0.0,0.00021117926
1337.7885,0.70972556,2.162569,60.688583,21.680536,1.5731362,0.23170996,0.017264815,24.432476,298.0276,4.6638446,277.25275,322.5096,249.96393,2.075122,2.5448604,0.65040016,1.3702135,1.7217114,6.4481263,-0.34061706,0.99949646,0.0,0.00081059337,0.0001566112,4.5895576e-06,0.0012168288,3.5494566e-05
416.18518,0.17584231,1.9630842,37.52912,24.76778,1.8380294,1.5747666,0.8806079,28.26355,299.76904,5.241237,9.132278,17.696209,172.2973,1.5001571,1.8208078,0.41030523,1.1902683,1.1984814,10.419986,-0.54935855,0.0,0.0,0.0,0.0,0.0,0.0,1.0
316.8317,0.2856331,14.718444,39.399693,48.190693,1.1273075,2.1220462,0.31734174,28.464321,307.74252,8.220503,110.486,217.98547,253.62215,1.8857228,2.2479737,0.57984895,1.307298,1.7136148,1.9601102,0.4536002,0.00021329522,9.447336e-06,0.0,0.99985385,2.8908253e-06,4.61936e-06,0.00029805303
0.5011164,0.2800734,38.852135,72.48838,25.382845,6.4610934,0.0,7.008155,6.061486,297.67264,6.4389286,0.02499293,0.22190002,253.78314,1.8870925,2.2292092,0.5803746,1.2904251,1.724461,1.6081738,0.4717741,0.0,0.0,0.0,1.0,0.0,0.0,4.2915344e-06
31.781298,0.098306105,2.579068,13.665867,4.07633,0.5755761,0.24033155,0.7363795,18.265907,301.80527,6.035404,1.353,7.529882,255.10889,2.1058671,2.4923856,0.678416,1.3981223,1.6954435,2.3009455,0.7137581,0.0,6.556511e-07,0.0,0.0,0.0,1.0,3.427267e-06
2.3798313,0.06545914,18.811388,57.700397,40.007088,7.147173,0.0027974606,7.2766333,5.2908106,297.46323,6.4427643,0.23206642,0.9754222,253.14194,1.888183,2.2310474,0.580162,1.291847,1.7275585,1.6072302,0.48220563,0.0,0.0,0.0,1.0,0.0,0.0,1.4573336e-05
348.91104,0.07428836,1.472182,52.740707,4.1314397,0.71569794,0.29318678,0.89714515,23.830318,285.83975,4.8748536,5.6642084,3.4740834,255.20197,2.1057131,2.513579,0.68,1.3967464,1.6788741,2.2989933,0.7016116,0.0,0.0,0.0,0.0,0.0,1.0,0.0
563.55634,0.5282918,2.722767,93.13684,1.7872305,1.2557491,1.227511,0.30372515,16.57703,298.16275,5.0298543,123.64013,154.66847,249.6252,2.0756059,2.5470726,0.6487972,1.3682525,1.7196239,6.4640994,-0.33891892,0.99999225,0.0,1.5199184e-06,0.0,0.0,6.2584877e-07,1.66893e-06
590.48914,0.20047283,2.503363,90.88785,4.88088,2.280293,1.0518931,0.18730664,46.843178,297.90497,4.818226,0.11095201,0.5551194,252.77092,1.8878947,2.2350657,0.5802419,1.2906171,1.7218738,1.6046158,0.4703719,0.0,0.0,0.0,1.0,0.0,0.0,0.00029367208
26.99129,0.11396862,5.2481194,61.014698,7.2322917,2.3024228,2.4740918,20.0,27.713968,296.3832,7.257408,0.02561815,0.25956607,253.04941,1.8881361,2.2267125,0.5789759,1.29008,1.7256056,1.6126673,0.48747593,0.0,0.0,0.0,1.0,0.0,0.0,0.0008048713
9.349071,0.024892638,14.796516,52.026974,41.14269,1.3730384,1.6548104,2.3293676,25.874691,297.30508,5.3520303,13.685556,8.210576,253.06763,1.8901422,2.231001,0.5809541,1.2926046,1.7254509,1.6057074,0.48042834,0.0,0.0,0.0,1.0,0.0,0.0,2.95043e-06
466.6254,0.056106664,2.9308453,81.66689,12.243644,2.427462,4.2850547,0.820619,33.105034,297.74493,5.014286,19.965927,25.06293,278.311,2.1298769,2.5310676,0.5895094,1.5299757,2.0039818,2.6943,0.759891,0.0,0.0,1.0,0.0,0.0,5.662441e-07,0.000111967325
867.7156,0.5151209,3.4914925,57.087555,23.085747,3.1255407,1.3932908,0.25797424,10.659612,299.45898,4.3505034,46.76292,76.192635,249.63477,2.0801673,2.5512128,0.6495196,1.368627,1.7200642,6.3894377,-0.34247229,0.9999998,0.0,0.0,0.0,0.0,0.0,6.854534e-07
529.22815,0.21481559,3.497148,73.980965,24.770107,2.314484,1.221986,0.20880757,70.05182,297.85062,5.298855,97.23173,101.66803,253.13397,1.8884665,2.2328362,0.58059806,1.2888213,1.7209033,1.6045032,0.47053868,0.0,0.0,0.0,1.0,0.0,0.0,0.00036147237
205.19629,0.12578899,1.02,65.75636,20.096111,2.2720983,0.5178937,6.943829,36.227474,298.5161,9.303987,0.025117975,0.22401997,266.2555,2.110535,2.6499403,0.6570424,1.421075,1.879726,1.9211988,0.2067785,0.0,1.0,0.0,0.0,0.0,0.0,1.1920929e-06
3.3841944,0.003644649,6.420183,49.148613,44.65528,2.8063786,3.018635,0.92924374,22.895,298.53955,5.0902553,2.3530157,19.74244,278.33,2.1299999,2.533843,0.5911732,1.53,2.0042999,2.6739085,0.76000005,0.0,0.0,1.0,0.0,0.0,0.0,0.0
1194.3497,0.67179275,1.0999446,58.01804,18.999287,1.3543854,0.05007719,0.06951539,20.522305,297.9689,5.2005563,290.65063,428.11847,277.5292,2.126393,2.522013,0.5888224,1.5269117,1.9926183,2.823291,0.7422618,2.1845102e-05,0.0,0.99999803,1.090765e-05,0.0,6.6161156e-06,4.172325e-07
24.555792,0.06339044,10.901351,52.67127,39.89966,0.92259747,1.213884,1.9733896,112.05595,297.51572,5.940111,0.17458174,0.40904236,252.98622,1.8897644,2.2301989,0.5801921,1.2929837,1.7259551,1.6052332,0.47933698,0.0,0.0,0.0,1.0,0.0,0.0,2.7418137e-06
1113.4592,0.59951645,6.553645,64.08342,18.903936,3.6997297,1.8660539,0.12647702,34.134956,298.42047,4.2929335,63.122063,70.690315,249.36726,2.0751672,2.5436158,0.6483295,1.3676434,1.7146155,6.4601,-0.3332302,0.9999999,0.0,0.0,0.0,0.0,0.0,0.0
1296.0746,0.6989076,2.2089767,64.33984,17.258564,1.0858335,0.26331478,0.01295474,110.85039,298.46783,4.952486,364.82483,336.87683,250.94153,2.0405357,2.4770072,0.63430446,1.3682278,1.7238097,6.5626893,-0.1543874,0.97697186,6.645918e-06,0.025074631,0.02433303,0.0003195405,0.014131695,7.420778e-05
39.940224,0.03748955,4.813581,68.44632,21.643316,5.2117143,5.05936,1.104217,27.322832,297.91586,5.018301,14.260278,23.484207,278.2759,2.129616,2.5285974,0.5897491,1.5298951,2.003456,2.655348,0.7595727,0.0,0.0,1.0,0.0,0.0,1.9669533e-06,0.00053563714
31.7066,0.098485425,5.802046,58.536797,4.6569676,1.6917412,2.3661094,20.0,19.98152,295.53952,7.316641,0.026207646,0.31013468,252.70232,1.8934302,2.2287672,0.5805739,1.2948524,1.7289271,1.614734,0.4777684,0.0,0.0,0.0,1.0,0.0,0.0,9.11355e-05
156.53654,0.57420295,4.0945363,47.622192,38.762863,0.69028693,0.73256385,1.3096905,91.149666,298.61737,6.080868,3.220127,8.029245,252.97238,1.8886132,2.23049,0.58061165,1.2949048,1.7258501,1.6152527,0.48626953,0.0,0.0,0.0,1.0,0.0,0.0,7.4505806e-07
47.58185,0.11511611,22.404953,73.51417,19.25515,5.927628,2.9847963,5.0749707,15.692702,297.69403,5.8866,0.08892634,0.54757154,264.04218,1.9758767,2.325853,0.5783511,1.3678011,1.8262234,1.8481385,0.57097924,0.00046896935,0.00016129017,0.17265859,0.86966586,0.00014585257,0.00085529685,0.02649197
1061.9941,1.0677613,2.8973923,77.969696,11.830967,0.86542815,2.374612,0.033312906,35.25455,297.37222,4.139997,213.99217,363.04584,252.80563,1.8862146,2.2288022,0.5797881,1.2869542,1.7228405,1.6055161,0.47745726,0.0,0.0,0.0,1.0,0.0,0.0,6.207824e-05
95.86099,1.0631928,6.8546534,57.13013,8.489182,1.1846992,0.018183788,4.3034987,322.74097,297.78314,4.0644045,0.028619217,0.26053467,254.05025,1.9655083,2.3308604,0.6087615,1.3259383,1.7334234,2.469686,0.27517226,0.048240125,0.0002066493,0.0017854273,0.9903811,1.9967556e-06,0.00011661649,0.0012466311
147.21452,0.4391491,14.47587,77.25175,23.170385,3.9907868,0.5423195,8.05815,27.968615,297.9215,6.4251776,0.12481408,1.1728903,258.56717,1.9960393,2.5540297,0.61151534,1.3281951,1.7837937,1.6442729,0.38579616,5.364418e-07,0.37528276,1.0043383e-05,0.7556995,2.0861626e-07,0.0001450479,0.0005476773
15.598124,0.017282303,12.837353,64.88422,20.752487,2.326935,2.9387255,0.88254905,52.28414,297.4597,4.6724095,20.147635,14.556823,253.22716,1.8876919,2.2305174,0.58042586,1.2902492,1.7241942,1.6059821,0.47842413,0.0,0.0,0.0,1.0,0.0,0.0,1.9818544e-05
161.81372,0.3718258,7.468247,75.50052,21.763987,5.663822,1.8886844,6.6636457,47.525745,297.24368,6.138724,4.957154,16.111786,254.05574,1.8761319,2.2054496,0.57827604,1.2912544,1.7337555,1.6871742,0.4968819,5.0514936e-05,0.00019517541,1.6063452e-05,0.9999456,7.1823597e-06,3.7789345e-05,0.0017325282
2.1714685,0.008049605,16.061388,49.003437,45.26743,1.1088698,1.6543685,1.0619677,4.8308516,297.56433,4.797396,5.4208364,3.84517,253.05406,1.8915042,2.2323856,0.5807434,1.2939471,1.7260541,1.6065184,0.47326693,0.0,0.0,0.0,1.0,0.0,0.0,8.6426735e-07
153.8188,0.047593836,6.111556,26.258905,2.942315,1.2057513,0.32896227,1.2483239,49.582157,297.28534,5.160953,4.194455,3.9493043,248.40643,2.0717165,2.541324,0.6461809,1.3638417,1.7152127,6.4152713,-0.32145032,1.0,0.0,0.0,0.0,0.0,0.0,0.0
1.9769088,0.05717259,21.814505,58.39095,39.858395,7.076948,0.0012441647,7.403696,17.033842,297.7328,6.4252925,0.045786027,0.29339424,253.16147,1.8888732,2.2304196,0.5795363,1.2918549,1.7266154,1.6090791,0.4787339,0.0,0.0,0.0,1.0,0.0,0.0,0.00010198355
1117.2611,1.3535815,3.4134204,61.853355,30.602974,5.646546,0.54620034,0.50215185,265.01062,295.5282,5.9419675,271.98077,391.62274,253.01846,1.8876581,2.2298775,0.5803698,1.2886462,1.7228343,1.6141733,0.47823602,0.0,0.0,0.0,1.0,0.0,0.0,1.3768673e-05
172.91338,0.063840285,2.784208,86.81013,8.003647,1.7027894,1.4237355,0.020133035,25.769478,295.4573,3.650684,78.094,338.57004,253.40471,1.8850862,2.2309701,0.5798953,1.2889515,1.7182002,1.6030779,0.47343522,0.0,0.0,0.0,1.0,0.0,0.0,1.3113022e-05
26.457747,0.28869036,29.808012,75.04474,23.038654,6.615304,0.20959856,7.1287413,12.590001,297.73553,6.371472,0.11189878,0.74175006,253.27963,1.8866037,2.2302938,0.58068883,1.2881722,1.7221818,1.6069028,0.47513992,0.0,0.0,0.0,1.0,0.0,0.0,0.00086036325
331.0169,0.16865097,1.7700466,35.428337,57.313866,2.1727543,3.2423556,0.009400149,5.5586643,292.0213,6.2263136,176.1112,214.90897,253.44164,1.8954799,2.2377644,0.58374846,1.2956328,1.733995,1.6114489,0.47737083,1.2516975e-06,0.0,0.0,1.0,0.0,0.0,0.0
181.22525,0.5570534,9.997847,88.54259,6.0331206,2.522739,0.28902823,0.3736873,73.203255,297.48816,7.0009346,9.312825,7.3077784,247.67856,2.0702295,2.5413046,0.6453088,1.3650857,1.7133607,6.416839,-0.3242739,1.0,0.0,0.0,0.0,0.0,0.0,0.0
1359.5933,0.72015154,1.7700846,69.82284,18.034958,1.5237737,0.30906886,0.03670901,39.149178,297.8185,4.9776435,240.54625,393.90485,250.9586,1.9791647,2.3767076,0.61601245,1.3104044,1.7192856,3.876454,0.09655109,0.43267068,0.0,5.555153e-05,0.66679144,8.285046e-06,5.5104494e-05,3.0636787e-05
856.41394,0.5121202,4.4182806,51.419964,3.774848,2.8408244,0.68607163,0.3297095,12.321634,297.9439,4.3042955,42.518574,43.75812,249.73683,2.0758207,2.548567,0.64965266,1.3682768,1.7189573,6.388949,-0.33863863,1.0,0.0,0.0,0.0,0.0,0.0,5.9604645e-08
45.30244,0.12852792,6.523168,15.0620365,10.419424,0.5596411,0.78514254,0.80288893,22.566668,312.3871,7.0277843,4.4732504,102.15241,253.1746,1.8854558,2.2359774,0.5803585,1.2890798,1.7198433,1.6116076,0.45885915,4.172325e-07,0.0,0.0,1.0,0.0,0.0,3.1888485e-06
32.616066,0.03970849,4.027029,9.652868,28.434158,1.0621587,0.09646273,0.13352364,61.85588,303.59497,5.1378937,3.4939206,16.557655,252.99277,1.8797299,2.2329493,0.5802376,1.2882785,1.7232184,1.6019074,0.47128418,0.0,0.0,0.0,1.0,0.0,0.0,0.0
932.47437,1.1677234,3.8324769,51.58966,40.87177,3.8017094,0.72201484,0.39992967,110.41491,300.12488,5.3289967,342.67758,346.14587,253.13432,1.8897713,2.2340147,0.58272517,1.294679,1.7285492,1.6118996,0.4966426,0.0,0.0,0.0,1.0,0.0,0.0,7.748604e-07
1.5436403,0.0035512343,3.1233273,68.67969,22.002619,6.3167424,5.2585735,0.87568176,5.2618227,298.06287,5.018016,0.35441342,5.8649,278.33,2.1299999,2.5362692,0.591231,1.53,2.0042999,2.7592769,0.76000005,0.0,0.0,1.0,0.0,0.0,0.0,0.0
1316.2239,0.7632099,1.6180506,65.14472,17.274956,0.97451293,0.19190139,0.016850729,94.01081,299.02216,4.926238,478.44818,490.183,253.5681,1.8872998,2.2311332,0.5819439,1.2876778,1.7240896,1.6117392,0.47650698,0.0,0.0,0.0,1.0,0.0,0.0,9.9122524e-05
94.79959,0.44465575,38.716824,33.512806,39.73854,3.182144,6.4275618,1.251312,141.4043,297.94785,5.249096,48.92556,63.151443,249.21855,2.0401537,2.22651,0.5894733,1.4819489,1.764795,8.452577,0.53084666,1.4305115e-06,5.662441e-07,0.0,6.16312e-05,0.9992477,4.61936e-06,0.0011929274
335.8664,0.76320505,2.8304026,66.467545,25.660055,4.2378826,0.8764015,2.0943673,76.88788,297.49823,6.262174,6.6992903,28.356873,254.35495,1.9307282,2.2530768,0.59209347,1.3046502,1.7429698,1.9779091,0.43947858,0.0052239895,0.00043013692,0.00017553568,0.99813694,0.00040715933,0.0004994571,0.0005351305
446.22522,0.23927093,1.4641061,40.52448,57.672928,2.1758935,3.1172526,0.008295521,1.4598432,288.6108,9.446428,123.152695,242.30241,252.1164,1.885636,2.2253408,0.57914716,1.2858084,1.7153955,1.6001724,0.4759496,0.0,0.0,0.0,1.0,0.0,0.0,3.33786e-06
373.8157,0.28547144,1.7011845,34.790382,2.0091777,2.2547529,0.12907107,2.5261636,26.07011,298.1629,4.1285276,12.033399,11.500956,250.68948,2.0739124,2.5444589,0.6498124,1.3687652,1.7213895,6.3976192,-0.3364587,0.9999986,0.0,3.0398369e-05,6.9737434e-06,0.0,2.9802322e-07,5.9604645e-06
406.077,0.2665569,1.2699496,29.651798,34.611195,1.6408124,5.6804824,0.13702402,20.926529,300.87692,5.3569703,19.00155,52.246563,172.20015,1.5,1.8200039,0.4100006,1.1900002,1.1969068,10.429903,-0.54999954,0.0,0.0,0.0,0.0,0.0,0.0,1.0
1266.482,0.64426666,1.6410148,61.247177,8.949962,2.5732028,1.3683678,0.09800693,0.9980006,297.84872,7.7682943,24.25738,90.57506,249.87505,2.0766559,2.5485635,0.64884907,1.3690835,1.7212578,6.479981,-0.3336927,1.0,0.0,0.0,0.0,0.0,0.0,0.0
546.8507,0.2370861,2.5293489,83.98634,13.084124,2.5854568,0.6903657,0.18191935,63.48055,297.76108,4.8688545,79.83837,78.159256,253.16734,1.8872845,2.2319484,0.57985395,1.2894868,1.7214347,1.6069466,0.4743605,0.0,0.0,0.0,1.0,0.0,0.0,0.00032749772
0.5508474,0.00173819,6.673307,49.043804,48.044624,1.4872779,2.335076,0.94750345,12.610145,298.24878,5.163464,1.2366551,15.563955,278.33,2.1299999,2.5471618,0.5926395,1.53,2.0042999,2.5148146,0.76000005,0.0,0.0,1.0,0.0,0.0,0.0,0.0
366.82434,0.08111829,2.8420105,52.43846,2.3938198,1.113909,0.3444961,1.1535457,34.64721,287.82642,4.5640736,10.341084,13.265741,250.09189,2.078767,2.5531366,0.65157735,1.3691654,1.7217869,6.4112387,-0.3429782,1.0,0.0,0.0,0.0,0.0,0.0,2.3841858e-07
261.37982,0.17696941,7.276937,72.04004,26.042082,1.7033168,1.2683471,0.87596,59.46428,297.45624,5.1886044,56.647427,42.389587,253.15765,1.8874204,2.2304044,0.57989115,1.2907264,1.7238835,1.6082636,0.47712475,0.0,0.0,0.0,1.0,0.0,0.0,8.08239e-05
415.7054,0.18034098,1.0795074,38.583862,57.69919,2.2501173,3.1948211,0.008,5.777672,278.2379,9.480588,105.282295,211.6586,253.38803,1.8768234,2.2368257,0.58224136,1.2851721,1.7259961,1.6033165,0.46674463,0.0,0.0,0.0,1.0,0.0,0.0,0.0
307.70688,0.7360902,1.91351,92.017044,3.935392,1.957872,0.3922889,0.21392496,50.510387,297.51077,6.443586,14.735339,27.861055,242.04004,2.0529037,2.512757,0.63923174,1.3367195,1.668046,6.8137293,-0.38886127,0.9993377,0.0,0.0,0.0,0.0,0.0,0.0012873709
4.370593,0.007532418,15.786556,64.576416,26.787323,2.8079689,2.7791378,0.32012057,4.3767805,297.5049,4.462011,29.817495,22.698282,253.17493,1.8867837,2.228995,0.57988155,1.2899381,1.7247198,1.6066071,0.4793098,0.0,0.0,0.0,1.0,0.0,0.0,9.536743e-06
59.39052,0.0569076,7.2214866,12.060892,2.6640048,0.75542486,0.085775666,0.90285957,38.919514,309.3285,6.3039026,0.3551101,0.854931,247.92833,2.0730903,2.545217,0.64765924,1.3648669,1.7202866,6.3547626,-0.32355917,1.0,0.0,0.0,0.0,0.0,0.0,0.0
127.38333,0.09372429,2.7936234,20.949923,3.3419478,0.85046124,0.12730414,0.7778489,36.798584,310.35587,6.431324,4.5025463,10.347545,255.27496,2.1099713,2.4973872,0.67999375,1.3977553,1.6816283,2.269468,0.7162449,0.0,0.0,0.0,0.0,0.0,1.0,3.2782555e-07
18.83967,0.18226275,2.0234976,60.319786,10.410748,2.2289279,2.0883524,19.948168,30.459682,297.2898,4.9487534,1.1399422,42.415226,247.10962,2.034301,2.222589,0.5851859,1.4746218,1.7680299,8.228448,0.5212333,0.0,0.0,0.0,0.0,0.99984753,0.0,0.0023103356
101.59335,0.50752735,138.39792,75.11786,23.413202,5.7399936,0.9022639,8.225256,11.8995905,298.2543,6.469964,0.6498397,3.9258752,254.53545,1.8941789,2.2581038,0.58708185,1.2907338,1.738604,1.643369,0.47356737,3.606081e-06,0.0001474917,6.556511e-06,0.9999007,4.172325e-07,2.2560358e-05,0.0036136806
9.244738,0.069045484,21.47116,60.669403,38.66142,7.147063,0.017278433,7.1435137,6.819323,297.52502,6.4489374,0.3592187,1.510441,253.118,1.8880119,2.229749,0.58024293,1.2913363,1.727426,1.6027852,0.48178136,0.0,0.0,0.0,1.0,0.0,0.0,9.745359e-06
94.82324,0.2165161,7.3461037,37.651802,5.425997,1.5278411,0.88161206,7.787447,17.530203,302.90494,5.8962936,4.5385056,80.80965,253.41098,1.8810034,2.2298543,0.57836634,1.2858243,1.7221836,1.6047337,0.46339852,0.0,0.0,0.0,1.0,0.0,0.0,0.0005989373
3.4802058,0.08421248,24.272411,62.549244,36.955093,7.0882506,0.0038570869,7.2746067,44.215668,297.51425,6.4228983,0.059790995,0.35169345,253.09882,1.8887094,2.2306218,0.5801142,1.2921062,1.726473,1.6111883,0.4764078,0.0,0.0,0.0,1.0,0.0,0.0,0.00010767579
93.20018,0.26469696,28.431837,75.05693,24.130093,6.5213265,0.450536,7.532982,13.135292,297.86066,6.3715944,14.543378,23.315742,253.08273,1.8877195,2.229956,0.5793376,1.2888585,1.7207652,1.6050282,0.47433203,0.0,0.0,0.0,1.0,0.0,0.0,0.0016833544
4.8480105,0.1578429,28.867113,74.8263,22.263962,6.3461084,0.0012782514,7.4942474,12.945605,297.80133,6.3549733,0.0393909,0.31134087,252.85815,1.8827423,2.2286098,0.57862717,1.2869263,1.7183568,1.6225424,0.47162914,1.7881393e-07,0.0,0.0,1.0,0.0,0.0,0.0006426573
13.85896,0.07685104,23.78307,59.92799,38.68083,7.0925155,0.30551532,7.2656345,60.448753,297.4655,6.4454446,0.29282013,0.931049,253.14523,1.888283,2.2310693,0.5805915,1.2922904,1.7264558,1.6101465,0.48068002,0.0,0.0,0.0,1.0,0.0,0.0,0.00010186434
137.7288,0.40764013,3.7544656,52.86903,12.998259,1.0084319,0.54922175,2.406093,141.67198,299.74902,5.1738753,0.22838655,1.617591,253.42926,1.8807244,2.228856,0.5789014,1.2844946,1.7223405,1.6017874,0.473308,0.0,0.0,0.0,1.0,0.0,0.0,0.00016751885
21.1956,0.050302073,3.5421097,9.698867,24.84407,0.80553216,0.07214186,0.14795887,79.36148,303.2412,5.2295427,10.125649,24.608799,253.2015,1.8834484,2.2333097,0.5804836,1.290869,1.7261022,1.6033863,0.47318023,0.0,0.0,0.0,1.0,0.0,0.0,0.0
64.62384,0.1289117,5.4604373,14.57521,8.652739,0.6864124,0.38845795,0.98658013,20.369057,311.9747,6.9280376,1.988297,95.91746,253.39484,1.887011,2.242194,0.5858018,1.2972451,1.7144192,1.7378554,0.48777264,9.050965e-05,4.827976e-06,0.0,0.99871254,0.0,0.0002079308,0.00022724271
1242.4465,0.6785451,4.2067924,71.30647,13.86206,1.7253278,0.9439978,0.028292626,8.154503,298.06308,5.1823754,111.86688,187.63641,249.76964,2.0781357,2.5494077,0.6498594,1.368274,1.7208031,6.4174323,-0.33863282,0.9999994,0.0,0.0,0.0,0.0,3.2782555e-07,5.066395e-07
242.58485,0.17706174,1.2395335,23.132998,35.68131,1.6072665,5.5819263,0.46432757,17.468508,300.22675,5.147849,19.600548,37.86999,172.2225,1.5000193,1.820271,0.41007555,1.1900462,1.1973522,10.426028,-0.5498764,0.0,0.0,0.0,0.0,0.0,0.0,1.0
425.00906,0.114375755,1.6449424,90.18977,3.9330068,2.981382,1.8972986,0.94599247,29.019825,297.3628,5.16166,0.052199017,0.50148046,252.7288,1.8704505,2.2372127,0.5770917,1.2858964,1.7162994,1.6066548,0.46972594,0.0,0.0,6.854534e-07,0.9999997,0.0,0.0,0.0016447306
424.8403,0.19987774,5.9190054,39.933975,54.659595,2.3681066,2.9193788,0.17001511,24.622807,297.2939,4.895856,241.53432,257.42148,252.7513,1.8884729,2.232892,0.58068246,1.2905356,1.726183,1.6178817,0.4758243,0.0,0.0,0.0,1.0,0.0,0.0,0.0013167262
372.1145,0.12556434,3.3569653,53.8408,2.584303,1.2603564,0.13483936,1.1928661,51.46698,301.0267,5.0624347,15.417475,17.223455,255.73334,2.1101415,2.5030057,0.67998666,1.3986573,1.6784627,2.1866543,0.7188779,0.0,0.0,0.0,0.0,0.0,1.0,1.2785196e-05
5.0326242,0.018253084,11.878977,46.40825,45.724285,1.0418556,1.839293,0.6983544,6.604273,297.40146,4.844423,2.9670014,3.2007167,253.08417,1.8892888,2.2294898,0.5800658,1.2932032,1.7269266,1.6065897,0.47884592,0.0,0.0,0.0,1.0,0.0,0.0,3.874302e-07
50.950256,0.0021924756,10.03219,76.37617,23.960155,1.4347049,3.5228972,0.948499,9.927865,298.45715,4.5997496,0.40900424,10.90888,278.33,2.1299999,2.536936,0.5920477,1.53,2.0042999,2.7363002,0.76000005,0.0,0.0,1.0,0.0,0.0,0.0,0.0
1321.6201,1.4989054,1.0256401,89.516396,2.3749392,1.6030456,0.13776435,0.008003575,398.20813,286.3889,7.0217175,486.486,523.15424,251.62866,1.8517869,2.153647,0.5641157,1.2797061,1.7252136,1.6005335,0.5120905,0.0,0.0,0.0,1.0,0.0,0.0,0.0
4.025318,0.5474372,1.6157215,62.54205,2.104545,0.87830853,2.2256188,20.0,13.855691,296.8966,6.984398,0.02499293,0.22190002,252.25017,1.8785098,2.2169173,0.5776029,1.2807498,1.718712,1.6006584,0.48644555,0.0,0.0,0.0,1.0,0.0,0.0,0.00014996529
107.25142,0.65588284,9.055935,77.0952,17.289759,3.950652,0.641376,19.987429,49.271263,297.4561,5.7209,0.901161,4.6948767,252.60637,1.8868083,2.2281432,0.5793215,1.2878283,1.720944,1.6070763,0.48115045,0.0,0.0,0.0,1.0,0.0,0.0,0.006038785
19.716763,0.014011703,1.937182,85.23068,11.981191,2.7359362,2.9373674,0.1259676,30.257933,297.65622,4.591099,174.77217,78.68545,252.85806,1.8826375,2.2308793,0.5792842,1.286546,1.721395,1.6005104,0.46816397,0.0,0.0,0.0,1.0,0.0,0.0,0.00013405085
47.763313,0.019585973,2.7424126,88.36676,10.645857,2.6513183,0.9947505,0.041344393,29.791967,297.65607,4.178349,74.2177,263.91174,253.22777,1.8867387,2.2297926,0.57982713,1.2879086,1.72137,1.6049187,0.47472033,0.0,0.0,0.0,1.0,0.0,0.0,2.4199486e-05
1391.3817,0.59797305,3.37741,65.2649,9.665408,4.4318576,0.34464127,0.3000669,90.226814,297.74652,5.2973266,90.59892,103.95192,249.06062,2.0746129,2.5430584,0.6487453,1.3671262,1.7154393,6.4079385,-0.3337858,1.0,0.0,0.0,0.0,0.0,0.0,0.0
20.40163,0.20417847,2.5418775,76.8191,6.7514052,1.7344759,1.3971062,20.0,76.039,296.36185,5.42466,0.11657901,7.1889687,247.02359,2.0384254,2.231072,0.5878174,1.4768343,1.7616237,8.266152,0.52761984,0.0,0.0,0.0,0.0,0.99999917,0.0,4.929304e-05
396.60638,0.18911283,2.7764897,36.574924,57.348244,2.171164,3.1879425,0.017338099,11.208597,290.16006,5.251198,200.99838,235.79596,252.91054,1.8858845,2.2310128,0.58095485,1.2897307,1.728674,1.615256,0.48413184,1.7881393e-07,0.0,0.0,1.0,0.0,0.0,1.9103289e-05
48.939808,0.10988998,2.097741,15.557262,4.374764,0.5947973,0.25058576,0.8729875,20.088234,289.17212,5.478587,2.3868134,22.235691,254.18558,2.0991514,2.4947567,0.66969573,1.4048414,1.6837339,2.3414993,0.68914765,2.9593706e-05,0.0002655089,0.0,1.2278557e-05,0.0,0.999997,0.00020611286
3.6402583,0.0075545865,5.894877,65.53877,25.534208,5.087389,4.8895206,0.89511824,38.33345,298.006,4.983781,6.4142604,20.91217,278.3299,2.1299992,2.5320063,0.5903539,1.53,2.0042984,2.659505,0.7599998,0.0,0.0,1.0,0.0,0.0,0.0,0.0
87.06389,0.15700297,1.7369361,17.271221,10.852266,0.69986594,1.0452662,0.42936018,34.460964,303.58255,6.593173,14.126391,107.21852,253.45187,1.8834846,2.2296898,0.57966,1.2886891,1.7210242,1.6008635,0.4879681,0.0,0.0,0.0,1.0,0.0,0.0,1.3411045e-05
287.86694,0.13287157,5.704077,43.577213,50.404305,1.7598286,2.9703443,0.07382248,3.2568297,298.1697,5.4127645,53.512386,111.341156,252.9921,1.8863765,2.2302,0.5806398,1.2879635,1.722314,1.6121265,0.47443786,0.0,0.0,0.0,1.0,0.0,0.0,0.014805585
321.60312,0.09101092,2.508044,47.67461,2.983691,1.2885371,0.67505807,0.9512356,46.787144,298.53522,5.3847075,24.004433,35.580147,249.08032,2.074337,2.544862,0.6477322,1.3676083,1.7190707,6.399759,-0.3263713,1.0,0.0,0.0,0.0,0.0,0.0,0.0
267.1732,0.42054507,1.02,74.36986,19.901567,2.0967855,0.71687394,9.431416,15.367397,298.3849,8.439915,0.14646462,1.2047447,265.66916,2.1099284,2.6494899,0.6550666,1.4192309,1.8726388,1.9686177,0.20958649,0.0,1.0,0.0,0.0,0.0,0.0,0.001855284
759.7037,0.43007153,14.228928,63.232925,14.017344,1.1954211,2.610504,0.04640042,49.96968,294.91183,3.6203995,187.96536,170.41597,253.2721,1.882577,2.227629,0.5795602,1.2860692,1.7206119,1.6011184,0.474699,0.0,0.0,0.0,1.0,0.0,0.0,8.144975e-05
834.5228,0.55621016,3.017039,50.1538,39.384624,3.1330597,0.9144875,0.0374353,2.2982087,298.45303,7.1111555,31.035536,86.54187,249.44058,2.076898,2.546963,0.6488545,1.3688891,1.7221122,6.3811374,-0.32590842,1.0,0.0,0.0,0.0,0.0,0.0,0.0
104.413704,0.08105737,4.870082,51.515244,40.247124,2.184837,3.7578576,0.32735845,7.7774196,297.38785,6.944377,10.914233,20.722086,253.08954,1.8869618,2.2306006,0.58008045,1.2899805,1.7240092,1.6031398,0.47823215,0.0,0.0,0.0,1.0,0.0,0.0,0.0002617836
414.9703,0.17140591,3.7052414,54.853622,1.7627617,1.1431375,0.22653407,1.0883024,50.16415,291.6199,5.4215884,8.89389,9.665206,254.54971,2.11069,2.5077884,0.68,1.3968441,1.6707549,2.2590113,0.7252257,0.0,0.0,0.0,0.0,0.0,1.0,0.0
53.52744,0.31878912,5.933422,39.251602,48.552505,0.63939023,0.64649755,0.09522272,1.1559333,297.1015,5.726996,53.99172,60.975143,252.95363,1.8934766,2.2341576,0.5817243,1.2974783,1.7332665,1.6030787,0.47180945,0.0,0.0,0.0,1.0,0.0,0.0,0.0
50.124115,0.029737314,10.782222,19.74909,3.6913288,1.1397117,0.35965234,2.069027,66.10094,297.26852,5.3738003,1.117327,0.8031379,247.85965,2.0708802,2.5407033,0.64434737,1.3626287,1.7160627,6.399344,-0.31818855,1.0,0.0,0.0,0.0,0.0,0.0,0.0
81.37324,0.69868755,3.5731194,93.34158,3.3348885,2.8636367,0.15807857,0.100716665,93.253136,298.0493,6.79009,1.093247,1.3273923,245.87494,2.0608847,2.5331435,0.64299595,1.3564278,1.7034235,6.617592,-0.3392688,0.99999535,0.0,0.0,0.0,0.0,0.0,3.0010939e-05
93.51318,0.79973495,62.72521,34.98823,45.10442,2.6825128,5.8336477,0.5243433,37.97043,297.69882,4.446826,43.084827,69.63198,248.70543,2.0411139,2.2259982,0.5888538,1.4795364,1.7671094,8.464441,0.5352162,0.0,0.0,0.0,0.0,0.99982804,0.0,0.00019979477
78.31803,0.102898136,3.4546297,14.665545,3.7299855,0.73869395,0.20135604,1.070996,44.76979,299.28314,5.797396,5.5859127,11.729731,255.15715,2.1087916,2.4987216,0.6795915,1.3987586,1.6874138,2.252283,0.7172605,0.0,0.0,0.0,0.0,0.0,1.0,5.4448843e-05
268.28918,0.14401211,4.571624,77.04807,15.293444,2.239811,1.7624301,0.094823524,54.924892,297.08615,4.4290404,73.21993,68.70957,253.03743,1.8867975,2.2294586,0.58020055,1.2878399,1.7235228,1.6027634,0.47361055,0.0,0.0,0.0,1.0,0.0,0.0,4.798174e-05
54.010338,0.19014266,26.913765,70.18231,27.88672,6.7352567,0.17758174,7.263101,10.4811535,297.7005,6.395232,6.218209,11.793238,253.08612,1.8876557,2.2313204,0.57964325,1.2893713,1.7235638,1.6071037,0.47797114,0.0,0.0,0.0,1.0,0.0,0.0,0.0011152029
1168.3755,0.63277143,2.8812482,58.140194,11.497786,3.2328637,0.6310551,0.07852401,27.670473,298.40363,4.435728,82.703606,90.298546,249.62492,2.0782726,2.5481017,0.6493276,1.3683562,1.7177476,6.4402447,-0.33984345,1.0,0.0,0.0,0.0,0.0,0.0,0.0
0.6515273,0.008624906,5.0293317,89.46031,11.564951,1.5477858,0.59889543,20.0,20.74701,297.5966,5.651231,0.03115583,0.24856414,252.56802,1.8847756,2.2256916,0.5784937,1.2880194,1.7213585,1.6035216,0.47771963,0.0,0.0,0.0,1.0,0.0,0.0,3.3199787e-05
1.3492835,0.017201725,4.6611896,71.46362,7.954443,1.8511457,2.1171484,20.0,33.806316,297.25787,6.373666,0.035496656,0.34650317,252.87997,1.8878435,2.2234213,0.5790908,1.288833,1.723014,1.6028203,0.4826448,0.0,0.0,0.0,1.0,0.0,0.0,0.00087955594
427.6085,0.23178636,1.0789746,37.325745,57.68325,1.9420853,3.5258029,0.00805124,2.2797337,283.9959,9.453507,103.14093,242.62698,253.01436,1.8767831,2.237337,0.5828869,1.2853912,1.7298754,1.6007674,0.4755601,0.0,0.0,0.0,1.0,0.0,0.0,0.0
367.88107,0.3967994,2.0768852,59.45687,17.74077,2.3229182,1.1262182,0.6644172,110.031105,298.3671,6.4496017,377.2085,588.20593,249.91728,2.076499,2.5494318,0.65125203,1.3680581,1.7215211,6.3464303,-0.33947185,0.9999999,0.0,0.0,0.0,0.0,0.0,0.0
6.3296895,0.14996724,27.06002,73.55218,26.158327,6.7185326,0.00085422455,7.412131,24.644213,297.7438,6.332205,0.028976487,0.2453659,253.09865,1.8894917,2.2312372,0.5799641,1.2912323,1.7233112,1.6055666,0.47668403,0.0,0.0,0.0,1.0,0.0,0.0,0.00022795796
3290.1572,1.6538651,1.3643562,94.10221,8.928004,0.9688123,0.52072376,0.1464074,11.712456,292.89047,5.9656873,73.58555,159.93736,172.2003,1.5,1.8200197,0.41000184,1.1900002,1.1969105,10.429401,-0.55,0.0,0.0,0.0,0.0,0.0,0.0,1.0
177.43005,0.19514938,5.0181427,61.17562,28.532078,2.5397944,3.8434296,0.500166,29.626024,297.6776,6.363576,6.951683,13.910322,253.15598,1.8838271,2.2277915,0.579619,1.2859504,1.7210612,1.6011056,0.47575933,0.0,0.0,0.0,1.0,0.0,0.0,0.000497669
248.87543,0.15759939,1.02,67.88574,22.000032,2.4653032,0.67026097,6.8318977,14.868044,297.65567,9.323013,0.02704723,0.24432419,266.12173,2.1100132,2.6497843,0.6553602,1.4259979,1.873219,1.987468,0.23133674,0.0,1.0,0.0,0.0,0.0,0.0,0.00011458993
19.300951,0.012753222,2.7403042,85.57303,12.432997,3.0896425,1.4378192,0.066236064,36.56415,297.89117,4.0573454,133.41385,95.75059,253.11357,1.8866057,2.230875,0.58017236,1.2879843,1.7212532,1.60368,0.47038966,0.0,0.0,0.0,1.0,0.0,0.0,2.1547079e-05
182.50475,0.09636562,3.1181362,32.780586,2.2210395,1.0423176,0.41415256,1.6520174,20.208107,285.6263,4.795293,5.4743733,7.9256043,248.52504,2.0753908,2.5549462,0.65051645,1.366432,1.7199398,6.4614644,-0.3386293,1.0,0.0,0.0,0.0,0.0,0.0,0.0
39.967728,0.038700975,9.166509,21.05873,4.096641,1.5267346,0.2720692,1.7170581,93.66157,297.43042,5.2284813,0.28919384,0.33383816,248.06575,2.073708,2.5445206,0.6458889,1.3641112,1.7188737,6.4180827,-0.32454583,1.0,0.0,0.0,0.0,0.0,0.0,0.0
38.084343,0.02459763,3.469792,83.55137,13.337635,2.606408,1.4091156,0.12511799,45.683796,297.55765,4.0356345,187.54439,100.956985,252.90811,1.8865827,2.2303314,0.579689,1.2889148,1.7207843,1.6028942,0.47670645,0.0,0.0,0.0,1.0,0.0,0.0,5.1766634e-05
349.44965,0.4714299,4.9185753,45.448967,12.465735,0.91887116,0.6646455,1.2525525,109.39544,295.68027,4.673001,110.49463,146.91756,253.00314,1.8832586,2.2285879,0.579464,1.2867721,1.7210815,1.6023895,0.48118743,0.0,0.0,0.0,1.0,0.0,0.0,0.00041007996
34.69391,0.12601669,21.59246,57.42287,39.328075,7.0752177,0.9176476,7.512587,3.578476,297.10733,6.426406,16.33598,24.93756,253.10046,1.889,2.231177,0.58046037,1.2936333,1.7281775,1.6113815,0.48036277,0.0,0.0,0.0,1.0,0.0,0.0,6.610155e-05
475.1708,0.19477262,4.398871,89.75989,4.246482,1.1387317,1.2012155,0.22676225,21.440685,298.05707,5.936696,67.70843,115.17633,249.04854,2.0738122,2.5454257,0.6468823,1.3670335,1.7183903,6.426764,-0.32650962,1.0,0.0,0.0,0.0,0.0,0.0,0.0
72.23319,0.6759759,5.914111,79.73036,12.442691,2.7054074,0.7616924,19.999994,20.134874,297.8399,6.357113,0.04939445,0.86770564,250.67145,1.9425316,2.2291873,0.58145374,1.3608493,1.7305123,3.1423118,0.4898502,0.0001553595,1.847744e-06,2.0861626e-07,0.9365667,0.09892225,1.0430813e-06,0.002640009
149.38939,0.08293198,7.6113906,67.988594,11.72668,2.845935,3.9183178,2.3630831,2.7470353,298.16797,8.276961,3.4685187,7.3280096,249.57211,2.0724335,2.5427296,0.64861614,1.3680409,1.721982,6.3505483,-0.32354316,1.0,0.0,0.0,0.0,0.0,0.0,0.0
66.14906,0.04661466,1.02,33.475586,44.83089,2.616283,2.513555,6.2169952,10.330826,298.22534,7.745187,0.02545738,0.23111092,265.53992,2.1091497,2.6498249,0.6561554,1.4159894,1.8866423,1.897535,0.20708658,0.0,1.0,0.0,0.0,0.0,0.0,0.0009562969
1251.901,0.6929069,4.403986,68.734055,12.289339,2.3388379,1.2252028,0.04830403,11.685983,297.94684,4.4299536,88.542465,140.61537,249.45714,2.0797305,2.5509446,0.65030104,1.3689462,1.7207963,6.424915,-0.33993015,1.0,0.0,0.0,0.0,0.0,0.0,3.874302e-07
49.07195,0.220583,36.87273,75.48964,22.432228,6.456024,0.09270996,7.2724953,35.5017,297.74716,6.4611835,0.03351381,0.2853895,253.07217,1.8897657,2.2320347,0.5807415,1.2916284,1.724256,1.6043695,0.47997975,0.0,0.0,0.0,1.0,0.0,0.0,0.0006595254
299.23242,0.1526692,3.1838548,45.63643,4.2007475,1.2862746,0.2037665,1.5454528,32.749393,291.86362,4.6563625,6.6274076,46.55162,254.54056,2.0834112,2.4637082,0.6608489,1.3954991,1.6829495,2.4135914,0.639313,0.0002529323,0.0010627806,6.735325e-06,0.00034594536,7.2419643e-06,0.99993426,0.0065324605
15.994043,0.050245736,2.629213,73.1365,3.180606,0.95525634,1.3745131,19.963438,68.968544,296.85083,5.797335,0.29476726,3.7324276,247.47644,2.0369186,2.2304952,0.5882277,1.4777642,1.7607185,8.435181,0.51482344,0.0,0.0,0.0,0.0,0.9999813,0.0,0.00023502111
1619.6077,1.0382704,2.127236,82.814964,12.098151,0.6177862,0.9393317,0.02419585,134.47816,297.3973,5.4157233,512.1729,503.13275,253.00583,1.8847582,2.227295,0.5799915,1.2862664,1.7192436,1.6023177,0.48343033,0.0,0.0,0.0,1.0,0.0,0.0,2.3931265e-05
650.92053,0.18449087,1.3037602,94.13838,1.2431985,0.7859062,0.52552736,0.09979435,10.89483,298.6217,5.03286,102.71906,158.27408,248.93727,2.0738134,2.5433607,0.6480936,1.3659278,1.7168226,6.5025306,-0.337791,0.99999976,0.0,0.0,0.0,0.0,0.0,0.0
573.1872,0.092036754,3.1426227,84.6001,8.764986,2.0506945,3.8682368,0.94211555,39.54563,297.66818,5.1493974,40.103966,37.10236,278.30234,2.1298258,2.5267017,0.58942574,1.5299594,2.0038488,2.7195215,0.7598319,0.0,0.0,1.0,0.0,0.0,2.2649765e-06,0.00017952919
1.9077929,0.01267689,9.580488,47.855007,48.473957,2.9052842,2.6617277,0.8377401,20.404373,298.35062,5.001455,7.84793,23.60956,278.32648,2.1299849,2.5301883,0.58975834,1.5299981,2.0042498,2.7093987,0.7599883,0.0,0.0,1.0,0.0,0.0,0.0,0.0
21.979116,0.6881929,3.159939,65.16889,3.2166665,1.6701317,1.9030683,20.0,10.516316,296.893,7.574185,0.076028906,19.037968,247.18034,2.0394576,2.2296743,0.5887687,1.4769444,1.7583029,8.340923,0.52019393,0.0,0.0,0.0,0.0,0.9999958,0.0,4.681945e-05
33.285202,0.008174668,7.3713055,69.62443,22.60128,4.394994,5.209863,1.0171713,17.481966,297.96704,5.1102586,2.4317043,17.227987,278.33,2.1299999,2.5349689,0.59133714,1.53,2.0042999,2.6178896,0.76000005,0.0,0.0,1.0,0.0,0.0,0.0,0.0
8.851457,0.0019583465,16.473845,50.441463,46.44009,1.3125665,2.3063993,0.8649751,15.015988,298.45618,4.9668016,0.91786337,11.612529,278.33,2.1299999,2.5305142,0.5905275,1.53,2.0042999,2.7454581,0.76000005,0.0,0.0,1.0,0.0,0.0,0.0,0.0
405.52863,0.21038441,1.6914568,37.457172,57.59242,2.158214,2.9391685,0.009291712,11.835357,283.5001,8.499833,142.09833,211.65631,252.93698,1.8862569,2.2346509,0.5809787,1.28941,1.7252812,1.6126883,0.4779069,0.0,0.0,0.0,1.0,0.0,0.0,3.4332275e-05
47.97929,0.07232996,1.0611483,48.88104,38.31498,2.816058,2.6362796,4.4420295,21.102268,297.44742,7.416381,0.6436053,2.7416513,258.48126,2.05085,2.6033666,0.62899,1.3995597,1.8000816,1.9017769,0.29314604,5.364418e-06,0.9922781,3.8057566e-05,0.011239082,0.00017389655,0.00043272972,0.0015459061
3.3309112,0.14896946,2.4566581,64.40383,2.2735653,0.8558508,2.4107292,20.0,35.391315,295.91757,7.019009,0.02499293,0.22190002,252.62082,1.8838605,2.2158384,0.5774628,1.2864183,1.7220731,1.6045213,0.47492686,0.0,0.0,0.0,1.0,0.0,0.0,5.2899122e-05
0.5312595,0.03180651,16.24861,54.704212,42.097042,7.2408237,0.0,7.3899603,13.47049,297.48047,6.4614277,0.025135837,0.22314276,253.06357,1.889324,2.2316422,0.57995915,1.291729,1.7254347,1.6065894,0.4775036,0.0,0.0,0.0,1.0,0.0,0.0,7.838011e-06
34.91567,0.120757185,14.369963,52.777077,42.950924,2.79524,0.9382286,1.458375,6.5375834,297.25208,5.2869987,19.615232,18.715002,252.99261,1.8930718,2.2332246,0.58179283,1.2965742,1.7293447,1.6054242,0.47557753,0.0,0.0,0.0,1.0,0.0,0.0,2.115965e-06
36.947433,0.1706114,32.86681,74.82421,24.38668,6.7015085,0.049930852,7.6133714,23.320272,297.84454,6.4122796,0.10779017,0.5058666,252.94748,1.8879566,2.2316494,0.57997906,1.2905519,1.723352,1.6073132,0.47764772,0.0,0.0,0.0,1.0,0.0,0.0,0.00096324086
17.946035,0.5665344,13.164171,69.981445,26.657896,7.0926695,0.17162685,7.4466624,191.11285,298.25626,6.402155,0.05344946,0.5111848,252.65741,1.8893646,2.2291594,0.57867265,1.287353,1.7269608,1.6061324,0.47499496,0.0,0.0,0.0,1.0,0.0,0.0,0.0007943511
143.65663,0.16743757,4.610953,72.05884,20.574036,1.770337,1.8194096,0.48265165,28.798304,297.78433,4.856452,93.56835,86.69304,253.16585,1.8884914,2.232957,0.5800797,1.2900323,1.7245698,1.6085225,0.4760554,0.0,0.0,0.0,1.0,0.0,0.0,5.0842762e-05
33.05634,0.09913281,11.943447,44.03831,45.35023,1.2036049,1.3775766,0.55332756,4.0422134,297.1878,4.964543,12.250726,12.406513,253.19798,1.8914407,2.2335157,0.5811562,1.2939548,1.7287526,1.6089762,0.47844082,1.4901161e-07,0.0,0.0,1.0,0.0,0.0,5.662441e-07
536.9926,0.044862147,1.809231,84.31957,9.609326,1.9943793,3.699055,1.1936741,13.302414,298.33606,5.14087,5.178143,17.096092,278.32953,2.1299968,2.5334742,0.5900291,1.5299999,2.004292,2.669294,0.7599987,0.0,0.0,1.0,0.0,0.0,0.0,1.937151e-06
104.33201,0.146535,3.2329648,38.744526,48.459038,1.9337718,2.5478709,0.083208844,0.40039575,297.09918,6.9968266,20.100618,40.835884,252.87825,1.8847486,2.2251751,0.57939166,1.2898151,1.7288575,1.6042656,0.4902388,0.0,0.0,0.0,1.0,0.0,0.0,8.255243e-06
600.4853,0.24296486,1.6115427,93.64988,1.5299834,0.9375372,0.726013,0.18710527,16.67683,298.3909,5.0706434,151.12492,195.83557,248.99393,2.0738506,2.5415676,0.6480758,1.3671278,1.7198849,6.424061,-0.3321998,1.0,0.0,0.0,0.0,0.0,0.0,0.0
41.189793,0.07350678,10.475307,63.834797,34.43487,2.6148863,3.1264791,1.3474331,40.123535,297.96033,6.657587,12.675609,13.638929,252.97293,1.8872935,2.2303593,0.5799547,1.2881733,1.7215762,1.6024668,0.4756898,0.0,0.0,0.0,1.0,0.0,0.0,0.0005801916
22.889702,0.0025032323,4.9720163,69.46151,23.069761,1.4860619,5.074887,0.8850526,20.990583,298.3659,5.1832995,0.9166844,15.991094,278.33,2.1299999,2.539022,0.5911247,1.53,2.0042999,2.6200976,0.76000005,0.0,0.0,1.0,0.0,0.0,0.0,0.0
72.08055,0.061055224,4.3931546,18.652124,24.091688,1.4961971,4.465756,0.2299367,60.599987,303.05594,5.0182614,14.753364,29.166775,253.17192,1.8855159,2.2289777,0.5796491,1.2880754,1.7243761,1.6062721,0.4820301,0.0,0.0,0.0,1.0,0.0,0.0,3.1024218e-05
98.71403,0.14750537,6.0206203,61.264805,11.613945,1.7429435,1.33909,0.95411515,83.00895,298.0571,5.0820045,25.573168,81.20299,249.6878,2.0114331,2.2414014,0.58949447,1.4591911,1.7552953,8.534165,0.5080381,0.003099203,0.00025770068,7.161498e-05,0.013389111,0.99840736,0.00016376376,0.0004042983
177.0386,0.18222971,8.606919,57.719616,21.54799,1.8413695,2.9064293,1.0295248,22.642773,297.45477,5.325765,0.13285264,1.0431699,253.05756,1.8852912,2.2273307,0.5790259,1.2858943,1.7239077,1.600403,0.47876328,0.0,0.0,0.0,1.0,0.0,0.0,6.377697e-06
25.538637,0.5498134,52.687767,74.93686,21.646204,6.546531,1.7994119,7.321074,9.43657,297.95502,6.7283697,0.3846027,3.1035452,253.42073,1.8873575,2.2330203,0.58066034,1.2874364,1.7286729,1.6079208,0.48390365,0.0,0.0,0.0,1.0,0.0,0.0,0.004096836
292.34335,0.15495811,2.5249493,47.32493,1.658036,1.4603813,0.19352962,0.814251,29.988304,292.6591,4.4026575,9.63101,7.373224,249.75246,2.0746527,2.5489948,0.64951116,1.368299,1.7193898,6.437972,-0.33896273,1.0,0.0,0.0,0.0,0.0,0.0,0.0
80.54273,0.06792041,4.299791,18.851383,22.938232,1.4486967,4.5245576,0.18961838,97.46239,302.99396,5.1464686,17.440943,27.08275,253.26903,1.8837936,2.2279737,0.5800161,1.2893221,1.7243679,1.6018171,0.49296385,0.0,0.0,0.0,1.0,0.0,0.0,3.3974648e-06
221.31065,0.6004385,5.684774,91.247665,5.0430603,2.116692,0.29241604,0.26864755,110.83148,297.49832,6.878955,12.610014,12.784051,247.52034,2.0674126,2.5379946,0.6455194,1.3658164,1.7155573,6.5004463,-0.3286294,1.0,0.0,0.0,0.0,0.0,0.0,0.0
138.23605,0.08842469,3.5923386,79.92821,12.1299305,2.0636117,2.432648,0.10161038,42.050407,296.99704,3.7225916,219.95987,169.24573,252.8543,1.8851025,2.2294254,0.5795197,1.2877092,1.721028,1.6024524,0.47049472,0.0,0.0,0.0,1.0,0.0,0.0,4.863739e-05
79.07557,0.14350222,5.6742773,13.802046,9.136925,0.62020177,0.69716275,0.7943456,61.26333,312.15564,7.143082,11.175022,97.90025,253.62822,1.88913,2.238776,0.5810786,1.2954487,1.722172,1.6107931,0.46278203,2.9802322e-07,0.0,0.0,1.0,0.0,0.0,1.3977289e-05
31.171839,0.04627813,3.1709228,10.590373,28.836365,1.0819731,0.15952049,0.16733755,75.49512,303.9468,5.144906,7.9042716,19.22277,253.25082,1.8837323,2.233905,0.5810969,1.2901983,1.7246385,1.602645,0.48134658,0.0,0.0,0.0,1.0,0.0,0.0,0.0
10.764375,0.6290605,1.022489,77.77834,19.31736,2.9242716,0.32031363,10.427069,32.111835,298.04596,6.209115,0.027851086,0.30081412,263.9887,2.0960197,2.6416094,0.65161747,1.4250113,1.8547866,2.2157881,0.17972827,2.0861626e-06,0.99999934,2.3841858e-07,3.2782555e-07,1.7881393e-07,4.041195e-05,0.0005258918
458.37308,0.4453131,2.7956254,81.789925,12.336396,1.4556444,1.7158577,0.04854414,46.321487,298.1504,4.291252,203.67383,256.30566,253.29097,1.885808,2.2274673,0.57922906,1.2882146,1.7217124,1.6065563,0.4813553,0.0,0.0,0.0,1.0,0.0,0.0,0.00010329485
469.04565,0.18275604,2.6974509,93.33784,2.2384238,1.14354,1.1802145,0.15879843,31.961996,297.96176,5.3209286,47.094734,98.13416,248.40715,2.0718682,2.5426686,0.64741075,1.365556,1.7181927,6.495128,-0.33295748,1.0,0.0,0.0,0.0,0.0,0.0,0.0
0.56728905,0.0013216257,6.879962,71.60864,25.368196,3.201501,4.433821,0.78397083,12.671757,297.9319,4.8837743,0.04826905,1.3526493,278.33,2.1299999,2.5378106,0.5910604,1.53,2.0042999,2.8048313,0.76000005,0.0,0.0,1.0,0.0,0.0,0.0,0.0
0.65284663,0.01592779,7.047622,65.08218,43.54524,6.625226,0.10702255,5.732229,0.17180474,295.8643,5.8679905,0.03181678,0.24841793,253.68118,1.8806932,2.2223222,0.5793175,1.3040593,1.7496297,1.6000351,0.52841336,0.0,0.0,0.0,1.0,0.0,0.0,0.0
894.0246,0.51760054,2.5912158,64.3194,20.223122,1.5189965,0.8100482,0.54031575,44.52978,298.30707,4.843844,266.56262,312.0546,278.32858,2.129994,2.5339513,0.59044725,1.5299991,2.0042799,2.6568074,0.7599941,0.0,0.0,1.0,0.0,0.0,0.0,5.364418e-07
0.592459,0.011764863,14.606189,58.283356,41.29346,7.143873,0.002451892,6.904646,3.0694203,296.81683,6.4851303,0.025243018,0.22354482,252.9011,1.8879751,2.235274,0.58061916,1.294828,1.7341329,1.6005287,0.48448172,0.0,0.0,0.0,1.0,0.0,0.0,0.0
3.9451396,0.23079671,12.222785,64.19288,24.08944,5.284615,0.15227795,7.641516,3.3373933,297.008,6.735426,1.308252,11.008428,253.10204,1.8885974,2.2290149,0.57969785,1.2923441,1.7291385,1.610257,0.48152253,0.0,0.0,0.0,1.0,0.0,0.0,3.9041042e-05
3.4477284,0.9608184,2.1751432,91.89689,11.95945,1.3457005,0.10861934,20.0,10.150067,297.1311,6.31985,0.026654234,0.5385434,244.75974,2.0429423,2.2172363,0.5865074,1.4758282,1.7625465,8.245849,0.5093744,0.0,0.0,0.0,0.0,1.0,0.0,0.0
0.5807875,0.05072693,16.772478,58.495064,38.702858,7.1214256,0.0,7.2669363,17.10661,297.68347,6.431863,0.025296608,0.22420274,253.23854,1.8897308,2.2311404,0.58015025,1.2914664,1.7245013,1.6091545,0.4780885,0.0,0.0,0.0,1.0,0.0,0.0,2.0563602e-05
59.131004,0.1909907,6.5512094,21.258217,15.880664,2.058304,0.0687282,2.8856425,17.771322,307.67596,6.456124,13.34824,95.46011,253.1426,1.8818151,2.2284396,0.57906634,1.2879053,1.7252957,1.6042373,0.4822213,0.0,0.0,0.0,1.0,0.0,0.0,8.7469816e-05
444.87823,0.4149436,2.066876,93.47669,1.4333645,1.1624975,1.2762755,0.22910139,8.761357,298.04245,5.064478,29.974087,42.59879,249.09079,2.0755157,2.5435076,0.6486799,1.3673997,1.7207625,6.4469566,-0.3365313,0.99999696,0.0,0.0,0.0,0.0,0.0,2.682209e-07
3.9379337,0.06547938,7.6379094,61.341087,18.358799,4.9614334,2.2285535,1.5477676,54.617287,298.00766,4.736367,5.867763,10.788042,249.37047,2.0411282,2.2312884,0.58891356,1.4795042,1.7614177,8.439263,0.52624106,2.0861626e-07,0.0,0.0,1.6987324e-06,0.9997324,0.0,0.00013938546
1.4120054,0.51497257,1.02,78.18064,17.771002,2.4735124,0.3384513,10.548358,41.44163,297.876,6.1587048,0.025171565,0.23507673,265.86856,2.105962,2.6494906,0.6553103,1.4184996,1.8781747,2.0435257,0.20237088,0.0,1.0,0.0,0.0,0.0,0.0,3.9488077e-05
215.56987,0.18306191,9.898173,73.92662,21.712152,2.704174,2.104163,2.2504387,16.400908,298.50174,4.6496267,60.8857,108.10412,252.60515,1.9453554,2.3571444,0.5839438,1.3325144,1.7106252,2.2744887,0.42423636,0.0048620403,0.00048571825,0.26114026,0.7618451,0.0011896789,0.102752835,0.012142539
9.007754,0.11294743,11.4374275,55.56269,43.405197,2.944379,0.4892876,1.7962416,0.93735456,296.94342,5.90269,0.70225114,1.9482335,252.53688,1.8901376,2.2343524,0.58070433,1.2951361,1.733074,1.6015068,0.47428498,0.0,0.0,0.0,1.0,0.0,0.0,1.4901161e-07
204.46718,0.17228091,2.0744343,52.16688,20.262743,2.9089673,0.4355608,0.63130635,11.547884,298.4932,8.34171,28.659657,39.804024,276.3505,2.1213682,2.520863,0.5944636,1.519896,1.9776238,3.2459064,0.6957993,0.00029695034,0.0,0.99994636,0.0003875494,0.0,2.682209e-06,2.682209e-07
10.977101,0.124619424,3.0434055,67.224785,4.5420737,2.270951,1.8435467,20.0,18.729322,295.3896,7.568389,0.060148265,10.265799,246.60173,2.035044,2.2273748,0.58558595,1.475983,1.7609023,8.295999,0.5151034,0.0,0.0,0.0,0.0,0.99999964,0.0,2.4199486e-05
171.27966,0.5015301,5.4050856,71.541626,32.222862,3.0307255,0.91251606,0.21517557,16.262226,298.56665,3.9280117,285.80963,470.84082,255.2541,2.1107316,2.506333,0.6799355,1.3971562,1.6801791,2.1817682,0.7271827,0.0,0.0,0.0,0.0,0.0,1.0,2.208352e-05
409.48367,0.16881666,4.159471,36.24832,56.69061,2.1554613,2.9321277,0.022288669,4.931487,296.2968,4.7194676,205.77333,236.79904,253.02417,1.8889595,2.2291398,0.5817578,1.2921224,1.7332981,1.6087326,0.48240924,7.1525574e-07,0.0,0.0,1.0,0.0,0.0,1.5497208e-06
353.0659,0.23912983,6.6238394,69.58156,22.541683,2.7969723,1.3322062,0.50246227,78.73129,297.8506,5.3653874,59.954655,66.46682,253.03926,1.8851887,2.2293224,0.5805824,1.2874273,1.7226924,1.6067274,0.47382337,0.0,0.0,0.0,1.0,0.0,0.0,0.00044491887
151.29471,0.024317682,1.0241864,79.553215,19.956388,3.735233,0.9124637,0.5690021,24.097015,302.42267,5.002635,0.41472054,1.3720214,172.20001,1.5,1.82,0.41000003,1.19,1.1969002,10.429991,-0.55,0.0,0.0,0.0,0.0,0.0,0.0,1.0
806.62427,0.40568662,1.0966792,94.01233,1.2359165,0.9385314,0.58826774,0.07145356,18.856491,299.13824,5.0378795,200.40378,237.08543,249.05423,2.0713785,2.541678,0.647915,1.3597342,1.7237413,6.500888,-0.33000207,0.9998979,0.0,4.1395426e-05,3.0100346e-06,0.0,3.4809113e-05,4.7683716e-07
877.8802,0.6800566,3.5056503,86.98773,6.602401,1.2054583,1.02057,0.026197765,20.969355,298.14737,4.67542,247.74892,246.85515,249.41013,2.0771132,2.5500336,0.6499246,1.3687373,1.7222456,6.4476113,-0.33353955,1.0,0.0,0.0,0.0,0.0,0.0,0.0
67.29876,0.04770616,4.414467,12.365029,2.6207936,0.78631806,0.17721795,0.80961263,31.717302,294.01562,5.359784,0.77406234,1.4977943,247.92924,2.072159,2.5452297,0.6474512,1.3644068,1.7167294,6.398624,-0.33027628,1.0,0.0,0.0,0.0,0.0,0.0,0.0
54.90377,0.043591324,6.5421667,66.83272,14.991977,3.650187,1.691744,0.52561,56.638264,297.927,4.303522,1.2794918,3.6206357,248.80711,2.0388904,2.225363,0.5885571,1.479088,1.7637695,8.407826,0.5239945,0.0,0.0,0.0,0.0,0.9999144,0.0,0.00019147992
18.92127,0.2819014,1.02,79.39851,17.055508,2.1879451,0.28670356,11.312789,50.365173,297.62094,5.7221475,0.025117975,0.22312447,265.51376,2.10624,2.6499398,0.6561935,1.4162983,1.8743416,1.989808,0.17857637,0.0,1.0,0.0,0.0,0.0,0.0,0.0
5.485075,0.1829328,3.0831609,90.023415,10.3307705,1.3366183,0.42412794,20.0,48.764923,297.414,5.632955,0.02499293,0.22208276,252.94449,1.8920462,2.2237353,0.57839835,1.2894067,1.7269144,1.634997,0.47636354,0.0,0.0,0.0,1.0,0.0,0.0,0.00041246414
3124.7905,1.6151966,1.6589857,93.24611,8.930135,1.197221,0.6700979,0.06927588,9.639713,293.02625,5.7614784,159.12285,239.99338,172.30328,1.5001686,1.8224952,0.41050833,1.1900868,1.1984483,10.396964,-0.5499203,0.0,0.0,0.0,0.0,0.0,0.0,1.0
1018.7572,0.4680701,6.658388,71.50994,11.0274105,0.9108383,2.4341564,0.031213872,68.63182,293.66068,3.4054673,289.93057,240.87466,253.05815,1.8822672,2.229328,0.5793523,1.2861389,1.7206819,1.6007874,0.47280645,0.0,0.0,0.0,1.0,0.0,0.0,5.158782e-05
18.429338,0.4223882,1.02,78.346565,18.031363,2.3808389,0.29969648,11.049079,61.162037,297.6649,6.103328,0.02499293,0.22190002,265.46494,2.106532,2.6499698,0.6577846,1.4175214,1.8758435,1.9657558,0.18249878,0.0,1.0,0.0,0.0,0.0,0.0,0.0
1325.9996,0.5617827,1.9463844,62.136555,8.959858,3.495558,0.16044407,0.12225572,35.066544,297.692,5.191291,55.8196,97.5946,248.82344,2.073298,2.5424008,0.6480229,1.3675698,1.7195034,6.4288597,-0.33151218,1.0,0.0,0.0,0.0,0.0,0.0,0.0
189.86484,0.0040566213,3.514122,80.30049,15.40683,0.99967116,4.0367928,0.94720495,15.733216,298.28702,5.0847692,0.70993245,15.837944,278.33,2.1299999,2.5370164,0.5914518,1.53,2.0042999,2.6411183,0.76000005,0.0,0.0,1.0,0.0,0.0,0.0,0.0
93.4257,0.16573319,2.8349698,15.033769,11.26776,0.76631844,0.41844544,1.0744046,9.926495,300.80933,6.964814,7.6311564,119.22864,252.75403,1.8818319,2.233764,0.5804403,1.2883192,1.7250092,1.6004269,0.47731775,0.0,0.0,0.0,1.0,0.0,0.0,1.9967556e-06
81.617836,0.0761413,3.8486896,22.146898,21.754309,1.466466,3.9440854,0.20940755,49.404186,303.47342,5.242495,8.698357,36.80445,253.28621,1.8796426,2.2292557,0.5792472,1.2862093,1.7224382,1.6008772,0.48376325,0.0,0.0,0.0,1.0,0.0,0.0,3.784895e-06
1320.9242,0.6886982,1.9787793,58.41372,11.294986,2.7713842,0.76173913,0.24419738,3.826305,298.0047,6.3392453,36.1727,103.909065,249.92064,2.080774,2.5510216,0.6499381,1.3695351,1.7241124,6.3632894,-0.33659574,1.0,0.0,0.0,0.0,0.0,0.0,0.0
75.57095,0.15745507,2.7784765,14.626461,8.468947,0.67339635,0.7318853,0.93054676,41.046326,297.6758,6.9081445,8.7306,127.92266,253.08237,1.8857436,2.2290745,0.5810227,1.285755,1.720469,1.602856,0.4627774,0.0,0.0,0.0,1.0,0.0,0.0,0.00056502223
11.880378,0.253223,5.730428,65.56388,6.6104994,1.6749547,1.9282085,20.0,17.614855,296.73462,7.0854263,0.02499293,0.22613995,252.56981,1.8862292,2.2222116,0.5784655,1.2871028,1.7209808,1.6075418,0.47896382,0.0,0.0,0.0,1.0,0.0,0.0,0.0018287897
1369.2795,0.7060688,3.948531,60.307457,10.368651,3.2452726,0.6668517,0.06419185,7.947129,297.8289,4.267739,83.87559,103.60603,249.53972,2.0773602,2.5467308,0.6493601,1.3688855,1.720437,6.4327097,-0.3359774,1.0,0.0,0.0,0.0,0.0,0.0,5.9604645e-08
97.11919,0.1300237,2.9423997,22.247612,3.7075727,0.8139328,0.18192956,1.2350625,39.991978,289.48032,5.3913655,4.132683,15.330722,255.15381,2.104107,2.4952912,0.6775073,1.3983142,1.6837608,2.2665184,0.70721406,0.0,5.2452087e-06,0.0,0.0,0.0,1.0,0.00065362453
56.51759,0.0060821204,4.741773,67.99167,22.435017,3.4274385,5.4061456,1.1427683,9.555144,298.2304,5.117396,0.7470527,11.001081,278.33,2.1299999,2.53392,0.59120226,1.53,2.0042999,2.6883302,0.76000005,0.0,0.0,1.0,0.0,0.0,0.0,0.0
3367.7805,1.6194571,1.0645354,87.93848,11.115006,1.4105861,0.46966895,0.13789806,19.49144,294.4811,5.478647,71.33564,163.0955,172.20001,1.5,1.82,0.41000003,1.19,1.1969,10.4299965,-0.55,0.0,0.0,0.0,0.0,0.0,0.0,1.0
20.518143,1.6205707,206.0225,39.507607,39.006966,1.7512449,4.2661996,0.40636915,102.82218,298.4422,3.693297,42.18949,59.146137,247.16533,2.0285578,2.218881,0.5864672,1.4786396,1.7796072,8.621153,0.54717326,0.0,0.0,0.0,0.0,0.99999905,0.0,2.3841858e-07
72.85645,0.036026314,11.704359,74.595146,13.681358,2.4244404,0.98686504,0.5263214,23.967451,297.76144,3.969813,0.43790734,0.81053954,248.85431,2.0351934,2.2216027,0.58718705,1.4797993,1.7596625,8.586284,0.5268837,0.0,0.0,0.0,0.0,0.999977,0.0,5.2064657e-05
120.87578,0.06772331,4.095123,20.960075,2.7269127,0.786621,0.24619357,0.96858495,41.587883,311.2978,6.4152527,1.9011946,3.2550318,248.28691,2.0743074,2.5450635,0.6480182,1.3662568,1.7215668,6.3449836,-0.32572305,1.0,0.0,0.0,0.0,0.0,0.0,0.0
1.8231487,0.057261363,17.152023,56.47613,39.96359,7.1331663,0.00043901324,7.203148,10.4086,297.70367,6.36574,0.03613974,0.28979394,253.22055,1.8889472,2.2315962,0.5799638,1.2918352,1.7265396,1.6070623,0.4799402,0.0,0.0,0.0,1.0,0.0,0.0,3.901124e-05
124.16868,0.093579926,2.4725816,20.233746,14.674145,0.8989957,1.0745933,0.85376316,17.062246,301.1839,5.2426353,27.139242,72.57357,253.19948,1.8794737,2.2299032,0.57828516,1.2880511,1.7189267,1.6024622,0.48435587,0.0,0.0,0.0,1.0,0.0,0.0,0.00079119205
544.2922,0.27893054,2.6578555,82.62799,15.543858,2.6854386,0.9355913,0.20014928,51.615677,297.72784,4.8303356,64.48378,68.38896,253.20448,1.8828822,2.2311277,0.5797852,1.2880753,1.7180932,1.6084855,0.47237983,0.0,0.0,0.0,1.0,0.0,0.0,0.00012302399
164.66188,0.24085833,3.3991108,47.061066,10.121674,1.7016284,0.44949844,0.41850993,21.167635,297.4416,4.1199436,37.178715,120.112686,255.35611,2.1056988,2.496127,0.678383,1.3977512,1.6810377,2.2269855,0.71890485,0.0,1.4901161e-07,0.0,0.0,0.0,1.0,0.0006390214
6.0317097,0.9975003,2.03031,86.77687,12.9631,2.7663357,0.22853607,20.0,20.722515,296.46146,5.5909295,0.030423429,2.4120321,247.6648,2.0426364,2.2176628,0.58661115,1.478419,1.7609653,8.318959,0.5264048,0.0,0.0,0.0,0.0,0.9999982,0.0,3.5762787e-07
24.837227,0.14693062,1.0206622,36.312035,49.852795,2.4387279,2.7960703,4.8004274,34.705326,297.82498,7.294627,2.6295245,5.632324,257.89526,2.093192,2.6313958,0.6418032,1.4396429,1.8393524,3.2493923,0.3148974,0.0,0.9999016,5.9604645e-07,0.0,0.00052529573,0.00022608042,3.3557415e-05
0.58241135,0.00588433,6.2898197,45.221996,50.26666,5.4543805,2.6442714,0.81482834,14.731137,298.32733,4.916029,9.949069,15.903261,278.32965,2.129998,2.5333037,0.5887683,1.5299999,2.0042956,2.6768854,0.7599989,0.0,0.0,1.0,0.0,0.0,0.0,0.0
6.8264923,0.07104427,20.033155,58.743954,39.0159,7.05553,0.012750778,7.173632,8.516317,297.5348,6.3476,0.23229866,0.8437646,253.07329,1.8882458,2.231333,0.5796633,1.2911476,1.7254488,1.6108875,0.47810143,0.0,0.0,0.0,1.0,0.0,0.0,0.00014817715
13.088131,0.07484633,25.498777,62.325687,35.290844,6.8924265,0.4235094,7.0787296,12.200557,297.1571,6.588803,0.2901049,0.8970746,252.78218,1.8863484,2.2291212,0.57956654,1.2897907,1.7257313,1.6077273,0.48038843,0.0,0.0,0.0,1.0,0.0,0.0,0.000100940466
580.4185,0.18746242,4.4921207,62.11812,8.884821,2.384303,2.09552,1.4563147,84.8996,307.2951,5.3047132,41.751713,52.433044,248.68034,2.074032,2.5412953,0.6468702,1.3648772,1.71707,6.385604,-0.32846317,1.0,0.0,0.0,0.0,0.0,0.0,0.0
531.13184,0.1987336,2.8927264,89.10309,3.1032655,1.3798754,1.1831933,0.35828447,27.673561,298.00128,5.146942,99.90961,148.37962,249.49692,2.0761905,2.5466673,0.6483811,1.3674673,1.7221552,6.42238,-0.33387446,1.0,0.0,0.0,0.0,0.0,0.0,0.0
46.20034,0.11093333,10.36669,63.414932,13.541257,2.0290184,1.8842897,0.4746124,123.8476,297.36615,5.1965675,7.1140623,20.196533,249.26761,2.0412855,2.227326,0.5910448,1.4809644,1.7667856,8.425549,0.5322691,1.7106533e-05,1.847744e-06,1.7881393e-07,2.4914742e-05,0.9999003,5.066395e-07,0.00011855364
64.75802,0.085301764,3.3468113,12.268143,24.234253,1.1898257,0.85476583,0.20654947,69.19869,306.1602,5.367846,10.017843,39.585175,253.23749,1.8820511,2.2300153,0.58061814,1.2878784,1.7253504,1.6024343,0.48477435,0.0,0.0,0.0,1.0,0.0,0.0,2.682209e-06
851.3969,0.6275246,1.950449,74.880226,16.197966,1.3162721,1.2356786,1.0029219,103.430916,298.98462,5.938607,315.3933,357.20938,252.98396,1.8880414,2.2302935,0.57929516,1.2910436,1.7235795,1.6198947,0.4806668,0.0,0.0,0.0,1.0,0.0,0.0,4.4345856e-05
43.065765,0.124831334,6.115522,15.326456,10.682685,0.5683169,0.6209222,0.87800366,3.4879,310.42065,6.89806,1.5517312,129.504,252.88824,1.8827722,2.2434049,0.58149344,1.2853707,1.7244124,1.6063305,0.4718708,0.0,0.0,0.0,1.0,0.0,0.0,2.5629997e-06
2.4411323,0.10206684,21.484734,67.90483,30.65798,6.6525073,0.00017337203,7.286653,22.544437,297.9062,6.4029536,0.03914081,0.28730845,253.46724,1.8887421,2.2303944,0.5802046,1.2913043,1.7247396,1.6100622,0.4765877,0.0,0.0,0.0,1.0,0.0,0.0,0.00013381243
9.697289,0.05821057,3.0828717,85.04916,11.693505,2.2924669,0.49182296,19.992525,40.209175,296.86142,5.366994,12.956405,15.041437,252.90013,1.8859212,2.2304785,0.5799983,1.2868149,1.7215893,1.6044816,0.4785963,0.0,0.0,0.0,1.0,0.0,0.0,0.0006481111
21.747614,0.8293068,4.1983128,81.7828,14.242518,2.9065502,0.5577569,20.0,12.359824,297.23746,6.371329,0.032835,1.8619726,248.1883,2.0415998,2.2253735,0.5889747,1.4782217,1.7577631,8.388651,0.5156378,6.914139e-06,0.0,0.0,5.364418e-07,0.99996567,0.0,2.1278858e-05
1185.1085,1.2905257,2.0266335,76.91734,18.971582,4.122439,0.26466328,0.07267973,286.49112,292.8696,5.9579844,245.3792,386.1978,252.75656,1.8817095,2.2304106,0.58024275,1.2890517,1.720048,1.6058365,0.4733074,0.0,0.0,0.0,1.0,0.0,0.0,6.28829e-06
68.460846,0.03102794,1.0201141,40.439804,39.339767,2.208859,2.5619497,1.9311385,35.99266,303.78766,6.1515555,6.2919135,8.544051,172.20001,1.5,1.82,0.41000003,1.19,1.1969,10.43,-0.55,0.0,0.0,0.0,0.0,0.0,0.0,1.0
64.728584,0.22042851,29.318686,73.96881,24.572943,6.673779,0.11843484,7.62377,15.863985,297.87704,6.3973722,2.4426904,6.2150607,252.97774,1.8896123,2.231119,0.5807084,1.2887423,1.7198083,1.6123341,0.4718435,0.0,0.0,0.0,1.0,0.0,0.0,0.001011461
781.33575,0.44474658,2.3449657,78.60881,17.377325,1.7067413,0.8518917,0.065818995,95.278915,297.2836,5.0385413,218.01578,233.31404,253.19498,1.88721,2.2310514,0.5800683,1.2880328,1.7212151,1.6068863,0.47427624,0.0,0.0,0.0,1.0,0.0,0.0,0.00015467405
594.0188,0.605894,5.6337457,87.45474,4.413719,1.3311236,1.1856354,0.1095382,19.749699,298.05075,5.409787,87.64886,114.16832,249.24785,2.0755372,2.5472262,0.6485739,1.3678983,1.7185066,6.434297,-0.34002554,1.0,0.0,0.0,0.0,0.0,0.0,0.0
483.4659,0.5334976,2.7172563,89.93995,2.4550965,1.8865819,1.1539434,0.32057875,21.188946,297.82956,4.851169,39.63841,47.289993,250.14134,2.0751812,2.5445254,0.6488015,1.3690695,1.7175359,6.4026017,-0.34187564,0.99989367,0.0,0.00013011694,2.3245811e-06,0.0,9.149313e-06,4.0739775e-05
170.67578,0.09604026,2.575186,47.056557,11.823527,1.6402049,0.8800276,0.9797998,21.692055,307.73148,6.1149426,8.936441,17.2482,249.3672,2.0767465,2.5434883,0.6489725,1.3668504,1.722495,6.2860403,-0.32500088,1.0,0.0,0.0,0.0,0.0,0.0,0.0
229.78116,0.1399851,1.8699793,79.75295,16.275011,1.7608272,1.4209266,0.035099138,53.095425,297.67957,4.2655478,180.11823,165.28415,253.43207,1.8900908,2.232607,0.5820546,1.2902629,1.7205415,1.6058031,0.47159576,0.0,0.0,0.0,1.0,0.0,0.0,2.6255846e-05
351.38226,0.29448795,9.398609,51.81598,14.969338,1.3710951,1.5424128,0.9909712,112.201584,296.08365,3.9745417,26.92913,35.174866,253.41077,1.8865706,2.2322316,0.57907146,1.2858275,1.7188604,1.6018808,0.47181427,0.0,0.0,0.0,1.0,0.0,0.0,0.00013101101
436.02753,0.41623124,22.325853,55.630775,14.830792,1.5073582,3.0216572,0.19298649,25.58916,297.66504,4.221033,2.1414406,7.214445,253.17564,1.886001,2.2296727,0.5798881,1.2874917,1.7249678,1.6016524,0.47552463,0.0,0.0,0.0,1.0,0.0,0.0,1.9669533e-05
2.5531793,0.14422095,3.7100825,34.857628,31.676218,0.68903285,2.6457741,0.012195085,12.346808,297.161,5.5345926,70.04597,78.84288,247.08757,2.038818,2.243228,0.5901382,1.4780773,1.7587969,8.420681,0.5172132,9.834766e-07,0.0,0.0,0.0,0.99998057,0.0,2.0861626e-07
326.69672,0.17875673,1.0913891,44.959427,35.257156,2.4794147,2.7863975,0.86257875,24.115955,300.7985,5.9448085,14.818565,24.657759,172.20023,1.5,1.820006,0.4100011,1.1900003,1.1969093,10.429837,-0.5499994,0.0,0.0,0.0,0.0,0.0,0.0,1.0
12.354142,0.58099735,3.845919,80.62026,12.570014,3.027254,0.85992175,20.0,17.980377,296.17056,6.9068995,0.064292595,11.5268345,245.56158,2.0371184,2.2224605,0.58502626,1.4739993,1.7541655,8.297553,0.5135554,0.0,0.0,0.0,0.0,1.0,0.0,3.33786e-06
390.86905,0.0690087,2.8086867,60.688095,3.8003829,1.203198,0.60449123,0.8562668,36.61598,286.71008,4.2477393,21.918854,17.416172,249.6293,2.0785642,2.5539913,0.6507761,1.3691723,1.7118702,6.5690312,-0.3688142,0.99993145,0.0,3.2186508e-06,1.603365e-05,0.0,1.5705824e-05,8.583069e-06
358.17337,0.29478088,9.150326,59.462906,11.662602,1.9156053,2.2097282,0.45932814,37.457405,297.59528,4.6942067,4.081486,10.741988,253.08006,1.8858768,2.228718,0.58037746,1.2886262,1.7230412,1.6022608,0.4753937,0.0,0.0,0.0,1.0,0.0,0.0,7.134676e-05
434.4671,0.41773948,25.14773,53.898647,14.755656,1.1679944,2.5530167,0.15812218,29.537462,296.50232,3.8430343,5.847184,14.274355,253.17857,1.8806213,2.2294102,0.5789149,1.2856368,1.7201729,1.6003577,0.47286096,0.0,0.0,0.0,1.0,0.0,0.0,4.6163797e-05
26.584816,0.072675675,5.778305,62.507767,15.266555,4.9343896,2.0734587,1.4958388,68.83884,297.70798,4.8975005,8.601876,18.892952,249.12312,2.0360892,2.2292879,0.5892961,1.4788041,1.7584457,8.394041,0.5339094,5.1259995e-06,8.046627e-07,1.4901161e-07,1.564622e-05,0.9997123,1.8179417e-06,0.0004464984
382.86865,0.15110244,3.623432,49.37767,1.5625103,1.3843879,0.1189144,1.3552877,85.58754,287.8306,5.3244996,7.993803,5.9498997,254.22868,2.111078,2.5121424,0.68,1.3927414,1.6677992,2.2195296,0.73188597,0.0,0.0,0.0,0.0,0.0,1.0,0.0
6.840701,0.7671843,3.365886,69.60876,8.012127,1.9428071,1.6233637,20.0,8.322556,296.81693,7.187228,0.025636015,0.9308114,247.35268,2.0416915,2.2290695,0.58696276,1.476547,1.7552845,8.339492,0.5094869,0.0,0.0,0.0,0.0,0.9999995,0.0,9.447336e-06
6.542112,0.104506485,8.301428,51.16331,41.519,0.6319327,0.86465216,0.22210482,3.9193838,296.77316,4.076343,0.15993369,0.44886494,252.98366,1.8900633,2.2320404,0.58082145,1.29528,1.7316712,1.600605,0.47926795,0.0,0.0,0.0,1.0,0.0,0.0,0.0
84.53562,0.121849075,7.908715,42.780033,50.927963,1.0831167,1.889362,0.5526841,26.634066,297.46674,5.056709,5.2204437,8.764584,253.18176,1.8876346,2.2311647,0.579846,1.2904139,1.7261366,1.6128805,0.48373452,0.0,0.0,0.0,1.0,0.0,0.0,1.6510487e-05
119.61708,1.046288,3.864537,46.375854,13.068281,0.7175181,0.037908822,3.531626,304.62863,298.48935,5.0514784,0.06481063,0.633467,253.08932,1.8866159,2.2324166,0.58083755,1.2890986,1.724014,1.6005708,0.47461095,0.0,0.0,0.0,1.0,0.0,0.0,4.4703484e-06
198.54715,0.26366588,9.550856,50.593662,16.24955,1.1082438,0.9206084,1.398016,44.710945,297.49176,4.3178473,2.8225572,5.8188453,253.18353,1.8877658,2.2291863,0.5808691,1.2911164,1.7260985,1.6012061,0.4893429,0.0,0.0,0.0,1.0,0.0,0.0,2.682209e-07
28.246237,0.16918543,12.218386,42.672832,45.912514,0.9047334,1.2346963,0.3185119,2.43148,297.1345,4.408378,1.822756,2.9405084,253.10991,1.8949844,2.2395709,0.5820331,1.2959592,1.7314253,1.6047411,0.46563405,2.0861626e-07,0.0,0.0,1.0,0.0,0.0,0.0
48.406975,0.21280342,23.600231,76.28509,20.020288,6.141637,2.6836984,6.3259115,9.554572,297.7197,6.8713946,0.5783143,2.434164,253.32986,1.8840686,2.2266536,0.57862896,1.2867091,1.7207398,1.6018724,0.48060778,0.0,0.0,0.0,1.0,0.0,0.0,0.002004087
77.17929,0.28539053,2.5786493,26.378813,16.308342,0.9845827,0.17442049,1.4909441,249.04242,300.41736,5.5241733,2.7836506,8.185191,253.1765,1.8845718,2.2300777,0.5799146,1.2886963,1.7244134,1.6022719,0.47538581,0.0,0.0,0.0,1.0,0.0,0.0,0.00017300248
1165.9749,1.2288003,1.5599589,50.66887,45.40515,10.132306,0.71325547,0.015113949,31.518068,301.0465,4.6745324,149.23837,411.86377,252.42963,1.8888227,2.2327728,0.5812795,1.2898707,1.7238983,1.6081287,0.4788585,0.0,0.0,0.0,1.0,0.0,0.0,1.8179417e-06
339.49057,0.48818827,3.654084,93.63541,1.88572,1.6219736,0.9628727,0.10589662,20.349699,297.97614,5.0228405,8.533798,12.422614,248.22278,2.0718336,2.5427399,0.64649475,1.3651068,1.7154636,6.433789,-0.33361676,1.0,0.0,0.0,0.0,0.0,0.0,1.7881393e-07
51.655422,0.016090427,5.6732955,66.75985,22.032448,5.5160522,5.200839,1.0264754,9.397927,298.0868,5.0695486,2.8230395,11.475004,278.32965,2.1299975,2.5340433,0.5904019,1.5299999,2.004294,2.702389,0.7599989,0.0,0.0,1.0,0.0,0.0,0.0,6.4074993e-06
22.072287,0.62481934,3.9414444,62.8266,5.9806457,2.3358345,1.8630338,20.0,5.49623,297.42136,8.352091,1.9519447,203.9009,247.21338,2.039812,2.232053,0.58834916,1.4782065,1.7620902,8.327447,0.51591885,0.0,0.0,0.0,0.0,0.99998516,0.0,1.4454126e-05
0.52445954,0.0024980481,1.084295,30.742817,42.86807,7.7051516,2.7827728,0.8694049,3.5667472,299.40652,5.3885922,0.02715441,0.22679788,278.32928,2.129995,2.5342584,0.58234,1.5299995,2.0042918,2.5557754,0.7599968,0.0,0.0,1.0,0.0,0.0,0.0,0.0
326.0091,0.20193137,2.9401925,37.553967,56.71119,2.2087398,3.1989615,0.15209557,11.033274,294.37595,8.226842,144.0162,241.90948,253.51569,1.8879,2.2331836,0.58129615,1.2902814,1.728444,1.6062244,0.4856003,0.0,0.0,0.0,1.0,0.0,0.0,5.108118e-05
237.45901,0.10759045,1.0321633,51.85252,36.83066,2.8052187,2.8716521,0.55744284,23.634506,301.72855,6.1020203,9.34957,17.140026,172.20001,1.5,1.8200003,0.41000003,1.19,1.1969004,10.429989,-0.55,0.0,0.0,0.0,0.0,0.0,0.0,1.0
0.6511213,0.027311051,18.003775,55.77531,41.70491,7.1788635,0.00017601669,7.363368,37.711052,297.4659,6.39119,0.02710082,0.23114747,252.95798,1.8907688,2.2328827,0.5807167,1.2929305,1.728422,1.6073421,0.47450835,0.0,0.0,0.0,1.0,0.0,0.0,6.1392784e-06
103.23092,0.16376354,14.40939,55.149548,24.732069,1.0819781,1.7322693,2.9997356,116.74475,297.3309,5.66702,0.60191196,1.7163525,253.04861,1.8870133,2.2302058,0.58001214,1.2891161,1.7238307,1.6027545,0.4791762,0.0,0.0,0.0,1.0,0.0,0.0,2.6971102e-05
10.027645,0.001736363,14.574585,71.416115,28.560026,1.6345599,2.8769813,0.9670221,11.476713,298.17172,4.8357563,0.21904396,2.6369686,278.33,2.1299999,2.5393758,0.591504,1.53,2.0042999,2.7347481,0.76000005,0.0,0.0,1.0,0.0,0.0,0.0,0.0
347.2763,0.13121109,2.9066708,56.624527,2.5634995,1.3713964,0.6629391,1.2387065,43.435566,307.71927,4.892974,17.351393,17.737585,249.6481,2.0761874,2.5448694,0.6497283,1.3675078,1.7190702,6.4281344,-0.34067613,1.0,0.0,0.0,0.0,0.0,0.0,0.0
0.5481071,0.07133701,16.438587,63.39669,34.45203,6.8178673,0.0,7.2681775,12.539951,297.9395,6.53958,0.02510011,0.22270414,253.28778,1.8885344,2.2288067,0.5802947,1.2911257,1.7229699,1.6076615,0.47839847,0.0,0.0,0.0,1.0,0.0,0.0,1.7404556e-05
1.4087577,0.72676575,1.0207992,74.239784,19.895554,3.101076,0.33699143,10.584392,12.729613,297.95218,7.038948,0.050859254,0.6726682,264.00592,2.0942414,2.6439385,0.65049183,1.4197185,1.8522311,2.106855,0.17095397,0.0,0.9999997,0.0,4.172325e-07,0.0,3.84748e-05,4.10676e-05
6.5366316,0.15557005,31.891336,75.89253,22.291706,6.265013,0.05817513,7.188979,6.019589,297.87207,6.5422277,0.08190599,0.50979584,253.29282,1.888365,2.2305944,0.57885015,1.2891462,1.7225951,1.6034629,0.47951204,0.0,0.0,0.0,1.0,0.0,0.0,0.0007390678
356.42984,0.19339217,4.080904,37.514748,56.8412,2.2532988,3.2052076,0.07575767,21.599798,294.77942,4.779225,227.7898,245.18456,253.11638,1.8878284,2.2323797,0.58155555,1.2910945,1.7291281,1.6193793,0.48187494,2.0861626e-07,0.0,0.0,1.0,0.0,0.0,4.249811e-05
573.1251,0.3795342,3.1115217,50.991028,5.2429643,2.1535764,0.1780422,1.2711852,31.564947,298.07715,4.605256,54.971527,77.12598,250.15305,2.0787826,2.5496297,0.65052164,1.3696227,1.7207264,6.399506,-0.34119424,0.9999765,0.0,4.8965216e-05,1.2069941e-05,0.0,5.722046e-06,1.1593103e-05
810.67834,0.52174824,5.2650857,65.926445,11.817084,1.3839924,2.1111586,0.07765413,69.73644,295.91788,3.723389,199.3537,194.84761,253.01375,1.8853542,2.2319582,0.58015954,1.2863133,1.7202747,1.603554,0.46510488,0.0,0.0,0.0,1.0,0.0,0.0,5.170703e-05
20.744062,0.67525256,1.103834,74.33375,20.068857,3.7866092,0.6466803,9.656668,21.75835,297.46417,6.924047,0.03428194,0.44398534,261.7234,2.0634122,2.6247537,0.63395387,1.4068857,1.8236519,2.040988,0.2874196,1.3113022e-06,0.999959,3.3974648e-06,0.00022798777,5.9604645e-06,0.00081151724,0.00045910478
444.61325,0.4787722,3.3898094,93.32344,1.5440464,1.2781322,1.1341724,0.23728839,10.468305,298.09152,4.8505898,23.927011,31.805025,249.28632,2.075937,2.5477133,0.6486565,1.3674532,1.7188028,6.439318,-0.34122422,0.9999976,0.0,0.0,0.0,0.0,0.0,1.5795231e-06
1.4635632,0.001698148,5.4978256,71.83531,22.412271,3.6148734,5.127483,0.83533186,18.263226,297.98624,5.023296,0.5586466,11.368183,278.33,2.1299999,2.5361123,0.59199375,1.53,2.0042999,2.7107193,0.76000005,0.0,0.0,1.0,0.0,0.0,0.0,0.0
15.500387,0.07392221,25.725609,64.961555,34.874336,7.2516384,0.018460007,7.222125,23.849401,297.44205,6.341973,0.060076814,0.46799952,253.10031,1.8876384,2.2291431,0.5798228,1.2905349,1.7265311,1.6014266,0.48148033,0.0,0.0,0.0,1.0,0.0,0.0,7.7188015e-06
216.25728,0.19505242,7.561976,40.073246,50.709538,1.2291673,1.4492279,0.26130837,7.7270956,297.5941,5.258869,45.718693,49.095078,253.08858,1.8908288,2.231849,0.58062094,1.2923026,1.7278807,1.620454,0.47694796,8.046627e-07,0.0,0.0,1.0,0.0,0.0,2.2768974e-05
16.109642,0.01566142,2.9515488,84.09733,11.885373,2.7783465,1.6180054,0.13471824,27.882103,297.49802,4.0638957,178.89346,86.603294,253.00995,1.8846318,2.2283485,0.57943034,1.2880801,1.7204149,1.6027231,0.47491783,0.0,0.0,0.0,1.0,0.0,0.0,7.236004e-05
356.50372,0.1295669,235.31177,62.849262,34.89786,2.038951,0.084068686,0.12784678,16.889568,297.35864,3.7911234,2.316467,3.2529485,247.22943,2.0281475,2.1920044,0.58770204,1.4829777,1.773795,8.518383,0.5770691,3.1888485e-06,0.0,0.0,7.4207783e-06,0.9999924,0.0,7.161498e-05
274.4623,0.04604099,2.5798824,50.986706,3.242301,0.72188836,0.52853876,1.3143139,34.128033,301.12585,4.991294,3.2365258,6.2218776,249.64691,2.0781314,2.5481637,0.64888346,1.3686359,1.7194095,6.395875,-0.3371794,1.0,0.0,0.0,0.0,0.0,0.0,0.0
90.77788,0.15267646,3.7098312,14.46174,9.476507,0.6934467,0.58066934,1.1659291,34.70174,307.70456,7.0832334,8.242195,122.84643,253.33702,1.8785152,2.2245266,0.57892215,1.2884398,1.7173321,1.6702262,0.48493913,6.824732e-06,1.3113022e-06,0.0,0.99996316,0.0,3.0994415e-06,0.0018131733
349.26715,0.2129712,1.0802001,36.392002,57.688324,1.9591235,3.1738575,0.008008937,4.1722784,283.12036,9.450586,111.725815,207.20023,253.34828,1.8797017,2.237015,0.5825781,1.2849432,1.7297597,1.604404,0.47443804,0.0,0.0,0.0,1.0,0.0,0.0,0.0
35.20015,0.049338203,13.512082,56.86,19.143791,1.4646927,2.2843375,1.7253166,55.20986,297.24667,4.6570554,3.7495112,5.0188847,253.05103,1.8871659,2.2298882,0.5799859,1.2896298,1.7242229,1.6025496,0.47924113,0.0,0.0,0.0,1.0,0.0,0.0,6.4074993e-06
63.99845,0.13549423,19.406616,64.27026,31.710598,4.0651264,1.5403947,4.49079,73.53376,297.94055,6.383305,2.2793825,4.3207746,253.07141,1.8874137,2.2305129,0.580226,1.2892207,1.7251066,1.6083475,0.47675297,0.0,0.0,0.0,1.0,0.0,0.0,0.00067436695
404.35825,0.18617994,1.082377,37.60399,57.698055,2.2963538,3.277081,0.008,2.7968347,278.77072,9.476925,121.04219,218.02872,253.50322,1.878574,2.237903,0.5826076,1.2857256,1.7266407,1.6040322,0.46891847,0.0,0.0,0.0,1.0,0.0,0.0,0.0
95.72114,0.11278425,3.235233,18.31452,10.924287,0.7856676,0.6962054,0.84700376,19.57143,290.4413,7.051895,10.604909,126.87503,252.35773,1.8760824,2.2143543,0.5774114,1.2861792,1.7210602,1.611747,0.470851,0.0,0.0,0.0,1.0,0.0,0.0,0.0016053915
5.00786,0.004666236,1.7025926,46.318615,37.508846,6.2103677,3.2089024,1.0546684,31.510523,297.93762,5.2188153,1.0749191,0.9872465,278.3288,2.129993,2.5382574,0.58973354,1.5299991,2.0042844,2.6125531,0.7599936,0.0,0.0,1.0,0.0,0.0,0.0,0.0
1.6817706,0.08605002,19.828938,64.31816,34.192387,6.956154,3.5262106e-05,7.271876,10.823134,297.74155,6.38988,0.040748525,0.28261164,253.13763,1.8885158,2.2300572,0.57940304,1.2912031,1.7241719,1.6071813,0.48058766,0.0,0.0,0.0,1.0,0.0,0.0,8.85129e-05
0.5432355,0.044160996,18.596125,55.298206,41.334408,7.3421893,0.0,7.336572,32.22289,297.59802,6.459517,0.025082247,0.22263104,252.995,1.8892386,2.2301645,0.5796897,1.292025,1.7255448,1.6080273,0.4784427,0.0,0.0,0.0,1.0,0.0,0.0,8.195639e-06
78.68756,0.043693032,9.386567,59.774723,14.057252,3.3442686,3.0572271,1.7257688,0.5941581,298.09692,8.796054,0.32122308,1.2483503,249.367,2.0747054,2.54585,0.64806086,1.3682442,1.7225478,6.312857,-0.3171516,1.0,0.0,0.0,0.0,0.0,0.0,0.0
47.629955,0.16827296,1.7335794,58.56819,40.839714,2.1182256,4.3253503,0.05972567,0.24684954,297.09988,6.932871,0.6427121,2.692764,252.79698,1.876834,2.2255518,0.57775915,1.2818968,1.7231838,1.6001261,0.48057795,0.0,0.0,0.0,1.0,0.0,0.0,1.642108e-05
1.323809,0.0040761735,1.2510728,73.52794,14.956539,5.397198,1.5748022,0.08254035,73.108116,297.56848,5.4249535,481.36588,570.72626,255.3656,2.1135447,2.5273876,0.6799998,1.3929876,1.6827655,2.1209207,0.7387283,0.0,0.0,0.0,0.0,0.0,1.0,0.0
43.458134,0.16361502,25.7816,69.62695,29.590788,6.8068776,0.098292835,7.484596,24.46709,297.7548,6.4092917,1.3778303,3.146566,253.04945,1.8873788,2.2309353,0.57947576,1.2899964,1.7243919,1.6081657,0.47798014,0.0,0.0,0.0,1.0,0.0,0.0,0.0007921457
372.19986,0.10600482,3.1169565,57.707985,3.4509225,1.4809998,0.25719917,1.3066304,50.187714,289.70877,4.8491917,21.650366,21.525555,256.07605,2.1090133,2.499761,0.6793241,1.3990905,1.6839347,2.1690717,0.71516085,0.0,1.4901161e-07,0.0,0.0,0.0,1.0,0.0012588203
451.50494,0.44722512,1.6314851,60.28788,16.95166,2.5352988,0.5570987,0.07465245,139.72586,297.9829,6.74829,376.11813,563.1877,247.76036,2.074818,2.5483894,0.64298314,1.3638848,1.706723,6.2283845,-0.34767094,0.9984926,0.0,0.00016796589,6.878376e-05,0.0,1.5497208e-06,4.172325e-07
450.41248,0.105944835,2.9126763,49.26646,3.8224869,0.969223,0.71411735,0.92053837,17.629683,285.17136,4.2765894,18.028883,25.713486,248.08476,2.0765016,2.552551,0.6516591,1.3710325,1.7191242,6.4779654,-0.35942796,1.0,0.0,0.0,0.0,0.0,0.0,0.0
259.9977,0.32138982,13.258175,52.12696,22.577074,1.6541972,2.3503752,0.4709768,19.739746,297.32697,4.646492,7.507988,16.342113,253.29411,1.8877465,2.2300375,0.57995385,1.2899977,1.7256013,1.6077074,0.47910148,0.0,0.0,0.0,1.0,0.0,0.0,1.975894e-05
3333.5813,1.607375,1.3950689,91.39871,7.8159204,1.1058239,0.7223281,0.13589734,6.6180396,292.9016,5.707821,113.87899,164.5821,172.20149,1.5000006,1.8200494,0.410007,1.1900008,1.196939,10.428326,-0.54999906,0.0,0.0,0.0,0.0,0.0,0.0,1.0
575.23035,0.21697277,1.7682273,89.55008,5.3924866,2.8058872,1.2757478,0.9350963,16.795847,297.91766,5.1705356,2.880435,9.272408,253.40059,1.8775123,2.2255683,0.5823255,1.2858056,1.7236129,1.6092879,0.47298396,0.0,0.0,0.0,1.0,0.0,0.0,0.0010534823
38.602665,0.13171686,4.278889,15.24072,8.165436,0.5464224,0.63875604,0.88221896,5.084342,299.43866,6.410324,1.5310632,91.945786,253.23512,1.9438525,2.308506,0.60432494,1.3310046,1.7179605,1.7499499,0.5102248,4.6908855e-05,2.82228e-05,0.0,0.9646149,0.0,0.02286911,1.6748905e-05
26.145355,0.056648392,2.1315594,54.001633,21.663752,4.382327,1.7973772,1.2471794,17.713083,298.79776,8.4558935,16.58848,7.4855638,278.3291,2.129995,2.5312798,0.58985573,1.5299995,2.004288,2.4883506,0.7599962,0.0,0.0,1.0,0.0,0.0,0.0,0.0
40.354717,0.45455074,46.235413,31.612856,41.928463,3.1182308,5.9974294,2.088831,80.16666,298.45618,5.511621,53.834373,53.503815,250.69029,2.0406888,2.2272062,0.58915603,1.4781117,1.7698382,8.108545,0.5446191,1.4483929e-05,4.9710274e-05,6.2286854e-06,0.00040781498,0.99799716,0.00015512109,0.000980556
398.95724,0.07243483,2.9062066,53.09849,2.891559,0.9146038,0.30924603,0.7339897,42.864204,304.1566,5.5654,10.865966,3.6650088,255.70105,2.1039202,2.509444,0.6799999,1.3868072,1.6824445,2.2386198,0.709749,0.0,0.0,0.0,0.0,0.0,1.0,0.0
802.99115,0.42595893,2.480079,47.465992,9.273105,4.3512793,1.6193148,0.8243219,61.70796,300.0003,5.067774,66.30523,76.19388,249.2191,2.0755405,2.5449672,0.64960533,1.3670363,1.7181487,6.437264,-0.33659434,1.0,0.0,0.0,0.0,0.0,0.0,0.0
127.979195,0.11722979,16.484203,60.375374,19.029434,2.090243,3.0045714,0.24491592,18.573977,297.40643,4.2708297,11.120878,20.34568,253.1552,1.8864008,2.2299845,0.5798657,1.2890708,1.7234017,1.6051779,0.4769714,0.0,0.0,0.0,1.0,0.0,0.0,4.324317e-05
3365.1665,1.6528274,1.2261295,93.8739,7.5823455,0.94346225,0.35671854,0.05932469,6.073131,294.0039,5.5858603,117.53563,171.27426,172.20001,1.5,1.8200003,0.41000003,1.19,1.1969001,10.429986,-0.55,0.0,0.0,0.0,0.0,0.0,0.0,1.0
204.1427,0.12240858,2.0213587,71.67474,16.483185,2.4289565,1.0110013,0.11653298,67.3123,298.30225,4.3873205,69.6499,53.284744,251.53033,1.9343383,2.209885,0.5772477,1.3527058,1.7286788,3.0894282,0.5492938,1.1444092e-05,0.0,7.4505806e-07,0.97216487,0.11011547,1.9073486e-06,8.299947e-05
1196.2129,0.64594436,1.2202535,57.894043,20.682863,0.991836,0.029438864,0.059392612,52.940735,298.06696,4.7085953,342.07745,404.02063,278.30045,2.1298642,2.5235379,0.58695704,1.5299611,2.0038407,2.6941867,0.7597385,0.0,0.0,1.0,0.0,0.0,0.0,0.0
0.932964,0.03996637,16.34269,54.045383,42.769936,7.2772036,6.699801e-05,7.2799363,27.351711,297.63828,6.3839393,0.029494528,0.23918875,252.9901,1.8892193,2.2310195,0.5794455,1.2923266,1.7264059,1.609657,0.4781569,0.0,0.0,0.0,1.0,0.0,0.0,3.0130148e-05
382.59647,0.21698229,1.4193499,36.50588,57.673866,1.921068,2.9239147,0.008256793,13.142932,280.77783,8.925266,129.52003,203.48569,252.54027,1.8863361,2.236798,0.5826356,1.2885665,1.7275637,1.6105255,0.47871184,0.0,0.0,0.0,1.0,0.0,0.0,5.6624413e-06
386.95532,0.18677677,1.5621663,35.82504,57.669464,2.3320065,3.1090136,0.008096521,11.0702715,280.3078,8.879071,135.56277,203.27141,252.9359,1.8862385,2.2312548,0.5809903,1.2891409,1.7281731,1.6126583,0.48282197,0.0,0.0,0.0,1.0,0.0,0.0,2.0861626e-07
1066.7802,1.0738573,3.0943727,76.54536,10.988315,0.8179282,2.4931133,0.024826216,40.104584,296.45566,3.9338496,214.14874,345.03033,253.05577,1.8863158,2.2286608,0.57991606,1.2868356,1.723144,1.6034361,0.47764727,0.0,0.0,0.0,1.0,0.0,0.0,6.997585e-05
400.1501,0.16544673,3.1870973,65.229515,2.3874958,1.6721741,0.63892734,0.95713586,41.235344,297.81232,4.715186,25.360682,27.462463,249.6791,2.0759592,2.54528,0.6487705,1.368471,1.7183682,6.39418,-0.3380497,1.0,0.0,0.0,0.0,0.0,0.0,0.0
4.266767,0.005087343,7.657136,80.68472,22.277452,1.6834022,1.4275247,0.32040536,11.893106,297.6311,4.7131433,13.566371,39.02691,253.1436,1.8887446,2.2323954,0.5797835,1.290802,1.7226368,1.6075581,0.47507977,0.0,0.0,0.0,1.0,0.0,0.0,4.917383e-06
2.2148056,0.04962679,19.371822,56.212364,41.121216,7.137096,0.0025697262,7.27403,14.109264,297.64264,6.425232,0.098108165,0.43214273,253.14029,1.8901894,2.230613,0.58043844,1.2930725,1.7281672,1.6097257,0.47630623,0.0,0.0,0.0,1.0,0.0,0.0,2.4706125e-05
13.860381,0.8126148,3.5736902,84.192856,15.64688,3.4965365,0.4240051,20.0,11.7450075,296.46936,6.764138,0.06934796,11.461846,246.41719,2.0394287,2.2204254,0.5844669,1.4757974,1.7565781,8.322777,0.5153845,0.0,0.0,0.0,0.0,0.9999999,0.0,5.662441e-07
654.9734,0.42319432,23.337448,45.082977,44.886574,2.014028,0.9395383,0.026202532,14.105451,297.85858,5.3193,226.20024,298.987,253.16638,1.9014484,2.232544,0.58530474,1.2913945,1.7251182,1.8976843,0.45400158,0.0007159412,1.4901161e-07,0.00032937527,0.9984393,2.026558e-06,2.5093555e-05,0.0020271242
126.37096,0.4014406,8.05721,60.651653,10.653379,2.7574153,1.7633892,19.909647,79.935394,297.3259,5.434325,0.71157587,4.6889734,253.1617,1.8866757,2.2281613,0.58019865,1.28842,1.7220417,1.6052537,0.4832745,0.0,0.0,0.0,1.0,0.0,0.0,0.0027208924
43.84928,0.09779741,3.0718882,13.013724,4.366721,0.69642615,0.23830897,1.186861,32.735497,291.48926,5.540459,3.0130713,11.963403,254.81844,2.107853,2.4982395,0.67844903,1.3996238,1.6874058,2.3219059,0.7098874,0.0,5.9604645e-07,0.0,0.0,0.0,1.0,5.4121017e-05
323.5887,0.11269676,2.5570247,52.07549,1.7011256,1.3000566,0.18657857,0.9654379,39.270603,288.98633,4.394234,9.089853,9.572457,250.04146,2.0758061,2.5501106,0.65027356,1.3692635,1.7213508,6.4330654,-0.34077376,1.0,0.0,0.0,0.0,0.0,0.0,0.0
56.636032,0.14801951,4.5663867,14.358106,8.7811775,0.5828452,0.7263142,0.80447733,9.77389,310.51865,7.121556,3.5064964,88.787285,253.59485,1.8887814,2.2478993,0.5812876,1.3004749,1.7113998,1.773835,0.4635931,0.0001566112,5.7816505e-06,0.0,0.9990053,0.0,0.00028568506,0.0001758039
24.562084,0.1977533,26.580103,71.397865,27.528868,6.7684526,0.038150076,7.4333844,17.80081,297.91528,6.358247,0.79953563,2.3730137,253.16284,1.8880289,2.2309127,0.5800949,1.2898241,1.7244029,1.6136206,0.47519073,0.0,0.0,0.0,1.0,0.0,0.0,0.00078493357
1233.361,0.7128386,2.47759,75.51378,13.239525,1.9183887,0.69253427,0.02694491,23.43781,298.2324,4.4635367,213.40381,219.74232,249.86687,2.074009,2.5417821,0.6491485,1.3693371,1.7171642,6.4694176,-0.33444622,0.9999791,0.0,1.2457371e-05,3.6656857e-06,0.0,6.1690807e-06,1.8775463e-06
0.63904375,0.04823984,16.906998,56.54072,40.34555,7.325529,3.2323599e-06,7.4533577,15.379162,297.7193,6.419744,0.025796786,0.22654201,253.09201,1.889179,2.2305188,0.57989985,1.2916366,1.725063,1.6122668,0.4779912,0.0,0.0,0.0,1.0,0.0,0.0,3.33786e-05
56.94903,0.050503567,6.446352,60.160557,17.687557,4.2388825,2.2348437,0.5875371,63.477795,297.28214,4.8569283,14.935571,21.668707,248.96022,2.0369809,2.2306066,0.5893154,1.4770198,1.7604052,8.383443,0.5271571,0.0,0.0,0.0,0.0,0.9998787,0.0,0.00020608306
130.5167,0.1184187,9.189176,31.550123,21.99774,2.0018468,4.6234975,0.4339187,46.898125,301.64526,5.087863,3.2526386,10.940717,253.07835,1.8842007,2.2298882,0.5796098,1.2863281,1.722855,1.6014066,0.47587264,0.0,0.0,0.0,1.0,0.0,0.0,2.6196241e-05
31.545938,0.26509884,25.522411,74.88798,23.5518,6.4429197,0.03758294,6.8236876,14.917569,297.84708,6.345269,4.375591,9.3619585,253.11456,1.8877839,2.23048,0.5793176,1.2892354,1.7208455,1.6085584,0.47583562,0.0,0.0,0.0,1.0,0.0,0.0,0.0011891425
876.68604,0.57377964,2.296472,48.704872,17.061474,3.6134362,2.206561,0.16163686,45.300434,298.88013,5.280513,97.67006,108.2088,249.65868,2.0774934,2.544761,0.6491299,1.3700415,1.7193118,6.4271116,-0.33103353,1.0,0.0,0.0,0.0,0.0,0.0,0.0
185.38042,0.5306097,7.9559445,70.00365,21.812338,3.1831617,1.6542125,7.167884,59.471684,297.5185,6.577465,6.992287,14.734717,253.02448,1.8843597,2.2242656,0.5779709,1.2870069,1.7210847,1.6012322,0.48109114,0.0,0.0,0.0,1.0,0.0,0.0,0.001612097
9.4395,0.5620291,2.040753,60.216553,3.7599905,1.3016409,2.262241,20.0,2.9761508,297.24435,8.087211,0.02499293,0.22199139,252.48857,1.8844752,2.2173579,0.5758926,1.284706,1.7131091,1.6003224,0.48317832,0.0,0.0,0.0,1.0,0.0,0.0,0.0002719462
594.4595,0.13491972,4.9679594,92.87579,3.0597188,0.9407209,1.866985,0.14365417,17.74535,297.9505,5.7453117,70.78884,158.33679,248.57571,2.0702567,2.5441809,0.64649415,1.3654389,1.7174727,6.44311,-0.3304458,1.0,0.0,0.0,0.0,0.0,0.0,0.0
776.3641,0.94881886,1.0343783,89.20366,11.087425,4.844952,0.60672367,20.0,4.1279263,300.4244,7.76167,51.65996,238.57597,247.10533,2.0815828,2.5523822,0.6496572,1.3662325,1.7341874,6.1991377,-0.34697288,1.0,0.0,0.0,0.0,0.0,0.0,0.0
204.10545,0.12056231,3.1184483,31.083004,2.6497748,1.0675461,0.11050674,0.85453296,42.944794,300.35086,5.329443,6.8741913,12.087512,255.25647,2.1113496,2.5029786,0.6799981,1.399404,1.6768118,2.3180876,0.7173406,0.0,0.0,0.0,0.0,0.0,1.0,1.4901161e-07
52.16948,0.06150635,2.7425802,12.636759,2.850033,0.68742406,0.17999102,1.2454194,38.38246,286.17322,5.9507365,0.6272781,1.0320948,249.28014,2.0811532,2.5564044,0.65029323,1.3675753,1.7252256,6.4217296,-0.33054602,1.0,0.0,0.0,0.0,0.0,0.0,0.0
365.16068,0.12511054,3.1220562,56.3966,1.9012421,1.4091637,0.476347,1.5407352,37.077484,304.55887,4.693813,16.603735,19.688837,249.67752,2.076518,2.5488272,0.65006876,1.3677654,1.7191659,6.4011445,-0.34187308,1.0,0.0,0.0,0.0,0.0,0.0,0.0
1.8458829,0.001450293,5.803743,71.32022,24.06137,3.1962464,5.28026,1.0242251,8.843256,298.00894,5.237682,0.08519287,7.0286,278.33,2.1299999,2.5338013,0.5923559,1.53,2.0042999,2.6668673,0.76000005,0.0,0.0,1.0,0.0,0.0,0.0,0.0
9.193789,0.0045512947,9.600773,60.402145,36.6219,2.4542146,3.4588032,0.92165256,26.04918,298.17526,5.0337167,4.666444,13.853413,278.33,2.1299999,2.530901,0.58927923,1.53,2.0042999,2.6866531,0.76000005,0.0,0.0,1.0,0.0,0.0,0.0,0.0
449.6042,0.04880744,2.0694106,69.84258,8.88797,1.1040626,2.0060782,1.2451525,34.234913,304.96295,4.3595047,12.09233,26.167107,250.12051,2.079402,2.55186,0.6509872,1.3667963,1.7168971,6.353689,-0.34178025,0.9999969,0.0,0.0,8.6426735e-07,0.0,1.4901161e-07,2.3037195e-05
10.31781,0.015429167,7.699,59.587265,37.96171,2.3568556,4.2028966,0.53623563,11.382025,297.73117,6.6489334,8.507396,9.545702,252.98895,1.8876456,2.2289882,0.57970697,1.2889577,1.7227081,1.602768,0.47855493,0.0,0.0,0.0,1.0,0.0,0.0,0.0002001226
10.454621,0.16509375,5.96823,65.327415,16.96789,3.9070244,1.4559122,19.891888,97.84184,297.4472,6.732871,0.033638854,0.43166757,253.23273,1.8898824,2.2322545,0.58039016,1.2912098,1.7252142,1.6098189,0.48353666,0.0,0.0,0.0,1.0,0.0,0.0,0.00084617734
0.9546833,0.0028591661,8.406612,46.680084,50.04198,4.4186716,2.6181056,1.0267334,14.153617,298.49707,4.9862957,5.980928,15.850883,278.33,2.1299999,2.5357966,0.5882914,1.53,2.0042999,2.6469834,0.76000005,0.0,0.0,1.0,0.0,0.0,0.0,0.0
786.4069,0.39921838,10.0932045,53.412724,29.124054,0.5704802,1.6397638,0.023231832,49.29299,292.22815,3.748136,288.86972,177.35718,253.14943,1.8814607,2.2307112,0.57945544,1.2881547,1.715268,1.6000277,0.4783065,0.0,0.0,0.0,1.0,0.0,0.0,4.7922134e-05
352.0053,0.1969612,3.0998685,47.45012,1.371639,1.4386269,0.026775107,1.2593441,77.25322,285.1559,5.777925,2.2701647,2.059806,254.60776,2.1139727,2.511035,0.68,1.3874158,1.6655248,2.314515,0.7398351,0.0,0.0,0.0,0.0,0.0,1.0,0.0
1.5521656,0.19303466,31.943188,76.97209,23.069935,6.3665514,0.00058064936,7.3758507,5.9282026,297.92618,6.4415865,0.026368417,0.23752567,253.22676,1.888565,2.2296999,0.57969296,1.2906331,1.7211354,1.6073021,0.47522733,0.0,0.0,0.0,1.0,0.0,0.0,0.00023454428
294.69583,0.27484977,10.730966,57.444542,14.004055,1.9843258,1.249239,0.68897104,82.59594,297.69977,5.090932,0.8890674,3.178256,253.04703,1.8853425,2.2292874,0.58044696,1.2884129,1.7213427,1.6011524,0.47280315,0.0,0.0,0.0,1.0,0.0,0.0,0.00027164817
960.5811,0.44087443,1.9822655,73.49505,18.247387,1.9449394,0.43576884,0.05786496,44.004635,297.95996,5.05381,216.82121,323.332,252.04622,1.9008031,2.246947,0.58842725,1.2832878,1.718593,1.7262645,0.40848595,2.3722649e-05,0.0,1.7881393e-07,0.9999943,0.0,0.0,2.7924776e-05
19.732393,0.19463728,3.28209,70.3652,8.248151,2.6596386,1.7321153,20.0,37.219612,296.4714,6.9256625,0.31654283,18.425058,247.4024,2.0360055,2.224729,0.58637244,1.4760215,1.7594423,8.36869,0.5185635,0.0,0.0,0.0,0.0,0.9999978,0.0,4.133582e-05
363.2158,0.090127334,2.7739398,53.865067,2.011939,1.2278959,0.32220224,1.0714095,41.168083,286.72244,4.590409,11.53983,12.573899,249.86923,2.0765424,2.5534136,0.6506962,1.3692961,1.7197436,6.4096785,-0.34378773,1.0,0.0,0.0,0.0,0.0,0.0,0.0
0.51065665,0.0013390544,6.005435,43.86014,49.966705,5.213996,2.7901037,0.8848435,8.295391,298.6426,5.031748,0.17802939,2.3702724,278.33,2.1299999,2.5347593,0.5868678,1.53,2.0042999,2.698859,0.76000005,0.0,0.0,1.0,0.0,0.0,0.0,0.0
828.3694,0.49892458,2.521745,46.504932,14.230894,1.7014868,2.0101714,0.024627214,6.408901,297.56207,7.4830437,38.890892,58.55116,248.36137,2.0705895,2.5380638,0.64628386,1.3640724,1.7200216,6.3928194,-0.2974132,1.0,0.0,0.0,0.0,0.0,0.0,0.0
411.83188,0.19138204,2.719692,35.626324,57.386066,2.3370657,3.0673015,0.013604767,20.381905,290.96823,5.638045,213.68013,229.75423,252.66127,1.8882208,2.231644,0.5806784,1.2913475,1.7296159,1.613846,0.47942325,2.3841858e-07,0.0,0.0,1.0,0.0,0.0,1.3560057e-05
360.64145,0.13939449,3.332593,50.282772,1.9205325,1.4194351,0.0762593,1.2376643,58.962162,297.65964,5.253793,9.191532,8.994618,255.12076,2.1115718,2.508666,0.68,1.3969537,1.6735206,2.2421849,0.72389543,0.0,0.0,0.0,0.0,0.0,1.0,0.0
25.165554,0.094943866,26.290915,59.022972,39.13736,6.7988086,0.036257967,7.4767337,18.208645,297.4909,6.3936243,0.8691675,1.4644413,253.15778,1.8911055,2.2327454,0.5816509,1.2936227,1.7290082,1.6038955,0.4833093,0.0,0.0,0.0,1.0,0.0,0.0,2.2470951e-05
318.05936,0.23434068,32.52552,81.205055,14.616872,2.0414984,0.15267906,19.99852,38.761856,296.76645,5.7060385,5.8293204,9.773855,248.26039,2.0255344,2.199431,0.5831342,1.4779983,1.7620333,8.216084,0.54570574,1.2308359e-05,0.0,0.0,6.467104e-06,0.9999019,0.0,9.518862e-05
1125.7927,0.9809864,2.662529,74.69284,12.244774,0.7396195,2.4602823,0.01680366,38.24404,295.8099,3.8649256,256.30164,374.65155,252.82645,1.8849235,2.2288694,0.57981527,1.2867745,1.7203958,1.6018345,0.47562477,0.0,0.0,0.0,1.0,0.0,0.0,5.197525e-05
98.95396,0.0013,1.0200684,38.84659,10.885328,11.503527,0.8130317,0.08457086,162.40233,278.00003,5.2312965,238.85783,387.76462,251.96645,1.8855866,2.2484643,0.58499736,1.2875504,1.7185545,1.6000282,0.4396199,0.0,0.0,0.0,1.0,0.0,0.0,0.0
133.52023,0.079509705,1.0274593,21.093824,31.640797,1.5674874,0.303461,0.8288668,66.991135,301.43042,5.0168796,16.478155,8.941217,172.20001,1.5,1.82,0.41000003,1.19,1.1969,10.429995,-0.55,0.0,0.0,0.0,0.0,0.0,0.0,1.0
133.67024,0.17592517,5.788992,12.737183,10.713056,0.72709703,0.39953527,0.8639384,32.144863,302.35095,6.3475413,13.387021,107.000404,252.81676,1.8800893,2.2243965,0.57910067,1.2912496,1.7095416,1.6430782,0.48201984,8.285046e-06,0.0,1.4901161e-07,0.9999652,0.0,5.6922436e-06,0.002144754
339.88882,0.5302986,7.548252,91.47919,4.2693686,1.6533523,0.5768561,0.20693912,54.83619,297.896,6.2062416,42.142296,47.778976,249.1599,2.0739877,2.5461226,0.64805543,1.3660711,1.7175785,6.442327,-0.33781633,1.0,0.0,0.0,0.0,0.0,0.0,0.0
0.50822085,0.0181652,16.711166,55.816807,40.9367,7.138667,0.0,7.1650376,18.81655,297.347,6.43155,0.02499293,0.22241172,252.7679,1.8914436,2.2314487,0.58063567,1.2939508,1.7288153,1.6050671,0.47063294,0.0,0.0,0.0,1.0,0.0,0.0,6.556511e-07
940.75977,0.67382026,2.65322,82.425476,13.354181,1.1965696,1.1819245,0.06681638,102.1694,297.77887,5.0473137,271.76562,263.97388,253.24573,1.8865913,2.2297006,0.5796516,1.2881465,1.7205192,1.6092899,0.47529787,0.0,0.0,0.0,1.0,0.0,0.0,6.762147e-05
828.28955,0.36068848,3.7125409,56.73796,15.784599,3.0345407,1.6963884,0.37120217,36.583282,307.65585,6.001905,57.59553,81.748116,249.24315,2.0757992,2.543636,0.64915144,1.3671498,1.7191372,6.408327,-0.33278644,1.0,0.0,0.0,0.0,0.0,0.0,0.0
109.2506,0.13090837,5.3166847,21.495188,7.825336,0.9345975,0.6106345,0.70266867,5.549367,301.23828,5.9805593,2.7547832,87.64133,254.23367,1.9314191,2.278132,0.59349805,1.3208009,1.7092413,1.8278042,0.4841409,0.00018334389,6.645918e-06,6.2584877e-07,0.99428916,1.2814999e-06,0.009557158,0.0011680424
364.38712,0.15471846,2.396184,49.635117,1.282007,1.5205747,0.042617194,1.1851766,107.09865,285.63696,5.734204,2.9148757,2.386684,255.05219,2.115403,2.5198069,0.68,1.3846043,1.6668718,2.2519193,0.74255157,0.0,0.0,0.0,0.0,0.0,1.0,0.0
800.5731,0.3631157,2.9518838,74.814156,11.128947,1.420267,0.6158489,0.06851383,195.94975,303.39777,5.632391,482.12625,496.30432,253.11588,1.8855417,2.2235913,0.5818348,1.2905232,1.7166948,1.6083673,0.46346417,0.0,0.0,0.0,1.0,0.0,0.0,2.3543835e-05
0.62940204,0.0013752946,5.4863243,81.54629,10.383061,3.9343863,9.207221,0.522053,6.200478,298.47098,4.50469,21.04156,7.403543,172.31941,1.5001174,1.8216455,0.410422,1.1901225,1.1985463,10.41557,-0.5496626,0.0,0.0,0.0,0.0,0.0,0.00049462914,1.0
792.45105,0.45852825,2.1081536,82.24837,5.7896714,1.0803323,0.6376755,0.09016967,167.84947,298.51282,5.568749,278.9838,246.26337,250.6151,2.0678034,2.527181,0.6458305,1.3743165,1.7181586,6.7638254,-0.30110198,0.9961794,3.8444996e-06,0.025498986,0.004786551,1.0073185e-05,0.0015627444,6.0796738e-06
1030.99,0.4449986,1.9429668,64.00604,23.525488,2.3780687,0.099106796,0.040703304,41.557465,297.67593,5.048189,238.22272,355.2702,250.84839,1.9167008,2.2809591,0.5968138,1.2783394,1.7128733,1.6899884,0.31191087,4.7683716e-05,0.0,0.0,0.9999927,0.0,0.0,7.301569e-06
234.36768,0.27219796,26.582142,71.57688,19.266323,5.837468,1.0695808,7.4535947,56.273254,297.445,5.915077,2.9969585,8.678395,253.09047,1.8861121,2.229982,0.57973886,1.2880309,1.7237172,1.6014146,0.47540155,0.0,0.0,0.0,1.0,0.0,0.0,0.0011790991
462.25626,0.24313776,5.810304,91.210556,4.9354367,1.4032735,0.89452505,0.15381686,30.527588,297.90274,6.667889,43.253014,85.75673,248.63898,2.0729284,2.5462894,0.6469779,1.365877,1.7163587,6.432766,-0.33286193,1.0,0.0,0.0,0.0,0.0,0.0,0.0
1277.8424,0.7253302,3.6232038,53.672398,7.2326846,3.1333408,0.8912865,0.086780116,9.828755,297.9218,4.318741,80.41107,90.23939,249.3075,2.077086,2.5478492,0.64918256,1.3676455,1.720134,6.4049354,-0.3386912,1.0,0.0,0.0,0.0,0.0,0.0,0.0
4.136756,0.019363347,5.1328344,69.57239,21.327879,5.08127,5.040328,1.0523883,12.427396,297.9472,5.0315514,7.2200465,8.9962635,278.26794,2.12955,2.5342863,0.5899374,1.5298735,2.0032792,2.693432,0.7594797,0.0,0.0,1.0,0.0,0.0,6.1392784e-06,0.00318107
515.7638,0.690219,2.2313473,92.11262,2.1657274,1.4190816,0.98445076,0.21145415,17.729698,297.66626,5.0037827,53.84495,90.30814,249.88107,2.0787854,2.5500758,0.6498242,1.3685144,1.7217174,6.4753156,-0.34332606,0.9998759,0.0,9.328127e-06,1.1920929e-07,0.0,4.529953e-06,6.559491e-05
898.13635,0.8385704,2.1092572,80.860725,11.234212,1.8245944,0.5326838,0.22921936,21.21611,297.46222,5.7231984,64.199196,304.4165,255.56737,1.8969779,2.234834,0.5861478,1.2817099,1.7434475,1.7587233,0.53265375,2.4616718e-05,1.4901161e-07,2.4437904e-06,0.99984705,5.096197e-06,2.682209e-07,0.005171478
576.5604,0.03173941,1.1302843,74.799324,10.348156,2.214553,1.2599674,0.48566702,235.66495,280.0623,5.820802,390.7487,401.1336,253.2051,1.8889903,2.2322335,0.58108073,1.2898036,1.7203476,1.6021717,0.4845432,0.0,0.0,0.0,1.0,0.0,0.0,1.2099743e-05
21.400208,0.06555345,4.2961526,8.120906,2.8063278,0.6505344,0.12549284,1.0381438,43.556213,304.22467,7.0496054,0.1250999,0.39654183,247.62796,2.073142,2.5509276,0.6476629,1.364568,1.7210308,6.360704,-0.32557467,1.0,0.0,0.0,0.0,0.0,0.0,0.0
0.50679994,0.028113915,1.020038,73.52399,18.523909,3.911071,2.8685539,4.416482,42.626915,297.7062,5.2262945,0.05862987,0.45264798,276.4723,2.1236553,2.6393247,0.62432873,1.5181469,1.9815313,2.4412553,0.6710765,0.0,0.018342227,0.9864303,0.0,0.0,2.682209e-06,0.0
53.68993,0.09746671,5.108401,13.795961,4.1161118,0.6675361,0.24756996,0.8603725,14.878915,298.74347,5.1195745,3.5803442,14.137909,255.39674,2.1065605,2.493568,0.67894924,1.4011446,1.6854316,2.2838206,0.70932025,0.0,0.0,0.0,0.0,0.0,1.0,3.582239e-05
658.21216,0.1476493,1.6411518,89.31598,3.699567,2.835066,1.8200375,0.73067343,17.81956,297.83554,5.3371496,7.309953,17.291586,252.59781,1.8795906,2.2264876,0.5802758,1.2871726,1.7204106,1.6025258,0.47747782,0.0,0.0,0.0,1.0,0.0,0.0,0.0007933974
1129.2694,0.60024613,1.3989584,65.06128,20.261333,1.1201926,0.37744942,0.024188105,64.860985,297.3501,4.8842607,371.555,437.17618,253.27321,1.8834687,2.2276237,0.5794888,1.2870038,1.722262,1.6148149,0.48119774,0.0,0.0,0.0,1.0,0.0,0.0,7.247925e-05
1663.0219,1.0305932,2.6328208,86.55492,9.078372,0.92247546,0.4613465,0.15664577,119.94411,295.8038,6.035246,424.52985,466.97806,253.79955,1.8931508,2.2326784,0.5834737,1.2829959,1.7323515,1.6506937,0.49696788,0.0,0.0,1.7881393e-07,0.9999998,0.0,0.0,0.00041380525
1315.2545,0.6598917,3.9739687,66.38308,10.400018,3.0281062,0.51772386,0.086292155,30.445795,297.94073,4.7182117,86.67069,106.98421,249.58241,2.0779598,2.5470202,0.6494114,1.3682847,1.718431,6.4024334,-0.33492565,1.0,0.0,0.0,0.0,0.0,0.0,0.0
76.52203,0.30325288,21.500101,71.76149,24.729794,6.8054423,0.41632208,6.6751547,26.147324,297.57495,6.5112047,2.4073207,7.1354575,253.10904,1.8801299,2.2123961,0.57782155,1.2902365,1.7220854,1.6383336,0.50267595,6.556511e-07,1.4901161e-07,2.9802322e-07,0.9999999,0.0,0.0,0.0010535717
412.00674,0.15431374,3.9257646,29.781796,32.102867,1.545557,5.1317954,1.0284445,22.77751,298.77982,5.4228396,41.943085,66.909164,172.52171,1.5003536,1.8226229,0.41082913,1.190479,1.2014959,10.397261,-0.54742146,0.0,2.9802322e-07,0.0,0.0,0.0,4.261732e-06,1.0
15.470142,0.8493099,3.009397,66.810104,5.9277453,1.7622339,1.5487794,20.0,107.94209,296.41052,4.7435694,0.028279811,0.6419652,247.82684,2.0414999,2.2262561,0.58845246,1.4783161,1.7554768,8.34357,0.51643366,0.0,0.0,0.0,0.0,0.99999505,0.0,3.33786e-05
1019.0478,0.5658942,3.2439103,74.70681,13.019365,0.95991045,2.589112,0.028103756,61.67512,294.2475,3.57241,241.5614,261.34445,252.81474,1.8863845,2.2322533,0.5795519,1.287635,1.72078,1.6012014,0.46930996,0.0,0.0,0.0,1.0,0.0,0.0,4.5210123e-05
61.52956,0.12496479,3.093939,15.8000345,4.3001614,0.6769778,0.26465005,1.1273892,21.290012,294.0841,5.5644865,2.143191,17.830645,255.00287,2.1005733,2.4934485,0.67263436,1.4030699,1.6822225,2.3132596,0.69871044,3.5762787e-06,8.645654e-05,0.0,1.0430813e-06,0.0,0.99999976,0.00055882335
971.9149,0.5319352,2.4796147,52.077343,17.729925,1.4913747,0.25459477,0.056535117,65.38217,296.93466,5.0686927,379.7577,435.12054,251.9133,1.902954,2.2467616,0.5874649,1.2815785,1.7203332,1.7241361,0.40596265,0.00019165874,0.0,1.66893e-06,0.99995005,0.0,0.0,1.79708e-05
1505.8551,0.8714165,1.5634755,78.12384,15.171102,0.8470721,0.83385307,0.029322779,105.688126,297.71167,5.202633,485.8202,492.29904,253.27414,1.8856641,2.2293096,0.5804158,1.2877094,1.718527,1.6027069,0.4745051,0.0,0.0,0.0,1.0,0.0,0.0,5.787611e-05
297.5308,0.09664197,2.5746226,45.18847,2.0639942,0.86653733,0.13533333,0.9457369,42.960896,311.42615,5.66423,7.9627028,8.6530285,248.44318,2.0732706,2.5489025,0.6486281,1.3684795,1.7217556,6.3916907,-0.33792514,1.0,0.0,0.0,0.0,0.0,0.0,0.0
127.72028,0.28920498,1.021941,76.80519,20.56089,2.3346405,0.28727245,10.602646,41.06903,298.42566,5.421842,0.027761769,0.3031534,264.46048,2.0969265,2.639936,0.6528169,1.4206086,1.8502153,2.2066154,0.17010766,7.146597e-05,0.9999969,1.4603138e-06,2.5629997e-06,1.2814999e-06,4.720688e-05,0.0043693483
0.68501955,0.09880892,1.0202206,74.87907,18.462852,3.126208,1.4298596,8.371726,39.618423,297.6764,5.7289925,0.19023015,1.0968271,269.4688,2.1076107,2.6367142,0.63969314,1.457165,1.9056932,2.4858706,0.3353609,0.0,0.9973978,0.005649209,3.5762787e-07,0.0,5.6535006e-05,6.824732e-06
59.011345,0.009436852,6.1789412,69.252396,22.418268,3.9075303,5.110213,1.1462257,29.583353,298.11,4.871044,3.9912758,11.129357,278.33,2.1299999,2.5316906,0.5902477,1.53,2.0042996,2.675221,0.76000005,0.0,0.0,1.0,0.0,0.0,0.0,0.0
16.277916,0.011540658,2.4330547,86.96088,10.6931095,3.0301201,1.8395857,0.09785202,30.924898,297.84595,4.0559764,143.40509,110.69484,252.87775,1.8858191,2.2326717,0.58000314,1.2885523,1.7212903,1.6020427,0.47002956,0.0,0.0,0.0,1.0,0.0,0.0,5.814433e-05
9.68237,0.7762245,2.9142673,73.37657,13.627815,3.846206,0.8915113,20.0,61.458035,296.81137,5.3598924,0.17422447,10.086606,248.82729,2.0393245,2.2255065,0.5894605,1.4781401,1.7607574,8.313473,0.52644545,1.8775463e-06,0.0,0.0,9.536743e-07,0.9999473,0.0,7.8231096e-05
372.83875,0.14406928,3.6657677,52.275074,1.9244357,1.624752,0.3192155,1.2079371,27.561481,296.91437,4.3387585,15.003792,14.977765,249.77242,2.07541,2.5477927,0.64911973,1.3686304,1.7187573,6.403723,-0.3364507,1.0,0.0,0.0,0.0,0.0,0.0,0.0
27.57162,0.042564552,11.652821,49.64604,44.109486,1.2326224,1.3254459,1.6814443,30.48333,297.43558,5.6037397,4.113605,4.0012255,253.19275,1.8887156,2.230648,0.5799388,1.2919623,1.7250599,1.6069326,0.4823212,0.0,0.0,0.0,1.0,0.0,0.0,6.8843365e-06
593.4536,0.2874644,1.7877816,67.49984,14.595524,3.8022754,1.2617769,6.126008,2.062943,298.10873,7.2782288,5.8564553,32.41631,251.89583,2.0874398,2.6059031,0.65426975,1.3727317,1.7392328,5.959406,-0.32095593,0.9996455,1.1026859e-06,1.7881393e-06,0.0,0.0,3.0398369e-06,0.00010764599
23.366205,0.13715471,3.1719806,65.80937,7.449226,2.573294,1.9889995,20.0,36.51527,296.8465,7.033493,0.75026816,25.44913,248.11218,2.037189,2.2278962,0.5879167,1.4760823,1.7559448,8.321022,0.51949763,0.0,0.0,0.0,0.0,0.9999857,0.0,0.0001861155
413.81372,0.020568356,4.2408695,92.80635,2.921849,1.2320291,1.4415843,0.13094558,17.16579,298.2653,6.3816767,13.387164,39.39677,246.70375,2.0668833,2.5440633,0.6434984,1.3628261,1.7202066,6.4594946,-0.33257884,1.0,0.0,0.0,0.0,0.0,0.0,0.0
137.04443,0.07932426,2.9616418,19.985912,2.1425405,0.8063003,0.105309404,0.76451176,31.775766,297.92816,5.7584534,1.8698263,3.4545834,247.82988,2.071007,2.552267,0.6490417,1.3639609,1.7177281,6.4463253,-0.3391033,1.0,0.0,0.0,0.0,0.0,0.0,0.0
369.4278,0.15023306,2.756106,50.745407,1.7689337,1.6350502,0.29862097,1.4125067,41.86562,301.85214,4.6363525,16.68746,16.886929,249.6199,2.0770097,2.5490384,0.64987814,1.3689454,1.7200902,6.404862,-0.34273428,1.0,0.0,0.0,0.0,0.0,0.0,0.0
533.5227,0.20794077,3.5084207,83.563484,11.696305,2.533561,0.87148887,0.22496529,70.23219,297.61044,4.968594,11.390938,16.076807,253.0794,1.8872511,2.2327049,0.579557,1.2897314,1.7211497,1.6029992,0.47280505,0.0,0.0,0.0,1.0,0.0,0.0,0.00018557906
389.5575,0.1887557,3.7737381,88.657005,6.834211,3.6105602,1.6219444,1.2842959,34.94679,297.9802,5.483993,1.1219001,3.7183738,251.8531,1.8736253,2.2287762,0.577831,1.2839915,1.7141567,1.6135612,0.4670776,0.0,0.0,1.4901161e-07,1.0,0.0,0.0,0.002286166
252.32747,0.52224576,9.445275,90.82376,4.9796834,2.2886322,0.32785502,0.18822777,73.434685,297.65707,6.6303997,13.106689,12.409419,248.27438,2.0718367,2.5440285,0.64663464,1.365686,1.7145005,6.4649153,-0.33430013,1.0,0.0,0.0,0.0,0.0,0.0,0.0
13.302988,0.8003289,3.7446618,78.076515,6.761665,1.5165231,0.90870744,20.0,14.443569,297.16025,5.9328394,0.02499293,0.22921026,248.76552,2.0400977,2.22507,0.5885848,1.4794813,1.7589551,8.351999,0.5300331,0.00021597743,8.940697e-07,0.0,1.49309635e-05,0.999959,0.0,5.7280064e-05
4.2342896,0.2755962,3.7521136,64.46385,2.2219033,0.80768025,2.9534984,20.0,16.821665,295.52087,7.2563047,0.02499293,0.22190002,252.34235,1.8827999,2.2138336,0.5763439,1.2860454,1.7204976,1.6016166,0.47626528,0.0,0.0,0.0,1.0,0.0,0.0,1.9311905e-05
265.61526,0.075395755,3.2417715,38.901592,2.036408,1.1220694,0.17415573,0.92837745,43.40493,296.93048,4.784886,7.6093273,10.968258,249.16982,2.0738068,2.544159,0.6482975,1.3670748,1.717616,6.4191732,-0.33020395,1.0,0.0,0.0,0.0,0.0,0.0,0.0
22.287144,0.058747556,11.610866,53.10737,39.981304,0.9798856,1.3706923,2.1283724,134.24042,297.4738,5.900794,0.8659521,1.0820239,253.3289,1.8915274,2.2329268,0.58128864,1.2937244,1.7260436,1.6081244,0.47351962,0.0,0.0,0.0,1.0,0.0,0.0,6.1392784e-06
1108.9105,1.3607136,1.639736,54.036674,43.43164,9.716571,0.9025742,0.01338968,276.70853,297.17297,5.859717,384.46442,418.24286,252.3195,1.8875957,2.2361467,0.58153915,1.290473,1.7262506,1.6056876,0.48590797,0.0,0.0,0.0,1.0,0.0,0.0,0.0
0.71749693,0.10741962,18.723383,68.291725,29.127247,6.55942,1.1754036e-06,7.276248,6.881531,297.81808,6.4491906,0.02956598,0.24913068,253.4142,1.8893414,2.22876,0.5800999,1.2906926,1.7232367,1.6154164,0.47667813,0.0,0.0,0.0,1.0,0.0,0.0,4.798174e-05
1304.8658,0.6893816,1.7913667,60.164833,19.092419,1.2590314,0.20259257,0.22110684,66.130295,297.67303,4.887737,359.74417,397.06155,278.3208,2.129963,2.5335586,0.5906149,1.5299916,2.0041728,2.7643592,0.75994277,0.0,0.0,1.0,0.0,0.0,0.0,1.6093254e-06
363.6638,0.08149882,2.2405345,54.402477,1.9768113,0.9326303,0.17530997,1.036538,45.58812,302.86435,4.9994745,12.635415,15.281196,249.11319,2.0760536,2.5505292,0.65022343,1.3692048,1.7203864,6.4097195,-0.33949113,1.0,0.0,0.0,0.0,0.0,0.0,0.0
320.5873,0.10828919,1.7243618,53.277252,1.6702586,1.251162,0.16642158,0.7651147,52.722836,308.5694,4.8688354,13.548901,15.714127,249.36078,2.074397,2.548537,0.649833,1.3674645,1.722312,6.4319468,-0.34021103,1.0,0.0,0.0,0.0,0.0,0.0,0.0
376.51874,0.18789977,2.3494184,39.47046,57.49862,2.3101358,3.1510093,0.023726353,29.30556,284.68338,6.4848256,200.52983,222.12802,253.12798,1.8878155,2.2338428,0.58175516,1.2892377,1.7259359,1.6064478,0.48180026,0.0,0.0,0.0,1.0,0.0,0.0,1.5377998e-05
14.834499,0.42370483,39.173958,33.54238,41.561317,3.4992735,6.6410728,0.5988098,38.391556,297.65808,4.9532204,25.58719,65.69742,248.57048,2.040137,2.233035,0.5895168,1.4771149,1.7632006,8.299042,0.52107894,0.0,0.0,0.0,0.0,0.99960005,0.0,0.00032010674
110.30176,0.026146874,1.02,36.64678,26.836596,2.477868,2.395126,7.007157,44.397808,297.99667,8.824687,0.02499293,0.22200966,265.56436,2.1090071,2.6499875,0.65821373,1.4116335,1.8845204,1.8628612,0.17254621,0.0,1.0,0.0,0.0,0.0,0.0,5.662441e-07
1626.2386,1.0739408,1.9718375,85.45184,8.994033,0.81803226,0.81992775,0.08339593,148.29489,297.99237,5.641045,476.6162,467.33554,253.34686,1.888503,2.2326725,0.58031034,1.2894182,1.7192826,1.6065892,0.47470507,0.0,0.0,0.0,1.0,0.0,0.0,5.9604645e-05
29.42821,0.17249425,23.165586,68.1547,30.361284,6.736913,0.16267791,7.490775,35.08688,297.7463,6.2721853,0.41246974,1.8638915,253.39601,1.8890133,2.2311325,0.5804322,1.2912017,1.7229245,1.6137104,0.4694936,0.0,0.0,0.0,1.0,0.0,0.0,0.0010408163
555.2193,0.27523026,2.0878232,72.0619,2.7777817,1.1507138,0.75430673,0.70116425,37.033775,300.3312,5.694376,62.079285,103.24966,249.12726,2.0706186,2.551482,0.6491562,1.3715513,1.7267616,6.4399996,-0.35622707,1.0,0.0,0.0,0.0,0.0,0.0,0.0
303.36444,0.12408353,3.106909,45.91336,1.6204623,1.3522265,0.17306878,0.90638256,28.83231,295.55408,4.3858213,8.5769205,7.405023,249.6754,2.0775092,2.5505605,0.6498135,1.3679402,1.7208782,6.4483566,-0.3396879,1.0,0.0,0.0,0.0,0.0,0.0,0.0
534.96594,0.19467495,2.982901,81.220505,5.439044,2.0269978,1.0376698,0.49573082,71.40626,297.7777,4.7929587,0.356825,1.3440781,252.84534,1.8863305,2.231864,0.5807602,1.290793,1.7209021,1.6009247,0.47663876,0.0,0.0,0.0,1.0,0.0,0.0,0.00015318394
385.9589,0.097306736,1.8417401,55.159378,1.575055,1.1469972,0.15412216,0.8437828,51.13548,302.8741,4.9240675,17.288889,18.317726,249.14583,2.0737164,2.549527,0.6495389,1.3678178,1.719492,6.4615545,-0.34156138,1.0,0.0,0.0,0.0,0.0,0.0,0.0
2.2160234,0.0016848665,1.02,60.494194,13.112896,2.6192422,0.319356,5.0559072,24.689304,298.1593,9.499929,0.02499293,0.22190002,269.33496,2.1217918,2.6499999,0.6658527,1.4269383,1.9243298,1.653723,0.3532269,0.0,1.0,0.0,0.0,0.0,0.0,0.0
0.5010149,0.0013001976,10.403263,49.969627,49.472218,2.1879451,2.5271218,0.9609479,3.4585903,298.31592,5.1033297,0.030548472,1.4978309,278.33,2.1299999,2.5363562,0.58879286,1.53,2.0042999,2.832047,0.76000005,0.0,0.0,1.0,0.0,0.0,0.0,0.0
333.02747,0.12370212,6.8651953,84.98417,6.5058546,1.6896584,0.850515,0.4184831,30.548733,297.76782,6.6690607,42.624805,49.449734,248.37129,2.070783,2.5437858,0.64573324,1.3665676,1.7185563,6.3722835,-0.32278675,1.0,0.0,0.0,0.0,0.0,0.0,0.0
35.187668,0.09044668,7.9594994,46.85922,31.56119,2.8463397,3.306361,1.1141152,71.39514,299.02213,5.7813773,58.378845,71.66105,243.54706,2.0044522,2.1837788,0.5762854,1.450657,1.723887,8.481946,0.43830392,0.00065004826,3.668666e-05,2.4437904e-06,0.00024181604,0.99144614,4.041195e-05,0.013702065
6.7483435,0.09875249,23.238491,64.132866,34.465775,7.004449,0.008551061,7.4204974,17.511383,297.68918,6.44392,0.15455678,0.6445786,253.18387,1.8883668,2.2317321,0.57988334,1.2910385,1.7254722,1.6121707,0.4770359,0.0,0.0,0.0,1.0,0.0,0.0,0.00028079748
28.164942,0.09949467,4.4303603,62.67259,5.3383384,1.4213485,2.4818182,20.0,98.761856,296.67935,5.6505656,0.025528833,0.24472626,253.22519,1.8894389,2.2291224,0.5800831,1.2908092,1.7264028,1.6136112,0.48398075,0.0,0.0,0.0,1.0,0.0,0.0,0.00046354532
392.7088,0.13332482,3.2761226,53.243317,2.283045,1.2987186,0.108857945,1.2205486,54.803528,291.7221,4.9774885,14.628676,14.728997,255.00626,2.1088765,2.502827,0.67999923,1.3966979,1.6735207,2.209222,0.7159415,0.0,0.0,0.0,0.0,0.0,1.0,2.682209e-07
984.6683,0.6111805,3.2782004,55.75942,5.18804,2.7670646,0.6183302,0.120900854,11.062107,297.87967,4.2458544,76.722176,58.975536,249.72565,2.074217,2.5443246,0.6495615,1.3682553,1.719706,6.4393015,-0.33192003,0.9999999,0.0,0.0,0.0,0.0,0.0,1.7881393e-07
341.93082,0.22229616,1.151673,36.709568,57.58984,2.1180463,3.2216666,0.008300883,7.902633,287.96097,8.589703,113.15375,212.29631,252.98007,1.8851907,2.2297938,0.58205605,1.2895162,1.7356101,1.6067191,0.49811134,0.0,0.0,0.0,1.0,0.0,0.0,0.0
1631.1595,0.8731176,2.3355577,70.83165,19.56993,1.8809798,0.39873657,0.07402387,19.724215,296.67627,4.921689,177.43715,293.36285,249.66298,2.0498767,2.483295,0.63170564,1.3768139,1.7255528,6.5769567,-0.20269828,0.9861375,2.7120113e-06,0.00438112,0.0022809803,0.000523895,0.010650933,0.0007919669
40.17203,0.02643092,2.44894,80.88338,15.438515,2.9342732,1.385301,0.062205423,65.52277,297.63004,4.2892027,153.3924,90.68124,252.56381,1.8862373,2.2266178,0.5801966,1.2883598,1.7206833,1.605124,0.474188,0.0,0.0,0.0,1.0,0.0,0.0,1.4334917e-05
12.026222,0.04026962,5.698825,69.99534,19.770184,5.3991747,4.9814534,2.1793122,9.075721,297.79974,5.1867037,0.21693605,0.9502018,273.10812,2.0872016,2.4620018,0.5911467,1.4978095,1.9305145,3.1950104,0.6731996,0.002209276,5.1647425e-05,0.9988049,0.0015200078,0.0015915334,0.011845708,0.028209835
1065.6328,1.2369233,2.3833814,69.17871,22.448801,4.1898384,0.8022617,0.64089113,245.79544,298.00055,5.6879525,308.1126,398.79822,252.92627,1.8868129,2.2303905,0.58093655,1.2905719,1.7250004,1.6106781,0.48272872,0.0,0.0,0.0,1.0,0.0,0.0,1.8835068e-05
43.41023,0.6198805,5.914332,65.98412,8.932576,2.9791234,1.6337107,20.0,13.118211,297.47168,7.7685137,0.67411613,59.115307,248.66362,2.0382335,2.2220764,0.58927786,1.4811757,1.7635963,8.281554,0.52958,1.6748905e-05,8.940697e-08,0.0,4.5597553e-06,0.9999562,0.0,0.00014233589
35.57019,0.020838972,2.4768975,88.24558,10.887046,2.528112,1.3163844,0.08439212,15.996493,297.6771,3.981822,74.66627,199.374,253.14227,1.8861686,2.2302396,0.57927054,1.2884041,1.7215002,1.6068697,0.47082752,0.0,0.0,0.0,1.0,0.0,0.0,3.3468008e-05
27.849707,0.0139754135,3.1435285,86.36646,12.670727,2.8311398,1.2628239,0.06726979,32.017387,297.82812,4.0731697,117.559456,155.27783,253.20284,1.8866515,2.2307243,0.57979745,1.2884935,1.7211767,1.6048884,0.47275785,0.0,0.0,0.0,1.0,0.0,0.0,3.1232834e-05
543.03687,0.4220646,3.780147,93.22495,2.181494,1.0941213,1.5211303,0.16505918,34.96101,298.15857,5.185631,166.64388,211.128,248.95787,2.0712435,2.5473297,0.64684725,1.3664612,1.7233212,6.455694,-0.33480215,1.0,0.0,0.0,0.0,0.0,0.0,0.0
470.97116,0.20464598,4.9879856,76.92648,19.020601,2.5707579,1.3654217,0.3819726,92.645744,298.04535,5.178696,41.320415,46.81364,253.19553,1.8871228,2.2310615,0.5800763,1.2896667,1.7227473,1.6085175,0.47822532,0.0,0.0,0.0,1.0,0.0,0.0,0.00038406253
15.345613,0.056631852,3.2394118,7.238822,3.4256878,0.64718944,0.16777565,0.97135425,30.825048,286.23297,6.2980337,0.086336136,0.36222023,247.24178,2.0733068,2.5486,0.6471272,1.3645874,1.7171667,6.4522753,-0.32676262,1.0,0.0,0.0,0.0,0.0,0.0,0.0
68.17829,0.024028057,1.0202359,40.084385,35.38765,2.4283628,2.6330974,1.9893942,109.799545,303.14444,5.50373,8.038748,7.7675385,172.20001,1.5,1.82,0.41000003,1.19,1.1969,10.43,-0.55,0.0,0.0,0.0,0.0,0.0,0.0,1.0
508.08398,0.42135143,6.6561427,55.42815,9.906089,1.855103,1.0103464,0.9307642,36.858646,297.2627,4.7637124,3.8176606,15.476964,253.32733,1.8846003,2.2299013,0.58022535,1.2909217,1.7236766,1.6011858,0.47821447,0.0,0.0,0.0,1.0,0.0,0.0,0.00017091632
50.021812,0.63706774,2.7610536,64.03985,10.966729,2.3668275,1.3665872,19.99832,119.2596,298.2046,4.6036615,0.0765648,1.4335189,252.791,1.8822135,2.2267478,0.57718104,1.2858781,1.7198493,1.6030722,0.488114,0.0,0.0,0.0,1.0,0.0,0.0,0.00042626262
1250.9124,0.66126275,2.248268,56.618763,9.243126,3.3799767,0.80949193,0.57326216,6.195198,298.39285,5.9260864,44.80937,106.81151,249.79744,2.0800145,2.5506797,0.6500493,1.3693353,1.7225431,6.32808,-0.33750165,1.0,0.0,0.0,0.0,0.0,0.0,0.0
0.59438735,0.046039164,17.945303,55.90625,41.50227,7.241585,1.7631054e-06,7.4941883,23.4994,297.77954,6.4947586,0.025189428,0.22352654,253.10057,1.8897344,2.2323072,0.5793901,1.2914945,1.726142,1.6063669,0.47572654,0.0,0.0,0.0,1.0,0.0,0.0,2.3335218e-05
2.717799,0.20879824,20.98331,67.20003,30.59439,6.6636853,0.0048861527,7.0889807,0.7289551,297.11462,6.4617863,0.6959989,3.1486495,252.81183,1.8866047,2.2247648,0.57918274,1.2914739,1.7257719,1.602374,0.48419732,0.0,0.0,0.0,1.0,0.0,0.0,3.707409e-05
156.5468,0.071804725,4.1673336,22.393484,2.6404788,0.8524045,0.3285729,1.0327362,44.114197,310.0246,6.115912,5.3619046,7.35577,248.41957,2.0741155,2.5427628,0.6475988,1.3667728,1.7201676,6.353592,-0.31905684,1.0,0.0,0.0,0.0,0.0,0.0,0.0
407.23392,0.18715842,1.1651912,37.326843,57.696312,2.0898957,3.1424298,0.008007745,8.44374,278.63864,9.412446,118.29604,202.89465,253.19487,1.8829386,2.235226,0.5830146,1.2872291,1.7284613,1.602514,0.4744682,0.0,0.0,0.0,1.0,0.0,0.0,0.0
4.178165,0.10664722,5.175421,87.14554,6.802263,0.92482567,0.64534533,20.0,35.95584,297.17004,5.610592,0.02499293,0.22190002,252.50298,1.8837572,2.218452,0.5773587,1.2875727,1.7221776,1.6175079,0.47328588,0.0,0.0,0.0,1.0,0.0,0.0,2.2351742e-05
526.056,0.36245167,3.5319939,36.972584,2.4245214,3.11349,0.5757788,3.959655,25.725412,297.29965,4.274618,22.102936,23.166065,249.8862,2.0772657,2.5484269,0.6498331,1.3677636,1.7195125,6.382993,-0.34017056,1.0,0.0,0.0,0.0,0.0,0.0,1.4901161e-07
24.565434,0.68404007,5.089296,65.59693,8.201029,2.4445026,1.6450949,20.0,7.1081076,297.57135,7.549168,0.06175598,7.4459605,248.90958,2.037071,2.2237184,0.58989286,1.479589,1.7645915,8.30846,0.533207,1.5735626e-05,0.0,0.0,3.2782555e-06,0.9999673,0.0,7.3075294e-05
17.456642,0.013201533,3.0903616,82.22029,11.690425,2.2750413,2.848081,0.084651895,33.68867,296.91006,3.7255776,195.52544,98.827675,252.85153,1.8859248,2.2305944,0.5798055,1.2872747,1.7198927,1.6012738,0.4674726,0.0,0.0,0.0,1.0,0.0,0.0,2.4855137e-05
1.0832734,0.04963563,18.094467,56.015015,41.558266,7.2359443,6.58226e-05,7.3946323,18.067543,297.7045,6.390378,0.03083429,0.24691933,253.16357,1.8888347,2.2302673,0.5795079,1.2920002,1.7256066,1.6089739,0.47896674,0.0,0.0,0.0,1.0,0.0,0.0,5.7548285e-05
797.3361,0.39858577,1.6052327,68.3738,23.806831,1.7923055,0.58972555,0.047127306,39.989037,297.32275,5.2548013,260.75995,285.20422,252.64348,1.873993,2.215398,0.57572114,1.2903194,1.7216072,1.623585,0.49697584,0.0,0.0,0.0,1.0,0.0,0.0,5.9098005e-05
75.52356,0.07554422,4.464734,20.35051,21.110409,1.5387428,4.790859,0.3508029,77.07838,303.30603,5.1638126,13.367979,30.560036,253.1767,1.8847255,2.228505,0.579664,1.2877645,1.7244502,1.6033592,0.48328528,0.0,0.0,0.0,1.0,0.0,0.0,3.489852e-05
1316.092,0.70946425,2.285382,56.034332,8.903319,2.9317706,0.37248862,0.07179316,7.13346,298.12988,4.2076726,104.26518,106.046196,249.75511,2.0775502,2.5495543,0.65022653,1.3681617,1.7208364,6.389868,-0.3384489,0.9999994,0.0,0.0,0.0,0.0,0.0,2.9802322e-07
182.03728,0.5496068,1.02,76.075424,18.21398,2.280538,0.36864212,9.857224,13.988533,297.95132,8.595707,0.025671741,0.24847277,266.32242,2.110362,2.6498399,0.6561029,1.4199516,1.8809413,1.9474516,0.21811244,0.0,1.0,0.0,0.0,0.0,0.0,0.00054833293
39.75551,0.124256134,3.2086,15.400873,7.1058517,0.5076135,0.89282304,0.38214657,0.56692225,311.76205,6.9733353,0.54337335,61.97674,252.66338,1.9620019,2.3002288,0.605853,1.3420765,1.711094,1.7292645,0.58675045,1.2844801e-05,2.9206276e-06,0.0,0.978155,0.0,0.007959574,2.0861626e-07
122.262764,0.13498554,3.5245726,17.526705,9.99036,0.72253937,0.7019487,1.1222587,53.873943,312.2695,6.9932523,19.660856,114.18345,253.01251,1.8810397,2.2241726,0.5799392,1.288873,1.7183753,1.6157091,0.4776339,0.0,0.0,0.0,1.0,0.0,0.0,0.0011422336
1287.2931,0.62636274,2.2943332,56.82425,8.613271,3.315165,0.6006165,0.1508688,6.5404563,297.87796,5.883211,46.449253,95.50416,249.70784,2.0789914,2.549658,0.6492958,1.3680981,1.7214355,6.4648533,-0.33458278,1.0,0.0,0.0,0.0,0.0,0.0,0.0
1306.1804,0.6169317,1.984077,63.252357,19.512327,1.7826774,0.39040267,0.0594367,27.772505,298.2843,4.762386,168.05908,269.69592,249.83688,2.0451965,2.481268,0.6371713,1.3645568,1.7214994,6.676645,-0.19482338,0.99278486,8.046627e-07,0.00053551793,0.005617678,9.7334385e-05,0.0011526644,5.7041645e-05
1.4859929,0.057367764,20.575825,57.841972,40.07579,7.345861,0.0013308508,7.4300056,58.407574,297.58835,6.3957686,0.027029367,0.23628293,253.16212,1.8890873,2.2324588,0.5798249,1.2920378,1.7258157,1.6149359,0.47559196,0.0,0.0,0.0,1.0,0.0,0.0,8.332729e-05
589.6021,0.37024024,2.6056628,45.74764,22.86962,2.584352,1.814194,0.2484574,24.231836,300.17056,5.100764,53.751614,104.888306,249.88808,2.080778,2.5531976,0.6508537,1.3674618,1.7180427,6.409339,-0.35080722,1.0,0.0,0.0,0.0,0.0,0.0,1.4901161e-07
59.336933,0.050164565,2.923112,14.154421,26.934048,1.2103298,0.5076777,0.4810829,64.54481,302.94922,4.940927,19.60723,29.582727,253.12418,1.884446,2.231587,0.5801101,1.290381,1.7223818,1.6027555,0.48456877,0.0,0.0,0.0,1.0,0.0,0.0,2.8014183e-06
111.27435,0.059122447,4.7977567,17.385323,2.2282474,0.77956873,0.22906119,1.0452309,45.239464,309.21402,6.0831513,1.8989617,2.5137908,248.11638,2.0729141,2.5424395,0.64676607,1.3652714,1.7197113,6.33644,-0.32063738,1.0,0.0,0.0,0.0,0.0,0.0,0.0
0.6187454,0.026169043,2.504162,66.21251,13.189898,4.362337,1.5912526,0.5827951,11.528539,297.91742,3.3869977,0.31066576,3.907033,248.14394,2.0432663,2.22743,0.5860741,1.4793421,1.7617365,8.3709955,0.5266533,0.0,0.0,0.0,0.0,0.99992603,0.0,8.523464e-06
152.53462,0.24537645,23.16057,71.61967,27.63873,6.5384865,0.32817268,7.7284746,18.649904,297.61212,6.328884,18.164932,31.95728,253.03438,1.8897555,2.2315006,0.58005697,1.2893398,1.7195411,1.6052265,0.474128,0.0,0.0,0.0,1.0,0.0,0.0,0.0018874407
1400.8667,0.7288079,1.8316091,61.4405,20.67707,1.4141518,0.09997043,0.02847971,42.200924,297.55194,4.983376,250.63394,350.1804,250.20027,2.0242805,2.4455252,0.6272904,1.3573449,1.7217274,6.157193,-0.09260595,0.9478477,1.1622906e-06,0.0007763207,0.03355065,0.00048714876,0.0024597943,3.9100647e-05
558.35803,0.12856358,3.6794763,92.59751,3.2026727,1.1044238,1.2997972,0.19736686,21.25374,297.87558,5.8946075,70.18914,143.47934,248.77963,2.0735993,2.5449922,0.64742106,1.3663199,1.7198006,6.4661093,-0.3328478,1.0,0.0,0.0,0.0,0.0,0.0,0.0
1276.7686,0.6960571,1.9888115,60.427982,20.961845,1.4079314,0.22416975,0.018772209,23.296518,297.9615,5.333319,239.88783,304.85693,249.709,2.077848,2.5470715,0.64984906,1.3717027,1.719448,6.4289255,-0.34610623,0.9995812,0.0,0.00025239587,8.806586e-05,5.9604645e-06,0.0009019971,1.0192394e-05
551.21454,0.21729389,2.747322,93.07825,1.9194124,0.9867543,1.0016187,0.22310041,13.607063,298.31024,5.210916,104.1891,149.99615,249.11551,2.0762439,2.5462992,0.64826167,1.3668711,1.7211801,6.4102683,-0.33449563,0.99999976,0.0,0.0,0.0,0.0,0.0,0.0
405.7643,0.094849415,2.2631943,50.874992,1.8429273,0.9545574,0.21015188,1.0089802,43.673,303.91895,4.993603,23.799896,23.276085,249.11119,2.0764477,2.5500264,0.6497124,1.3683059,1.7204156,6.435762,-0.3390294,1.0,0.0,0.0,0.0,0.0,0.0,0.0
56.842163,0.1044504,2.724807,13.051028,3.6422577,0.68119717,0.19112797,0.93971205,43.809025,292.24857,5.7515993,3.0974405,10.647613,255.1733,2.1088037,2.498364,0.6790964,1.3988506,1.6866906,2.2272432,0.71694803,0.0,2.3841858e-07,0.0,0.0,0.0,1.0,7.9363585e-05
306.76562,0.24750455,3.3199425,94.05279,1.4648961,1.5904517,1.1042682,0.037603915,14.282871,298.25656,4.978779,2.374559,5.02519,247.65768,2.0655801,2.540712,0.6449281,1.3622103,1.7149342,6.5239153,-0.33588699,1.0,0.0,0.0,0.0,0.0,0.0,0.0
217.84065,0.15012643,1.6685536,41.455948,38.133648,3.146162,4.518506,0.70614046,22.707935,301.49756,5.222675,22.180983,32.695286,172.30737,1.5001519,1.8209223,0.41032505,1.1902622,1.1986763,10.417128,-0.54926574,0.0,0.0,0.0,0.0,0.0,0.0,1.0
382.2249,0.3355669,2.7695632,93.7818,1.447861,1.3770012,1.0754596,0.14549938,9.571403,298.09708,4.7782674,10.639778,15.796915,248.98207,2.075544,2.5435276,0.6486687,1.3669448,1.716496,6.455023,-0.33931515,0.9999994,0.0,0.0,0.0,0.0,0.0,2.3841858e-07
1.2432245,0.07662328,22.200909,64.599594,34.411766,6.7567396,9.079993e-05,7.3788133,16.892382,297.90463,6.4500895,0.040748525,0.28047338,253.2907,1.8886511,2.2313583,0.5799939,1.2912271,1.7250392,1.6124494,0.4776009,0.0,0.0,0.0,1.0,0.0,0.0,0.000105232
9.216523,0.003148396,9.419875,73.17109,22.17954,2.9982545,4.708809,1.1403701,24.689852,298.0433,4.928555,0.8332798,4.906563,278.33,2.1299999,2.534418,0.59020096,1.53,2.0042999,2.7069414,0.76000005,0.0,0.0,1.0,0.0,0.0,0.0,0.0
67.973274,0.6413888,4.04124,71.909874,14.9408245,2.8718042,1.2673995,19.999968,16.367723,297.26782,6.9513087,0.27524248,2.7998226,253.01956,1.8826147,2.2254717,0.57858795,1.286162,1.720314,1.601453,0.47943118,0.0,0.0,0.0,1.0,0.0,0.0,0.006777495
10.802231,0.6362776,2.4202366,61.92555,3.7212949,1.633071,2.0892873,20.0,122.09682,296.77768,5.1850276,0.02499293,0.22204621,252.52301,1.8816676,2.2223735,0.5777768,1.2849619,1.7169532,1.6007329,0.47627896,0.0,0.0,0.0,1.0,0.0,0.0,0.0006581843
1202.344,0.7160488,1.1449671,63.06382,15.485326,1.1885982,0.081495434,0.060770717,107.59876,297.92633,5.204445,398.40945,404.61032,277.0474,2.1240292,2.508644,0.5853474,1.5242646,1.9866775,3.030969,0.7273168,7.82907e-05,0.0,0.99992716,0.0002579391,0.0,1.8626451e-05,9.775162e-06
59.01845,0.07861007,5.2817245,50.78231,26.483103,2.7041886,2.4924672,0.23166098,188.68063,297.70117,5.7034507,33.11565,33.749805,249.38712,2.0356672,2.2298768,0.5905354,1.4798695,1.7592329,8.380805,0.52999866,6.520748e-05,5.543232e-06,1.2814999e-06,6.201863e-05,0.99977875,1.1980534e-05,0.00040355325
56.47385,0.07617408,6.7695403,51.876255,22.143127,2.444891,2.3576317,0.29863456,198.20175,297.60226,5.7193966,29.474499,36.19746,249.41301,2.039358,2.2276227,0.590252,1.4815779,1.7610782,8.385836,0.5382069,1.7404556e-05,6.854534e-07,1.4901161e-07,1.4424324e-05,0.9998935,1.1920929e-06,0.00016179681
57.86317,0.5794956,54.231255,31.040955,44.038593,2.370063,6.3702106,0.2696211,87.737854,297.95346,4.6933084,18.525398,56.95791,248.59917,2.0413685,2.2287996,0.59060204,1.4785128,1.7645636,8.360304,0.524469,0.0,0.0,0.0,0.0,0.9998905,0.0,7.632375e-05
1503.3594,0.87231433,2.3795755,84.76824,11.3478775,0.72061574,0.84552807,0.042914946,144.37184,298.60648,5.732001,549.407,534.6391,252.86118,1.8864378,2.2269902,0.58008367,1.2883251,1.718609,1.6018269,0.48005113,0.0,0.0,0.0,1.0,0.0,0.0,2.476573e-05
322.2063,0.13986221,2.4020603,49.453384,1.8318484,1.3567994,0.26424396,0.92132604,42.970898,297.51248,4.6007934,12.968034,13.821814,249.62776,2.0761116,2.5484283,0.6500668,1.368804,1.7222366,6.3941717,-0.33895695,1.0,0.0,0.0,0.0,0.0,0.0,1.7881393e-07
1609.741,1.0476865,1.8616292,84.1936,10.862432,0.78592145,0.9204521,0.038841408,160.5732,297.57208,5.459724,498.13287,500.05057,253.08647,1.8871368,2.2318745,0.5806675,1.2872903,1.7200623,1.6039542,0.4724655,0.0,0.0,0.0,1.0,0.0,0.0,6.1780214e-05
58.600914,0.09946218,11.199756,56.54424,39.735634,1.4715036,2.3864846,1.1238924,38.9278,297.71243,6.8636665,15.106132,17.489658,252.955,1.887241,2.2295482,0.57931197,1.2885981,1.7234442,1.6050061,0.47973523,0.0,0.0,0.0,1.0,0.0,0.0,0.00038003922
16.03596,0.62256503,236.56715,75.772896,26.28239,6.2387447,0.33062693,8.320932,23.325386,298.34406,6.223789,0.16230953,0.9598513,256.31876,1.9260598,2.3504374,0.58937424,1.3024789,1.7725121,1.6279368,0.46161965,0.0,0.0017434657,0.00014671683,0.9997652,3.5762787e-07,0.0009415746,5.275011e-06
239.703,0.14439999,3.9184346,39.162624,2.9219368,1.1916964,0.13797621,0.8294119,46.33778,303.36328,5.040784,14.894378,16.667492,254.86952,2.1104538,2.5027263,0.6799922,1.3995833,1.6757408,2.242698,0.72290033,0.0,0.0,0.0,0.0,0.0,1.0,3.3080578e-06
42.10413,0.024816502,3.0676258,80.72304,14.071884,2.2405303,2.0722456,0.056200273,45.202454,296.697,3.7452652,183.92168,97.20723,253.06584,1.8854386,2.2317505,0.5804085,1.2869942,1.7196834,1.6032329,0.46877247,0.0,0.0,0.0,1.0,0.0,0.0,1.9818544e-05
22.744873,0.025220476,9.2988205,17.339985,12.44868,3.5082035,1.5729142,0.5423045,0.5566119,297.86002,9.188107,0.07879774,0.3443832,248.99365,2.0720341,2.5354886,0.6461141,1.3639747,1.7157139,6.3853397,-0.3007767,1.0,0.0,0.0,0.0,0.0,0.0,0.0
5.5045614,0.6495602,72.38821,26.865051,47.17146,3.15219,6.682007,1.088067,139.71445,298.37387,4.6935983,32.42744,54.164825,249.61273,2.0395968,2.2256024,0.5897689,1.4814005,1.7610617,8.488386,0.5335861,0.0,0.0,0.0,5.6028366e-06,0.99909806,2.682209e-07,9.9658966e-05
11.036474,0.19017391,16.585773,41.06368,29.76951,4.115861,5.530956,0.7605377,83.109,297.94528,5.874684,31.81358,58.98798,249.86348,2.0398831,2.2290022,0.5905122,1.4808469,1.7656658,8.360276,0.53473854,5.0365925e-06,1.0430813e-06,0.0,4.425645e-05,0.99928164,2.9206276e-06,0.0005210936
16.925333,0.14227529,10.403111,77.988815,14.471613,5.0983663,2.6852663,3.6385288,2.7478101,298.0727,8.124757,0.30995122,2.6843572,252.2069,1.8825077,2.22863,0.580004,1.282545,1.72384,1.6007525,0.46978784,0.0,0.0,0.0,1.0,0.0,0.0,0.0039491355
0.8220335,0.023911634,20.924032,56.97377,40.416008,7.076764,0.0022946817,7.156903,8.335607,297.26065,6.404796,0.026797142,0.23302986,252.8488,1.8940564,2.2391713,0.58219355,1.29599,1.7297231,1.6043948,0.46668035,0.0,0.0,0.0,1.0,0.0,0.0,1.6391277e-06
50.04079,0.17785305,3.3188767,71.767136,8.987357,2.6499758,1.8871243,19.99999,80.43043,296.98224,5.547524,1.4303132,25.651714,247.57158,2.0369554,2.2302876,0.58870554,1.4780042,1.7614118,8.389983,0.52303034,0.0,0.0,0.0,0.0,0.99998534,0.0,0.00021097064
3.125796,0.7163607,1.4465309,84.82832,3.9937303,0.843154,1.3644735,20.0,101.98531,295.53778,5.359618,0.02499293,0.22190002,251.70934,1.8803599,2.2209435,0.57532936,1.2810702,1.7172344,1.6002437,0.47940096,0.0,0.0,0.0,1.0,0.0,0.0,5.3346157e-06
397.94263,0.1716667,2.2005584,53.80371,3.4827223,1.7184036,0.71138424,1.5384808,44.8892,306.36047,4.975309,34.975647,32.081863,249.90042,2.0763724,2.5483804,0.64941424,1.3683928,1.7193456,6.3968153,-0.3418096,1.0,0.0,0.0,0.0,0.0,0.0,0.0
0.5090328,0.07013042,2.305545,83.634705,12.002288,1.830939,1.0365332,20.0,36.113678,296.69623,6.362991,0.02499293,0.22190002,252.42505,1.891101,2.2305508,0.5791422,1.292034,1.7246641,1.6228503,0.47370777,0.0,0.0,0.0,1.0,0.0,0.0,0.0003247559
11.23144,0.055194538,12.932384,48.941166,51.242382,4.3661585,3.3211234,2.4523818,29.83558,297.75192,4.789186,0.63428056,1.8744183,252.91458,1.8921669,2.2348247,0.58129746,1.2948911,1.728054,1.6214874,0.47480845,0.0,0.0,0.0,1.0,0.0,0.0,0.00014001131
297.9262,0.12557046,1.5990901,44.433342,1.412519,1.4333135,0.10090017,0.9139964,55.806347,301.63068,4.654164,14.171157,14.96468,249.43497,2.073995,2.5491142,0.64976996,1.3667625,1.7198917,6.445389,-0.33793712,1.0,0.0,0.0,0.0,0.0,0.0,0.0
140.57889,0.53186715,1.0203272,77.18533,17.892847,2.4313629,0.41072127,10.873905,41.941605,297.45486,6.5161324,0.030226931,0.40931648,265.02905,2.1019666,2.6449802,0.65428305,1.4264796,1.8608594,2.1018612,0.17250562,2.1755695e-06,0.9999999,1.7881393e-07,1.4901161e-07,0.0,1.4781952e-05,0.00042814016
130.9662,0.25721607,1.02,73.47201,16.161627,2.3525803,0.1855927,8.553153,59.00761,298.1529,8.946697,0.0251537,0.22237517,264.8976,2.1042404,2.649885,0.65583825,1.4149756,1.8663235,2.0128603,0.20298478,0.0,1.0,0.0,0.0,0.0,0.0,0.0
149.1992,0.031432655,3.4087317,81.07372,8.473749,3.41789,3.5656815,2.2302473,5.125154,298.13702,8.303688,0.72742075,3.0300407,252.50597,1.8779846,2.2354567,0.5795688,1.283436,1.7162678,1.6018658,0.45910618,0.0,0.0,0.0,1.0,0.0,0.0,0.0058477223
0.56485325,0.5236599,1.02,77.689125,17.560091,2.3313973,0.23188421,10.644497,36.01288,298.18353,6.604542,0.02499293,0.22679788,266.0006,2.1094522,2.6497474,0.65724,1.4205022,1.8798442,2.0037124,0.19986872,0.0,1.0,0.0,0.0,0.0,0.0,1.3828278e-05
48.07337,0.02776756,8.826666,71.22581,12.67528,3.1851282,1.2499127,0.7420766,19.780224,297.90527,4.117632,0.46611378,1.1042105,248.87349,2.0394988,2.2234473,0.58818555,1.4787974,1.7599534,8.398084,0.52761686,0.0,0.0,0.0,0.0,0.9999394,0.0,9.179115e-05
1.06876,0.0013445843,10.011365,49.557507,45.879997,2.41177,2.2402828,0.9423515,8.851826,298.27292,4.7609296,0.060648445,0.8951191,278.33,2.1299999,2.5354066,0.58971244,1.53,2.0042999,2.7448502,0.76000005,0.0,0.0,1.0,0.0,0.0,0.0,0.0
36.817017,0.016502498,1.0200684,54.584938,42.075573,3.2783904,3.3695211,2.3022435,37.60888,304.73105,6.7020864,6.3884296,6.1978455,172.20001,1.5,1.82,0.41000003,1.19,1.1969,10.43,-0.55,0.0,0.0,0.0,0.0,0.0,0.0,1.0
1433.8115,1.1644086,1.7411072,76.63561,7.0177345,4.8440657,1.2783451,20.0,12.434678,296.4813,5.5004725,342.33636,380.26447,249.20053,2.07684,2.5517173,0.64985573,1.3684719,1.719014,6.381672,-0.3390479,1.0,0.0,0.0,0.0,0.0,0.0,0.0
770.8519,0.343519,2.4493587,73.949585,19.338512,1.5183923,1.099439,0.033173487,62.445858,295.82022,4.447487,194.34103,194.52068,252.69014,1.8875465,2.2299144,0.5797659,1.287934,1.7177882,1.6034113,0.47406736,0.0,0.0,0.0,1.0,0.0,0.0,5.182624e-05
26.57487,0.0018650304,17.192875,72.15461,25.914728,1.4829649,3.952747,1.022138,10.215589,298.44012,4.9198456,0.17109837,6.134429,278.33,2.1299999,2.5358872,0.59237504,1.53,2.0042999,2.7892592,0.76000005,0.0,0.0,1.0,0.0,0.0,0.0,0.0
52.37926,0.25798866,17.603397,76.51476,17.681152,5.712463,3.018477,5.6004443,12.036033,297.74802,7.2957864,0.13106629,0.9256942,253.03667,1.8838,2.231723,0.58053,1.2890571,1.724423,1.6031064,0.46582282,0.0,0.0,0.0,1.0,0.0,0.0,0.0016897321
499.92242,0.5027243,1.5028034,59.575108,12.459429,2.8188634,1.0085727,0.31189665,88.97867,297.95703,6.6251493,313.1336,570.8334,249.0852,2.076449,2.556511,0.6497095,1.3661499,1.7173326,6.234652,-0.34972614,0.99995494,0.0,1.937151e-06,1.937151e-06,0.0,1.3411045e-06,2.3543835e-06
1330.311,0.7005177,2.1170135,56.8229,8.812449,2.7919152,0.42119324,0.10984504,6.734457,298.18106,4.381699,85.932945,124.260574,249.9843,2.0791512,2.5507262,0.65036947,1.3695416,1.7199165,6.404923,-0.3435875,0.9999997,0.0,0.0,0.0,0.0,2.0861626e-07,8.6426735e-07
14.108833,0.018359732,10.081324,66.72921,31.985596,1.5250561,1.6917078,0.75717795,34.72963,297.6158,5.2418995,22.285894,15.518925,252.94025,1.8861239,2.2298126,0.5797443,1.2887664,1.7231418,1.6066818,0.47895157,0.0,0.0,0.0,1.0,0.0,0.0,5.2660704e-05
422.29507,0.1562708,2.2686822,52.960224,1.9040169,1.7994962,0.40112147,1.2852051,51.059624,303.19727,4.768274,26.171612,27.009172,249.48251,2.0746174,2.5434988,0.6490737,1.3670907,1.7177318,6.407429,-0.3338664,1.0,0.0,0.0,0.0,0.0,0.0,0.0
90.2146,0.12998386,1.02,66.98927,21.34654,2.5368667,1.3122027,7.407441,11.112764,298.0264,9.10533,0.11711492,1.2063347,263.96173,2.103584,2.6479096,0.650802,1.4178746,1.8565837,2.3505375,0.2243479,1.1503696e-05,1.0,2.3841858e-07,0.0,0.0,2.0861626e-07,0.0009300411
662.6741,0.41826758,3.9877458,83.74678,7.6146684,1.4540759,1.4176537,0.23200178,24.489964,297.8038,7.089097,86.431335,145.7609,248.38235,2.0709004,2.5425339,0.6458434,1.3664895,1.7160501,6.3667464,-0.32665122,1.0,0.0,0.0,0.0,0.0,0.0,0.0
27.766788,0.008582345,3.7246587,68.6378,22.711395,3.6555786,5.319281,1.0525748,24.709377,298.2673,5.0940003,3.0371335,17.346615,278.32993,2.1299996,2.536238,0.59113073,1.53,2.0042984,2.6502876,0.76000005,0.0,0.0,1.0,0.0,0.0,0.0,0.0
0.5,0.0013009381,2.7656813,39.532238,50.06726,7.614927,2.9491835,0.62252593,5.972209,298.62054,5.068861,0.02551097,0.27875546,278.33,2.1299999,2.534404,0.58785903,1.53,2.0042999,2.7662554,0.76000005,0.0,0.0,1.0,0.0,0.0,0.0,0.0
2.6891782,0.009920416,15.1166525,61.825394,37.183422,2.5260053,1.0955061,4.6290684,15.822184,297.588,6.0822954,2.9148936,2.9673004,253.01979,1.887997,2.2296066,0.5801016,1.2904346,1.7235578,1.606545,0.47804883,0.0,0.0,0.0,1.0,0.0,0.0,3.5375357e-05
915.66095,0.56029814,3.8702989,59.424324,20.755922,3.0546498,1.621665,0.13418141,22.004879,299.13715,4.2834406,68.808495,96.76384,249.44034,2.0792687,2.5479105,0.6489025,1.3678739,1.7191315,6.4479465,-0.33482066,1.0,0.0,0.0,0.0,0.0,0.0,0.0
25.365189,0.11867135,2.2588024,58.047188,19.592163,4.316208,2.672521,1.6207869,11.991346,298.43066,7.8600874,9.603464,10.637158,278.30487,2.1298747,2.5361536,0.5908274,1.5299629,2.0039608,2.4659636,0.75975716,0.0,0.0,1.0,0.0,0.0,0.0,2.3841858e-07
1.2082099,0.102089055,12.683903,62.550205,29.193043,5.581031,0.0028056884,8.00033,12.027999,297.52893,6.5926414,0.04114152,0.39458632,253.2004,1.8913325,2.2330961,0.58070034,1.292908,1.7283522,1.6102638,0.47244623,0.0,0.0,0.0,1.0,0.0,0.0,4.8428774e-05
2.2673783,0.0016094238,3.5886927,42.123512,47.44741,4.204134,2.8637645,0.8770712,23.147478,298.13202,5.0986342,1.1982309,1.7720382,278.33,2.1299999,2.5374622,0.58871025,1.53,2.0042999,2.62698,0.76000005,0.0,0.0,1.0,0.0,0.0,0.0,0.0
83.216835,0.059880774,1.0435426,64.07722,37.073273,4.097659,2.5629578,1.2479415,41.150238,303.8867,5.9601026,9.558681,12.127956,172.20001,1.5,1.8200005,0.4100001,1.19,1.1969007,10.429967,-0.55,0.0,0.0,0.0,0.0,0.0,0.0,1.0
11.884641,0.26425478,24.767881,76.10213,24.473309,6.6796875,0.016523236,7.5387497,9.141552,297.8547,6.381489,0.6760454,2.4507217,253.19647,1.8873008,2.2303278,0.5785526,1.2882893,1.7205185,1.6045873,0.47673365,0.0,0.0,0.0,1.0,0.0,0.0,0.0007751882
0.6090022,0.0019584452,7.445412,37.592075,19.404766,4.471893,0.5216691,0.72204316,0.40022886,296.8304,9.311902,0.02499293,0.22190002,250.7062,2.078916,2.5388274,0.64834154,1.3700275,1.730194,6.0594544,-0.23338117,1.0,0.0,0.0,0.0,0.0,0.0,0.0
1573.8019,1.0062747,2.0344734,86.126236,9.351948,0.7608711,0.84810865,0.09596629,173.3109,297.066,5.4146113,533.6723,521.6494,253.13525,1.8875089,2.2290127,0.5805541,1.2879522,1.7208563,1.602844,0.4754111,0.0,0.0,0.0,1.0,0.0,0.0,3.8653612e-05
12.82821,0.82178473,3.674833,79.55705,14.062156,2.887707,0.6210518,20.0,4.844094,297.0185,6.9714637,0.033674583,4.776185,247.37279,2.0406682,2.2216713,0.5869433,1.4754813,1.7547535,8.332374,0.51580465,0.0,0.0,0.0,0.0,0.99999964,0.0,9.536743e-07
0.5826143,0.010670647,3.2250106,46.667374,43.713737,6.6813936,3.2888486,0.8803702,39.706413,298.5716,5.077037,10.423952,15.664435,278.32196,2.1299577,2.5298934,0.5887118,1.5299935,2.004199,2.7034132,0.7599579,0.0,0.0,1.0,0.0,0.0,0.0,0.0
70.89685,0.1826054,4.5631747,56.04851,40.806564,2.257161,4.4822617,0.3135089,8.895499,297.33133,7.075704,4.5209103,11.297604,252.7554,1.8852334,2.226926,0.57906824,1.2882022,1.7216088,1.6010611,0.48035333,0.0,0.0,0.0,1.0,0.0,0.0,0.00048398972
758.75696,0.36256343,6.8695493,65.50512,16.946405,1.7833067,1.6966833,0.16018488,67.11533,296.74503,4.197276,141.20601,157.91872,253.16486,1.8860506,2.229149,0.58003867,1.287639,1.7235845,1.603949,0.47541377,0.0,0.0,0.0,1.0,0.0,0.0,0.00026640296
56.091225,0.12920217,3.6904826,14.04447,5.7754045,0.63959235,0.3808907,1.1666499,22.164803,290.67456,6.0044484,2.1852953,44.584743,254.68297,2.0263155,2.3978212,0.6311462,1.3654308,1.6994078,2.071862,0.54841745,0.0002668798,0.00021618605,0.0,0.091061026,5.066395e-07,0.91664463,0.00060355663
0.5,0.0013060729,1.8946408,41.025444,50.23442,7.750827,3.00142,0.68568873,6.828537,298.60886,5.052606,0.03053061,0.47540113,278.33,2.1299999,2.5348268,0.5855778,1.53,2.0042999,2.6777685,0.76000005,0.0,0.0,1.0,0.0,0.0,0.0,0.0
20.401325,0.010788996,2.7602847,84.76108,12.722843,2.8302588,1.6538942,0.08596684,44.375114,297.73804,4.1425433,224.88841,71.26593,252.90988,1.8828173,2.22719,0.57869685,1.2871547,1.7184398,1.600668,0.4757451,0.0,0.0,0.0,1.0,0.0,0.0,4.130602e-05
1588.874,0.91835326,1.5455654,82.816765,12.859584,0.75912887,1.1088076,0.023670347,117.821175,297.79758,4.961234,493.95578,490.81802,252.99373,1.8878894,2.2312036,0.58092356,1.2873077,1.7203425,1.6012769,0.46608075,0.0,0.0,0.0,1.0,0.0,0.0,3.5107136e-05
574.63934,0.3919849,2.639245,50.452568,20.48533,2.615321,1.2906972,0.14423865,16.488552,304.07843,4.8472853,61.56387,56.414482,248.47058,2.0724022,2.544081,0.6453087,1.3674073,1.7217324,6.416575,-0.32783455,1.0,0.0,0.0,0.0,0.0,0.0,0.0
10.827198,0.008194516,3.503222,83.43745,13.546041,2.905108,2.0391228,0.074558906,30.048235,297.66135,3.982907,166.40485,76.84864,252.91753,1.8849485,2.2304387,0.57997346,1.2871441,1.7198234,1.6038495,0.4730308,0.0,0.0,0.0,1.0,0.0,0.0,3.72231e-05
822.2167,0.4020812,6.651218,67.43535,11.859576,1.1853824,1.9122753,0.042242873,46.205536,295.66278,3.6139412,218.02794,192.83946,253.14272,1.8831553,2.2307148,0.58029485,1.2862825,1.7217108,1.6015338,0.4762322,0.0,0.0,0.0,1.0,0.0,0.0,5.6177378e-05
18.62258,0.20566544,12.301991,44.570847,45.150803,0.6739902,1.1345766,0.15467006,1.5219911,296.96384,3.9200423,4.729555,5.915158,253.09146,1.8941066,2.2357688,0.5819063,1.2968671,1.7312584,1.602146,0.46525222,0.0,0.0,0.0,1.0,0.0,0.0,0.0
12.864342,0.1248184,12.009622,52.92092,23.478645,3.6139297,3.0254965,1.5272158,54.175064,297.8868,5.7582073,47.1022,76.50668,248.87906,2.037298,2.227412,0.59005386,1.479064,1.7645243,8.426261,0.5349577,0.00019475818,9.745359e-06,1.4007092e-06,0.00012791157,0.9997187,4.529953e-06,0.00016823411
157.57603,0.30237713,2.215439,35.95615,18.48179,0.5931335,1.0364739,0.05965536,15.909767,281.84906,9.150501,34.44848,6.665683,256.4605,2.1157303,2.5023754,0.6798359,1.3958737,1.6740708,2.4541848,0.73159593,0.0,0.0,0.0,0.0,0.0,1.0,2.4735928e-06
445.44263,0.37712607,1.8333066,48.311977,9.233561,1.7083479,0.4635113,0.47226372,51.410553,297.20236,6.2318883,180.23225,480.26315,248.62741,2.0778985,2.5551765,0.64901,1.3614372,1.7084945,6.3324213,-0.3712537,0.999741,0.0,2.9295683e-05,8.9883804e-05,0.0,2.8312206e-06,2.6196241e-05
504.89938,0.18173316,2.7787046,88.33895,6.78557,2.5723836,0.8771341,0.3341596,61.219418,298.0219,4.904855,0.95818126,2.708152,252.9177,1.8859953,2.2296097,0.5798208,1.2901127,1.7211138,1.6036044,0.4768343,0.0,0.0,0.0,1.0,0.0,0.0,0.00029185414
1620.5864,0.9129487,1.2827446,74.602905,20.399946,1.1654192,1.0103655,0.1155362,18.500124,296.8914,5.319381,271.15073,366.25165,265.51877,2.0605564,2.3050842,0.510699,1.4633365,1.8722055,4.74223,0.40303984,0.00013002753,1.847744e-06,0.9835088,0.00014194846,4.4703484e-07,0.0029442012,0.31708723
425.60583,0.005045622,1.0560713,71.52552,8.79443,3.6209183,1.026914,0.28719565,253.90443,278.55185,5.6978006,333.79706,390.85516,252.6548,1.886172,2.2344604,0.58226895,1.2872006,1.7175691,1.6007382,0.46927607,0.0,0.0,0.0,1.0,0.0,0.0,1.3113022e-06
3.1556346,0.034799088,2.940809,65.7842,27.073832,3.4744754,0.6283155,0.4497958,35.19599,298.151,4.359941,544.6584,567.42114,254.01025,2.1118386,2.5066812,0.67989826,1.3959256,1.6809685,2.1820495,0.7097517,0.0,0.0,0.0,0.0,0.0,1.0,0.0
1.3881549,0.19729452,2.304,80.4303,8.85452,1.3106428,0.9980252,20.0,20.599829,296.83566,6.5408964,0.02499293,0.22190002,252.66481,1.8869063,2.2198372,0.5781126,1.2884759,1.721214,1.6062018,0.47308847,0.0,0.0,0.0,1.0,0.0,0.0,0.00010085106
117.95688,0.080865405,4.7922,34.439728,22.110184,1.3252546,5.444111,0.10523825,73.79504,298.82608,4.5242443,20.418356,40.838737,253.28586,1.8795812,2.2261956,0.5786272,1.286943,1.7174511,1.6004897,0.47604334,0.0,0.0,0.0,1.0,0.0,0.0,4.7832727e-05
39.50117,0.077481,10.470611,52.785835,35.163376,0.87688226,0.90484273,2.5231774,70.950294,297.32788,5.4912972,0.45696768,0.9763177,253.38855,1.888411,2.2298832,0.5805574,1.2920679,1.7267017,1.6026232,0.4848677,0.0,0.0,0.0,1.0,0.0,0.0,5.066395e-07
3.8152301,0.0014292599,9.63281,50.75019,45.63135,1.4176869,2.243858,0.90394753,10.580407,298.45898,4.9162416,0.25789702,5.544839,278.33,2.1299999,2.5335927,0.5912901,1.53,2.0042999,2.7411418,0.76000005,0.0,0.0,1.0,0.0,0.0,0.0,0.0
1211.4619,0.72711813,1.4852283,61.082756,21.587929,1.3799958,0.13685107,0.019303074,38.84682,297.94455,4.8832164,303.59375,387.0129,249.74951,2.078817,2.5507011,0.65108335,1.3686132,1.7208366,6.3458915,-0.34691533,0.99973285,0.0,8.228421e-05,3.144145e-05,8.6426735e-07,0.0002835095,8.6426735e-06
181.97993,0.09599024,3.165465,81.80363,15.675884,2.58128,1.0822775,0.1003282,48.51214,297.5752,4.5266876,148.80568,150.00925,253.19987,1.8870716,2.230778,0.5804019,1.2887822,1.7220067,1.6062005,0.4733997,0.0,0.0,0.0,1.0,0.0,0.0,0.000104248524
4.361053,0.007242398,4.236873,68.87326,22.78223,5.449579,5.0908732,0.84680176,36.947647,298.08594,4.9626155,5.376178,21.960278,278.32996,2.1299996,2.535078,0.589811,1.53,2.004299,2.6666873,0.7599999,0.0,0.0,1.0,0.0,0.0,0.0,0.0
407.99084,0.0845662,3.808584,52.14916,1.8985449,0.94771,0.2378006,1.093315,41.66791,296.451,4.720653,13.134825,14.0320015,249.49127,2.075945,2.5507994,0.6502224,1.3678222,1.7193182,6.405448,-0.33755276,1.0,0.0,0.0,0.0,0.0,0.0,0.0
1033.9148,0.68015873,1.1537738,57.2965,18.711609,1.5424647,0.08935741,0.04509024,69.32895,297.80545,5.554843,316.3325,462.2303,274.56424,2.1200027,2.5374682,0.6097815,1.5128349,1.9575573,3.7301688,0.59582484,0.013450444,0.0,0.9884463,7.131696e-05,0.0,1.7285347e-06,0.0
7.0444965,0.0040254174,2.8822682,90.98501,8.70488,2.2657847,0.8847319,0.04684549,8.374607,297.81802,4.04521,23.709347,289.08228,253.50406,1.8889023,2.2342513,0.5797236,1.291103,1.7212831,1.6085212,0.4713785,0.0,0.0,0.0,1.0,0.0,0.0,1.1920929e-06
1101.5923,0.5911762,3.0839298,69.17553,13.8463,1.756141,0.27855977,0.049253747,53.66744,298.4539,4.9958205,305.0734,361.08685,249.94911,2.0083134,2.4216828,0.6248778,1.3407357,1.7164538,5.775072,-0.020552458,0.866797,8.34465e-07,0.0054438114,0.1088205,3.120303e-05,0.0010754764,7.972121e-05
481.13892,0.13844836,2.3607445,70.8459,2.7918296,1.3168387,0.6920959,0.18515816,53.59442,297.82416,5.1475596,53.781982,57.86438,249.15317,2.0722902,2.5422206,0.6478805,1.3666431,1.7172265,6.456839,-0.33546215,1.0,0.0,0.0,0.0,0.0,0.0,0.0
1.8973392,0.01258155,19.211788,6.199023,2.361256,0.61282426,0.0907776,1.4601588,34.69356,300.16364,6.1902404,0.02581465,0.22244827,246.37042,2.0681188,2.5367687,0.64284354,1.3602906,1.7221818,6.363549,-0.30108368,1.0,0.0,0.0,0.0,0.0,0.0,0.0
1310.1704,0.8066442,2.3876438,62.97294,19.134472,1.1842672,0.5165247,0.4761466,64.33213,297.93008,4.9750085,390.09293,420.91595,278.32977,2.129999,2.5333025,0.59014,1.53,2.0042968,2.6799357,0.7599994,0.0,0.0,1.0,0.0,0.0,0.0,0.0
1344.1819,0.9724779,1.9387348,81.954666,9.918557,1.1246544,0.92657214,0.21820466,169.71281,297.98972,6.0073667,440.34464,453.754,253.21432,1.8883841,2.232066,0.58053905,1.289298,1.7231661,1.6115294,0.47985068,0.0,0.0,0.0,1.0,0.0,0.0,4.145503e-05
2.7508852,0.006799073,16.25657,56.587753,40.393356,1.5474877,2.117179,2.0720894,53.707096,297.60446,5.5879407,1.7284905,1.5373244,253.19292,1.8894222,2.232793,0.5802857,1.2909262,1.7247336,1.6078842,0.47917876,0.0,0.0,0.0,1.0,0.0,0.0,1.1146069e-05
0.672739,0.0075754714,3.9417186,70.27563,20.547272,5.2525125,5.0117955,0.80465907,20.050163,297.79398,5.017392,3.2238426,7.955119,278.3265,2.1299784,2.5329466,0.5903633,1.5299971,2.0042403,2.670094,0.7599845,0.0,0.0,1.0,0.0,0.0,0.0,5.1915646e-05
534.0529,0.40841356,3.3873127,90.66326,2.569447,1.2543104,1.1279905,0.40371782,19.780378,298.06293,4.8986874,82.60498,116.282936,249.60739,2.079687,2.550726,0.6498285,1.3680437,1.7189846,6.3809404,-0.33874515,0.9999994,0.0,0.0,0.0,0.0,0.0,5.9604645e-07
6.46985,0.015720224,1.02,36.01652,51.844208,2.1687372,2.1359966,6.043022,8.721284,298.6612,8.111121,0.026868595,0.26331258,265.252,2.1113389,2.6499412,0.65779316,1.4208869,1.8946552,1.8756737,0.2097414,0.0,1.0,0.0,0.0,0.0,0.0,0.00016570091
58.06727,0.12222377,7.5292387,44.893642,54.510674,3.4798207,3.157461,1.4740804,15.732287,296.897,4.6940174,15.520118,29.42766,253.20041,1.8882874,2.2326446,0.5808978,1.290667,1.7281849,1.6240132,0.48191056,0.0,0.0,0.0,1.0,0.0,0.0,0.0004247427
5.474114,0.7283849,127.17495,73.96443,23.274391,4.430985,0.27502006,9.271276,22.479702,297.7716,6.482033,0.036193334,0.37744382,259.29807,2.0274303,2.5260983,0.62439066,1.3691088,1.8026767,1.9257493,0.30456728,6.67572e-06,0.83443606,1.8447638e-05,0.19621107,9.834766e-06,0.0016585588,0.00018426776
400.99826,0.08231304,2.344037,53.848713,2.1883729,0.9693832,0.32452717,0.875798,40.494514,290.94528,4.704052,17.424793,21.159128,249.23857,2.07505,2.5503335,0.649509,1.3685269,1.7192718,6.435858,-0.33737126,1.0,0.0,0.0,0.0,0.0,0.0,0.0
54.493237,0.025575472,5.022512,68.54743,23.358644,3.0234876,4.714039,1.0021278,31.680721,298.11432,5.0755105,11.333846,14.965264,277.3768,2.1236818,2.5275936,0.5915025,1.5259855,1.9902983,2.4486077,0.7466369,2.2053719e-06,0.0,0.99999774,2.9355288e-05,1.8179417e-06,0.000826478,8.505583e-05
656.11676,0.0051650074,1.0369966,74.598366,6.4263854,2.4035792,0.8349888,0.2162653,222.95918,311.10883,5.845167,399.76486,459.3454,253.18315,1.8894893,2.2240324,0.5794415,1.2871016,1.7164977,1.6002961,0.4758461,0.0,0.0,0.0,1.0,0.0,0.0,1.7881393e-07
0.8773465,0.13222526,20.191181,71.302,28.262646,6.5754848,1.0284782e-05,7.165637,6.946921,297.68207,6.436182,0.028708534,0.25486922,253.39682,1.8879622,2.2260373,0.5801049,1.2911407,1.7219132,1.6116723,0.48001954,0.0,0.0,0.0,1.0,0.0,0.0,8.9257956e-05
380.80484,0.11012104,3.5286753,55.650494,2.950918,1.0589074,0.22188799,0.91753846,42.214336,303.19818,5.164109,11.189599,17.217314,255.58151,2.1076655,2.502678,0.6799672,1.3986628,1.6826001,2.201095,0.7106774,0.0,0.0,0.0,0.0,0.0,1.0,1.3649464e-05
546.53406,0.021050045,1.1236166,74.88943,7.175109,2.8822277,0.92045563,0.22532336,247.07542,309.18643,6.2233863,384.37457,434.0072,252.75836,1.8870587,2.2280667,0.58055425,1.288031,1.7176524,1.6009269,0.4754312,0.0,0.0,0.0,1.0,0.0,0.0,3.0696392e-06
76.99133,0.049312133,8.804051,73.0742,22.31065,2.0311084,1.5128359,0.501677,75.5472,297.6118,4.826487,34.85639,31.375128,253.12868,1.8870934,2.2314227,0.58021086,1.2897635,1.7226295,1.6055942,0.47618437,0.0,0.0,0.0,1.0,0.0,0.0,9.405613e-05
359.1079,0.18964893,1.5649445,37.53873,57.684525,2.3515027,3.1261187,0.008431365,13.185293,279.70392,8.726295,121.026115,202.79085,252.79533,1.8860432,2.2349927,0.58404005,1.2903119,1.731395,1.6057897,0.47532654,0.0,0.0,0.0,1.0,0.0,0.0,0.0
0.5072059,0.0013014813,13.616947,50.005527,49.871056,2.2031932,2.413187,1.0626898,3.2630994,298.40268,4.922848,0.051984653,2.5111775,278.33,2.1299999,2.536292,0.58660984,1.53,2.0042999,2.7905269,0.76000005,0.0,0.0,1.0,0.0,0.0,0.0,0.0
1278.7549,0.63248074,4.2515635,71.371994,11.700225,2.6775596,0.8156252,0.08683672,16.230389,297.95398,4.6731586,76.02515,129.97139,249.3996,2.0772839,2.5493438,0.6491336,1.3682734,1.7204295,6.4045305,-0.3363188,1.0,0.0,0.0,0.0,0.0,0.0,0.0
261.8752,0.15082708,4.0668683,39.515663,2.092648,1.0216805,0.08970592,0.65834945,35.722054,295.5982,5.202893,5.251598,7.3655477,255.48222,2.1110346,2.5072825,0.68,1.3942575,1.6739756,2.2861116,0.7214598,0.0,0.0,0.0,0.0,0.0,1.0,0.0
354.54605,0.17713541,4.8402977,49.868694,1.3528429,1.3918357,0.18498062,1.0985789,113.22139,304.90378,6.298652,7.7792807,3.9526305,254.12085,2.1094496,2.516946,0.68,1.3867209,1.6707318,2.1936443,0.7391379,0.0,0.0,0.0,0.0,0.0,1.0,0.0
568.7417,0.1362698,2.0984945,92.4348,2.1517067,0.9365478,1.0982492,0.31427392,17.724764,297.9952,5.600338,145.63837,215.55637,249.07434,2.0755122,2.544311,0.6487241,1.367306,1.720202,6.4495254,-0.33257404,1.0,0.0,0.0,0.0,0.0,0.0,0.0
631.9922,0.29929164,3.8045957,66.29307,18.588062,2.290267,1.0383518,0.40834248,127.40252,296.8998,4.5643063,236.26791,228.34857,253.1158,1.8870362,2.230935,0.5802199,1.2881948,1.720047,1.6021748,0.47416452,0.0,0.0,0.0,1.0,0.0,0.0,0.00029081106
152.84103,0.57964206,59.026592,31.863018,45.35075,3.0408733,6.081782,0.95878744,121.50062,297.84854,5.011995,60.80049,75.94089,249.132,2.043787,2.2285752,0.5882165,1.4815466,1.7657365,8.399017,0.53592676,1.7881393e-07,0.0,0.0,1.7136335e-05,0.9995848,9.834766e-07,0.0010764301
0.7547444,0.004754862,2.4472425,41.956703,47.01725,6.913781,3.2961586,0.9772325,32.0181,297.86478,5.130416,1.4888697,2.1105576,278.3292,2.129995,2.5309603,0.5879486,1.5299995,2.0042903,2.660719,0.7599964,0.0,0.0,1.0,0.0,0.0,0.0,0.0
214.37207,0.16586547,3.316464,58.130894,36.01645,2.075911,4.5146956,0.49779472,26.90285,297.36545,6.9107194,32.341873,33.48147,252.89032,1.8839194,2.231161,0.57895947,1.2867768,1.7220951,1.6005172,0.47302997,0.0,0.0,0.0,1.0,0.0,0.0,0.00078240037
0.871663,0.051745705,3.1458805,68.6531,9.355031,2.6828003,1.5305885,19.999746,112.187775,296.50763,7.159259,0.02499293,0.22476928,252.91489,1.8960657,2.232921,0.5813899,1.2962996,1.7250633,1.6065389,0.4739391,0.0,0.0,0.0,1.0,0.0,0.0,6.3210726e-05
50.942444,0.20478018,30.50541,72.72002,26.33185,6.730364,0.338441,7.4145246,21.83107,297.829,6.372978,1.9984434,4.804859,252.97992,1.886847,2.2298274,0.5797416,1.2887385,1.723328,1.6089274,0.478489,0.0,0.0,0.0,1.0,0.0,0.0,0.0011589229
33.3122,0.21151033,25.269697,73.6066,25.384165,6.559574,0.015857957,7.470284,14.131161,297.9359,6.417085,6.0287666,11.583526,253.33255,1.8893615,2.2315085,0.5801653,1.2891586,1.7220356,1.6121589,0.4740371,0.0,0.0,0.0,1.0,0.0,0.0,0.00081667304
0.5878919,0.7952846,256.1178,71.89114,28.088507,7.1741776,0.00010490477,7.513743,7.712542,298.0458,6.436838,0.025439516,0.23229884,252.83127,1.8794695,2.2231445,0.5782812,1.2868545,1.7312526,1.6422487,0.47471675,2.9802322e-07,1.6570091e-05,4.172325e-06,0.99996936,1.1324883e-06,0.0001630187,0.00010553002
49.402,0.10352044,14.765583,56.906963,24.32264,1.6662326,0.26797763,4.2140384,165.2595,297.28882,5.812103,0.47865394,0.97185844,253.0595,1.8876768,2.2305841,0.5806518,1.2906153,1.7256597,1.6011927,0.4798524,0.0,0.0,0.0,1.0,0.0,0.0,7.0035458e-06
34.504425,0.8405613,4.9467306,78.553444,10.675262,2.110334,0.88271606,20.0,43.809536,297.14264,5.8505855,0.03903363,1.1927742,248.17767,2.0426426,2.2284846,0.58986115,1.4793257,1.7572848,8.368094,0.5231844,9.23872e-07,0.0,0.0,4.7683716e-07,0.9999758,0.0,5.2303076e-05
2.9092126,0.003301355,2.9128745,66.30828,23.277872,6.1595235,5.3403625,1.0001788,42.702282,298.02267,5.065633,1.6936209,3.0402203,278.32993,2.1299994,2.5391567,0.5906031,1.53,2.004299,2.6850796,0.7599998,0.0,0.0,1.0,0.0,0.0,0.0,0.0
57.948524,0.24467683,27.766134,73.84934,25.469654,6.6172705,0.08380951,7.354699,15.750595,297.95605,6.401943,3.4587831,7.927523,253.2515,1.8878919,2.2306948,0.57952225,1.2885495,1.722627,1.6106454,0.4740829,0.0,0.0,0.0,1.0,0.0,0.0,0.0012093484
258.9223,0.14645264,1.0259979,35.42783,34.430527,2.1761866,2.0244417,1.8047855,27.966017,301.56946,5.6816173,18.897638,22.443575,172.20001,1.5,1.82,0.41000003,1.19,1.1969,10.429998,-0.55,0.0,0.0,0.0,0.0,0.0,0.0,1.0
9.0892515,0.04783014,1.02,35.099293,46.369976,2.7494135,2.4651513,6.550037,15.155732,298.64587,7.724893,0.07165235,0.6208203,264.2784,2.1039996,2.6491206,0.6522227,1.4196222,1.8757118,2.1214309,0.22468552,0.0,1.0,0.0,0.0,0.0,0.0,0.00026628375
130.58246,0.28536782,5.4715123,35.616978,48.868237,1.0272493,1.341656,0.12954603,1.7841473,297.1527,6.8680873,41.528328,59.709797,252.60922,1.8887502,2.2304606,0.58055586,1.2922437,1.7298793,1.6061826,0.48513258,0.0,0.0,0.0,1.0,0.0,0.0,7.1525574e-06
10.270312,0.14937125,35.918686,76.19316,22.685768,6.6383557,0.004407176,7.5102005,14.408156,297.85724,6.497657,0.050609168,0.35776097,253.2197,1.8886725,2.2300289,0.57990026,1.2898569,1.721844,1.6074284,0.4756283,0.0,0.0,0.0,1.0,0.0,0.0,0.0003914237
345.72195,0.07069925,1.5080022,36.139866,3.6082988,0.6160565,0.2615035,0.9269749,18.409023,283.92795,4.450947,5.920621,4.945801,254.02087,2.1021183,2.4948592,0.67976344,1.3990883,1.6794491,2.5776544,0.66613644,0.0,0.0,0.0,0.0,0.0,1.0,0.0
19.925024,0.07888612,5.554098,86.30127,11.442438,1.0336719,0.071230635,19.999552,28.13042,297.85126,6.315323,0.07551086,0.6334305,246.73553,2.0299833,2.215465,0.5835759,1.4785408,1.7696413,8.333132,0.54941636,0.0,0.0,0.0,0.0,0.99999446,0.0,2.5689602e-05
175.56252,0.23116647,9.272515,46.77379,27.760296,2.5881393,4.5668225,0.8287321,134.88031,298.12668,5.2145586,70.23071,57.615574,249.65845,2.0288787,2.234352,0.5922383,1.470074,1.7575521,8.272798,0.5196269,0.0019787252,0.0008842647,0.00016766787,0.003757745,0.9987383,0.0021744072,0.0005246401
1.1487356,0.08013082,1.02,38.110806,52.024006,2.1437216,2.180616,6.127048,24.41132,298.04257,7.7916603,0.95880646,8.224154,261.79474,2.1057107,2.647999,0.6548941,1.4263159,1.8598077,2.712757,0.2088132,0.0,1.0,0.0,0.0,1.1324883e-06,1.4215708e-05,5.1259995e-05
7.9116426,0.0044392664,14.932095,50.1943,47.274567,1.7157772,2.1892989,0.9520167,20.170322,298.33743,4.8207455,6.745021,15.247678,278.33,2.1299999,2.5327663,0.5901285,1.53,2.0042999,2.604812,0.76000005,0.0,0.0,1.0,0.0,0.0,0.0,0.0
40.539433,0.17799461,5.7246585,38.594948,34.53967,1.9240327,3.6633906,0.25372195,133.28839,297.8806,6.1402483,86.89425,90.74961,249.11546,2.02239,2.2440677,0.59381384,1.4678254,1.7585597,8.422514,0.49201918,0.0033361614,0.00017160177,1.4483929e-05,0.0014925003,0.99956906,9.864569e-05,0.00056934357
175.72855,0.08570045,3.1278486,30.10728,2.4707012,0.9152554,0.23199792,1.0795304,37.73595,290.0148,5.4051223,3.8052275,6.170267,248.60635,2.073192,2.5530152,0.6490612,1.366948,1.7195829,6.402486,-0.33594543,1.0,0.0,0.0,0.0,0.0,0.0,0.0
35.276474,0.095641166,2.6849604,14.382812,3.8191824,0.5682215,0.19747986,0.6835784,10.211775,310.7279,6.5568995,0.96100366,4.6384783,255.28223,2.1052682,2.4836931,0.67938405,1.3971909,1.6941868,2.3509982,0.7122907,0.0,0.0,0.0,0.0,0.0,1.0,6.2584877e-07
712.36505,0.3933411,3.598801,85.63998,6.3925614,1.3819543,1.824877,0.22360209,40.100243,297.82355,7.051739,112.39507,200.5888,248.82368,2.075045,2.5448387,0.64767736,1.3674275,1.7195486,6.4609203,-0.3338002,1.0,0.0,0.0,0.0,0.0,0.0,0.0
27.162405,0.15880845,10.768483,44.13292,44.88155,0.77098507,1.2609142,0.5384437,9.272237,297.2056,5.1433487,1.7869755,3.1847255,253.0845,1.8919615,2.2332282,0.5810792,1.2947018,1.72801,1.6076894,0.47238633,0.0,0.0,0.0,1.0,0.0,0.0,4.7683716e-07
68.14947,0.093091175,5.074354,57.10228,19.24049,3.1600409,2.1629727,0.62657684,190.25296,297.47293,5.156872,20.730556,32.573753,249.14394,2.035325,2.230144,0.5908255,1.4796597,1.7616848,8.509817,0.5288678,7.724762e-05,2.7924776e-05,3.4868717e-06,9.948015e-05,0.9997963,1.7672777e-05,0.0005786121
9.449447,0.008951215,10.68917,59.464226,17.790121,3.5307403,2.3643413,1.5322564,1.2401679,297.78976,8.881946,0.06729366,0.31346086,250.40016,2.0789473,2.5486622,0.6498493,1.3696325,1.7237564,6.299986,-0.30153775,1.0,0.0,0.0,0.0,0.0,0.0,0.0
1363.1122,0.80610937,2.622081,75.09527,16.496895,0.8134092,0.38504487,0.037758227,103.38033,298.82498,5.101178,516.51776,518.36255,253.14687,1.8883802,2.2282696,0.58113337,1.2890809,1.7206701,1.60819,0.47282237,0.0,0.0,0.0,1.0,0.0,0.0,4.4494867e-05
118.33615,0.39553034,5.9473433,60.56156,8.574874,2.2957726,1.9993333,19.951155,70.16658,297.34088,5.6571565,0.2667573,2.3203068,253.10532,1.8871697,2.2281723,0.579745,1.289087,1.7218095,1.6040298,0.48285556,0.0,0.0,0.0,1.0,0.0,0.0,0.0016172528
2.028974,0.036609266,23.558405,58.536087,40.022236,7.2395606,0.17716153,7.129611,7.27579,297.2241,6.3340397,0.044821396,0.3245907,252.84962,1.890272,2.2362564,0.5818479,1.2941873,1.7311798,1.6034461,0.47208628,0.0,0.0,0.0,1.0,0.0,0.0,9.834766e-07
72.34676,0.0104526635,6.0905023,69.44733,22.335115,3.1172104,5.2202177,1.0147487,35.07906,298.0992,4.8961854,7.3400173,17.70224,278.32996,2.1299999,2.5335472,0.58986586,1.53,2.0042996,2.625361,0.76000005,0.0,0.0,1.0,0.0,0.0,0.0,0.0
1260.4822,1.2423031,1.6665745,57.064552,43.078056,7.594567,0.72309005,0.02061862,15.940627,300.5703,4.844777,95.05015,406.3402,252.44286,1.883245,2.230342,0.58016616,1.2904853,1.7219999,1.6063813,0.48386815,0.0,0.0,0.0,1.0,0.0,0.0,3.1739473e-05
493.85474,0.2759156,4.131179,48.164143,3.6570375,2.4059024,0.41864586,2.067581,24.603329,301.97217,4.5916047,17.170115,23.66775,249.70938,2.076153,2.5476055,0.65020216,1.3682737,1.7219442,6.361617,-0.33954653,0.99999976,0.0,2.9802322e-07,0.0,0.0,0.0,1.3709068e-06
301.50208,0.30224293,3.7703738,86.62333,10.200723,3.709062,1.9147301,1.4960657,20.055456,297.75934,5.534977,1.6622348,5.3762097,253.15419,1.8804522,2.2288938,0.58018184,1.2885228,1.7217349,1.6073315,0.47535053,0.0,0.0,0.0,1.0,0.0,0.0,0.00081926584
95.134415,0.18704048,5.3042626,45.568584,44.80757,1.6691892,3.0075774,0.44728747,6.5205865,297.27548,7.030312,4.725197,12.125671,252.92845,1.8865315,2.228287,0.5791221,1.2882854,1.7250386,1.6039034,0.48295492,0.0,0.0,0.0,1.0,0.0,0.0,7.966161e-05
1171.1261,0.5729279,5.6314774,50.163692,21.511086,1.8721336,0.30218568,0.6257016,13.21446,298.50497,5.223734,80.72651,121.10061,177.91718,1.5306364,1.8707087,0.43105057,1.2013363,1.2492821,10.008087,-0.529084,0.00023698807,0.0,0.0,3.415346e-05,5.275011e-06,5.6624413e-06,0.998193
411.76846,0.116724454,3.2086535,58.351074,2.9701965,0.9133732,0.5886136,0.7465994,43.08488,292.5281,5.4070883,14.142504,12.252212,254.65987,2.1096714,2.5065424,0.67999727,1.3952729,1.6762676,2.1946545,0.72202736,0.0,0.0,0.0,0.0,0.0,1.0,5.066395e-07
39.457123,0.1411311,3.3091264,16.115671,6.331904,0.55290216,0.5266528,0.76049423,2.5636427,296.60336,6.0180035,0.6559847,47.027866,253.59573,2.022151,2.3758318,0.6408382,1.3657842,1.7096274,1.9354212,0.59552515,6.613135e-05,3.117323e-05,0.0,0.23576182,0.0,0.7763645,1.3887882e-05
1110.3152,1.113861,2.416233,76.72655,12.16388,1.1029043,2.3676128,0.04920787,26.465609,297.80624,4.5086274,197.05717,376.09537,253.31898,1.8880595,2.231371,0.5808286,1.288925,1.7226464,1.6127046,0.47708467,0.0,0.0,0.0,1.0,0.0,0.0,0.0001193583
373.95444,0.1459551,1.9956391,48.880653,2.2322266,1.4445089,0.4235996,0.8867686,36.93443,302.82486,5.0404572,26.870932,32.24819,249.33492,2.074615,2.5447628,0.6488902,1.3681058,1.719662,6.4370117,-0.33090335,1.0,0.0,0.0,0.0,0.0,0.0,0.0
546.08954,0.28739396,2.2590458,56.292377,17.346891,1.5615416,1.6601074,0.16970946,22.90115,302.73965,4.9518747,37.734608,50.1956,249.18512,2.0750923,2.5446687,0.6469873,1.3672445,1.7241061,6.3798337,-0.32799056,1.0,0.0,0.0,0.0,0.0,0.0,0.0
25.597605,0.037564695,6.6505256,7.9792695,2.7940798,0.68982166,0.28349206,1.134079,40.41126,308.30585,6.4878716,0.24860801,0.5391465,247.68639,2.0704129,2.5403168,0.64583457,1.3630551,1.7212251,6.328964,-0.3132413,1.0,0.0,0.0,0.0,0.0,0.0,0.0
205.01512,0.12256924,2.3829093,31.038841,1.9938413,0.994305,0.08804008,0.85979813,50.825214,295.14624,5.4072013,6.277944,8.018316,248.03761,2.0701437,2.5530527,0.6490752,1.3663522,1.7181249,6.429115,-0.33950898,1.0,0.0,0.0,0.0,0.0,0.0,0.0
20.772177,0.04384367,5.1294546,69.23894,21.815395,5.1263633,4.9586034,1.7726941,4.0219626,297.79523,5.0770793,6.5189223,9.561912,277.02768,2.1192343,2.504964,0.5891156,1.5240631,1.98449,2.9702919,0.74174803,0.00019472837,5.662441e-07,0.9999902,1.4990568e-05,0.00025695562,0.0019926727,0.03553614
61.43406,0.04546327,1.0211569,64.45575,12.267873,1.1690731,0.5509499,0.15853687,129.20673,299.11417,5.1985693,54.67814,55.156387,172.20001,1.5,1.82,0.41000003,1.19,1.1969,10.43,-0.55,0.0,0.0,0.0,0.0,0.0,0.0,1.0
386.69623,0.12389916,3.6583693,55.42223,2.4403958,1.3726293,0.1836336,1.0054286,51.823215,289.79837,4.767301,17.789692,17.635607,255.52675,2.1087646,2.5024168,0.6799933,1.3986506,1.6761466,2.2219517,0.71715474,0.0,0.0,0.0,0.0,0.0,1.0,4.23193e-06
267.6717,0.11799789,15.591205,39.435688,7.67077,1.2635036,0.38856667,1.5642446,42.260952,293.62677,5.586941,17.25852,58.81875,252.71178,1.9405973,2.2952232,0.5988892,1.300805,1.7173227,2.140038,0.36785123,0.014306039,1.257658e-05,0.0011146069,0.99435216,9.23872e-07,7.465482e-05,0.002329111
1.4919809,0.8404624,2.7836828,81.99564,6.9281073,1.0153965,1.0888985,20.0,2.2018998,297.41904,6.0388017,0.02499293,0.22190002,247.14587,2.044651,2.2287638,0.58525455,1.4777454,1.7522912,8.230095,0.51249194,4.172325e-07,0.0,0.0,0.0,0.9999999,0.0,0.0
1257.3156,1.1938599,2.597191,83.504395,9.789038,3.389682,0.4624026,0.61387897,254.1277,295.96713,5.7591333,263.45566,380.26926,253.05312,1.8857687,2.2300544,0.5800337,1.2865728,1.7163336,1.6067594,0.4770211,0.0,0.0,0.0,1.0,0.0,0.0,4.2438507e-05
62.351036,0.27323422,30.524347,76.43031,21.786068,6.2470937,1.7050878,6.8902283,14.063684,297.65533,6.6580563,0.18333484,1.1230892,253.26666,1.8877373,2.2299032,0.5801803,1.2890466,1.723313,1.6066345,0.4810912,0.0,0.0,0.0,1.0,0.0,0.0,0.0015954077
11.307051,0.06497765,7.2722406,54.599777,39.401623,0.7811677,1.0825058,1.6320065,53.757458,297.35693,5.312495,0.08755085,0.35719442,253.3681,1.892499,2.2375007,0.5816698,1.2953346,1.729229,1.6027813,0.4765101,0.0,0.0,0.0,1.0,0.0,0.0,0.0
343.30847,0.26014507,2.8936474,46.51928,2.2356002,1.7868756,0.3218352,0.9528836,25.957138,298.1043,4.4529977,17.571953,12.649177,249.96938,2.0737581,2.5453193,0.64998317,1.3695428,1.7180308,6.4310555,-0.3370873,0.99999917,0.0,1.2516975e-06,4.4703484e-07,0.0,0.0,8.046627e-07
3.6335597,0.063487954,22.64879,59.55177,38.73446,7.1430254,0.006588725,7.384384,37.303215,297.64142,6.4513535,0.059576634,0.34763625,253.09581,1.8890448,2.2320895,0.57995075,1.2920278,1.7260445,1.6107404,0.479453,0.0,0.0,0.0,1.0,0.0,0.0,0.00013205409
21.81602,0.24262531,3.5855033,62.29968,2.94175,1.1862044,2.2208998,20.0,18.36137,296.00507,7.3718505,0.02499293,0.22314276,252.65363,1.8859212,2.22106,0.57901603,1.2882494,1.7223712,1.6080112,0.4791288,0.0,0.0,0.0,1.0,0.0,0.0,0.00020000339
370.16635,0.1958375,1.6279533,36.517757,57.658974,2.0937877,2.9747767,0.008566613,10.54876,281.4972,8.968934,130.20798,209.39636,252.57892,1.8841864,2.2312746,0.5809264,1.289404,1.7253942,1.6119401,0.4774014,0.0,0.0,0.0,1.0,0.0,0.0,1.975894e-05
3.8155346,0.021685284,4.2725263,68.41775,21.459005,5.2007766,5.1948905,1.3387498,11.206464,297.8565,5.064426,0.22363487,0.69850993,278.11807,2.128199,2.5250397,0.58823,1.5293478,2.0009909,2.6377943,0.7576345,1.7881393e-07,0.0,1.0,0.0,4.4703484e-07,1.8656254e-05,0.011728376
68.05477,0.14959925,4.8370094,13.381378,11.073992,0.65948254,0.58782196,0.8455071,42.972733,310.42307,6.911357,14.423157,110.78159,253.47969,1.8847367,2.2347841,0.58068484,1.293663,1.7253532,1.6028926,0.48109052,0.0,0.0,0.0,1.0,0.0,0.0,9.834766e-07
242.84651,0.07657144,3.3937674,70.41444,6.2485113,1.1799546,2.3950646,0.27880073,9.043527,297.75027,6.7479568,9.883832,25.177792,247.82074,2.0683804,2.5374572,0.64475083,1.3645751,1.7190992,6.359693,-0.31087622,1.0,0.0,0.0,0.0,0.0,0.0,0.0
373.1354,0.093555234,1.5485263,86.110794,7.866875,2.043957,3.328093,1.2182165,39.09955,298.17368,5.010149,0.30605698,1.0181872,270.5547,2.0721898,2.4576914,0.59111583,1.476887,1.90596,2.672189,0.6325445,0.0015360117,0.000113755465,0.99468386,0.012257457,0.00031509995,0.05998835,0.011735827
43.2586,0.46941507,45.331978,31.338896,42.067436,2.90934,6.5958014,0.6326231,62.794144,297.94946,4.90695,30.629534,73.99115,249.12439,2.0385823,2.2331808,0.59077346,1.4789639,1.766276,8.366464,0.52447796,0.0,0.0,0.0,0.0,0.99956536,0.0,0.0005454123
344.49857,0.09616719,4.050724,50.412617,1.8521727,1.1305746,0.26402238,1.0026228,35.55598,290.6207,4.4970865,14.260135,13.708303,249.31496,2.0770109,2.5488472,0.6496566,1.3688637,1.7190824,6.442425,-0.3386406,1.0,0.0,0.0,0.0,0.0,0.0,0.0
1257.2689,0.5061814,1.873511,65.13865,7.010832,4.312298,0.11552425,0.33649993,89.889175,297.6185,5.7707715,64.328026,95.07196,249.05508,2.0728667,2.5433881,0.6488417,1.3659765,1.7181549,6.4227757,-0.3257434,1.0,0.0,0.0,0.0,0.0,0.0,0.0
0.85826606,0.081893064,18.713915,63.79059,34.580418,6.859764,4.3783784e-05,7.3997946,15.144254,297.7879,6.4042764,0.03294218,0.26143017,253.3366,1.8883338,2.231513,0.5798945,1.2907121,1.723532,1.6143873,0.47668442,0.0,0.0,0.0,1.0,0.0,0.0,8.490682e-05
617.4125,0.32515427,2.6316488,79.45478,17.8088,2.0197701,1.0921139,0.04346666,54.200775,297.1992,4.7087426,173.1609,176.02649,252.86934,1.8864095,2.2298014,0.58031344,1.2880722,1.7216569,1.6071395,0.47303802,0.0,0.0,0.0,1.0,0.0,0.0,9.6708536e-05
0.51045364,0.039143264,19.967552,57.772156,39.990845,7.044757,0.0,7.158929,1.4675312,297.15988,6.3970237,0.040462706,0.30099687,252.78731,1.889167,2.2291076,0.57990646,1.2935419,1.7290725,1.6051223,0.4739856,0.0,0.0,0.0,1.0,0.0,0.0,7.1525574e-07
73.55898,0.051411495,3.5289264,17.776785,24.114521,1.2501138,1.6606948,0.5592678,95.05409,302.4544,5.039911,27.952583,32.634098,253.05768,1.8852785,2.2316399,0.57911825,1.2881384,1.72161,1.6057874,0.47842672,0.0,0.0,0.0,1.0,0.0,0.0,5.3733587e-05
9.869217,0.038604304,7.0700235,70.57785,19.491806,5.101026,4.615076,2.4760628,17.445599,297.8548,5.236593,0.16327415,0.5863524,275.161,2.1044555,2.4807737,0.59112585,1.5123396,1.9588451,3.002975,0.70882964,0.0008806884,4.3272972e-05,0.9996996,0.00042197108,0.0012879074,0.012734026,0.033229023
347.73148,0.17742078,3.5939674,38.906273,56.77889,2.2403064,3.1841755,0.09574882,15.742275,294.55838,4.64528,211.53645,243.69283,253.32864,1.88673,2.2323143,0.5817445,1.2892854,1.7285353,1.6111044,0.48466536,0.0,0.0,0.0,1.0,0.0,0.0,4.428625e-05
503.7874,0.6400224,4.0418797,91.83448,3.2436135,1.0935085,1.3176854,0.06659057,12.124606,298.2811,4.800881,67.88629,94.73828,249.26012,2.0766904,2.5482516,0.649116,1.367636,1.7186261,6.422392,-0.34326923,0.99999976,0.0,0.0,0.0,0.0,0.0,2.413988e-06
339.99597,0.2004991,3.2018259,36.766933,56.364292,2.11595,3.2513962,0.15946454,15.383023,295.7911,7.8522563,149.76859,237.66104,253.34666,1.886101,2.2300427,0.58095616,1.2891653,1.7290977,1.605625,0.48954585,0.0,0.0,0.0,1.0,0.0,0.0,3.5971403e-05
13.733415,0.10883274,2.0797014,69.74777,2.7520766,1.1115452,1.7398392,20.0,26.411268,296.46255,7.3563604,0.1873184,13.876038,246.87224,2.0357788,2.229264,0.5869418,1.4769526,1.760708,8.385071,0.52141374,0.0,0.0,0.0,0.0,0.999995,0.0,4.8041344e-05
385.1087,0.16873886,2.750184,85.74283,10.487335,2.3328667,1.1654788,0.46210998,18.232807,297.86627,5.132944,4.809298,9.2958555,252.39412,1.8806181,2.230989,0.5791225,1.2864662,1.7219839,1.6163193,0.48025995,0.0,0.0,0.0,1.0,0.0,0.0,0.00077721477
45.684254,0.5470146,3.5047216,88.52119,12.012191,1.7191249,0.2786914,20.0,34.316193,297.3112,5.9746327,1.138924,5.1111403,248.85689,2.040589,2.2221646,0.5888311,1.4816405,1.7613485,8.3841505,0.5311644,5.9604645e-07,0.0,0.0,3.9041042e-06,0.99996257,0.0,7.2419643e-06
527.6755,0.62715185,5.1508355,91.14431,3.2745512,1.1844938,1.1594805,0.10006306,14.030203,298.1222,4.799428,74.93009,99.813385,249.67973,2.078114,2.5501316,0.64921206,1.368181,1.7193738,6.435563,-0.34161046,0.99999917,0.0,0.0,0.0,0.0,0.0,5.096197e-06
10.593158,0.0024720777,5.2836657,70.55539,23.995941,2.8547988,5.1808615,0.9804171,16.192484,298.22675,5.14042,0.802626,16.319561,278.33,2.1299999,2.5354993,0.5905157,1.53,2.0042999,2.6620257,0.76000005,0.0,0.0,1.0,0.0,0.0,0.0,0.0
499.5251,0.0595124,3.9499238,93.74377,2.3049247,1.3972214,1.3844429,0.17663275,16.189398,298.16617,5.3900194,16.141731,39.149155,248.22623,2.0704467,2.5449476,0.6468912,1.3642851,1.7188363,6.473995,-0.33162078,1.0,0.0,0.0,0.0,0.0,0.0,0.0
559.4571,0.596697,3.6391804,70.58431,19.388744,2.0870845,0.9083498,8.305036,44.611954,297.8292,5.8185067,213.21117,281.90686,252.901,1.8918395,2.2302063,0.5835859,1.2874987,1.7197608,1.9693942,0.45865515,0.0006914735,0.0,2.682209e-06,0.9996842,1.0728836e-06,5.662441e-07,0.00021195412
65.83941,0.07246529,2.4490008,87.92611,8.590356,1.7755201,1.5272061,0.03696223,18.44676,298.10376,4.0912743,84.78057,315.0958,253.31435,1.8886755,2.2316587,0.58045065,1.290074,1.7214705,1.6064813,0.4757034,0.0,0.0,0.0,1.0,0.0,0.0,3.3676624e-05
16.930407,0.099469244,9.775649,46.691628,43.289764,0.79347163,1.290559,0.6778342,22.957232,297.24905,4.960773,0.22041944,0.56047416,253.01651,1.8933617,2.2380521,0.5817234,1.2942569,1.7293112,1.6055582,0.46777076,0.0,0.0,0.0,1.0,0.0,0.0,2.0861626e-07
37.58277,0.6125432,74.82143,36.318336,45.614613,2.1521838,5.2555914,0.48323375,89.42282,297.73874,4.4574556,37.352295,89.49702,249.23001,2.0436275,2.2235222,0.5876252,1.4843211,1.7641561,8.65857,0.5298544,1.1026859e-06,0.0,0.0,5.4329634e-05,0.99896103,3.3915043e-05,0.0009936988
377.0205,0.10649056,3.0939467,55.510155,3.0639663,1.1857866,0.14628369,1.3753955,41.68218,287.83203,4.6548724,11.732666,16.452406,255.9166,2.1082652,2.499764,0.6798212,1.397312,1.6785754,2.191626,0.7094951,0.0,0.0,0.0,0.0,0.0,1.0,7.2449446e-05
970.3768,1.1821991,3.1779635,47.20278,48.836353,9.148251,0.80080396,0.04138908,29.956562,302.57135,4.7243214,306.00266,390.65463,252.85852,1.8910086,2.232252,0.58081424,1.2940116,1.7262247,1.6109346,0.47303462,2.9802322e-07,0.0,0.0,1.0,0.0,0.0,5.3942204e-06
22.153175,0.11652671,11.478348,44.898476,45.31385,0.83983356,1.1204097,0.51149946,13.210253,297.1571,4.820261,0.2780649,0.6672952,253.2109,1.8954419,2.2404807,0.58232707,1.2960194,1.7297107,1.6047398,0.46668285,0.0,0.0,0.0,1.0,0.0,0.0,1.7881393e-07
571.7694,0.35418016,12.491398,55.989815,14.441429,0.9896645,1.9783024,0.19996578,70.32001,293.88834,3.60024,26.115396,33.976864,253.43204,1.8758825,2.2226515,0.5777013,1.2846359,1.7189267,1.6007006,0.47832212,0.0,0.0,0.0,1.0,0.0,0.0,4.169345e-05
85.709274,0.04745875,2.597328,14.635406,25.666275,1.0787834,0.33204624,0.811381,64.319115,302.52222,5.129676,16.740461,33.579002,253.07936,1.8825274,2.230738,0.5791684,1.2893211,1.7209927,1.6045243,0.47798,0.0,0.0,0.0,1.0,0.0,0.0,4.541874e-05
16.61771,0.044401295,4.0447035,63.994904,16.873232,3.135933,2.00616,0.38695714,39.41689,297.80396,4.4261465,3.7487254,10.501408,248.59274,2.0388598,2.2291164,0.58928704,1.4763902,1.7616194,8.337594,0.52419055,0.0,0.0,0.0,0.0,0.99986804,0.0,0.00035870075
52.158012,0.045210674,2.527058,14.376204,26.44636,1.0444417,0.19811545,0.6374426,59.73267,303.13455,5.001195,23.639767,31.669292,253.14923,1.8836814,2.2312648,0.5801224,1.2903799,1.7225409,1.60124,0.48423132,0.0,0.0,0.0,1.0,0.0,0.0,5.9604645e-07
281.85507,0.2813619,2.3838227,60.158226,37.071854,1.7864485,2.478777,0.07088813,22.371414,297.80353,5.13731,131.40273,114.35499,252.6758,1.8815914,2.2264025,0.578348,1.2862005,1.7246478,1.6006387,0.4760954,0.0,0.0,0.0,1.0,0.0,0.0,0.002483219
2.2490084,0.09161466,23.046106,64.07127,33.817547,6.9665847,0.0003147143,7.219806,16.13383,297.85413,6.4199095,0.07933365,0.40222555,253.14189,1.8867391,2.2292128,0.5795256,1.2906098,1.7248217,1.6110346,0.47949478,0.0,0.0,0.0,1.0,0.0,0.0,0.00013014674
26.69737,0.346014,17.346514,46.811222,30.177816,4.317135,5.394963,0.83343244,50.45215,297.4425,5.4825993,29.646364,129.39243,248.6889,2.0383112,2.2337508,0.5901829,1.4754022,1.7624775,8.326582,0.51690334,0.0,0.0,0.0,2.3841858e-07,0.9996278,0.0,0.0006517172
1266.8732,1.3214687,3.3671649,45.593456,49.70103,2.9908352,0.38560584,0.03818304,12.5097475,301.7556,4.3542213,378.02884,400.6451,253.03835,1.893946,2.2378151,0.5817247,1.2969865,1.7263856,1.6054344,0.46945938,5.662441e-07,0.0,0.0,1.0,0.0,0.0,1.7881393e-07
188.14201,0.5991279,56.65251,76.93072,20.008821,3.1150928,0.7504937,5.3861074,19.58602,298.3378,5.759927,2.022702,7.4385223,255.74376,1.9730133,2.3774781,0.6094863,1.3400816,1.769779,1.7791064,0.36702332,8.058548e-05,0.14288718,0.00021502376,0.872333,7.18236e-05,0.004871279,0.0012095869
3235.5828,1.6074654,1.2055249,91.62962,8.310503,1.1548492,0.5119265,0.14890324,20.79352,293.48367,5.7722483,152.3934,217.34108,172.34514,1.5003363,1.8227497,0.4106931,1.190168,1.1990968,10.38624,-0.5498535,0.0,0.0,0.0,0.0,0.0,0.0,1.0
707.8498,0.3863706,2.1169755,72.16482,22.048635,1.4578632,1.5110977,1.2743655,170.59334,298.85712,6.285865,380.90698,347.52472,253.1136,1.8872751,2.229896,0.5797252,1.2902172,1.7229164,1.6152238,0.4773266,0.0,0.0,0.0,1.0,0.0,0.0,6.875396e-05
7.6631904,0.0016293707,5.2195454,69.873856,23.354673,4.4384766,5.42681,1.0110244,6.406577,298.0796,5.187533,0.10100205,7.352956,278.33,2.1299999,2.5352027,0.5907126,1.53,2.0042999,2.7084377,0.76000005,0.0,0.0,1.0,0.0,0.0,0.0,0.0
0.51410735,0.001335697,2.613929,68.959465,22.240946,4.860005,5.339034,0.597757,14.308891,298.05035,5.096157,0.08313857,6.229517,278.33,2.1299999,2.5432744,0.59315264,1.53,2.0042999,2.6837468,0.76000005,0.0,0.0,1.0,0.0,0.0,0.0,0.0
2.9074872,0.0067486134,20.456993,57.593098,39.02235,1.447843,2.2272685,2.03424,34.296944,297.5906,5.6217275,1.9305621,1.3436942,252.9235,1.8886977,2.2308314,0.57977486,1.2906983,1.7252874,1.6081223,0.4745988,0.0,0.0,0.0,1.0,0.0,0.0,5.751848e-06
9.259251,0.074458405,25.584703,60.205032,38.00197,7.1910634,0.04308677,7.40626,36.184063,297.6051,6.467311,0.13169152,0.53550965,253.13902,1.8884948,2.2308376,0.57969767,1.2913955,1.7258329,1.6141646,0.48094022,0.0,0.0,0.0,1.0,0.0,0.0,0.0002323389
196.11053,0.85613215,3.4440114,57.72073,9.818489,0.9647231,0.74208814,2.7263265,335.383,297.5106,5.282215,1.2870302,4.3174305,252.79865,1.8870633,2.228661,0.5799255,1.2877685,1.7219479,1.602068,0.4718796,0.0,0.0,0.0,1.0,0.0,0.0,9.819865e-05
0.5324774,0.1118465,8.418022,62.35412,30.343718,5.5527906,0.0,9.22299,11.06728,297.54477,6.666542,0.02586824,0.23355986,252.97522,1.8881662,2.2305844,0.57983184,1.2917471,1.7250656,1.6105375,0.47548693,0.0,0.0,0.0,1.0,0.0,0.0,3.6150217e-05
116.5913,0.028417857,4.0588913,78.57797,11.057631,4.0767045,3.4671237,2.354469,2.4849029,297.818,8.410799,0.19850095,1.5652313,253.05229,1.8771447,2.231462,0.5793107,1.2834535,1.7179251,1.6016918,0.47000727,0.0,0.0,0.0,1.0,0.0,0.0,0.00803262
99.40569,0.05821373,2.317244,78.27471,18.927208,3.0175962,1.3048701,0.13074301,38.78092,298.1041,4.601432,124.72443,83.740326,253.15704,1.8742638,2.2175176,0.5783826,1.2899252,1.7196618,1.610747,0.4873311,0.0,0.0,0.0,1.0,0.0,0.0,2.8252602e-05
1057.2017,1.4029472,4.190846,59.78211,32.375618,5.145624,0.31821585,0.37875524,366.37122,292.16498,6.5185623,371.00732,422.169,251.75739,1.8879042,2.2370708,0.58058196,1.2855016,1.7299105,1.6009158,0.47685724,0.0,0.0,0.0,1.0,0.0,0.0,2.682209e-07
381.3603,0.1587062,6.9665437,65.11865,12.189831,2.6970286,2.8272777,1.9129354,4.469752,298.05853,8.161817,16.099699,21.938347,249.25456,2.0713515,2.545461,0.6481113,1.3671395,1.7216457,6.3434505,-0.33455175,1.0,0.0,0.0,0.0,0.0,0.0,0.0
1333.1921,0.6555393,1.965421,58.72017,11.836187,2.502659,0.48210588,0.090542644,5.2651362,298.0497,5.647042,77.15442,164.92307,249.65094,2.0780606,2.5462148,0.6488339,1.3696352,1.7234423,6.425296,-0.3300967,1.0,0.0,0.0,0.0,0.0,0.0,1.4901161e-07
65.26273,0.16802481,4.8728905,13.218375,9.433769,0.6597822,0.5213338,1.2127632,40.005116,302.10477,7.012728,4.800741,128.56857,253.01501,1.8765173,2.2220483,0.57795787,1.286412,1.7203213,1.6453382,0.48865458,1.8179417e-06,2.682209e-07,0.0,0.9999937,0.0,1.4901161e-07,0.0011625588
3.4570656,0.6488243,1.02,78.447266,16.781746,2.0935266,0.1586592,10.565234,16.929285,298.1984,6.9897614,0.02499293,0.22338033,266.9711,2.1117454,2.649873,0.6580174,1.4235123,1.886743,1.9071587,0.20375165,0.0,1.0,0.0,0.0,0.0,0.0,4.2140484e-05
0.7291685,0.0013156515,9.619178,72.60496,26.086058,2.3143537,4.0725675,0.8685982,10.511691,297.86227,4.850579,0.0480011,1.2466689,278.33,2.1299999,2.535637,0.59110594,1.53,2.0042999,2.793128,0.76000005,0.0,0.0,1.0,0.0,0.0,0.0,0.0
647.2081,0.75369173,10.90524,56.827618,39.39472,6.4217744,0.27572325,3.3776648,21.541584,299.22696,5.483829,193.81412,302.53156,253.0175,1.8874879,2.2303593,0.5806839,1.2909762,1.724603,1.6148051,0.482271,0.0,0.0,0.0,1.0,0.0,0.0,0.00071948767
30.063143,0.7422121,250.02095,73.67914,24.013178,6.516478,0.41132513,7.234378,14.616091,298.13806,6.358449,0.053842455,0.566962,252.38913,1.8820168,2.2340899,0.5804277,1.2910933,1.7196966,1.642373,0.46369112,2.1755695e-06,2.1159649e-05,2.3305416e-05,0.9999523,8.6426735e-07,7.009506e-05,0.0034175515
1213.9597,0.5844645,4.4506755,75.252174,7.308473,2.7964308,1.5869612,0.1366844,31.178436,297.79385,4.8903246,85.04806,126.23094,249.30235,2.0760024,2.546742,0.648914,1.3675101,1.7189568,6.4084096,-0.3369777,1.0,0.0,0.0,0.0,0.0,0.0,0.0
125.95443,0.062683806,1.02,68.42405,22.207186,2.4550545,0.83218807,6.3613267,20.191278,298.12973,9.339813,0.026743552,0.2303799,266.1948,2.111611,2.6498878,0.655997,1.4217813,1.8788875,1.9635243,0.21816298,0.0,1.0,0.0,0.0,0.0,0.0,0.0001361072
18.9097,0.09294765,1.5457176,11.685808,2.9639857,0.5272792,0.113596,0.5546539,18.090036,286.39294,6.470305,0.33429915,1.8558868,255.89325,2.108032,2.5075154,0.6799898,1.3963686,1.6908121,2.1855307,0.72481203,0.0,0.0,0.0,0.0,0.0,1.0,0.0
815.77545,0.38296843,2.3741865,66.14481,19.721992,2.0376976,2.2752125,1.3105162,16.38515,298.48273,4.995706,41.520504,67.40078,249.93654,2.082866,2.5560699,0.65181875,1.3698974,1.7179178,6.409048,-0.35058692,0.9999843,0.0,7.4505806e-07,5.9604645e-07,0.0,3.427267e-06,1.5705824e-05
144.92833,0.058017224,6.1936393,56.204533,37.320087,2.197329,3.200752,0.71183157,25.890747,298.63025,5.1551905,26.17054,39.910023,278.23798,2.1296775,2.5133607,0.58777666,1.5299202,2.002944,2.7355769,0.75954276,0.0,0.0,1.0,0.0,1.7881393e-07,5.662441e-07,9.441376e-05
52.802586,0.22930893,128.65068,76.48372,21.53551,4.4811854,1.4952227,5.7746906,23.191948,297.59647,6.9670696,0.5158636,2.4849155,253.95699,1.9052261,2.2398014,0.58537674,1.3086814,1.7439758,1.6363957,0.46298522,2.1457672e-06,0.00041937828,6.92904e-05,0.99941003,3.695488e-06,0.00019994378,0.00022757053
96.1881,0.12895234,4.485232,14.976613,8.904427,0.6229802,0.70027256,0.95528173,35.027412,312.4285,7.1184697,13.909421,112.80872,252.98698,1.8798518,2.2315097,0.5797725,1.2895157,1.7220713,1.6083968,0.46998954,0.0,0.0,0.0,1.0,0.0,0.0,8.1151724e-05
53.663235,1.4037807,165.11287,31.826117,45.535103,2.58588,5.0099087,0.48829812,163.63535,298.2185,4.670165,58.640404,63.54298,247.88655,2.0347512,2.2362807,0.58849084,1.4770503,1.7684059,8.431697,0.51685685,0.0,0.0,0.0,0.0,0.9999655,0.0,1.963973e-05
137.24194,0.26820436,4.4196887,40.007965,13.593101,1.7469705,0.3985726,0.3453352,21.68389,298.45877,4.2100477,62.999233,146.10341,254.69643,2.1123812,2.5038817,0.679963,1.4007262,1.6786094,2.2090921,0.7271651,0.0,0.0,0.0,0.0,0.0,1.0,6.8843365e-06
645.29736,0.6277375,4.232664,86.71684,5.053304,1.734039,1.32978,0.28505433,31.526615,297.91794,5.4898987,75.558784,108.05423,249.03917,2.076094,2.5471554,0.64856714,1.3672714,1.7177441,6.416128,-0.337705,1.0,0.0,0.0,0.0,0.0,0.0,2.682209e-07
1268.676,0.6493184,1.7937644,48.091007,5.965216,3.695786,0.9330474,0.5337899,5.7902827,297.89255,5.7294245,55.19316,102.609024,249.94511,2.0770116,2.5478117,0.6488705,1.3683009,1.7208717,6.432988,-0.34015927,1.0,0.0,0.0,0.0,0.0,0.0,0.0
27.003164,0.12734622,5.504714,39.650974,31.29548,1.5770179,3.3212497,0.49461487,179.8452,297.93097,6.0857844,105.80559,84.24564,249.94958,2.0379617,2.237977,0.59283185,1.4757371,1.7657596,8.347171,0.52873,0.0016438663,1.9580126e-05,2.3543835e-06,0.00042390823,0.99952936,9.447336e-06,0.00063571334
13.389358,0.022744741,11.642598,63.76485,34.895832,1.4790668,1.6076019,1.1724156,49.539604,297.57098,5.4655743,5.8882346,4.3064284,253.03958,1.8882433,2.231952,0.5796493,1.2899387,1.7235683,1.60793,0.47527516,0.0,0.0,0.0,1.0,0.0,0.0,3.5703182e-05
371.9056,0.07464049,1.8353997,89.26563,3.3966696,2.6878364,2.6521974,0.4528857,7.063338,297.46417,6.315565,0.45791444,3.486712,252.80722,1.883197,2.2266827,0.5787933,1.2877126,1.7225547,1.6008083,0.48790923,0.0,0.0,0.0,1.0,0.0,0.0,0.0009383559
39.061405,0.40999663,25.900478,36.251186,39.961475,3.3836164,6.17207,0.38844606,37.502937,297.8283,4.9295244,36.875465,80.281204,248.75963,2.0413308,2.2329657,0.5893436,1.4785058,1.7639611,8.316391,0.52062976,0.0,0.0,0.0,0.0,0.99946874,0.0,0.0007992089
1.0062411,0.029699298,4.726794,6.0565696,2.9651713,0.55708826,0.23099032,1.4292644,28.580261,283.5601,7.868603,0.025135837,0.22246656,246.47647,2.0749817,2.550633,0.64703727,1.3651421,1.7230238,6.3987164,-0.315291,1.0,0.0,0.0,0.0,0.0,0.0,0.0
488.15768,0.03732222,1.1977535,75.66469,6.8888316,3.2787547,0.9654633,0.3411687,245.92212,306.9501,5.764041,384.88046,426.46152,253.19196,1.8845205,2.2298822,0.5805075,1.2883431,1.7177399,1.6047518,0.4794142,0.0,0.0,0.0,1.0,0.0,0.0,1.7434359e-05
231.95674,0.12595873,2.0837812,60.28431,23.004885,2.4273386,1.9046237,0.9413863,31.000134,299.86353,5.489401,8.682476,16.724676,175.12198,1.5126994,1.8347085,0.41751325,1.2014802,1.2286001,10.31342,-0.5191606,0.0,0.0,0.0,3.5762787e-07,1.4424324e-05,1.4007092e-06,0.9998508
6.7455015,0.0030329113,11.979237,73.67162,22.6933,2.6718075,4.346192,1.3132689,22.346073,297.92163,4.9756336,1.0288314,7.041503,278.33,2.1299999,2.533686,0.5911353,1.53,2.0042999,2.6861813,0.76000005,0.0,0.0,1.0,0.0,0.0,0.0,0.0
70.45222,0.12296902,5.2983637,41.392498,55.804478,3.3513236,3.3527002,1.0477113,28.250534,295.7572,4.797154,13.521962,25.309412,253.18098,1.8878273,2.230289,0.5801247,1.2914525,1.7275175,1.6316015,0.48472944,0.0,0.0,0.0,1.0,0.0,0.0,0.00039571524
277.90228,0.1943516,1.6546929,62.17094,29.4485,3.5998476,2.1805995,1.0037858,27.11194,300.86487,6.2136145,16.671669,40.248104,172.68326,1.5013086,1.82336,0.41148382,1.1916256,1.2038236,10.393241,-0.5455003,0.0,0.0,0.0,0.0,0.0,0.0,1.0
783.04663,0.93781906,3.7934752,45.319187,39.43089,5.292915,0.44241545,0.1670736,59.959377,302.58884,4.4827595,209.80101,318.4016,253.31264,1.8867786,2.231003,0.5816047,1.2906883,1.7255255,1.6026963,0.48611337,0.0,0.0,0.0,1.0,0.0,0.0,3.1292439e-06
631.4486,0.3175984,2.2327783,75.94085,20.504963,1.8323337,0.50625485,0.045875516,74.853775,297.58972,5.0786023,179.93748,178.56516,253.25064,1.8875245,2.2305267,0.5803863,1.2883406,1.7205981,1.6092918,0.4734131,0.0,0.0,0.0,1.0,0.0,0.0,5.069375e-05
27.179659,0.03453395,1.9484776,72.930336,15.003024,3.126961,2.482641,3.6999102,7.8796883,298.04614,8.708758,0.22827937,0.50685346,252.15108,2.0811682,2.592129,0.649966,1.3778341,1.7474046,5.618904,-0.27045777,0.9989318,6.9737434e-05,0.0,0.0,0.0,0.0,2.115965e-06
13.737779,0.071590245,8.296891,51.845474,40.002697,0.76059926,1.3248277,1.0753347,41.00531,297.14914,5.165051,0.570508,1.0641869,253.2717,1.8922347,2.2357304,0.5819846,1.2955029,1.7298436,1.6034776,0.47189793,0.0,0.0,0.0,1.0,0.0,0.0,0.0
8.519578,0.024691785,9.815732,46.102703,46.369217,1.1372057,1.5148269,0.7378398,2.4305623,297.2383,5.7842765,49.193764,39.657307,253.13417,1.886667,2.2281027,0.57983285,1.289869,1.7270501,1.6048985,0.489196,0.0,0.0,0.0,1.0,0.0,0.0,6.556511e-07
15.629789,0.28095028,2.1374812,71.84022,4.2434425,1.3597047,1.6977744,20.0,80.27685,296.51834,5.574376,0.1009306,5.011136,246.90787,2.0388818,2.2223256,0.58662593,1.4773599,1.7598869,8.360058,0.51992977,0.0,0.0,0.0,0.0,0.9999995,0.0,3.167987e-05
493.46255,0.22723174,2.8529558,57.60315,8.522351,1.1898191,2.3793545,0.190667,10.168805,297.4537,7.1185913,22.7039,38.69102,248.31506,2.0717566,2.539739,0.6456564,1.3633082,1.7171147,6.364696,-0.31248012,1.0,0.0,0.0,0.0,0.0,0.0,0.0
6.8829217,0.032563947,4.9205546,65.41681,12.201783,4.3680515,1.7029406,1.0701809,32.544582,297.516,4.5759544,3.549976,9.958676,248.56941,2.0367272,2.231707,0.58827746,1.4771626,1.7586905,8.392487,0.5220543,0.0,0.0,0.0,0.0,0.99992776,0.0,6.663799e-05
319.13293,0.14487703,4.3003693,54.00431,2.6101618,1.1775951,0.24761404,1.4439564,37.19239,301.82703,4.8412285,13.801615,23.121546,256.2656,2.1066298,2.4999604,0.6788602,1.4004115,1.6816186,2.229418,0.7073492,0.0,1.6093254e-06,0.0,0.0,0.0,1.0,0.00532642
428.685,0.30335918,5.0677857,88.495865,6.699762,1.6234723,0.7613121,0.16688652,49.92832,297.91486,6.887849,73.23376,96.022255,248.59584,2.0714672,2.5442946,0.6462711,1.3668704,1.7161431,6.389289,-0.32767892,1.0,0.0,0.0,0.0,0.0,0.0,0.0
33.925312,0.016664393,1.1946784,46.536003,22.880255,2.091085,2.5274172,0.35216433,29.721022,300.63828,5.2210207,27.638275,33.195854,172.20038,1.5000001,1.8200151,0.41000214,1.1900003,1.1969124,10.429515,-0.5499994,0.0,0.0,0.0,0.0,0.0,0.0,1.0
1247.2985,0.6324051,3.2459044,71.94684,20.198372,1.9457271,0.5354592,0.061013807,17.628265,297.9663,4.3867855,109.161835,162.07089,249.62373,2.079518,2.550285,0.6498663,1.3685299,1.7248741,6.336475,-0.3402672,0.99999297,0.0,1.8775463e-06,7.748604e-07,0.0,4.7385693e-06,3.5464764e-06
35.847466,0.6367688,2.5743487,76.680305,14.278528,2.403485,1.0769256,20.0,13.542102,297.1668,6.461591,0.030101886,0.4024814,252.44362,1.8811294,2.2164476,0.5775045,1.2855142,1.720108,1.6004629,0.48620564,0.0,0.0,0.0,1.0,0.0,0.0,0.0008857846
45.777424,0.049814112,12.925054,60.19492,30.14587,1.9974982,2.544623,0.34555146,10.374463,297.0632,4.689976,17.820398,22.308958,253.16635,1.8868389,2.2295318,0.5797874,1.2894855,1.7238685,1.6076558,0.47791943,0.0,0.0,0.0,1.0,0.0,0.0,1.6838312e-05
76.33376,0.11104235,3.1271865,15.729716,4.9418464,0.7283092,0.2824765,0.8742703,56.91898,308.2847,6.296872,8.168633,22.404686,255.07697,2.1011975,2.4890225,0.67168385,1.4008889,1.6843892,2.2867303,0.7025086,1.04010105e-05,0.00017896295,0.0,1.180172e-05,3.874302e-07,0.99999654,0.0016598105
3.8400955,0.012496233,14.307997,56.874092,39.57678,1.2768291,1.010809,2.3257327,23.42569,297.5862,5.631012,4.6691413,3.7341638,253.22055,1.889148,2.2312205,0.5805819,1.2916732,1.724139,1.6048542,0.4814515,0.0,0.0,0.0,1.0,0.0,0.0,5.3942204e-06
585.02,0.65513134,2.7380512,90.71012,2.931447,1.2054027,1.0065069,0.1662627,36.77223,298.17932,5.0468397,201.0795,228.80237,249.46559,2.0766354,2.549433,0.6491271,1.3683645,1.7207309,6.3801475,-0.33302894,0.99999964,0.0,0.0,0.0,0.0,0.0,2.9802322e-07
4.856739,0.5120402,1.5385932,93.06552,11.873645,0.9502209,0.10906188,20.0,46.770897,296.52643,5.957813,0.026743552,0.45869723,244.82545,2.0401115,2.2174585,0.5835089,1.4767613,1.7602304,8.23396,0.5151007,0.0,0.0,0.0,0.0,1.0,0.0,0.0
70.16144,0.395052,3.602112,75.18363,13.366296,2.7007113,1.5625346,19.998873,96.828255,297.3545,4.7792983,6.0363226,52.022137,247.76312,2.0406106,2.2303233,0.5884618,1.4792633,1.7617685,8.501542,0.5259855,0.0,0.0,0.0,0.0,0.9999581,0.0,0.00013685226
477.3959,0.10018891,4.1567535,55.545933,2.4132097,1.3222387,0.18924086,1.0489094,39.52506,295.471,4.5315876,17.889137,17.230583,249.83092,2.0740254,2.540387,0.64877814,1.3680348,1.7213875,6.420048,-0.33058128,0.9999385,0.0,0.0015972555,0.00020009279,4.4703484e-07,7.1823597e-06,1.8775463e-05
1153.1898,0.59910566,2.105695,64.39202,13.419376,2.752879,0.8053639,0.5412446,5.709111,298.2909,5.9405737,37.58159,105.814606,249.97446,2.0809789,2.5510983,0.6507761,1.3680477,1.7220812,6.3682814,-0.34424752,0.9999969,0.0,1.6987324e-06,6.854534e-07,0.0,9.208918e-06,7.987022e-06
135.97015,0.07169072,2.8448951,27.43577,2.5257757,0.8550472,0.24959342,1.2529826,29.843744,286.64603,5.1869836,2.4922793,4.336565,248.67012,2.0738678,2.5522525,0.6499843,1.3665847,1.7194984,6.406494,-0.33441797,1.0,0.0,0.0,0.0,0.0,0.0,0.0
128.55891,0.16161208,2.9726634,87.04897,9.249094,1.7654808,1.5060055,0.040821873,21.556196,298.1648,4.1894927,85.66021,331.9858,253.96729,1.8938583,2.236546,0.5829704,1.288301,1.7286612,1.6238366,0.49114186,0.0,0.0,0.0,1.0,0.0,0.0,6.0528517e-05
1.2962033,0.76685405,2.0551922,86.33341,11.011481,1.5308669,0.8561416,20.0,27.163528,295.5142,6.3157954,0.02520729,0.8639409,243.18881,2.0374062,2.210791,0.58089256,1.4749459,1.7585672,8.292635,0.5048875,0.0,0.0,0.0,0.0,1.0,0.0,0.0
136.82613,0.12759931,3.3496733,62.473763,29.095064,2.1459346,3.9762592,0.3969947,21.845148,297.04022,7.430714,51.509266,54.61967,252.66856,1.8849931,2.226026,0.5771374,1.2824467,1.7210298,1.6037776,0.47957164,0.0,0.0,0.0,1.0,0.0,0.0,0.0010549426
167.95316,0.232393,1.02,70.79264,18.006618,2.6937125,0.50035876,7.99758,29.97853,297.97522,9.14016,0.0253502,0.22476928,265.4936,2.1066957,2.649875,0.6553841,1.4176719,1.8685629,2.0149424,0.20435981,0.0,1.0,0.0,0.0,0.0,0.0,1.9073486e-06
0.8621228,0.002968479,4.328829,69.4908,21.655746,5.4051204,5.2683325,0.8478474,35.355423,297.99786,4.9977603,0.42032966,2.6820729,278.33,2.1299999,2.5336127,0.59034425,1.53,2.0042999,2.6909945,0.76000005,0.0,0.0,1.0,0.0,0.0,0.0,0.0
49.97685,0.07030456,6.2354574,52.339848,20.095354,1.8827978,2.3484707,0.26820725,192.63498,297.61578,5.4782605,28.293383,25.894506,249.06769,2.0378942,2.2302005,0.5908819,1.4802852,1.7606366,8.41997,0.53243315,7.5399876e-05,5.543232e-06,5.9604645e-07,5.298853e-05,0.99989676,3.8146973e-06,0.0002193451
564.5858,0.6051413,1.379625,49.85234,57.491184,2.2639325,1.1090156,0.008004766,0.5176234,286.9646,7.216208,13.076161,43.556175,251.86063,2.0815067,2.5461295,0.6496464,1.3649274,1.7125297,6.5528407,-0.29094842,0.9999995,0.0,0.0,2.682209e-07,0.0,0.0,0.0
2.5313585,0.5662545,1.02,78.437294,17.164806,2.3697736,0.22583146,10.2334175,33.682137,298.03854,6.2515044,0.02499293,0.22551858,266.59332,2.108076,2.649724,0.65768516,1.4212328,1.88355,1.9925821,0.20998143,0.0,1.0,0.0,0.0,0.0,0.0,3.3587217e-05
665.1936,0.39267233,4.4592004,44.262592,25.420624,3.158459,1.7039332,0.45042738,22.451143,300.15616,5.176522,49.88458,77.57875,250.0556,2.0785706,2.549716,0.6495035,1.3696203,1.7168199,6.38227,-0.33352482,1.0,0.0,0.0,0.0,0.0,0.0,0.0
511.91428,0.28102693,4.579121,71.99826,24.125895,2.808785,0.9603341,0.19397612,76.3604,297.80225,5.1971703,172.75752,163.03374,252.9562,1.8850838,2.2311993,0.58007747,1.2878383,1.719847,1.6072162,0.47108182,0.0,0.0,0.0,1.0,0.0,0.0,0.00020647049
97.67079,0.74525976,4.0611444,73.81682,30.923153,2.9219317,1.7250303,0.09292349,18.751112,298.7817,3.9109807,422.2819,518.3241,254.4781,2.1124291,2.5081732,0.6799999,1.3957187,1.6788522,2.2489882,0.7278878,0.0,0.0,0.0,0.0,0.0,1.0,0.0
12.863529,0.0034837406,4.8470035,65.02202,27.70461,3.3021207,3.6853297,1.1837103,31.055178,297.58994,5.1047754,2.1266317,2.1656585,278.32672,2.1299834,2.5373504,0.58893746,1.5299971,2.0042503,2.6609597,0.7599802,0.0,0.0,1.0,0.0,0.0,0.0,0.0
1132.8656,1.3325961,2.992621,65.1186,27.573698,4.958814,0.3526916,0.11602834,267.26544,292.29382,6.1348515,263.30844,411.33374,252.81271,1.8861161,2.2354083,0.5807192,1.2870785,1.7216034,1.6062084,0.46878016,0.0,0.0,0.0,1.0,0.0,0.0,3.0100346e-06
27.863308,0.037811317,4.917061,64.84543,16.14719,3.7248874,1.7954122,0.35311404,45.488342,297.64352,4.5228386,3.355836,7.8013115,248.71815,2.037736,2.2306736,0.5893759,1.4780375,1.7570126,8.430998,0.52000874,0.0,0.0,0.0,0.0,0.99988854,0.0,0.00031667948
444.79013,0.11129386,3.8087592,57.45136,4.5154862,1.0903307,0.44727722,1.9432155,52.07182,301.91373,5.448788,17.289085,31.877195,253.58713,2.063844,2.4549592,0.64601296,1.3828299,1.702553,3.6402018,0.40325105,0.11163437,0.04523495,0.0038825274,0.0081551075,8.1032515e-05,0.97624946,0.023285955
114.05736,0.123722255,5.926252,79.2088,13.200259,3.1176865,2.8321712,5.279574,41.23651,298.0227,5.3384323,1.090371,2.5020032,257.87158,2.0105352,2.4016962,0.6032622,1.397082,1.7856317,2.9264896,0.3329378,0.0423086,0.6433823,0.3198026,0.3169154,0.02961576,0.3141362,0.001865238
8.05708,0.50027055,1.02,79.084435,17.711868,2.229348,0.2795897,10.637236,35.45824,297.6988,6.120222,0.02499293,0.22807717,266.56158,2.1092846,2.649801,0.65702355,1.4218186,1.884428,1.9476917,0.20070684,0.0,1.0,0.0,0.0,0.0,0.0,6.79791e-05
414.96048,0.16069205,4.898496,81.84833,17.02683,2.0852,1.0942402,0.5476245,79.115204,297.8784,5.308494,0.42445615,1.3175052,253.08444,1.8887041,2.2306004,0.5795837,1.2906466,1.7229092,1.607805,0.47287118,0.0,0.0,0.0,1.0,0.0,0.0,0.00023204088
156.41527,0.10338832,15.826966,38.036224,20.267397,3.9419014,1.6300535,0.45697233,0.22203326,298.04935,9.187304,0.71800673,2.0184484,248.61565,2.0718322,2.5410721,0.6464266,1.3665192,1.7203194,6.312587,-0.31500685,1.0,0.0,0.0,0.0,0.0,0.0,0.0
333.13464,0.31105438,1.15847,29.995314,57.155163,3.6150002,3.478031,0.008007149,27.119617,295.8871,6.7619734,265.2809,174.97473,252.77531,1.886092,2.2359948,0.5834874,1.3009008,1.733146,1.6062427,0.5082745,0.0,0.0,0.0,1.0,0.0,0.0,0.0
149.76431,0.10808582,3.3110902,69.634,26.158894,1.9627942,3.3399017,0.85910463,33.244766,297.9206,7.2117753,33.091515,28.81506,252.9065,1.8826454,2.2312052,0.5790698,1.285646,1.716774,1.6011382,0.46302816,0.0,0.0,0.0,1.0,0.0,0.0,0.00290671
312.37753,0.5049441,4.383602,89.011665,7.2028437,2.4363313,0.89910734,0.9194653,129.69678,296.7246,6.4378138,29.037111,30.992346,247.16968,2.0665405,2.5330698,0.64419997,1.3653246,1.7161188,6.5750613,-0.33147272,1.0,0.0,0.0,0.0,0.0,0.0,0.0
120.03096,0.07948838,1.0597248,54.888542,39.96108,1.525698,1.2124637,0.18665186,15.613998,301.67355,6.028556,25.239853,21.901886,172.2157,1.50001,1.8202006,0.41004974,1.1900263,1.1972449,10.426284,-0.54990286,0.0,0.0,0.0,0.0,0.0,0.0,1.0
395.1165,0.2058941,1.8973733,36.25309,57.612045,2.174914,3.1171808,0.009660517,15.061473,282.9199,7.989686,156.64908,218.11551,252.7692,1.8856436,2.232418,0.58123946,1.2896922,1.7264389,1.6176258,0.4818457,0.0,0.0,0.0,1.0,0.0,0.0,8.7320805e-06
1.1831414,0.06347887,4.3214383,91.15646,11.506946,1.2241727,0.28815576,20.0,16.97266,297.62054,5.9451566,0.025171565,0.22592065,252.205,1.886578,2.2196329,0.5781475,1.2882105,1.724506,1.6066397,0.47855917,0.0,0.0,0.0,1.0,0.0,0.0,1.0043383e-05
83.00482,0.07646366,4.146531,24.638779,21.13133,1.3668709,1.5386312,0.57455385,68.92964,302.23557,5.099932,9.670756,18.487782,253.0232,1.8847826,2.2273862,0.57983565,1.2874668,1.7236484,1.6019834,0.4844396,0.0,0.0,0.0,1.0,0.0,0.0,6.645918e-06
1120.132,0.5389243,4.2762556,78.201584,10.420133,3.422909,0.3278377,0.3884544,110.7119,297.5039,5.9069486,89.23076,140.45377,249.24101,2.0743294,2.545416,0.6481344,1.3683059,1.7208318,6.4201903,-0.32793996,1.0,0.0,0.0,0.0,0.0,0.0,0.0
1038.1315,0.639382,3.7243922,74.632065,11.211779,2.1050684,1.103225,0.09156803,12.883732,297.711,4.3669176,77.42225,99.072655,249.23708,2.0787253,2.5504723,0.6499658,1.3684032,1.718446,6.4100347,-0.3420877,0.99999964,0.0,0.0,0.0,0.0,0.0,1.2218952e-06
0.8379677,1.549731,189.21667,42.397175,37.072487,0.83422714,4.1158433,0.26887992,66.37698,299.33,3.6142645,30.084394,31.791063,247.13318,2.0469658,2.200622,0.5798036,1.4962134,1.7845542,9.06896,0.57177943,0.0,0.0,0.0,1.3291836e-05,0.9999695,1.4901161e-07,0.0
44.0684,0.14749412,3.6955671,13.388211,9.332254,0.55362016,0.71286404,0.69819593,7.860296,306.77182,7.0104795,5.6062593,114.467415,253.3163,1.876369,2.235213,0.57843524,1.2840916,1.7201579,1.6619892,0.46368414,1.2785196e-05,3.5762787e-07,0.0,0.9999921,0.0,1.7881393e-07,5.248189e-05
373.12088,0.21884017,1.2115153,37.087246,57.695145,2.2115443,3.2958245,0.0080101285,18.521328,278.6206,9.426946,136.18431,205.80779,253.07385,1.8829933,2.2265558,0.5812804,1.2832594,1.7230554,1.602008,0.47530013,0.0,0.0,0.0,1.0,0.0,0.0,0.0
0.5549071,0.0035933005,4.5447245,89.62033,10.5694275,1.7777652,0.74281836,20.0,18.534893,297.71396,5.428259,0.041820332,0.26457357,252.43512,1.8851954,2.2269905,0.5788974,1.286889,1.719737,1.6012934,0.4734972,0.0,0.0,0.0,1.0,0.0,0.0,5.8412552e-05
43.52948,1.4897687,166.30255,37.135967,43.33452,2.036781,4.4771724,1.2048466,160.39034,298.31927,4.173778,58.476147,66.224106,247.59442,2.040808,2.223231,0.58820325,1.4813733,1.7760324,8.601948,0.5453473,0.0,0.0,0.0,1.4901161e-07,0.99998355,0.0,1.4424324e-05
183.77483,0.113041334,7.712541,71.80094,9.66728,2.9318004,3.6715171,3.1363966,4.0383873,298.15213,7.628338,6.4803195,17.549694,249.69987,2.0763025,2.5488045,0.6504215,1.3680139,1.7229671,6.410797,-0.3304342,1.0,0.0,0.0,0.0,0.0,0.0,3.874302e-07
0.8058963,0.025307326,1.020076,40.20123,37.926495,4.213921,2.2926247,4.6018786,34.47428,298.14212,6.5282907,0.1485725,0.55073327,271.57962,2.1099484,2.631192,0.6287386,1.4763894,1.9310606,2.4639459,0.4815632,0.0,0.8853506,0.17664742,4.172325e-07,0.0,1.04010105e-05,0.0
1251.9088,1.1697211,3.8515592,61.542362,14.294813,4.957701,2.3034735,6.5481195,40.275925,297.64938,4.835996,374.7168,435.46625,248.97435,2.072328,2.5435255,0.6484968,1.3677233,1.7227184,6.450513,-0.3326715,1.0,0.0,0.0,0.0,0.0,0.0,0.0
21.816526,0.6431481,3.6398654,88.58603,10.763677,1.9565433,0.3314935,20.0,24.3442,297.3778,5.8653827,0.02499293,0.22851579,252.5489,1.8853592,2.2256558,0.5788073,1.2862252,1.7221524,1.613003,0.47925928,0.0,0.0,0.0,1.0,0.0,0.0,0.0009006858
369.1338,0.13835321,2.830357,51.84711,2.4426832,1.333197,0.08548035,1.0733358,54.690964,288.3628,4.882969,10.720021,13.970011,255.20256,2.1098676,2.5052712,0.6799996,1.3963125,1.6743535,2.2261426,0.7196228,0.0,0.0,0.0,0.0,0.0,1.0,0.0
414.5954,0.1645223,4.2345366,86.78764,5.2601547,2.9636912,2.522319,0.512386,33.535194,297.73965,4.761786,0.30825418,1.80106,252.95206,1.8836949,2.2253861,0.5798624,1.2885451,1.7239501,1.6009632,0.47749954,0.0,0.0,0.0,1.0,0.0,0.0,0.0005764663
833.42694,0.44436735,3.2636929,50.788273,20.398474,3.2484438,1.5960318,0.19530001,34.3687,299.0127,5.4474516,48.10695,81.85665,249.83658,2.0773313,2.5469112,0.6494023,1.3696434,1.7182165,6.399811,-0.33177364,1.0,0.0,0.0,0.0,0.0,0.0,0.0
17.291515,0.018067637,9.8455925,70.59884,29.157612,1.1780555,1.6413103,1.1282412,96.86663,297.6883,5.657412,15.315313,6.5667205,252.9286,1.8875666,2.2299986,0.57939976,1.2902945,1.7230866,1.6079118,0.4747815,0.0,0.0,0.0,1.0,0.0,0.0,2.7894974e-05
311.15213,0.78014123,1.02,77.39906,18.919302,2.3800309,0.28005695,10.642181,6.8724008,297.87936,7.683662,0.029440938,0.34538835,266.65845,2.1101005,2.6495082,0.65670073,1.4213092,1.8847045,1.8896682,0.21103106,0.0,1.0,0.0,0.0,0.0,0.0,0.0022604764
8.57479,0.3353105,25.267895,75.75034,24.055574,6.498134,0.16864602,7.288747,15.619648,297.97742,6.342378,0.06950873,0.53167176,253.10435,1.8883898,2.234493,0.58028173,1.2900597,1.7242806,1.6097163,0.47647384,0.0,0.0,0.0,1.0,0.0,0.0,0.0013813674
89.69902,0.20097822,3.0460544,16.155054,10.339894,0.6515962,0.7568221,0.64215183,121.257286,309.9104,7.0553718,14.577373,93.81995,253.29773,1.8841507,2.2315874,0.58009374,1.2890933,1.7191778,1.6056026,0.48441744,0.0,0.0,0.0,1.0,0.0,0.0,0.00021448731
1056.9182,1.4508122,1.9289843,76.472824,14.278671,4.1122227,0.13180506,0.048062727,389.44836,287.4767,6.54735,447.71527,410.21902,251.68932,1.8833891,2.226158,0.57977754,1.2808836,1.7228018,1.6004132,0.4667889,0.0,0.0,0.0,1.0,0.0,0.0,2.3841858e-07
19.672106,1.39031,140.33974,22.396103,50.873314,2.0887935,6.6858344,0.20660487,13.797202,297.27795,3.6428363,15.919688,68.753525,247.90799,2.0369277,2.2344196,0.5894902,1.4775577,1.7671301,8.175258,0.5024142,0.0,0.0,0.0,0.0,0.999989,0.0,1.2040138e-05
994.0738,0.56767553,4.014143,78.38195,6.9084897,3.2008007,1.49292,0.3712135,50.380272,297.61642,5.021026,81.28782,98.001465,249.13168,2.0753756,2.543159,0.6490176,1.3665572,1.7177078,6.437816,-0.33311063,1.0,0.0,0.0,0.0,0.0,0.0,0.0
1421.6595,0.87315035,2.0472076,85.17139,9.258911,0.87856895,0.87276775,0.13049515,175.72673,298.1336,5.9833775,506.8245,489.53656,253.11722,1.8856546,2.2299953,0.5807692,1.2870862,1.7199937,1.6031755,0.48029554,0.0,0.0,0.0,1.0,0.0,0.0,3.20673e-05
1684.8448,0.96271,2.4068706,69.292534,17.679668,1.2720181,0.36664277,0.024991253,37.194546,296.63913,5.1924477,248.38454,353.11115,249.39903,2.0052862,2.4195328,0.61702055,1.3661737,1.7195717,7.102112,-0.040880945,0.89862764,1.6182661e-05,0.024166405,0.05039975,0.006262839,0.04400587,0.0019580424
1046.7399,0.7592841,1.6447597,80.40026,14.902866,1.236887,1.384651,0.036327098,73.15664,297.32104,4.7808385,249.72757,295.22937,253.14798,1.8878537,2.232063,0.57983637,1.2875592,1.7204449,1.6030029,0.4716789,0.0,0.0,0.0,1.0,0.0,0.0,5.7071447e-05
1240.1934,0.7301786,1.8479131,61.89499,17.970001,1.788906,0.20178154,0.039098796,48.20459,297.9934,4.6308208,188.17006,202.84354,249.98598,2.0788734,2.5488718,0.6499307,1.3683575,1.7211162,6.4066496,-0.33397803,0.9999975,0.0,1.7881393e-07,1.4901161e-07,0.0,3.874302e-07,0.0
439.2758,0.23678182,1.6672292,65.10682,4.1430383,1.1584682,0.79477674,1.3704987,31.232384,308.20538,5.9254985,62.333447,69.544785,249.44484,2.0789456,2.551493,0.6502897,1.3677565,1.7223186,6.3773727,-0.34201515,1.0,0.0,0.0,0.0,0.0,0.0,0.0
60.25391,0.032769736,5.040772,67.44961,21.90693,4.6981707,5.0379667,1.3642617,50.573833,298.25928,5.0530066,14.860937,13.537208,278.14844,2.1290503,2.5352924,0.59199095,1.5295373,2.0016077,2.655602,0.75755143,0.0,0.0,1.0,0.0,0.0,1.9460917e-05,8.821487e-06
604.27264,0.4127362,3.4306455,49.260155,22.956545,3.2604287,1.9669954,0.22757076,32.860756,301.1334,4.6317587,68.13997,74.221275,249.78233,2.0778258,2.5456748,0.64947873,1.3674505,1.7175741,6.4309945,-0.32972553,1.0,0.0,0.0,0.0,0.0,0.0,0.0
1188.169,1.2866914,2.9034436,73.01878,19.037815,3.8442633,0.46110582,0.40858853,245.53886,296.44147,5.8525834,251.82988,397.87866,253.36815,1.889223,2.232574,0.579991,1.288384,1.721269,1.6113341,0.4783422,0.0,0.0,0.0,1.0,0.0,0.0,3.4868717e-05
0.5028418,0.023916079,16.86824,53.64138,42.89438,7.2974277,0.0,7.3822,15.132119,297.54422,6.4921517,0.02499293,0.22224724,252.79411,1.8936702,2.2324836,0.580189,1.2949395,1.7266608,1.6056852,0.4654163,0.0,0.0,0.0,1.0,0.0,0.0,1.1622906e-06
113.47875,0.030644849,3.0774372,70.49715,15.058554,3.3621616,1.6903626,1.0351403,45.33426,299.1344,5.0274673,2.2068567,7.4063754,215.46906,1.8361144,2.021192,0.5121667,1.3742629,1.5355644,9.460892,0.093047954,0.0,0.0,0.0,0.0,0.8771984,0.0,0.367831
652.5372,0.19795355,2.0420926,78.52288,12.171871,1.8436549,2.2695339,0.5888282,51.356487,297.8517,5.072915,103.7753,109.32658,278.2991,2.1298292,2.5273604,0.58892334,1.5299549,2.0038018,2.671842,0.75980914,0.0,0.0,1.0,0.0,0.0,1.5795231e-06,9.140372e-05
846.591,0.39584568,3.6428263,51.874996,17.54435,5.313874,3.6746633,0.6614471,124.8712,298.56836,4.862511,55.286728,67.57672,248.67647,2.0725224,2.54137,0.64726126,1.3656266,1.7161143,6.448795,-0.32156542,1.0,0.0,0.0,0.0,0.0,0.0,0.0
87.99589,0.16033868,2.8330896,15.248711,9.454296,0.66228,0.74792576,1.0725296,32.726486,304.67447,7.0443215,10.099658,118.036995,253.18744,1.8813962,2.2248938,0.5794801,1.2860105,1.7226323,1.6130228,0.4811418,0.0,0.0,0.0,1.0,0.0,0.0,0.0011714399
1347.9703,0.6730208,1.9305599,65.811676,16.770811,2.0875454,0.24815209,0.041423637,18.201363,298.19577,4.4051805,134.6589,206.4193,249.86082,2.079941,2.5491936,0.65031326,1.368739,1.7209083,6.40467,-0.34105226,0.9999973,0.0,2.3841858e-07,2.0861626e-07,0.0,1.2516975e-06,5.9604645e-07
51.67085,0.13088843,2.6559222,14.084983,8.47058,0.6260833,0.6177448,1.0003684,12.589763,293.0232,6.3079295,2.0059104,118.18377,253.88583,1.8996856,2.254731,0.5827384,1.3031219,1.7145885,1.7425961,0.4694998,4.017353e-05,3.7550926e-06,0.0,0.9979321,0.0,0.00019922853,0.00027278066
363.02975,1.1003621,3.4411724,70.256035,13.132223,1.2956471,0.7407919,1.939801,334.51736,297.3501,5.089318,11.86525,22.910316,253.20914,1.8883749,2.2290168,0.58008313,1.2879912,1.717463,1.6031003,0.47455496,0.0,0.0,0.0,1.0,0.0,0.0,5.811453e-05
24.412586,0.5430331,2.698745,65.661194,5.134688,2.249372,1.7694117,20.0,40.33961,296.89777,6.5501313,0.02499293,0.22972198,252.75525,1.8769454,2.2201781,0.577068,1.279852,1.7215596,1.6003387,0.48692936,0.0,0.0,0.0,1.0,0.0,0.0,0.0006451309
324.80328,0.11706424,1.6877956,49.02006,1.5327009,1.1475213,0.116848044,0.93102044,40.348392,288.38715,4.436243,13.371838,15.233057,249.31462,2.0764267,2.5529783,0.6502911,1.3684658,1.7203588,6.501861,-0.34353805,1.0,0.0,0.0,0.0,0.0,0.0,0.0
8.357597,0.045117855,2.286714,72.93724,4.93365,1.5779189,1.9870048,20.0,42.22828,296.1547,6.567488,0.05175243,1.7119663,246.61342,2.032221,2.220117,0.5852749,1.4789089,1.7597764,8.384611,0.51664656,0.0,0.0,0.0,0.0,0.99999934,0.0,1.5109777e-05
357.7267,0.08764612,2.5063922,56.6586,2.1668913,1.2105242,0.41955295,0.98951447,56.624607,308.442,5.0785356,15.627192,18.90675,248.95218,2.074098,2.5430036,0.64878833,1.3665315,1.7182504,6.408435,-0.33498022,1.0,0.0,0.0,0.0,0.0,0.0,0.0
3.6887712,0.010544892,14.05501,54.66545,40.60532,1.047207,1.6236907,1.9954655,58.834316,297.70657,5.423355,1.2915318,1.2929794,253.22885,1.8893007,2.2310617,0.5805457,1.2915163,1.7247248,1.6065363,0.4796766,0.0,0.0,0.0,1.0,0.0,0.0,3.516674e-06
388.9601,0.2077693,2.0807748,36.08817,57.528805,2.107515,3.0723662,0.012867752,15.042521,286.9778,7.462571,170.4588,221.03516,252.8568,1.8869913,2.2297268,0.5805155,1.2903891,1.7268771,1.6138294,0.48647168,0.0,0.0,0.0,1.0,0.0,0.0,1.3589859e-05
111.565735,0.12914634,8.245467,34.01082,20.189102,1.6921585,4.005521,0.7498054,62.386665,301.14328,4.9370065,3.459587,10.712162,253.1748,1.8848287,2.231409,0.5798582,1.2868085,1.7224786,1.600949,0.47384605,0.0,0.0,0.0,1.0,0.0,0.0,2.720952e-05
893.04877,0.60989076,1.0225726,52.89014,19.303774,0.8252104,0.005149737,0.024836345,90.74927,298.39447,4.3410597,324.95544,342.05182,278.3222,2.1299725,2.5322695,0.5942554,1.5299939,2.0041811,2.5759566,0.7599628,0.0,0.0,1.0,0.0,0.0,0.0,0.0
3105.836,1.5689932,1.6587269,91.83769,8.222538,1.451498,0.71456254,0.06252358,5.2489853,293.11172,5.6020956,164.43117,268.53162,172.95473,1.5023177,1.8312843,0.41320822,1.1908321,1.2053175,10.288335,-0.54909164,5.632639e-06,0.0,1.4901161e-07,0.0,0.0,1.552701e-05,0.9999989
1.9350941,0.04617415,20.151463,55.340492,42.436066,7.1554384,0.0012885362,7.3208995,28.380062,297.62256,6.4071817,0.04887641,0.29896832,253.10239,1.8895897,2.2308354,0.5802811,1.2918487,1.7268732,1.6086295,0.47920522,0.0,0.0,0.0,1.0,0.0,0.0,3.1769276e-05
1302.1476,0.75347686,1.7195132,66.297386,19.136374,0.9735105,0.26157022,0.023024492,100.97504,297.73474,5.039751,450.01108,470.36826,253.23677,1.879983,2.2234888,0.579017,1.2873725,1.7221371,1.635857,0.49050456,0.0,0.0,2.682209e-07,1.0,0.0,0.0,0.00010815263
940.57715,1.1848398,6.3931546,45.10863,50.167896,5.9180083,0.70137566,0.20009507,33.068264,301.62274,4.78201,275.02234,398.5316,252.97389,1.8892269,2.2317603,0.5804424,1.2918652,1.7258645,1.6253092,0.47937706,4.4703484e-07,0.0,0.0,1.0,0.0,0.0,3.71933e-05
2.2409904,0.20898049,23.948347,73.93493,25.109043,6.6717577,0.00030413567,7.341693,5.036128,297.8747,6.429143,0.234478,0.95488036,253.08243,1.886343,2.2298856,0.5793229,1.289832,1.720575,1.6056087,0.4733171,0.0,0.0,0.0,1.0,0.0,0.0,0.00025704503
180.01456,0.027026165,6.1561294,69.86537,30.416273,1.4815359,3.274763,0.71345156,28.395103,298.16763,5.1466703,12.444883,24.496458,278.3263,2.129985,2.5324893,0.5903465,1.5299982,2.004242,2.6460152,0.75998855,0.0,0.0,1.0,0.0,0.0,0.0,5.066395e-07
197.63525,0.14768945,5.348334,67.8271,26.095547,1.9550054,1.0071452,1.4971466,50.843807,297.62912,5.6825266,3.304657,5.902146,253.09406,1.8878063,2.2308629,0.5797682,1.2902488,1.7227519,1.6042563,0.4778746,0.0,0.0,0.0,1.0,0.0,0.0,7.221103e-05
39.355934,0.3544069,2.14832,66.73361,5.7374816,2.1341202,1.7444074,19.998898,39.711945,298.78577,5.1263366,0.027993994,0.39902732,253.32076,1.871885,2.2296896,0.57782525,1.2793614,1.719117,1.6001351,0.4763884,0.0,0.0,0.0,1.0,0.0,0.0,3.951788e-05
65.82398,0.0023618266,15.776319,77.883896,21.173637,1.3589622,3.7618515,1.1287549,10.385298,298.45334,4.7910767,0.21634656,6.560799,278.33,2.1299999,2.53336,0.5919817,1.53,2.0042999,2.7487097,0.76000005,0.0,0.0,1.0,0.0,0.0,0.0,0.0
404.36676,0.17172737,2.8934648,36.380573,57.200882,2.4309473,2.852418,0.01444843,11.364444,292.58533,4.7556148,205.9644,217.6725,252.7699,1.8923899,2.232909,0.58253884,1.2944376,1.7327275,1.6058273,0.4701651,5.066395e-07,0.0,0.0,1.0,0.0,0.0,3.5762787e-07
2.117272,0.0632596,17.699,57.04609,39.869766,7.119857,0.0005841756,7.261167,6.4908953,297.5075,6.4257383,0.093410075,0.4673416,253.06595,1.887976,2.2302465,0.57948107,1.2918067,1.7256229,1.6090094,0.4805669,0.0,0.0,0.0,1.0,0.0,0.0,7.0512295e-05
500.13678,0.118658066,2.2022405,78.613014,11.904375,2.0378218,2.6508512,0.6406677,38.91439,298.07648,4.894166,53.013317,62.43226,278.3196,2.1299336,2.5340116,0.5893303,1.5299877,2.004121,2.661908,0.75994366,0.0,0.0,1.0,0.0,0.0,1.4901161e-07,5.0991774e-05
3.0043104,0.1945803,27.941893,75.27128,23.38691,6.5929613,0.0012761945,7.5608706,6.4171257,297.64053,6.444889,0.029941114,0.2733459,253.57645,1.8888897,2.2297912,0.57892555,1.290031,1.7240398,1.605114,0.4792173,0.0,0.0,0.0,1.0,0.0,0.0,0.00026762486
10.336383,0.05045207,2.239096,69.05352,3.3085506,1.0928003,1.917055,19.999998,48.04159,296.61328,6.5482583,0.08574664,3.4940953,247.2829,2.035767,2.2295277,0.58680564,1.4777302,1.7621896,8.405572,0.5204844,0.0,0.0,0.0,0.0,0.9999962,0.0,6.6936016e-05
1.4096711,0.09093893,22.637014,69.27446,30.11386,6.5686297,5.0542356e-05,7.304344,13.21787,297.91943,6.385955,0.0339604,0.26239878,253.15512,1.8889561,2.2310805,0.57938844,1.2900337,1.7237651,1.6102557,0.47724602,0.0,0.0,0.0,1.0,0.0,0.0,8.952618e-05
757.7196,0.42848447,3.9482036,50.714497,21.816475,3.8097668,2.3353732,0.24740937,37.93703,300.17264,4.607856,61.131214,81.98577,249.26483,2.0762887,2.547374,0.64860827,1.3669481,1.7152658,6.442109,-0.3323107,1.0,0.0,0.0,0.0,0.0,0.0,0.0
323.2729,0.07996464,3.0300016,62.94558,3.3330853,1.227649,0.8082774,1.2551478,44.05435,310.2995,5.121972,15.695448,20.08741,249.84995,2.0761633,2.5446837,0.6502249,1.3677319,1.72108,6.4271874,-0.3428865,1.0,0.0,0.0,0.0,0.0,0.0,0.0
688.6559,0.42696515,17.290104,60.597267,14.081328,1.0798234,3.191343,0.042095114,39.13119,294.55646,3.6021988,148.24837,141.68347,252.94968,1.883514,2.227233,0.5792186,1.2858261,1.7204186,1.6006614,0.4740771,0.0,0.0,0.0,1.0,0.0,0.0,6.225705e-05
438.0587,0.21090634,3.3477323,50.07897,2.6591299,2.1702821,0.88212746,2.7562895,27.044668,301.67575,4.441939,18.000677,24.964533,249.79503,2.0768566,2.5470045,0.6499214,1.3677479,1.7199875,6.416361,-0.34145737,1.0,0.0,0.0,0.0,0.0,0.0,0.0
69.94455,0.56177205,4.0179944,63.98146,9.985935,3.0021214,2.029493,19.999987,8.889658,297.48773,7.82879,0.046429113,1.2689652,252.88086,1.883131,2.2259185,0.5788023,1.2834951,1.7179923,1.6035308,0.47769597,0.0,0.0,0.0,1.0,0.0,0.0,0.0064430535
33.693504,0.17946628,2.5934234,72.17091,6.9628725,2.0159686,2.021393,19.999882,71.76948,297.08176,4.926803,0.5058779,22.71698,246.79416,2.0340211,2.2258,0.58551514,1.4768703,1.7579883,8.292019,0.5131132,0.0,0.0,0.0,0.0,0.9999969,0.0,7.2300434e-05
44.282654,0.37957564,3.7345994,81.26427,11.977048,2.53333,1.0210308,20.0,52.955994,297.09872,5.734513,0.95964605,20.014471,247.6039,2.0385606,2.2292848,0.5883669,1.4781663,1.7585131,8.39717,0.51867706,0.0,0.0,0.0,0.0,0.9999913,0.0,5.26309e-05
247.72217,0.11468834,3.5776634,71.34749,18.833364,2.788344,3.7755756,1.1373017,9.455248,298.19775,4.665048,1.7443175,6.516115,275.4875,2.1113763,2.5037675,0.5922134,1.5154623,1.959783,2.6362536,0.7183811,0.0007646382,6.556511e-06,0.99978137,0.00044107437,0.00011840463,0.021155268,0.013503432
655.6141,0.3508315,2.4657845,72.27438,12.09874,3.629052,0.6529038,0.5515622,274.63776,299.56085,5.648782,314.2937,371.6231,252.56216,1.8808336,2.2337925,0.57981545,1.2882918,1.7200576,1.6095289,0.47854987,0.0,0.0,0.0,1.0,0.0,0.0,0.00024405122
993.52704,0.42209718,2.9057271,77.92882,8.63529,1.3010541,2.1043808,0.11033241,9.686508,297.61884,7.1849394,74.474075,173.46852,248.23145,2.072127,2.54381,0.6460879,1.3654599,1.7192076,6.3157806,-0.32345432,1.0,0.0,0.0,0.0,0.0,0.0,0.0
1.2674811,0.025265653,3.3530226,69.98703,6.114513,1.3973075,2.4494421,20.0,74.52764,295.9567,6.257159,0.02499293,0.22190002,252.43405,1.8936828,2.2221959,0.5798213,1.2935483,1.7246416,1.6238576,0.46932435,0.0,0.0,0.0,1.0,0.0,0.0,0.00038149953
1.7930056,0.019812498,1.1595814,32.57224,39.37221,6.625536,2.7371457,1.2511362,4.5031977,299.39893,6.1456413,0.07406392,0.27382106,277.9298,2.1278841,2.5304687,0.58338106,1.5286847,1.999489,2.5767956,0.7537737,0.0,0.0,1.0,8.016825e-06,0.0,7.7188015e-06,0.0
32.443935,0.32591438,27.292692,38.98121,36.20378,4.0691633,6.1771054,0.77313906,84.73228,297.9427,5.479476,40.18428,74.97314,249.04236,2.038726,2.2301219,0.5894346,1.4784632,1.7610108,8.358119,0.5188674,0.0,0.0,0.0,1.4305115e-06,0.9992744,0.0,0.0006316006
5.723276,0.0062482622,9.288682,82.54588,14.425423,3.1057403,2.5352726,0.26958057,46.408512,297.51227,4.0012546,190.23352,62.639744,252.97546,1.8854978,2.227978,0.5794324,1.2865899,1.7206128,1.601459,0.46934813,0.0,0.0,0.0,1.0,0.0,0.0,2.9623508e-05
1219.0099,0.67908037,1.967225,62.69505,16.388008,1.9247344,1.5731367,0.02929835,4.1009645,297.4382,8.023488,41.292923,112.00591,248.47116,2.0737917,2.543561,0.64686036,1.3666536,1.7183644,6.344097,-0.3230578,1.0,0.0,0.0,0.0,0.0,0.0,0.0
1119.4801,1.3251454,1.565523,66.30734,27.393724,4.5699606,0.35198137,0.06523153,82.9284,297.6628,5.0901327,103.065346,400.8342,252.71516,1.8847076,2.2319798,0.58072037,1.2880461,1.7241434,1.6094221,0.47063488,0.0,0.0,0.0,1.0,0.0,0.0,3.939867e-05
157.92273,0.16732168,3.2951362,62.651585,27.110907,2.406253,3.848269,0.6201689,30.711063,297.44092,7.3062243,20.017553,31.365662,252.85599,1.8828906,2.2247376,0.578707,1.2820277,1.722422,1.6038977,0.48249424,0.0,0.0,0.0,1.0,0.0,0.0,0.00087815523
1316.63,1.4405332,1.0585299,72.65907,18.000057,4.315656,0.36305338,0.00816206,387.55127,290.53906,6.6520824,433.591,483.40558,251.73262,1.8770223,2.2114627,0.5778928,1.2837291,1.7275985,1.6016243,0.50375,0.0,0.0,0.0,1.0,0.0,0.0,0.0
730.47955,0.8327319,1.5936935,80.11428,11.886405,3.7568266,1.477423,20.0,16.825478,299.74118,6.690099,120.34741,209.67651,249.95895,2.078641,2.544684,0.6471509,1.3669161,1.7198689,6.3499923,-0.33024377,0.99999905,0.0,0.0,3.2782555e-07,0.0,0.0,2.3841858e-07
71.90964,0.22147627,32.1139,76.30143,22.793365,6.5786524,0.19939576,7.584619,29.264866,298.07965,6.5079384,0.070866354,0.46858433,253.00056,1.8888198,2.2286599,0.5806342,1.2889557,1.7226332,1.6088539,0.4797319,0.0,0.0,0.0,1.0,0.0,0.0,0.00112167
624.0095,0.23698296,1.7836789,77.39273,18.749994,2.0484684,0.2058737,0.05708743,57.85506,297.84808,5.0064898,129.61913,148.44244,253.16663,1.8776485,2.2208958,0.5806212,1.2836217,1.7228506,1.623285,0.4712008,0.0,0.0,0.0,1.0,0.0,0.0,2.7865171e-05
413.3155,0.08520662,2.7740922,57.244595,3.3996823,0.95615196,0.40501148,0.9673087,44.8096,287.06876,5.0163617,18.990278,7.407472,254.73422,2.108617,2.5031276,0.67999625,1.3980142,1.6780757,2.2301183,0.71154696,0.0,0.0,0.0,0.0,0.0,1.0,1.0728836e-06
323.58942,0.15577282,6.025895,38.660183,54.546207,2.238758,2.9931142,0.24977891,14.519591,297.63245,4.808762,141.9,166.2593,252.91975,1.8887128,2.2329924,0.581146,1.2907313,1.7271361,1.6245687,0.47569206,5.066395e-07,0.0,0.0,1.0,0.0,0.0,0.00062054396
923.41724,0.36823058,3.3693342,76.037415,15.537279,1.8583472,2.234845,0.04684549,76.18331,295.90884,4.054142,261.71796,245.66484,252.91481,1.8858259,2.2285328,0.5797434,1.2873617,1.720858,1.6026134,0.47428292,0.0,0.0,0.0,1.0,0.0,0.0,7.7039e-05
146.75528,0.1439181,2.1209335,18.701769,10.931142,0.6452489,0.9120756,0.39069226,46.780136,297.50778,6.906431,35.900227,118.736404,252.89052,1.878307,2.2280815,0.5792943,1.2869041,1.7206074,1.6037118,0.4788015,0.0,0.0,0.0,1.0,0.0,0.0,0.0014038384
454.65097,0.3393071,2.09188,50.28679,30.560574,2.2694497,1.7087297,1.107712,14.387428,300.16794,5.521475,14.741896,33.622993,172.55714,1.5008492,1.8222445,0.41102812,1.1912473,1.2021632,10.406614,-0.5467075,0.0,0.0,0.0,0.0,0.0,0.0,1.0
22.075432,0.066383466,20.145632,61.58555,35.91179,4.7356353,0.7284984,5.185422,65.1066,297.5092,6.359493,0.12181301,0.51864123,253.01985,1.8887197,2.2318678,0.5805198,1.2908734,1.726281,1.6070758,0.47818917,0.0,0.0,0.0,1.0,0.0,0.0,5.8591366e-05
379.62955,0.15145995,3.3034482,52.201775,1.7150283,1.3907101,0.14219533,1.2130933,68.43818,301.28714,5.466671,10.1586075,9.367952,254.69852,2.111974,2.5077262,0.68,1.39671,1.6707491,2.2184963,0.730194,0.0,0.0,0.0,0.0,0.0,1.0,0.0
272.99393,0.38145918,8.408036,55.14653,12.137757,2.1082833,1.4521791,0.6772378,57.48706,298.03384,4.639708,0.9554124,3.8256333,253.11157,1.8845967,2.2266192,0.5800307,1.2873814,1.7227445,1.6015303,0.47827804,0.0,0.0,0.0,1.0,0.0,0.0,0.00011819601
572.6745,0.26572594,3.8820055,76.73555,13.549362,2.0351038,2.023222,0.083780825,56.498093,296.57562,3.8633256,200.17976,205.6238,252.96173,1.8852926,2.230843,0.5798811,1.2871476,1.7215415,1.6031758,0.472895,0.0,0.0,0.0,1.0,0.0,0.0,9.11057e-05
0.57276964,0.8058008,255.95668,70.137085,28.372337,7.107602,0.0016664284,7.180303,10.573184,298.43347,6.48028,0.026046876,0.24496384,252.40543,1.8825831,2.2237716,0.57750624,1.2874228,1.7286469,1.6368606,0.48619598,0.0,2.6017427e-05,8.165836e-06,0.999961,8.940697e-07,0.00021290779,0.00017282367
64.37772,0.17213905,3.074811,52.29821,43.33763,1.9177502,4.468217,0.21417044,1.8409672,297.3768,7.1560316,4.769659,10.462334,252.84465,1.8828623,2.2268686,0.5782052,1.2853749,1.7215735,1.60037,0.48114723,0.0,0.0,0.0,1.0,0.0,0.0,6.827712e-05
15.140396,0.007443348,3.6506891,88.18277,13.642343,2.5312686,1.2157047,0.07453984,10.40928,297.89108,4.158252,38.31401,209.0329,253.40877,1.8886333,2.2342978,0.57988423,1.291133,1.7224498,1.6067626,0.4737585,0.0,0.0,0.0,1.0,0.0,0.0,1.7881393e-06
377.64804,0.19556393,1.9463083,35.638817,57.55474,2.038319,3.2295425,0.008358081,10.710806,285.43124,6.632589,161.41154,199.5742,252.96028,1.8918788,2.2361245,0.5821641,1.2919041,1.7313806,1.6047677,0.47287455,0.0,0.0,0.0,1.0,0.0,0.0,0.0
350.11026,0.10146211,3.6763554,56.478912,2.5497215,1.1844497,0.4285022,1.0473305,53.459305,294.049,5.55298,16.949392,6.1733923,254.87552,2.106893,2.5058727,0.68,1.3939703,1.6790358,2.2583785,0.7189589,0.0,0.0,0.0,0.0,0.0,1.0,0.0
1325.47,0.67689145,1.7597861,51.571133,6.870221,3.052422,1.1940478,0.2641617,3.886963,297.8481,6.752738,47.54298,110.821434,249.61047,2.0776892,2.549301,0.6496012,1.3678427,1.7196707,6.4542933,-0.33946058,1.0,0.0,0.0,0.0,0.0,0.0,0.0
4.295794,0.010864587,12.327696,61.20516,36.92704,1.711877,2.6168208,1.6781077,21.666988,297.97336,5.9898653,6.913134,6.245636,253.00563,1.8867161,2.2302597,0.57957745,1.2881942,1.7213646,1.60278,0.4763563,0.0,0.0,0.0,1.0,0.0,0.0,4.8339367e-05
543.695,0.24565537,2.2640467,70.55214,23.46016,2.7562447,0.495963,0.1389318,55.925793,297.7819,5.3445606,94.022675,128.5829,253.11006,1.8793238,2.2173488,0.5799692,1.2847177,1.7257804,1.6386014,0.48121735,1.758337e-06,0.0,0.0,0.9999999,0.0,0.0,4.9114227e-05
63.018852,0.41536978,2.7659097,77.29056,21.664814,3.6337273,1.7250687,0.1759845,30.288269,298.36017,3.906466,319.2239,462.02115,254.60974,2.113426,2.5103414,0.6799999,1.3981855,1.6770034,2.3524897,0.723932,0.0,0.0,0.0,0.0,0.0,1.0,0.0
920.27203,0.37441906,3.7022197,64.15221,24.734453,2.435513,0.4795012,0.064778715,19.544027,298.48093,5.229505,184.2433,196.06578,251.86943,1.8875378,2.213878,0.57961607,1.2868403,1.7188177,1.9665569,0.48713937,0.0010023117,1.7881393e-07,5.64456e-05,0.99969614,1.937151e-06,9.807944e-05,0.00027531385
7.047237,0.14641313,1.4327083,93.59649,10.430283,0.8770888,0.07943142,20.0,47.45494,296.83258,6.270947,0.026171919,0.34401768,245.33742,2.0402293,2.216102,0.5824791,1.4789884,1.7590972,8.269669,0.51744455,0.0,0.0,0.0,0.0,1.0,0.0,0.0
23.21407,0.05208218,9.054009,8.428815,2.471111,0.6867649,0.07321677,1.1881258,37.580723,310.2935,6.6460743,0.08876557,0.3135705,247.39456,2.0736241,2.5424013,0.64643484,1.3628381,1.7214454,6.3486123,-0.31987253,1.0,0.0,0.0,0.0,0.0,0.0,0.0
166.74318,0.16954961,3.0906508,21.269255,9.179952,1.0753343,0.49835086,0.87558466,18.282772,301.21753,5.5050936,26.858856,103.9811,254.13965,1.97947,2.3141418,0.6167175,1.3141214,1.7008656,1.7324588,0.56896305,1.0669231e-05,1.847744e-06,0.0,0.9833765,0.0,0.009832561,0.008505493
1161.5732,1.1022491,2.2075078,78.41307,12.124511,1.0180168,2.4291332,0.031800743,34.226048,297.0809,4.224802,212.41443,386.1051,253.13249,1.8881731,2.2308822,0.5801516,1.2879642,1.7229874,1.610051,0.47403216,0.0,0.0,0.0,1.0,0.0,0.0,0.000102728605
51.32588,0.04577916,9.348684,72.83089,12.409966,3.459066,3.9289253,3.518639,3.4026165,298.0372,8.173636,1.0212572,2.605242,250.00377,2.0768094,2.548227,0.64960814,1.3708826,1.721444,6.388834,-0.32088763,0.9999961,0.0,0.0,0.0,0.0,0.0,3.2782555e-07
292.1969,0.6211241,7.337624,89.4312,7.3441343,2.1486802,0.7864802,0.94355863,105.829994,297.45407,6.570086,41.532776,49.147602,247.81366,2.0688443,2.5381763,0.6455473,1.3649145,1.7173352,6.4640183,-0.33226013,1.0,0.0,0.0,0.0,0.0,0.0,0.0
5.522018,0.81495315,101.00733,26.300854,47.40621,3.4655333,6.514545,0.5397605,176.65427,297.9078,5.153421,35.318554,57.952393,248.47005,2.0358396,2.2310948,0.5897249,1.4771911,1.7639035,8.4466505,0.5200862,0.0,0.0,0.0,7.4505806e-07,0.99984086,0.0,4.1007996e-05
439.20544,0.1710362,2.559095,90.29908,5.9190044,2.194839,1.275356,0.6112991,27.58494,298.007,5.20912,0.048394095,0.34692353,251.49261,1.8733813,2.2557096,0.57865137,1.281913,1.7122444,1.6597837,0.4366253,1.79708e-05,4.4703484e-07,0.00014096498,0.9999318,8.046627e-07,2.413988e-06,0.0022404492
381.2776,0.20301008,1.4113578,36.001,57.674088,2.1186614,2.8685231,0.0081680175,10.509367,280.90533,9.053271,141.73582,212.2469,252.74153,1.885194,2.233049,0.58133537,1.2874656,1.7265933,1.6092376,0.4820468,0.0,0.0,0.0,1.0,0.0,0.0,6.3180923e-06
3.47574,0.03705284,4.905179,83.15857,10.296736,2.9529517,0.9541709,19.995935,31.97469,297.93042,5.6774063,0.94083583,2.3067098,252.7288,1.8847351,2.227695,0.5794899,1.287444,1.7193654,1.6032066,0.47845086,0.0,0.0,0.0,1.0,0.0,0.0,0.0015654564
75.73466,0.009311691,1.02,32.8794,48.190033,2.1161227,2.0911677,6.7790804,15.447257,298.41318,8.028632,0.026957912,0.26806423,266.3115,2.1132493,2.6498072,0.65876585,1.4215267,1.8927642,1.9203904,0.20963618,0.0,1.0,0.0,0.0,0.0,0.0,0.00022035837
153.53748,0.062471453,2.7630172,88.37809,10.700267,2.3310509,0.9071509,0.06678778,30.58865,297.85794,4.321641,80.21295,276.29626,253.16124,1.886555,2.2306008,0.57948875,1.2881963,1.7210289,1.607996,0.471139,0.0,0.0,0.0,1.0,0.0,0.0,5.8352947e-05
6.6658306,0.16037755,24.376303,74.28803,25.731533,6.5430565,0.0007654816,7.4082875,11.660296,297.86884,6.3794184,0.5234377,1.4529824,253.49126,1.8887001,2.2292871,0.5794556,1.2898369,1.7225947,1.6127735,0.4772891,0.0,0.0,0.0,1.0,0.0,0.0,0.00028684735
1473.3864,1.0888939,2.0755684,83.84436,10.336087,0.91032076,1.2471343,0.06219589,108.74707,298.15588,5.299293,426.83072,465.7629,253.28317,1.8872777,2.2304256,0.5803254,1.2884866,1.722059,1.6089352,0.47810242,0.0,0.0,0.0,1.0,0.0,0.0,8.574128e-05
0.74469674,0.052153476,18.444578,55.70481,41.573055,7.3251896,1.4692545e-05,7.4680915,21.271345,297.70374,6.407482,0.028797852,0.23617327,253.07681,1.8892568,2.2309175,0.57969934,1.2918845,1.7264774,1.609433,0.47730997,0.0,0.0,0.0,1.0,0.0,0.0,2.6673079e-05
27.04234,0.019804895,5.532336,69.40617,9.099661,2.326315,1.3796943,0.2683711,41.89587,297.47635,4.0640383,0.43901488,1.4534028,247.9823,2.039084,2.2277133,0.58916146,1.4780164,1.7628195,8.402112,0.5256035,0.0,0.0,0.0,0.0,0.99997306,0.0,6.377697e-05
76.75668,0.15993467,4.0224013,14.746716,9.775226,0.660395,0.67029655,0.95095617,44.70141,310.38452,7.0827827,9.93853,115.482376,253.13951,1.8809818,2.2246687,0.5796704,1.2866772,1.7228513,1.606215,0.4830143,0.0,0.0,0.0,1.0,0.0,0.0,0.00017115474
454.00964,0.2215378,3.7443726,79.1076,20.574272,2.4194,1.3961436,0.29830867,50.360046,297.97293,5.2699485,27.162321,40.390232,252.74617,1.8866987,2.2297966,0.5801138,1.2879329,1.7198063,1.6126497,0.46643576,0.0,0.0,0.0,1.0,0.0,0.0,0.0009173751
160.7031,0.13980474,4.1086636,17.619541,5.7923217,1.1355861,0.65181506,0.6199663,8.931686,305.27533,7.371304,4.1133013,8.228212,249.38472,2.0762434,2.5418923,0.649212,1.3677938,1.718235,6.3732276,-0.31872895,1.0,0.0,0.0,0.0,0.0,0.0,0.0
71.089584,0.13097948,3.266456,13.466341,9.642977,0.67630607,0.79270273,0.9584991,39.710693,298.43408,7.1821733,15.525941,116.93432,252.89885,1.8851731,2.2321303,0.58078414,1.2859955,1.7252969,1.604675,0.46200585,0.0,0.0,0.0,1.0,0.0,0.0,0.0016340911
999.73755,0.5453526,2.1466835,85.904106,8.416102,1.3068959,1.5752861,0.33710587,63.29743,297.8654,5.8258452,252.65752,286.17368,254.74387,1.8958013,2.2560556,0.5732469,1.2951247,1.738925,1.662679,0.50174755,6.28829e-06,3.874302e-07,0.0006375313,0.99977404,5.066395e-07,7.2717667e-06,0.004343748
6.276102,0.011635603,8.376637,68.75053,31.63406,1.5280378,1.4112945,0.40784556,5.010227,297.3933,4.748678,17.63644,22.843428,253.06276,1.8898138,2.2329879,0.58063674,1.292557,1.7266253,1.6081795,0.47496316,1.7881393e-07,0.0,0.0,1.0,0.0,0.0,1.4007092e-06
12.59691,0.02865574,9.7299795,60.336308,37.572247,1.6781912,3.6151307,1.7819268,49.25474,297.7294,6.645788,7.431014,10.152837,252.85712,1.8865743,2.2277007,0.5797831,1.2890422,1.7228397,1.6026495,0.47760382,0.0,0.0,0.0,1.0,0.0,0.0,0.00016415119
67.51413,0.45896804,1.0212711,68.21398,23.952858,2.4421475,0.96973413,9.540938,18.051332,298.52155,7.0603294,0.7335837,3.775485,264.59564,2.0949152,2.635879,0.6500388,1.4199326,1.8577842,2.2038856,0.20086148,1.3053417e-05,0.9999974,1.1026859e-06,6.854534e-07,2.6226044e-06,0.00013113022,0.0004977584
82.69101,0.034638427,19.696434,76.39651,26.863827,0.9366328,0.88122094,0.9524105,2.0791533,299.16934,4.0552545,4.7180157,58.36654,278.33,2.1299999,2.5458999,0.59531784,1.53,2.0042999,2.7397475,0.76000005,0.0,0.0,1.0,0.0,0.0,0.0,0.0
96.24889,0.2328583,25.404697,74.463356,24.565935,6.5813465,0.12705849,7.4766107,22.714336,297.7801,6.4516215,2.5161986,6.0273886,252.79645,1.8878548,2.2300482,0.5797008,1.2885667,1.7204982,1.6162483,0.47455934,0.0,0.0,0.0,1.0,0.0,0.0,0.0017705858
34.716743,0.93167245,107.35327,27.43377,46.721664,3.2653399,6.26009,0.87278616,182.368,298.08188,5.0464835,42.334545,57.650024,248.53104,2.0393684,2.2335992,0.58967793,1.4788046,1.7653642,8.438064,0.5234072,0.0,0.0,0.0,1.6987324e-06,0.999823,0.0,6.940961e-05
1156.4436,0.6331696,1.6569687,65.74455,16.09581,1.2793651,0.24595408,0.034322202,45.059372,297.83688,5.24817,276.99573,315.68326,249.47859,2.0741458,2.5426338,0.649331,1.3703374,1.7185763,6.4150596,-0.3408277,0.9995375,0.0,0.0006508827,0.00021311641,4.3213367e-06,0.00066927075,7.2717667e-06
446.40833,0.46055332,27.928032,57.679714,14.352335,1.080706,2.8647635,0.075970374,31.88247,296.74728,3.897631,3.6384718,10.480921,253.25772,1.8825681,2.2301548,0.579651,1.2843933,1.7222276,1.60033,0.4724202,0.0,0.0,0.0,1.0,0.0,0.0,1.6123056e-05
740.1922,0.47394553,3.1730995,45.487152,4.250971,3.451463,0.39012262,3.3226683,17.732584,300.57086,4.420313,23.352058,34.51837,249.9403,2.076722,2.5462396,0.64904606,1.3693398,1.7201732,6.376111,-0.34037971,0.9999998,0.0,2.9802322e-07,2.682209e-07,0.0,0.0,1.013279e-06
371.44424,0.10839035,3.4722428,54.601112,3.0676756,1.1258693,0.5754297,1.0896263,45.721905,290.2683,4.589966,15.247271,20.691639,249.60887,2.0806837,2.5522432,0.65209544,1.3687414,1.7179811,6.446078,-0.348758,0.99999213,0.0,6.467104e-06,5.00679e-06,0.0,5.9604645e-07,1.835823e-05
72.31733,0.60713696,1.02,79.01056,18.0832,2.1229014,0.30413803,10.787962,28.96806,297.56186,6.4094706,0.02499293,0.22666995,266.70157,2.110289,2.6499074,0.6576018,1.4249421,1.890469,1.913641,0.21640803,0.0,1.0,0.0,0.0,0.0,0.0,4.7057867e-05
5.953358,0.006635548,2.377178,85.87691,11.057509,2.9485488,2.2789254,0.08386543,25.211576,297.59778,3.8423896,173.76286,58.95516,253.12819,1.8832328,2.2296832,0.5795155,1.2866797,1.7198968,1.601229,0.474289,0.0,0.0,0.0,1.0,0.0,0.0,2.0384789e-05
305.3418,0.18165743,1.0216289,17.74328,28.95551,1.2021633,0.5913929,1.7305609,36.71126,300.9744,5.1049848,16.235819,20.059118,172.20001,1.5,1.82,0.41000003,1.19,1.1969,10.43,-0.55,0.0,0.0,0.0,0.0,0.0,0.0,1.0
1200.9827,0.6106033,2.5290902,68.58398,8.908352,1.920351,0.6760137,0.046924137,15.28482,298.07245,5.1454387,84.737144,136.08366,248.93935,2.0742671,2.5466955,0.6491055,1.3670696,1.7197571,6.4576635,-0.33758146,1.0,0.0,0.0,0.0,0.0,0.0,0.0
0.6561959,0.0065527484,2.6130157,70.34979,21.537127,5.356552,5.0520864,0.7150776,12.032361,298.18332,4.9461994,1.2295097,8.331195,278.3286,2.1299908,2.541287,0.5911851,1.5299991,2.0042775,2.654543,0.7599951,0.0,0.0,1.0,0.0,0.0,0.0,1.4901161e-07
19.870625,0.007001998,5.688085,70.0837,22.193422,3.6880784,5.36735,1.000245,36.440582,298.1006,5.110778,6.155847,23.49351,278.33,2.1299999,2.5363686,0.59026897,1.53,2.0042999,2.6525056,0.76000005,0.0,0.0,1.0,0.0,0.0,0.0,0.0
0.9799548,0.032906502,21.400686,55.085037,42.99755,7.5307794,0.0020381499,7.6029625,111.505226,297.52246,6.436081,0.025636015,0.22694407,253.08214,1.888708,2.2316802,0.5794516,1.2914957,1.7263815,1.6136312,0.47879994,0.0,0.0,0.0,1.0,0.0,0.0,3.3199787e-05
178.11076,0.092634276,1.0200837,14.607541,31.91064,1.0356625,0.5415211,2.1528606,74.438576,302.9785,5.444915,14.831213,13.036437,172.20001,1.5,1.82,0.41000003,1.19,1.1969,10.43,-0.55,0.0,0.0,0.0,0.0,0.0,0.0,1.0
74.795555,0.02162969,5.971259,68.31952,21.98755,4.490134,5.2167487,1.0842795,23.975653,298.00128,5.0077357,5.615834,22.006113,278.32965,2.1299977,2.5318851,0.5910634,1.5299999,2.0042942,2.665754,0.7599989,0.0,0.0,1.0,0.0,0.0,0.0,3.5762787e-07
348.121,0.2125647,3.3994226,36.115757,55.440678,1.8370286,3.0379322,0.24665509,25.974611,296.28802,6.8558965,161.61014,226.5188,253.13336,1.8847632,2.226016,0.581674,1.2906417,1.72894,1.6068366,0.49856886,0.0,0.0,0.0,1.0,0.0,0.0,1.5288591e-05
5.1789756,0.10865899,19.823486,61.01408,35.918724,6.9684224,0.016051311,7.0681076,1.6530095,297.0854,6.405442,0.36002254,1.5626727,252.96132,1.8875445,2.22973,0.5795832,1.2912714,1.72791,1.6077715,0.48162583,0.0,0.0,0.0,1.0,0.0,0.0,3.2007694e-05
345.23074,0.16429968,8.05874,93.28679,2.6073632,2.0987854,0.9098303,0.13472778,20.64039,297.98502,5.7034035,4.997704,8.355977,248.0908,2.0703633,2.5463974,0.64607644,1.3642541,1.7171607,6.475848,-0.33364093,1.0,0.0,0.0,0.0,0.0,0.0,0.0
33.145958,0.21282496,3.9467344,71.16533,4.5835357,1.3676673,1.5320128,19.999899,108.89483,296.8127,5.359229,0.49187294,10.622301,248.11629,2.0397048,2.228597,0.58898896,1.4781718,1.7617518,8.3560095,0.51403993,0.0,0.0,0.0,0.0,0.9999852,0.0,9.62615e-05
48.74403,0.30859014,3.2195456,62.326145,4.096145,1.7934022,2.3297796,20.0,20.496784,296.10922,7.5323186,0.026779277,0.36218366,253.00148,1.8875949,2.2245061,0.5791432,1.2900478,1.7241372,1.6034216,0.48427817,0.0,0.0,0.0,1.0,0.0,0.0,0.00017678738
4.953664,0.0033491484,3.4522853,87.02628,13.050143,2.697946,1.3611248,0.13649493,9.385554,297.51773,4.022382,113.591835,117.24986,252.96696,1.8853401,2.2308464,0.57942784,1.2899594,1.7225534,1.6047208,0.4764099,0.0,0.0,0.0,1.0,0.0,0.0,3.9339066e-06
0.5011164,0.55865115,1.02,77.53212,18.803082,2.494545,0.00019423544,10.242529,14.690433,298.06592,6.960904,0.02499293,0.22190002,264.65262,2.1039612,2.6494117,0.6555136,1.4223891,1.8685118,2.0628507,0.17763782,0.0,1.0,0.0,0.0,0.0,0.0,5.066395e-07
13.149432,0.08002695,17.65323,56.301174,38.90326,3.0993757,1.0782944,4.565564,15.986123,297.16992,6.1633654,0.41761443,1.2658036,253.05148,1.8910298,2.2338357,0.58084095,1.2938869,1.7268586,1.6096292,0.47293285,0.0,0.0,0.0,1.0,0.0,0.0,1.257658e-05
167.78743,0.10849009,2.387522,30.009836,2.96854,0.80164784,0.13935673,0.70917964,31.574293,294.03,5.3049355,2.324077,8.819812,255.66885,2.110179,2.5015702,0.67998475,1.3986356,1.680411,2.292175,0.71573263,0.0,0.0,0.0,0.0,0.0,1.0,5.364418e-07
396.99185,0.1843947,2.1100109,36.083633,57.61905,2.280666,3.222476,0.00853444,9.997808,283.39703,7.9503827,162.03813,214.9742,252.83194,1.8865631,2.2320013,0.5808245,1.2886131,1.7285113,1.611521,0.48163763,0.0,0.0,0.0,1.0,0.0,0.0,8.34465e-07
968.8791,0.43280455,2.8239784,68.90607,15.7928095,0.96500856,2.0709007,0.020566784,48.74378,294.7288,3.7395568,252.83209,268.30606,252.87157,1.8838056,2.22783,0.5794504,1.2868578,1.7169418,1.6017735,0.47483325,0.0,0.0,0.0,1.0,0.0,0.0,4.5895576e-05
456.0898,0.09025748,1.9563403,86.328995,7.469132,2.0056455,2.8361466,1.0053064,42.38339,297.99454,5.0515265,2.7589097,3.9001248,272.10678,2.0763292,2.4283278,0.5820348,1.478749,1.9234401,2.1833735,0.68094057,0.00021380186,5.8710575e-06,0.9891782,0.025405675,2.5391579e-05,0.008368373,0.0056527257
163.1928,0.10145189,1.6597469,31.921968,2.3970296,0.8032887,0.06926448,1.07501,38.01315,287.50363,5.183179,3.488758,7.896546,256.1001,2.1116045,2.5036874,0.6799746,1.3976158,1.6743431,2.196666,0.71764505,0.0,0.0,0.0,0.0,0.0,1.0,1.1622906e-06
348.04703,0.19468977,3.0745218,38.41558,57.2819,2.3871033,3.1075935,0.14701691,21.02962,290.86322,5.647612,207.52074,235.54388,253.25793,1.8876747,2.2320478,0.5811878,1.290003,1.7260345,1.611703,0.48332772,0.0,0.0,0.0,1.0,0.0,0.0,4.3332577e-05
1520.8945,0.8743923,3.0279465,83.09357,12.661513,0.91984576,0.67275107,0.032938737,143.58229,297.2676,5.3397207,497.96817,477.5041,253.26186,1.886803,2.2274983,0.5807135,1.2870588,1.7199684,1.6030273,0.4815838,0.0,0.0,0.0,1.0,0.0,0.0,2.5510788e-05
5.347046,0.0033875117,3.8378582,89.63148,8.669032,2.3808634,1.0342693,0.076964185,15.091677,297.58292,3.9929528,67.53588,231.70883,253.24565,1.8866324,2.231868,0.5796206,1.2892276,1.721413,1.6034274,0.47660255,0.0,0.0,0.0,1.0,0.0,0.0,3.7252903e-06
13.586252,0.23408878,3.006786,81.45294,9.085686,1.8693928,1.1030493,20.0,48.132206,296.1545,6.382273,0.06282779,5.4519806,245.60165,2.0365455,2.2230964,0.5847249,1.475028,1.7584845,8.366042,0.516727,0.0,0.0,0.0,0.0,0.9999999,0.0,6.914139e-06
375.33655,0.047050137,2.488939,81.800735,12.264757,2.6032207,4.2027693,0.95499635,27.80856,298.10095,5.062718,13.268765,28.378492,278.32596,2.1299744,2.533149,0.58989286,1.5299966,2.0042315,2.6278036,0.75998116,0.0,0.0,1.0,0.0,0.0,0.0,9.715557e-06
403.26556,0.18536651,3.9014683,36.278038,56.77155,1.9675916,3.0858488,0.029384742,2.3347418,295.0511,4.8909564,197.42358,241.86281,253.16054,1.8862576,2.2313316,0.58147436,1.2916712,1.731524,1.6181085,0.48602045,5.066395e-07,0.0,0.0,1.0,0.0,0.0,1.31726265e-05
464.62802,0.15814848,1.6696496,84.64538,8.478133,2.147041,0.8277856,0.1965518,53.10824,297.45804,4.9767036,54.516224,30.272121,251.74097,1.8821269,2.2199807,0.577121,1.2906885,1.7207756,1.6192888,0.48303205,0.0,0.0,0.0,1.0,0.0,0.0,6.6012144e-05
402.05853,0.04452784,4.088965,83.1914,8.677009,2.052551,4.008414,1.1120347,27.83694,297.74017,4.920248,16.217258,24.602896,278.32993,2.1299994,2.53299,0.5909393,1.53,2.0042982,2.637875,0.7599998,0.0,0.0,1.0,0.0,0.0,0.0,2.9802322e-07
1041.799,0.5649901,1.5507184,61.715633,6.9539747,1.86914,1.5563862,0.11285685,4.9949703,298.00668,7.952582,39.13798,105.82239,248.76187,2.0723226,2.5432065,0.64743155,1.3660442,1.714923,6.436523,-0.33070612,1.0,0.0,0.0,0.0,0.0,0.0,0.0
391.5384,0.23488504,1.0505224,37.774628,57.699417,1.9346032,2.9436998,0.008,6.1186395,278.47528,9.4754715,93.797966,194.4647,252.61333,1.8758124,2.2345014,0.5835275,1.2846118,1.7279558,1.6022022,0.46820867,0.0,0.0,0.0,1.0,0.0,0.0,0.0
1.9859415,0.11761683,5.868693,64.661255,15.619098,3.5087724,1.0466352,19.835234,28.656307,297.06317,7.015648,0.06363165,0.87583834,252.97626,1.8919828,2.2322822,0.5808327,1.2957791,1.7270216,1.6090745,0.4760598,0.0,0.0,0.0,1.0,0.0,0.0,9.49204e-05
2049.474,1.3233474,1.2668515,86.749664,14.553776,6.4296894,0.5559218,20.0,5.645962,295.7903,5.5494423,259.22336,471.8576,248.93219,2.0773292,2.5471475,0.6495088,1.3697385,1.7226586,6.309678,-0.33420932,1.0,0.0,0.0,0.0,0.0,0.0,0.0
307.3969,0.65766513,6.9026747,91.79168,3.9858882,1.7668324,0.5411549,0.22153701,42.112637,298.03378,5.969855,30.909973,35.24934,249.19737,2.0746787,2.5464625,0.648217,1.3662215,1.7162534,6.449045,-0.3384884,1.0,0.0,0.0,0.0,0.0,0.0,0.0
1088.939,0.5901476,2.350286,64.7305,24.284842,2.1193244,1.0311695,0.08770243,14.21213,299.09265,4.329751,107.29311,155.98523,250.74902,2.081657,2.55239,0.6515226,1.3663955,1.7277066,6.317317,-0.34010777,0.999992,0.0,1.1920929e-06,3.7550926e-06,0.0,2.9802322e-06,2.6226044e-06
1200.3927,0.6538818,1.3077335,59.95823,19.545774,0.99528456,0.06495692,0.092404544,94.657555,297.6554,4.75804,366.8106,387.7309,278.32773,2.1299913,2.528317,0.5898556,1.5299987,2.0042684,2.7555974,0.7599893,0.0,0.0,1.0,0.0,0.0,0.0,0.0
360.3869,0.21271095,5.074164,93.40021,2.7057686,1.5966046,0.9636067,0.08851094,30.888412,297.703,5.7332106,10.396621,20.788408,248.33739,2.070689,2.542922,0.64618844,1.3642452,1.7156955,6.501749,-0.32809526,1.0,0.0,0.0,0.0,0.0,0.0,0.0
101.0999,1.5193591,3.387503,47.652283,8.514815,0.56767076,0.19149381,3.0613098,392.9558,297.39603,4.8557754,0.027886814,0.27111626,253.04614,1.8883654,2.2267442,0.58088535,1.2879416,1.7262099,1.6006346,0.48002198,0.0,0.0,0.0,1.0,0.0,0.0,1.0341406e-05
262.66675,0.18995376,1.2499919,35.877796,34.37155,2.702404,3.958287,0.70432085,18.562105,300.16684,5.7632866,11.934953,35.398014,172.21327,1.5000108,1.8201715,0.41004804,1.1900271,1.197216,10.426986,-0.5499255,0.0,0.0,0.0,0.0,0.0,0.0,1.0
207.92957,0.12483247,1.0266905,57.448517,35.823246,3.021741,2.6744688,1.427897,36.322628,302.41962,5.801009,12.944436,18.299927,172.20001,1.5,1.82,0.41000003,1.19,1.1969,10.429997,-0.55,0.0,0.0,0.0,0.0,0.0,0.0,1.0
88.82416,0.29647008,14.638926,46.70486,30.45591,3.8749397,4.015898,0.70457345,85.52344,297.99512,4.8392797,21.310833,36.848404,249.10742,2.0409174,2.2279546,0.5892679,1.4804951,1.7617824,8.434383,0.52548367,2.0861626e-07,0.0,0.0,9.4771385e-06,0.9995866,3.874302e-07,0.00024724007
959.6491,0.5092615,2.229041,80.00836,9.558622,1.6667131,0.44896305,0.26281816,25.179144,297.95926,5.2588363,149.68248,231.7102,250.21681,2.078863,2.5491323,0.6504164,1.369149,1.7210402,6.342731,-0.34863478,0.9998815,0.0,0.00021925569,5.5611134e-05,0.0,9.74834e-05,6.5267086e-06
209.18848,0.84796,1.6774591,87.235535,9.083898,2.9910045,0.50843877,20.0,71.7671,296.952,6.3462963,0.031852506,0.6993872,251.09998,2.0117426,2.4170866,0.6236402,1.3252654,1.7280805,3.758796,0.022412794,0.74622834,0.0,0.0,0.31210488,2.8014183e-06,0.0,0.0
922.5622,0.45219907,4.5078993,54.50582,19.046255,4.9419484,2.7173035,0.45490545,81.58693,299.25772,4.8981686,63.867756,87.53706,249.03671,2.073093,2.5440464,0.64829373,1.3665458,1.7180378,6.4310975,-0.33161017,1.0,0.0,0.0,0.0,0.0,0.0,0.0
349.1477,0.09456231,4.600776,81.28189,10.192583,2.9460928,3.0197277,0.87948066,12.099599,297.92816,7.047603,36.512836,40.18516,252.83662,1.8791257,2.2361834,0.57905674,1.283439,1.7159444,1.6012884,0.4584112,0.0,0.0,0.0,1.0,0.0,0.0,0.0020368993
749.9213,0.35235158,2.011882,48.44454,7.8764496,2.4707673,0.75745004,0.45662674,11.823759,303.5827,6.331023,46.805523,79.65537,249.32614,2.0746846,2.5455904,0.6490258,1.367435,1.7197518,6.4275475,-0.33532137,1.0,0.0,0.0,0.0,0.0,0.0,0.0
83.02482,0.6773815,6.821429,67.251686,11.048866,2.8037953,1.4793006,19.999126,35.465023,297.52286,6.962552,0.51577425,12.04016,249.36055,2.0141337,2.2552083,0.59386843,1.4573388,1.7512792,8.326228,0.46190825,0.002428919,0.00030976534,7.3611736e-06,0.0043735206,0.9986893,4.7892332e-05,0.0019811392
1.8745036,0.004302107,13.262589,69.04614,28.673687,1.6241294,2.167658,1.4371183,35.626984,297.7389,5.214862,7.8196697,4.2535024,253.04768,1.8873373,2.2305155,0.57999957,1.2898182,1.7233291,1.6060352,0.47897524,0.0,0.0,0.0,1.0,0.0,0.0,2.130866e-05
144.74138,0.066462465,11.311448,60.883545,3.4772012,1.3145969,0.34442204,0.9495995,51.756348,297.3626,6.2948036,6.7909474,4.230859,247.8566,2.06705,2.5382228,0.644369,1.363765,1.7165306,6.4114485,-0.31305006,1.0,0.0,0.0,0.0,0.0,0.0,0.0
368.72345,0.12813985,2.0202398,55.644665,2.555789,1.6763624,0.24578717,1.2087933,38.80566,306.52225,4.7041593,9.934868,18.394978,249.82524,2.0783525,2.55154,0.6513309,1.369597,1.7187439,6.4400983,-0.34825832,0.999999,0.0,3.874302e-06,1.5497208e-06,0.0,0.0,6.8843365e-06
313.27603,0.16570465,1.0300548,37.615685,34.51583,2.1260455,1.7196807,1.3560008,25.059282,301.26788,5.7585845,13.615531,17.012299,172.20001,1.5,1.82,0.41000003,1.19,1.1969001,10.429995,-0.55,0.0,0.0,0.0,0.0,0.0,0.0,1.0
312.72342,0.8106451,1.9248359,86.86126,15.209174,3.3797512,0.34706113,20.0,26.114773,298.3812,6.4341173,24.764935,85.371826,247.53276,2.035333,2.3089194,0.6043338,1.4487548,1.7296554,7.4504666,0.33000168,0.36310905,0.0,0.0,4.425645e-05,0.9695443,2.3841858e-07,8.046627e-07
12.316184,0.56400555,3.1609666,88.4789,12.937055,1.8035864,0.49805465,20.0,28.730768,296.99826,6.1771674,0.090033874,2.6056442,247.10551,2.0350916,2.2176232,0.585854,1.4785779,1.7600354,8.355181,0.52115506,0.0,0.0,0.0,0.0,0.9999995,0.0,3.2782555e-07
79.64057,0.06784764,1.5450478,63.61248,32.49543,3.4680538,2.403316,0.8637287,72.81309,302.16025,5.4293427,8.373616,14.212455,172.25763,1.5000747,1.8205858,0.41020072,1.190139,1.1980575,10.420189,-0.5495856,0.0,0.0,0.0,0.0,0.0,0.0,1.0
99.27954,0.14466585,4.0905175,16.13719,9.655337,0.6822987,0.7333998,0.99611545,61.655457,312.0143,7.1235676,16.957752,113.37658,252.916,1.8798714,2.2265484,0.57956064,1.2877606,1.7210653,1.6069765,0.47768363,0.0,0.0,0.0,1.0,0.0,0.0,0.00030127168
45.938797,0.18888506,26.57779,71.331215,26.805307,6.7860475,0.10121371,7.187317,21.175335,297.7088,6.362702,0.35037628,1.9472649,253.04723,1.886548,2.2285657,0.5797164,1.2895026,1.7237285,1.6026242,0.47716096,0.0,0.0,0.0,1.0,0.0,0.0,0.00035834312
980.68805,0.1672524,1.0412819,94.1609,1.1780353,0.6850782,0.13493162,0.052576568,15.760703,299.46994,4.8583403,166.51514,222.96326,249.85295,2.075414,2.536495,0.6497698,1.3604617,1.7250576,6.854466,-0.3322384,0.9999591,0.0,1.1920929e-06,1.758337e-06,0.0,2.2649765e-06,0.0
376.2096,0.20139557,1.2832927,36.229744,57.68987,2.1792488,3.1156147,0.008032174,11.777297,279.41748,9.170606,107.4384,196.48003,252.98306,1.8842703,2.23267,0.5823756,1.2882468,1.7291324,1.6065513,0.48249024,0.0,0.0,0.0,1.0,0.0,0.0,0.0
26.92593,0.008905593,1.02,35.56882,50.06054,2.01433,1.7844381,7.2855906,19.416752,298.65414,7.8814173,0.1500909,0.8465973,266.0103,2.1097984,2.6497834,0.65675354,1.4171919,1.8934995,1.8853124,0.18846369,0.0,1.0,0.0,0.0,0.0,0.0,5.662441e-07
262.00662,0.2288511,5.0255947,67.65518,5.4761357,2.2249122,1.0111289,0.43429706,33.737206,299.31027,4.020481,98.10759,129.92259,254.82585,2.1090262,2.5013065,0.6799999,1.3954902,1.6758862,2.249258,0.72639185,0.0,0.0,0.0,0.0,0.0,1.0,0.0
321.14185,0.26168224,4.1484113,77.64534,19.515491,4.364004,1.7624439,0.8400042,30.178871,298.55148,5.4289913,18.32681,31.442291,253.56035,1.8734955,2.2120697,0.57911766,1.2845676,1.7243838,1.6105497,0.49329168,0.0,0.0,0.0,1.0,0.0,0.0,0.0002953112
282.63455,0.4167454,6.182869,92.87705,3.2135444,1.9167658,0.57366043,0.07425206,36.026657,297.62003,5.9101143,7.093734,10.884501,248.20375,2.071488,2.5431077,0.64642864,1.3649018,1.7151719,6.4737525,-0.33093363,1.0,0.0,0.0,0.0,0.0,0.0,0.0
42.83051,0.36500525,4.606934,84.199036,12.501621,1.9884585,0.6745162,20.0,40.759544,297.51758,6.0411773,1.3481947,9.738437,248.54897,2.0378938,2.226425,0.58910453,1.4797198,1.7615292,8.415308,0.5261429,0.0,0.0,0.0,2.3841858e-07,0.9999629,0.0,5.6922436e-05
49.053986,0.15706345,2.3411217,53.690704,41.397194,1.8800199,4.4139934,0.16566154,1.2403347,297.25464,6.993674,4.156102,7.8400197,252.93253,1.8808272,2.22898,0.5776963,1.2820346,1.7204105,1.6004395,0.47611833,0.0,0.0,0.0,1.0,0.0,0.0,9.4383955e-05
739.4303,0.9686135,6.412488,65.06608,28.987183,3.8100736,0.757165,1.6440145,88.30849,298.72525,5.5179687,191.54268,293.9834,253.03104,1.8889136,2.2330017,0.58027035,1.2891966,1.7233869,1.6159301,0.47522026,0.0,0.0,0.0,1.0,0.0,0.0,0.0006045997
49.96985,0.09774942,2.5675743,13.34488,3.852109,0.70347404,0.19481933,1.0072476,38.399242,290.54752,5.5794215,2.7259874,11.780975,255.08904,2.1075528,2.49934,0.67802835,1.3992653,1.6875668,2.2991714,0.7103523,0.0,1.4603138e-06,0.0,0.0,0.0,1.0,0.000119537115
97.3922,0.46459636,1.2768075,71.53994,23.209845,3.505404,1.0593919,8.975734,12.812323,298.04333,7.1073737,4.8749104,15.048108,260.4465,2.0477319,2.6011956,0.6299906,1.3865737,1.8146697,1.7977076,0.29609096,2.682209e-06,0.9968899,3.59118e-05,0.009136349,8.374453e-06,0.0012976229,0.0004247725
174.83867,0.6768906,3.5109706,93.540276,2.3814857,2.1952503,0.57750136,0.21277922,46.90015,297.88696,5.604948,4.5893807,6.368631,248.67584,2.0685785,2.5402746,0.646313,1.3656356,1.7160649,6.4524198,-0.3327338,0.99999714,0.0,0.0,0.0,0.0,0.0,2.5838614e-05
117.80677,0.08522286,4.0436606,23.643969,22.805202,1.6910875,4.3331017,0.25645137,29.315464,302.79785,5.0788245,14.835732,38.141495,253.13179,1.8837065,2.229635,0.5802565,1.2891896,1.7240187,1.6012621,0.48840845,0.0,0.0,0.0,1.0,0.0,0.0,6.556511e-07
9.35851,0.015717657,3.2755213,70.07162,9.38279,2.7434487,1.3582056,0.19822364,21.478458,297.19412,3.8731482,0.36798966,1.4004035,247.35924,2.034729,2.2261293,0.5875097,1.4769392,1.7588074,8.3829,0.51684844,0.0,0.0,0.0,0.0,0.9999756,0.0,8.0913305e-05
67.82205,0.20453781,6.7547817,40.99506,47.480507,0.9820222,1.7742835,0.4513211,6.2387037,297.14587,6.920902,12.309371,19.548023,252.65123,1.8861917,2.2286365,0.5790913,1.2894588,1.7274699,1.6039913,0.48752487,0.0,0.0,0.0,1.0,0.0,0.0,8.076429e-06
501.46356,0.22819892,2.5370822,81.346794,17.738583,2.4588807,0.6139497,0.089141905,57.7765,297.57706,5.1009674,133.88673,117.33271,252.9115,1.8865094,2.2326367,0.58022153,1.288388,1.7212931,1.6082457,0.4727727,0.0,0.0,0.0,1.0,0.0,0.0,0.00017681718
325.69873,0.15590732,1.0488327,27.48394,40.01791,1.9719809,5.6793604,0.48307347,18.839375,300.93243,5.1781063,20.216856,34.427284,172.20003,1.5,1.8200011,0.41000012,1.19,1.1969013,10.429961,-0.55,0.0,0.0,0.0,0.0,0.0,0.0,1.0
3.0111103,0.0033453468,2.906808,84.964874,12.681827,2.7725675,2.4784791,0.12704483,27.711107,297.77063,3.9166055,174.10147,43.118565,252.99796,1.8845245,2.2297623,0.57902676,1.2875636,1.7219808,1.6011688,0.47036922,0.0,0.0,0.0,1.0,0.0,0.0,6.6548586e-05
153.03194,0.5335829,1.02,77.336464,20.582273,2.1768658,0.2692741,10.830449,34.634872,298.3185,5.7364597,0.039694577,0.40662998,265.49478,2.1065078,2.647255,0.65617186,1.4224942,1.8730353,2.0569847,0.19463283,2.9802322e-07,1.0,0.0,0.0,0.0,7.1525574e-07,0.0001526177
158.35,0.010478436,10.598417,78.866714,18.018085,1.5907813,3.0898905,1.4844058,20.345778,298.0293,4.908459,4.0209646,16.591703,278.33,2.1299999,2.533195,0.59042615,1.53,2.0042999,2.6645677,0.76000005,0.0,0.0,1.0,0.0,0.0,0.0,0.0
330.02725,0.10780661,3.2410178,55.12742,2.5277627,1.4320126,0.3823432,1.1894373,40.97363,296.06082,4.7419,7.3916073,10.7215,249.71376,2.0775757,2.5514648,0.65093976,1.3695475,1.7189502,6.369628,-0.34442747,0.99999964,0.0,1.2218952e-06,5.9604645e-07,0.0,0.0,1.8775463e-06
163.2885,0.18150556,4.1410203,23.815573,11.277825,1.1922935,0.58982515,0.99435544,5.6835084,302.69263,5.091857,25.047804,140.82942,253.04199,1.8812761,2.2327626,0.57894987,1.2900808,1.7114778,1.6213706,0.46187145,2.9802322e-07,0.0,0.0,0.99999976,0.0,0.0,0.0066146255
2345.4612,1.3164254,3.5778842,89.067604,10.318315,1.3644242,0.44554025,0.02625675,7.7983384,294.6779,4.981312,254.66228,319.25525,203.7736,1.7254436,2.1410909,0.5122019,1.2416846,1.414068,8.729128,-0.47943315,0.19004786,4.4107437e-06,0.006516069,0.00024235249,2.9802322e-07,0.043954372,0.7965114
804.76434,0.41197804,2.9401696,54.269085,10.838701,4.0276213,2.269126,0.38462752,67.461105,298.7867,4.957572,76.74091,87.470924,249.38753,2.0768502,2.5448155,0.64924014,1.3671587,1.7172315,6.4108586,-0.33191577,1.0,0.0,0.0,0.0,0.0,0.0,0.0
239.94344,0.37163472,7.626477,38.591694,18.379435,1.8735772,3.6196096,0.25956565,26.117252,301.27722,5.023547,31.117832,95.125946,253.18161,1.885818,2.2288086,0.58008,1.2870234,1.7245889,1.6036397,0.47853258,0.0,0.0,0.0,1.0,0.0,0.0,6.9618225e-05
388.73093,0.16579777,1.8104945,47.059517,2.539572,1.4496723,0.47290218,1.0452088,32.81749,305.97784,5.0981097,31.998198,42.52532,249.44527,2.0775545,2.547448,0.64963466,1.3682901,1.7209407,6.397976,-0.3347272,1.0,0.0,0.0,0.0,0.0,0.0,0.0
264.6226,0.23268609,4.6445427,58.72243,19.935019,4.0601797,1.5434257,1.1659356,11.690154,298.43597,7.892744,83.689705,67.3614,278.3287,2.1299932,2.5307515,0.58797586,1.5299991,2.004283,2.634399,0.75999385,0.0,0.0,1.0,0.0,0.0,0.0,0.0
8.521405,0.0043687113,5.188003,49.891155,41.073605,3.666446,2.8422298,1.0207127,28.931313,297.89526,4.9351506,4.003048,5.1148686,278.32993,2.1299996,2.5349822,0.5903655,1.53,2.004299,2.643282,0.7599998,0.0,0.0,1.0,0.0,0.0,0.0,0.0
19.121716,0.06852223,16.099096,43.366337,47.141033,0.88639915,1.1245419,0.43125606,2.4026828,297.32693,4.682463,35.26336,26.36366,253.34229,1.8942482,2.2347863,0.58210814,1.2962539,1.7294017,1.6057168,0.47896948,0.0,0.0,0.0,1.0,0.0,0.0,2.0861626e-07
2.2235339,0.10758532,25.177803,69.78301,29.460604,6.9409194,5.0248505e-05,7.3894753,23.66856,297.7985,6.371139,0.026082601,0.22844268,253.23424,1.8894396,2.2301056,0.58008987,1.2914246,1.7238927,1.6048226,0.4798883,0.0,0.0,0.0,1.0,0.0,0.0,8.666515e-05
7.4041834,0.16405691,20.985754,47.438557,47.32921,1.8155335,2.66806,0.58080745,37.10403,298.75632,4.7971225,27.361107,36.959373,276.82495,2.1255138,2.480069,0.58705306,1.5275819,1.9855295,3.3686059,0.748192,0.0,0.0,0.9993036,9.536743e-07,0.0032268465,6.2286854e-06,1.1503696e-05
781.45905,0.71671015,9.706201,31.856678,41.27559,2.0962763,4.6718373,0.08265534,39.027874,299.07214,5.028515,29.635145,53.501858,172.94766,1.5018086,1.8245074,0.4119748,1.1931324,1.2077831,10.383526,-0.5419538,0.0,0.0,0.0,0.0,4.261732e-06,0.0,0.99999845
443.13672,0.24988307,7.8294096,63.282772,25.612436,2.9961605,1.4012175,0.75508666,53.6505,297.749,4.53603,27.903923,43.958622,249.09036,2.0226727,2.26248,0.59453857,1.4514099,1.7411017,7.7690883,0.43788,0.011041224,0.00010472536,0.0001309514,0.0034362674,0.9967465,0.00075137615,0.0007427335
640.9399,0.414378,3.217285,42.801598,20.178078,3.3109674,1.8773617,0.25170395,26.240452,299.49298,5.1363993,56.10023,69.87201,249.82324,2.0794015,2.5491188,0.64958006,1.3693277,1.7197415,6.4213715,-0.34098935,1.0,0.0,0.0,0.0,0.0,0.0,0.0
2.8161445,0.0013167376,13.678016,51.401207,45.43019,0.84698987,2.2388873,0.886202,5.6878114,298.99326,5.0892143,0.047107924,4.6910024,278.33,2.1299999,2.5334136,0.5934745,1.53,2.0042999,2.759336,0.76000005,0.0,0.0,1.0,0.0,0.0,0.0,0.0
1173.6511,0.60556334,3.3601165,70.43152,12.058421,2.2580106,1.0140098,0.16844635,32.005585,297.79526,7.0936375,76.032166,152.35022,249.05084,2.0753822,2.5441098,0.6481788,1.367235,1.7199838,6.418491,-0.32724997,1.0,0.0,0.0,0.0,0.0,0.0,0.0
62.842865,0.061577447,3.4282858,14.998108,24.49387,1.4106461,2.6504476,0.29893604,71.98774,303.89752,4.9372873,12.334683,29.96169,253.2475,1.883974,2.231554,0.5800574,1.288781,1.7223204,1.6026529,0.4836236,0.0,0.0,0.0,1.0,0.0,0.0,6.2286854e-06
1321.5009,0.9976017,2.1437454,82.455765,11.959922,1.070378,1.3740131,0.053008527,97.2856,297.82336,5.1027436,364.40128,424.92096,253.44044,1.8880225,2.2325275,0.58029795,1.2881138,1.7213862,1.608347,0.47263893,0.0,0.0,0.0,1.0,0.0,0.0,0.00010070205
406.9624,0.07584175,2.619006,55.070477,2.984062,0.83309126,0.7116734,1.2630702,37.903122,285.9857,4.6214976,17.743586,22.483892,249.22963,2.0791965,2.552434,0.6507366,1.3691645,1.7163699,6.430282,-0.3528237,1.0,0.0,0.0,0.0,0.0,0.0,0.0
356.24197,0.26064318,4.094978,67.188705,12.001819,4.0463233,1.5405477,1.6967638,18.764748,298.42657,7.7673454,58.39251,294.35193,255.11469,2.074038,2.5365617,0.637819,1.376417,1.763271,5.3428907,-0.21253678,0.9899448,0.00013583899,0.015279114,0.0010664761,1.4901161e-07,0.0006632805,1.7344952e-05
433.18964,0.20321913,2.4148705,38.905815,8.319547,1.3351501,1.5583019,0.31987986,56.542145,309.1123,6.0089636,37.464245,51.689117,249.3516,2.07704,2.5424623,0.6489289,1.367981,1.7218593,6.345005,-0.3247515,1.0,0.0,0.0,0.0,0.0,0.0,0.0
12.133701,0.054303445,3.831358,6.9025903,2.3168893,0.63406825,0.101461135,0.95253325,19.235231,306.5389,6.2207675,0.09685773,0.310884,248.90155,2.0788045,2.5396173,0.6485165,1.3667898,1.7250699,6.365207,-0.29905894,1.0,0.0,0.0,0.0,0.0,0.0,0.0
289.6122,0.21857494,5.4634666,32.841743,13.59666,1.3650731,0.12634207,0.84408605,51.162617,296.60092,5.852709,78.60522,131.31975,251.79079,1.9041196,2.245795,0.5890451,1.2812554,1.7220857,1.7010295,0.3981343,9.188056e-05,0.0,5.3048134e-06,0.9999855,0.0,0.0,0.000103741884
1052.0476,0.94319654,2.2326412,78.19459,9.673887,3.907094,1.2992007,20.0,16.001606,297.7622,5.951687,256.4085,303.21494,249.50842,2.0790417,2.5502717,0.6503606,1.3667895,1.720621,6.3384666,-0.3366765,1.0,0.0,0.0,0.0,0.0,0.0,0.0
1279.8213,0.4711483,2.62202,71.98953,8.258106,4.489435,0.59304255,0.91133255,120.66234,297.49213,5.683764,86.6805,116.26649,249.12488,2.0735912,2.5425084,0.6487937,1.3657414,1.7162173,6.386407,-0.325952,1.0,0.0,0.0,0.0,0.0,0.0,0.0
67.55381,0.059619,1.02,71.168434,19.420916,2.0804648,0.2926123,9.305783,53.643734,297.75644,8.341793,0.035300158,0.3716139,266.21988,2.1097174,2.649492,0.65476215,1.4244139,1.8816737,1.9905548,0.21173689,0.0,1.0,0.0,0.0,0.0,0.0,5.6684017e-05
101.45898,0.15396151,3.3563106,14.953921,11.11972,0.75382864,0.71018475,1.0476165,31.875605,304.3323,6.7940116,16.34759,119.95626,253.10477,1.8840172,2.2309113,0.58009577,1.2880545,1.7247255,1.6028981,0.47875693,0.0,0.0,0.0,1.0,0.0,0.0,0.0001642406
10.483445,0.088921085,20.589907,72.82823,20.079695,5.80974,0.5137213,5.2269096,18.440216,297.67337,5.8872476,0.039105084,0.31360707,260.10138,1.9557092,2.3244886,0.57925266,1.3460534,1.7891665,1.9378296,0.5171486,0.0009212792,0.00029575825,0.12685892,0.8954925,0.0003928542,0.0017711818,0.014667422
239.48439,0.2173568,10.711609,61.56071,24.09021,1.6677575,1.1391406,1.2332828,116.512726,297.79175,5.4252796,32.102093,32.226315,253.2346,1.887113,2.230896,0.5803419,1.289294,1.7215405,1.6064626,0.47852427,0.0,0.0,0.0,1.0,0.0,0.0,0.00029110909
251.60048,0.082557686,9.3712225,73.52457,25.1687,1.0509132,1.9631761,1.3143318,14.640001,298.16016,4.6542296,26.883007,94.65028,278.33,2.1299999,2.533349,0.59150165,1.53,2.0042999,2.62934,0.76000005,0.0,0.0,1.0,0.0,0.0,0.0,0.0
505.63733,0.1607349,3.5567317,89.4126,3.5245738,1.3502941,1.0899265,0.27802378,18.630594,298.0735,5.3555737,62.440536,104.84408,249.11017,2.0748448,2.5454395,0.6480078,1.3674791,1.7203394,6.4606705,-0.33174592,1.0,0.0,0.0,0.0,0.0,0.0,0.0
666.62616,0.12703922,1.2559441,81.417725,10.856794,1.8410584,1.080362,0.18388313,222.62282,300.6451,6.307052,421.41498,428.79404,252.5566,1.8662734,2.222142,0.5805704,1.2795737,1.7181089,1.6011424,0.4605638,0.0,0.0,0.0,1.0,0.0,0.0,1.7940998e-05
302.8855,0.104138605,3.6828938,70.97883,18.232725,4.625372,4.085462,1.4894981,9.490613,298.5709,5.0864186,19.162231,24.902195,277.01898,2.1188028,2.508868,0.58926797,1.5235325,1.9848764,2.7778258,0.73993987,0.00016969442,8.6426735e-07,0.99999154,2.0682812e-05,0.00017726421,0.0019258559,0.07247487
25.285315,0.023156071,10.215736,72.86455,28.656082,1.9425064,2.1486542,0.48578024,16.618866,297.96777,5.329749,43.32586,40.381973,253.06995,1.8873502,2.2309806,0.5798766,1.2886038,1.7214155,1.6048669,0.47696716,0.0,0.0,0.0,1.0,0.0,0.0,0.00017094612
525.94806,0.2182985,4.476707,71.948586,5.4727535,1.5676868,1.2171683,0.6781839,68.2326,301.49777,6.0783415,62.06537,64.211136,248.68414,2.072507,2.5404332,0.6461151,1.3657695,1.7199053,6.354678,-0.3148216,1.0,0.0,0.0,0.0,0.0,0.0,0.0
47.332684,0.19523065,13.885492,55.103096,40.4399,2.6626356,0.66465724,2.4382296,26.382376,297.81247,5.65596,2.3896894,4.7510557,252.95766,1.8912644,2.2333057,0.5810707,1.2950369,1.726837,1.6103226,0.47263417,0.0,0.0,0.0,1.0,0.0,0.0,1.0609627e-05
59.10543,0.6969475,84.21694,32.342026,41.275154,2.5226924,5.658851,0.39391258,31.163536,298.24866,4.5589986,30.893288,57.77011,246.32964,2.0182884,2.2183142,0.5831795,1.4690555,1.7558529,8.370726,0.4949573,0.0,0.0,0.0,0.0,0.99860835,0.0,0.013599277
180.5143,0.18084943,1.0559343,17.053547,37.272606,1.2230968,5.8154855,0.78263324,20.846775,300.5495,4.970505,22.723461,40.028923,172.2001,1.5,1.8200035,0.41000044,1.19,1.1969043,10.429894,-0.5499997,0.0,0.0,0.0,0.0,0.0,0.0,1.0
1056.8159,1.2418303,4.4462457,45.246204,50.64233,8.744628,0.63084674,0.06920795,26.359346,302.61707,4.6213336,294.23715,399.34744,252.74506,1.8900928,2.2338989,0.5805955,1.293297,1.7248889,1.6125783,0.47126082,1.7881393e-07,0.0,0.0,1.0,0.0,0.0,1.3202429e-05
1320.8291,0.72083884,1.7749485,60.85003,20.539875,1.240519,0.17020726,0.017314862,49.66806,298.02054,4.9608135,311.70056,329.23627,249.61946,2.0708117,2.539692,0.6493606,1.3709679,1.721366,6.554452,-0.3326564,0.9991316,1.4901161e-07,0.000828743,0.0003887117,2.1010637e-05,0.0015338063,2.321601e-05
328.4526,0.1767932,2.8911586,76.46476,13.441902,1.9193944,2.2272444,0.08302593,51.132355,296.62616,3.7844021,194.7286,160.73653,253.162,1.8877647,2.2332032,0.5806753,1.287612,1.7182773,1.602671,0.46026352,0.0,0.0,0.0,1.0,0.0,0.0,3.5732985e-05
0.7064343,0.59672064,1.02,76.74835,20.381964,2.6882842,0.20022002,11.021818,35.81319,298.1641,6.4425397,0.025225155,0.24328248,264.6759,2.1049106,2.6490765,0.65592736,1.422241,1.865518,2.132357,0.18086338,0.0,1.0,0.0,0.0,0.0,2.3841858e-07,2.3663044e-05
229.71053,0.17830452,1.02,75.26692,18.82597,1.9208201,0.24687207,11.047151,51.35333,297.7038,6.2252116,0.025546698,0.22654201,265.6354,2.1092877,2.6497874,0.6587746,1.4208679,1.87965,1.9509032,0.193461,0.0,1.0,0.0,0.0,0.0,0.0,0.0
125.03217,0.20519501,12.897774,46.71566,20.799833,0.88066965,0.41868964,1.747896,29.975157,297.55948,5.097985,0.72098994,2.4379835,253.19559,1.8871546,2.22892,0.58007586,1.2886562,1.7243936,1.6009706,0.48403716,0.0,0.0,0.0,1.0,0.0,0.0,1.1622906e-06
7.263516,0.06386788,21.300365,58.921146,39.530743,7.1615496,0.008783204,7.4829087,22.120964,297.63437,6.443764,0.068687014,0.34487665,253.15204,1.8883079,2.231517,0.5794566,1.2908943,1.7266501,1.6092452,0.47569302,0.0,0.0,0.0,1.0,0.0,0.0,0.00014731288
1262.8872,0.65571284,4.011677,61.520424,14.403015,3.3403375,1.3668936,0.14352427,15.262113,298.05786,4.5058393,65.57547,104.489334,249.59167,2.0800588,2.5494423,0.64943016,1.3697217,1.7221903,6.4225016,-0.3401747,1.0,0.0,0.0,0.0,0.0,0.0,1.4901161e-07
93.2285,0.05727371,2.987209,74.886826,11.600585,2.8604972,3.8602028,3.417702,1.1146324,297.72452,8.420197,0.35805756,1.6856128,250.78578,2.081901,2.5856671,0.65125376,1.3682634,1.7254397,6.113157,-0.31913972,0.99999875,0.0,0.0,0.0,0.0,0.0,2.682209e-07
176.23154,0.08504522,3.7092223,28.5147,2.2020714,0.86883414,0.11388074,0.90701234,37.75314,301.2441,5.454354,2.8009245,4.984819,248.2702,2.073035,2.5477493,0.6490233,1.3672142,1.7200377,6.389842,-0.3334182,1.0,0.0,0.0,0.0,0.0,0.0,0.0
15.659729,0.09598372,23.132408,62.78748,35.426712,6.9566875,0.05272831,7.4421387,16.428192,297.66232,6.4115143,0.33660352,1.0793191,253.16501,1.8879749,2.2326539,0.5798123,1.290362,1.7253307,1.6095526,0.47735,0.0,0.0,0.0,1.0,0.0,0.0,0.0004428327
8.831666,0.978896,2.2093575,89.976814,9.049075,1.2708795,0.1918911,20.0,25.262365,296.31458,5.5248013,0.02499293,0.2233255,249.03221,2.0424778,2.2192743,0.5881731,1.4792134,1.76048,8.308017,0.52673465,3.2126904e-05,0.0,0.0,1.5795231e-06,0.9999864,0.0,7.1525574e-07
40.151123,0.09960245,4.0202246,75.50408,7.638491,1.8078645,1.540722,19.999866,63.905964,297.46704,6.067105,0.84612364,9.42861,248.36441,2.0387115,2.2278287,0.58806694,1.4782767,1.7617475,8.40476,0.52291656,0.0,0.0,0.0,0.0,0.9999709,0.0,0.00035482645
1668.2281,1.150322,1.3711761,92.585434,7.05086,1.2486811,0.8443156,0.049896028,9.681264,296.88235,6.1022415,116.34381,256.6175,194.78638,1.7383381,2.1770663,0.5226813,1.2197323,1.3593414,9.137108,-0.52932733,0.713809,0.0,0.0,0.0,0.0,0.0,0.53145593
676.67224,0.42807412,11.065175,65.31545,13.8404665,1.3242114,2.4448798,0.09604434,37.11519,296.3904,3.5748265,127.11957,140.39867,252.96654,1.883816,2.2312877,0.5800554,1.2871976,1.7213637,1.6007477,0.4735618,0.0,0.0,0.0,1.0,0.0,0.0,5.5879354e-05
997.57996,0.6428099,2.5101297,65.35053,18.826569,1.8123797,1.1927414,0.444769,13.646493,299.0216,4.6079416,54.73078,87.461716,250.88574,2.0785103,2.5427194,0.64998466,1.3698505,1.7211827,6.2383947,-0.33183005,0.99963,3.4868717e-06,4.184246e-05,0.00020244718,2.4348497e-05,0.00061282516,6.505847e-05
2.222113,0.0032058174,3.5185137,66.94855,15.347186,2.653726,6.337645,0.33247584,23.7011,298.6143,5.7418337,23.114582,26.600164,249.48666,1.8675187,2.1845427,0.57177454,1.2834004,1.7063726,1.9749303,0.46437174,0.00022542477,1.4901161e-07,2.0861626e-07,0.9982344,4.4435263e-05,1.3709068e-06,0.018076777
1327.7556,0.6509127,2.171657,53.367985,7.316315,3.1993103,0.34551606,0.1643877,6.9945865,298.27237,5.3215475,63.7129,94.99781,249.73775,2.0792453,2.5490396,0.6493476,1.3679992,1.7195467,6.3923845,-0.34003058,1.0,0.0,0.0,0.0,0.0,0.0,0.0
32.446575,0.16573812,16.485003,57.128277,34.92223,5.309006,1.2030894,5.5982122,0.68921566,296.89,6.6962914,7.891213,37.108646,252.83224,1.8885977,2.2308936,0.5810236,1.2946621,1.7331055,1.6060387,0.48043805,0.0,0.0,0.0,1.0,0.0,0.0,2.2053719e-06
682.9235,0.19863945,2.7798388,81.06607,5.399087,1.8699327,1.7123141,0.3662522,57.282177,297.84546,6.3264456,90.82534,141.08414,249.01465,2.072735,2.543725,0.6476824,1.3660471,1.7177705,6.396482,-0.33050242,1.0,0.0,0.0,0.0,0.0,0.0,0.0
1.8610052,0.0020593645,2.7528863,77.48431,8.140918,2.9543858,8.989233,0.12642579,14.340061,299.43997,4.7090354,26.4085,15.306105,174.58093,1.5049753,1.8361359,0.41638827,1.1923394,1.2194787,10.331861,-0.53374743,2.3543835e-06,2.2351742e-06,1.7881393e-07,0.00011587143,0.0,0.0059006214,0.9998779
24.77136,0.14093465,27.073792,69.30815,29.05102,6.8196583,0.021705003,7.510579,23.915745,297.69687,6.361983,0.12838677,0.721921,253.03734,1.8865501,2.2297218,0.57960916,1.289847,1.7243619,1.6030816,0.47813925,0.0,0.0,0.0,1.0,0.0,0.0,0.00021964312
173.89896,0.15397707,4.4249635,27.93692,4.5685534,1.013518,0.26929438,1.8334355,33.688133,294.80798,5.3681545,5.328393,37.034412,254.15599,2.0607991,2.4259257,0.64756835,1.387845,1.6891619,2.3893425,0.60313755,0.00043451786,0.0017273724,2.1666288e-05,0.006244898,1.3113022e-05,0.9978601,0.009729326
2.9950745,0.05227938,2.5848982,6.1457834,2.3769667,0.5825091,0.051212043,1.0251861,31.758425,285.46716,7.0840287,0.030137613,0.23646568,247.09218,2.0742702,2.554804,0.64849275,1.3649423,1.7204719,6.463956,-0.31625605,1.0,0.0,0.0,0.0,0.0,0.0,0.0
551.9385,0.14937516,3.7354214,82.83343,5.670483,1.7802771,1.0717906,0.4531216,70.62769,297.41605,5.8832955,51.30178,80.05151,248.50302,2.0705924,2.5394616,0.64567614,1.3652236,1.7143604,6.376312,-0.3270708,1.0,0.0,0.0,0.0,0.0,0.0,0.0
771.717,0.4136967,3.5448422,85.12482,6.905408,1.5637234,2.4417615,0.22502963,57.77097,297.84396,6.934987,114.5839,205.49973,248.30118,2.0720499,2.5450644,0.6465552,1.3665458,1.7205449,6.4349804,-0.33039954,1.0,0.0,0.0,0.0,0.0,0.0,0.0
58.74097,0.09858314,2.5191875,10.875475,2.914341,0.6688093,0.07851784,0.6838095,51.46206,307.2627,7.908674,2.9692345,2.7723727,254.62067,2.113348,2.5079021,0.68,1.3955094,1.675397,2.2195566,0.7279591,0.0,0.0,0.0,0.0,0.0,1.0,0.0
582.06757,0.5483315,20.944143,57.266853,15.961001,1.5153127,2.3556013,0.13536052,21.777481,297.3258,4.221368,5.7541866,17.80707,253.20325,1.8849705,2.229705,0.58013624,1.2878453,1.7239975,1.6014717,0.47752467,0.0,0.0,0.0,1.0,0.0,0.0,7.2717667e-06
154.05568,0.13416229,11.630747,59.16275,18.349453,2.3979287,2.626769,0.21578924,22.310804,297.70044,4.4966984,6.620959,12.120518,253.16212,1.8868536,2.2299023,0.5801561,1.2895334,1.7229722,1.6039206,0.47511286,0.0,0.0,0.0,1.0,0.0,0.0,6.723404e-05
320.88174,0.06765557,1.7438931,88.20593,4.6721625,3.460051,2.3924944,0.77988774,5.070289,297.92163,6.5522923,1.6458004,9.006425,252.6811,1.8817012,2.2291272,0.5783629,1.2863619,1.7185823,1.6022482,0.4748867,0.0,0.0,0.0,1.0,0.0,0.0,0.0023581684
301.77844,0.15177481,3.6192532,49.80411,1.2362033,1.6511055,0.19404268,0.7785061,85.88977,301.16537,5.633202,2.4659307,3.5190232,254.98756,2.1129048,2.5178852,0.68,1.389127,1.6715637,2.2657614,0.7375118,0.0,0.0,0.0,0.0,0.0,1.0,0.0
621.81714,0.6726068,5.0072503,87.72882,5.5507903,1.6554905,1.1115822,0.20395173,20.711227,298.04166,4.6494174,60.608295,68.64469,249.35635,2.0764477,2.5447512,0.6481155,1.3683887,1.7178994,6.452098,-0.3369564,0.99999607,0.0,0.0,0.0,0.0,0.0,1.2010336e-05
35.508583,0.17870747,4.4585686,38.77608,33.30043,1.7602067,3.4920845,0.20274463,72.748116,297.86746,5.975439,58.223396,56.05341,249.40756,2.0260456,2.242562,0.59288657,1.4689888,1.7599818,8.177286,0.512918,0.0030855834,4.4435263e-05,7.3611736e-06,0.0012200773,0.999684,1.0550022e-05,8.741021e-05
3.977617,0.12529737,23.076181,68.31551,29.944355,6.7962704,0.0009611863,7.45292,17.483873,297.8327,6.448908,0.091177136,0.5059945,253.27425,1.8890411,2.2303839,0.5798104,1.290402,1.7250834,1.6121646,0.47550166,0.0,0.0,0.0,1.0,0.0,0.0,0.0003388822
310.23352,0.12699863,1.9492464,46.701733,1.4148653,1.3223563,0.12968287,0.8496044,34.22813,296.867,4.4547257,9.867219,11.393093,249.59782,2.0764127,2.5507426,0.65028846,1.367429,1.7213123,6.420664,-0.34139183,1.0,0.0,0.0,0.0,0.0,0.0,0.0
457.46667,0.4042134,26.452394,54.7044,15.443309,1.3075986,2.7584355,0.11823819,20.892403,297.86444,4.0413275,4.2460628,12.304188,253.20352,1.8833672,2.229569,0.5800151,1.285868,1.7227458,1.601119,0.47457585,0.0,0.0,0.0,1.0,0.0,0.0,6.535649e-05
373.84198,0.61087114,3.7670248,91.56752,2.9390259,1.5407002,0.8114475,0.3132819,30.877316,298.01413,5.222342,33.459896,45.24901,249.31999,2.0770938,2.5463676,0.6489935,1.3676081,1.7171423,6.408261,-0.33776027,1.0,0.0,0.0,0.0,0.0,0.0,3.5762787e-07
91.28148,0.15562366,3.8742492,14.648881,9.972539,0.6982228,0.7124503,0.99104095,34.269146,293.04614,7.1534715,8.221134,123.14666,252.81125,1.8744893,2.2232065,0.5789196,1.2843872,1.7208912,1.6088603,0.47341534,0.0,0.0,0.0,1.0,0.0,0.0,0.0022035837
283.97647,0.5649153,1.02,74.26521,22.525406,2.5234509,0.46934423,10.16742,13.985327,298.24277,7.5827875,0.41820392,1.221741,264.806,2.1072693,2.6480024,0.65304756,1.4171858,1.861957,2.0313122,0.20219289,2.5331974e-06,1.0,1.4901161e-07,0.0,0.0,1.1920929e-06,0.00055640936
2.0272486,1.1161815,1.0593671,92.82463,5.283866,0.6362512,0.42270157,20.0,292.42795,292.76865,4.4698033,0.02499293,0.22190002,250.70383,1.877647,2.2049367,0.5745792,1.2822816,1.7123122,1.6003932,0.4718827,0.0,0.0,0.0,1.0,0.0,0.0,0.0
39.558716,0.113472216,8.697664,77.41614,15.622722,5.2537704,2.7032926,4.661149,8.109961,297.99173,7.460337,0.20021583,1.3607271,252.78989,1.881539,2.2330217,0.5811266,1.2840688,1.7248971,1.6018369,0.47066015,0.0,0.0,0.0,1.0,0.0,0.0,0.0038084984
40.64214,0.021558493,1.6754192,84.264465,9.715975,3.408044,2.699895,0.085886404,33.56703,297.96774,4.3476143,134.03229,78.141624,252.76782,1.882005,2.2273037,0.57942224,1.2851211,1.7202287,1.6020647,0.47088307,0.0,0.0,0.0,1.0,0.0,0.0,9.936094e-05
29.96632,0.9366818,3.468574,76.344864,28.535381,4.075358,1.7227345,0.05152437,15.515186,298.88837,3.8212538,426.27567,551.9043,254.5963,2.1141438,2.5134597,0.68,1.3935586,1.6768163,2.3503838,0.7345507,0.0,0.0,0.0,0.0,0.0,1.0,0.0
1.2743825,0.0037565788,2.1968136,40.141396,44.96957,6.4667926,3.1879601,0.8544871,19.275866,297.90894,5.2004495,0.44151577,0.990792,278.32996,2.1299996,2.5369964,0.5894164,1.53,2.0042996,2.6711228,0.76000005,0.0,0.0,1.0,0.0,0.0,0.0,0.0
84.17482,0.08646436,1.0606915,19.381416,15.167559,1.3919713,0.111238435,0.30665892,4.8221383,296.21906,7.7742248,1.3935858,9.907833,172.20377,1.5000019,1.8200638,0.41001472,1.1900065,1.1970034,10.428717,-0.54997796,0.0,0.0,0.0,0.0,0.0,0.0,1.0
6.271738,0.103674345,2.6827834,70.61804,5.8801303,2.0446532,1.9699467,20.0,35.295017,295.10315,7.2673645,0.03417476,2.70044,245.45215,2.0346208,2.220838,0.5845121,1.4757818,1.7594502,8.246569,0.51539767,0.0,0.0,0.0,0.0,1.0,0.0,8.881092e-06
258.9573,0.5296123,17.551897,59.985332,12.052479,1.6720287,2.8260345,0.9792904,59.525486,297.4857,4.3761005,0.61409485,3.4007616,253.06625,1.8848374,2.2287683,0.5798582,1.2867018,1.7220086,1.6010469,0.47552598,0.0,0.0,0.0,1.0,0.0,0.0,0.00025606155
400.23798,0.20484371,10.171414,67.19388,18.656643,1.7179688,2.595784,0.11159076,21.835659,296.55005,4.129131,55.183033,63.092228,253.12529,1.8870593,2.2315433,0.58009166,1.2898153,1.7228419,1.6050205,0.47316372,0.0,0.0,0.0,1.0,0.0,0.0,1.9788742e-05
315.14856,0.24385378,2.0448709,51.37801,33.090626,3.7607312,3.651628,0.430755,25.25221,299.74924,4.81126,14.651863,46.764076,174.04713,1.507201,1.8300811,0.41503555,1.1974987,1.2197795,10.338678,-0.5291638,0.0,0.0,0.0,0.0,1.385808e-05,0.0,0.9999856
295.94348,0.14372584,4.511066,40.336678,56.620472,2.7577226,3.1386938,0.18888971,25.961096,294.48526,4.753414,101.58752,124.24732,252.97469,1.8900745,2.2325706,0.58143073,1.2938317,1.7293692,1.6137096,0.48191556,2.9802322e-07,0.0,0.0,1.0,0.0,0.0,1.8656254e-05
22.319014,0.023222726,11.488106,63.784237,14.625635,3.3081138,2.9812725,1.6095248,1.2147795,297.90997,8.829638,0.21079102,0.8486442,249.90596,2.076038,2.5456944,0.64919055,1.3694258,1.7210847,6.3467693,-0.31458598,1.0,0.0,0.0,0.0,0.0,0.0,0.0
1.0470408,0.08441373,22.944431,64.48364,33.507847,6.995783,1.3517141e-05,7.365648,38.00186,297.7919,6.4651318,0.025296608,0.22416618,253.11496,1.8892467,2.2313724,0.58022106,1.292362,1.7242042,1.607187,0.48158678,0.0,0.0,0.0,1.0,0.0,0.0,6.261468e-05
64.47901,0.08864094,12.040669,20.061054,20.729517,4.0200734,1.5062921,0.17906424,0.30707845,297.91406,9.261092,0.16590008,0.5114041,249.09656,2.0707555,2.5366437,0.64592016,1.3634017,1.7183576,6.386371,-0.29706612,1.0,0.0,0.0,0.0,0.0,0.0,0.0
1587.255,1.0588313,1.7678545,84.11716,11.643115,0.7838398,0.896763,0.03696938,154.75143,297.7864,5.364082,486.0128,490.6958,253.2611,1.8888959,2.2316804,0.57988757,1.2864252,1.7194821,1.608952,0.47536665,0.0,0.0,0.0,1.0,0.0,0.0,7.554889e-05
34.133064,0.4593204,3.7976005,64.61516,6.634921,2.7116485,1.9290944,20.0,15.59457,296.90598,7.8090725,1.7934599,132.57715,247.10974,2.0367215,2.2282448,0.58772266,1.4761124,1.7577258,8.3762,0.5209447,0.0,0.0,0.0,0.0,0.9999856,0.0,9.036064e-05
699.4134,0.45678326,5.2804766,49.801617,25.797787,3.8810468,1.5643041,0.23576848,30.975471,299.23502,5.025259,55.86404,79.167984,249.14413,2.0773516,2.5462403,0.64946634,1.3680964,1.7187382,6.451561,-0.3295177,1.0,0.0,0.0,0.0,0.0,0.0,0.0
729.6749,0.10739024,1.2039722,77.247925,8.718096,1.7761465,1.1873419,0.41022342,212.31424,282.20752,6.726649,389.98752,404.5248,252.79019,1.8892264,2.2315445,0.58074373,1.2899956,1.7213042,1.6044526,0.47776967,0.0,0.0,0.0,1.0,0.0,0.0,2.413988e-06
28.894566,0.041888677,2.5360243,12.962497,30.815937,1.0463245,0.12178327,0.2600298,24.06239,302.53848,5.1717978,13.678375,22.459713,253.11554,1.8851768,2.2282114,0.580961,1.2926078,1.7292511,1.6017387,0.4963332,0.0,0.0,0.0,1.0,0.0,0.0,0.0
350.44183,0.12953095,3.2909575,51.69158,1.7550092,1.3264607,0.08591348,1.1551527,54.83067,289.04114,4.955448,7.4173307,7.732047,254.85892,2.1117027,2.5072825,0.68,1.3963733,1.6681894,2.2537987,0.72513664,0.0,0.0,0.0,0.0,0.0,1.0,0.0
545.12463,0.23572478,3.6403754,90.30853,2.6882324,1.520408,1.4666812,0.28337651,22.985373,297.9194,4.95543,81.04857,99.209305,249.55023,2.0761445,2.547565,0.64897263,1.3679055,1.7225487,6.4447055,-0.33772546,0.99999976,0.0,0.0,0.0,0.0,0.0,0.0
105.64785,0.23339543,32.234535,74.57593,24.851095,6.5266395,0.34474236,7.349712,25.801363,297.75183,6.3678346,6.7759957,12.198153,253.12184,1.8877046,2.2294965,0.5798179,1.2890632,1.7235645,1.6076488,0.4774751,0.0,0.0,0.0,1.0,0.0,0.0,0.001333952
1.3368,0.0014599701,6.866322,45.88961,46.498856,3.9435115,2.55958,0.8695277,11.852103,298.08383,4.830307,0.21529262,1.2909142,278.33,2.1299999,2.5325215,0.5884594,1.53,2.0042999,2.705305,0.76000005,0.0,0.0,1.0,0.0,0.0,0.0,0.0
630.85345,0.4210201,5.174447,87.75884,3.9396544,1.4692471,1.2440013,0.21207498,14.65974,297.9396,4.8595796,76.92747,110.21234,249.84114,2.0777292,2.5493877,0.64917964,1.3679172,1.7196249,6.4272485,-0.34376523,0.9999999,0.0,0.0,0.0,0.0,0.0,5.364418e-07
406.3491,0.124109246,2.9988093,54.389587,2.5147438,0.9634892,0.26973456,1.2215465,42.131638,285.9354,5.270781,8.904716,6.0757823,254.27592,2.1080577,2.5044312,0.6799999,1.3997484,1.6713274,2.1983392,0.72167265,0.0,0.0,0.0,0.0,0.0,1.0,0.0
21.013523,0.008003885,2.4023495,92.22126,6.57372,2.5191562,0.6741463,0.024882818,11.464483,297.82816,3.8855312,22.074873,415.0061,253.62865,1.8894489,2.2329261,0.579935,1.2900616,1.7197084,1.6082342,0.47264183,0.0,0.0,0.0,1.0,0.0,0.0,6.28829e-06
172.55592,0.061827425,4.329971,73.89292,20.240105,2.3428814,3.356064,0.94524056,16.121265,297.55707,7.64659,18.749496,25.621798,252.81778,1.8804224,2.2306597,0.5787492,1.2847335,1.7165046,1.6003088,0.46979082,0.0,0.0,0.0,1.0,0.0,0.0,0.002008915
38.363853,0.03014277,1.02,35.753246,33.38413,2.3807125,2.2798085,7.0013742,19.29912,297.89352,7.662929,0.02581465,0.22942956,265.78943,2.1102831,2.6499104,0.6583117,1.4206856,1.8853487,1.9832501,0.18861657,0.0,1.0,0.0,0.0,0.0,0.0,1.1324883e-06
1.8833333,0.0044092964,1.673737,80.22584,1.8412962,0.7200573,1.0570772,20.0,15.952618,294.73505,7.4330745,0.02510011,0.25430268,245.85303,2.028762,2.2103667,0.5861047,1.4831982,1.7824552,8.498943,0.5396141,0.0,0.0,0.0,0.0,1.0,0.0,1.4781952e-05
120.65362,0.056341536,5.006063,62.34758,21.173523,3.5829058,2.3153708,1.5904108,53.689266,299.4496,5.493629,7.663847,12.856678,218.18275,1.8443849,2.0275378,0.5140119,1.3799285,1.545524,9.428281,0.12212907,0.0,0.0,0.0,8.34465e-07,0.7912384,0.0,0.32242584
3.319341,0.04624974,17.471298,58.573963,40.56376,7.0827866,0.054078262,7.2034736,14.357237,297.13388,6.3579597,0.03905149,0.29441768,253.02774,1.8949654,2.2382162,0.582597,1.2985601,1.7318906,1.6032071,0.4741504,0.0,0.0,0.0,1.0,0.0,0.0,1.2218952e-06
496.81088,0.23115945,2.5802858,80.31924,18.516851,2.652411,0.7773635,0.14331277,67.81487,297.6894,4.867804,177.94775,145.87302,252.77965,1.8848468,2.2318563,0.57964414,1.2880772,1.7197864,1.6065419,0.47100854,0.0,0.0,0.0,1.0,0.0,0.0,0.00017145276
27.273945,0.026353255,10.850969,67.888885,30.516588,1.4734169,1.5711981,1.2651496,84.818596,297.50308,5.5224805,13.996041,7.5326967,252.92111,1.8876284,2.2297852,0.5794767,1.2905027,1.7228935,1.6067324,0.47608826,0.0,0.0,0.0,1.0,0.0,0.0,3.8802624e-05
141.98729,0.67481107,3.5076597,80.482254,14.014045,2.0807498,0.6917559,19.996498,48.99454,296.93234,5.3711762,2.2065172,7.4401855,252.78734,1.8828557,2.2247212,0.57762736,1.2861869,1.7220322,1.6046352,0.47934476,0.0,0.0,0.0,1.0,0.0,0.0,0.00027054548
622.0286,0.100512065,1.2701931,91.416985,2.2603726,3.1993756,2.04725,0.33813184,11.189955,298.12292,5.277353,11.614053,40.29427,252.48,1.8862871,2.2347505,0.5801138,1.2894659,1.7197856,1.6025071,0.47127005,0.0,0.0,0.0,1.0,0.0,0.0,0.0020299852
31.456423,0.15892197,5.4284916,66.44581,30.0698,3.1321957,1.4675375,0.42829013,26.356928,298.9746,4.072668,470.36774,494.7244,255.1339,2.1110682,2.5052478,0.679764,1.4014581,1.6861843,2.1538498,0.71669525,0.0,0.0,0.0,0.0,0.0,1.0,8.368492e-05
825.4442,0.68798184,2.3811665,81.7981,9.686247,1.8678309,0.51177424,19.841461,35.0754,297.7108,5.536203,173.56549,223.19832,250.77628,2.047304,2.4861784,0.6362178,1.3710471,1.7208865,6.5817585,-0.19174221,0.9904233,7.301569e-06,0.00033068657,0.01166895,0.00062277913,0.0003761649,8.133054e-05
1273.2748,0.71231645,2.9691393,69.566216,17.833006,1.6467135,0.47759175,0.01860598,16.153961,297.9477,4.5291367,177.33395,222.1056,250.07109,2.0797083,2.5504627,0.65046793,1.3684485,1.7209009,6.383098,-0.34342855,0.99999213,0.0,1.7881393e-06,3.874302e-07,0.0,3.1292439e-06,2.3543835e-06
95.5415,0.18246923,6.215348,44.25123,44.66725,1.2827955,2.659785,0.5124081,6.77776,297.2527,7.027924,12.0880785,21.545109,252.80672,1.88706,2.2278323,0.5790852,1.2895536,1.7262628,1.605471,0.48639184,0.0,0.0,0.0,1.0,0.0,0.0,3.7133694e-05
2.660253,0.117069624,19.60709,63.690575,34.20559,6.767613,0.00026975514,7.1633463,5.331694,297.61066,6.3712554,0.25393134,0.9742708,253.08379,1.8865913,2.2272716,0.57951087,1.2921365,1.7234552,1.6070857,0.48002547,0.0,0.0,0.0,1.0,0.0,0.0,0.00012391806
26.084663,0.024989508,4.4457507,74.88265,8.904337,2.5376518,4.7760735,0.4664147,9.48768,297.82135,5.2361956,46.636143,50.090862,196.87119,1.5700206,1.9128842,0.45811874,1.2089555,1.367732,5.6807246,-0.274156,5.3703785e-05,1.1920929e-06,1.013279e-06,0.6519419,2.4437904e-06,8.8721514e-05,0.87995994
3.0769784,0.04406743,16.54053,58.540764,40.973545,7.0636597,0.019333038,7.163409,3.9955847,297.3126,6.303786,0.0519132,0.3607399,253.00514,1.8924216,2.233915,0.5815652,1.2976365,1.7331024,1.6020658,0.47899994,0.0,0.0,0.0,1.0,0.0,0.0,6.556511e-07
405.01886,0.19616282,4.039124,38.542713,56.549038,1.9759007,2.8593273,0.033157993,0.8641096,296.25195,4.7821474,188.76437,246.91455,252.88487,1.8841826,2.2293162,0.5813744,1.2883602,1.7328767,1.6180211,0.48720562,2.9802322e-07,0.0,0.0,1.0,0.0,0.0,7.748604e-06
41.214657,0.032685455,6.29326,68.76983,19.759338,4.3803887,4.8574414,1.0023828,24.713799,298.13275,4.938182,10.861357,15.744025,278.31766,2.1299155,2.5354362,0.5898942,1.5299841,2.0040808,2.6961296,0.7599271,0.0,0.0,1.0,0.0,0.0,1.7881393e-07,0.00021669269
130.00984,0.06813183,2.2502925,83.47357,16.241037,2.6175463,1.0652384,0.086167626,51.01186,298.162,4.690979,168.49007,93.190956,252.94414,1.8865492,2.231581,0.5801602,1.2882137,1.7191112,1.6030895,0.46844146,0.0,0.0,0.0,1.0,0.0,0.0,3.8444996e-05
66.69073,0.23432158,29.4857,72.37042,26.96397,6.6524086,0.27920243,7.5652075,21.752272,297.9007,6.370132,3.8452775,10.001734,253.13943,1.8891188,2.232214,0.5799704,1.2889911,1.7219949,1.6098973,0.47101623,0.0,0.0,0.0,1.0,0.0,0.0,0.0015186965
387.37286,0.18701391,3.408922,36.80468,56.77561,2.0005033,3.0509918,0.03869186,14.889619,294.5765,5.6946135,200.79814,240.72725,252.9303,1.885641,2.2310069,0.58032244,1.2898245,1.7270083,1.6204267,0.47996184,0.0,0.0,0.0,1.0,0.0,0.0,0.00076431036
35.18513,0.011457859,8.520398,69.98172,26.15831,2.828474,4.4633017,1.1237631,34.942177,298.0638,4.8434825,6.9930196,11.784941,278.3289,2.1299942,2.5319047,0.58912313,1.5299994,2.0042837,2.6767132,0.7599953,0.0,0.0,1.0,0.0,0.0,0.0,0.0
215.96487,0.6218554,1.02,77.68973,18.357641,2.3663294,0.28231138,10.289993,25.072704,297.7171,7.877388,0.025171565,0.22864372,266.1878,2.1090214,2.6497855,0.65637106,1.4196304,1.8820673,1.9048883,0.19320442,0.0,1.0,0.0,0.0,0.0,0.0,2.360344e-05
1023.69904,1.2547555,6.0116844,50.6921,44.14936,4.779264,0.6157416,0.38459414,36.763397,300.47626,4.8027487,212.79955,394.7943,253.06398,1.8888369,2.229262,0.5805341,1.290885,1.7246768,1.620684,0.4835618,0.0,0.0,0.0,1.0,0.0,0.0,7.104874e-05
1002.9358,0.560743,3.4255002,76.04777,9.209513,2.1078796,1.9418255,0.23585963,54.451466,297.69043,7.1572847,96.574814,177.84845,248.74156,2.0736456,2.5438266,0.6476416,1.3669677,1.7205498,6.439769,-0.32907456,1.0,0.0,0.0,0.0,0.0,0.0,0.0
105.646324,0.08318517,2.6622777,72.8831,25.226088,1.8018698,3.5299582,0.21132843,29.390831,297.8168,6.400575,23.316778,30.7603,252.94833,1.8827075,2.2305074,0.5800003,1.2859374,1.7220272,1.6008883,0.47084618,0.0,0.0,0.0,1.0,0.0,0.0,0.0007330775
53.845516,0.28386474,23.84553,74.66794,25.2492,6.810602,0.30365053,7.3399057,15.312485,298.30676,6.3035183,7.081712,15.510079,252.95782,1.8867265,2.2314408,0.5791433,1.2880018,1.7200649,1.605651,0.47413328,0.0,0.0,0.0,1.0,0.0,0.0,0.0024518669
2.4690425,0.008847579,10.855628,51.31544,43.4478,1.0681944,1.7515785,1.0800427,18.734413,297.56985,6.02407,2.645548,2.6307182,253.11853,1.8876957,2.2300465,0.5797291,1.2900902,1.7246872,1.6058766,0.4818814,0.0,0.0,0.0,1.0,0.0,0.0,3.8146973e-06
929.32385,0.64566994,1.026348,53.092487,19.887737,1.0248266,0.014967883,0.026058346,72.06575,298.19833,4.78876,323.25497,390.3866,277.0176,2.1257365,2.5268905,0.59213066,1.5246519,1.9858088,2.8157754,0.7355222,4.1127205e-06,0.0,0.9999968,0.00065356493,0.0,0.0,0.0
15.131059,0.068816245,22.567741,59.628498,38.58058,7.0931067,0.1577186,7.2915893,14.201557,297.443,6.469456,0.16686471,0.6466986,253.09027,1.8886896,2.2321103,0.58006424,1.2911086,1.7269876,1.6088305,0.4771706,0.0,0.0,0.0,1.0,0.0,0.0,0.00013288856
5.102958,0.03557346,5.4499865,67.28494,21.984587,5.4890556,5.0187507,1.1499655,43.447926,298.06915,5.096138,16.754341,26.983496,278.17334,2.1289213,2.5212033,0.58913547,1.5296031,2.0020661,2.7172537,0.7584163,0.0,0.0,1.0,0.0,0.0,2.9802322e-05,0.0006541014
161.72653,0.11526951,3.1496406,16.056448,11.235613,0.8302551,0.16269995,0.9610712,25.98603,302.00555,5.487845,33.788406,99.772865,253.38522,1.8839968,2.2318964,0.57930756,1.2899569,1.7220932,1.6035821,0.48426938,0.0,0.0,0.0,1.0,0.0,0.0,0.0009031594
387.74484,0.18878321,2.8564572,37.511536,57.090908,2.3586545,3.0875895,0.020053197,13.255654,291.90274,5.614469,198.17831,231.58891,253.25276,1.8882372,2.2320004,0.58083546,1.2912712,1.7278531,1.6157764,0.48459557,5.364418e-07,0.0,0.0,1.0,0.0,0.0,1.2069941e-05
1055.1572,1.4140768,4.828553,59.065464,37.320717,6.124152,0.39712185,0.48572364,342.9302,292.05185,6.327222,350.81937,420.38977,252.13226,1.8869692,2.2319663,0.58052033,1.2877983,1.7282338,1.6022059,0.48094058,0.0,0.0,0.0,1.0,0.0,0.0,5.066395e-07
495.52466,0.43956152,24.045982,56.90593,15.552759,1.2434276,3.0886395,0.12419865,22.485996,297.70706,4.081198,2.0248814,6.3027654,253.17058,1.8855325,2.230871,0.5799998,1.2876723,1.7242768,1.6008253,0.47388154,0.0,0.0,0.0,1.0,0.0,0.0,7.987022e-06
30.022038,0.09637338,7.2208014,70.66777,31.086882,2.8941634,1.081321,0.21818559,3.359492,297.80988,4.338816,91.54158,215.82745,259.14713,2.1200826,2.5279021,0.6752553,1.4195805,1.7167333,2.0883024,0.7414862,0.0,0.0,4.7683716e-07,0.0,0.0,0.9999949,3.4421682e-05
40.04547,0.32793716,3.8414814,62.65082,7.9754014,2.3783414,1.918276,19.999947,94.67625,297.07285,4.838478,0.025832513,0.27425966,252.88379,1.8867084,2.2259297,0.5789081,1.2879064,1.7215229,1.6013845,0.47539923,0.0,0.0,0.0,1.0,0.0,0.0,0.000359267
12.0527115,0.04730026,9.049152,52.694534,39.65975,0.8827317,1.1564605,1.939083,72.35576,297.3856,6.0360227,0.08642545,0.33116993,252.98941,1.8933865,2.238373,0.5817996,1.295668,1.728122,1.605745,0.46500638,0.0,0.0,0.0,1.0,0.0,0.0,5.066395e-07
407.8599,0.1783111,3.355443,36.955616,57.094612,2.151244,2.7956233,0.016778637,7.718788,292.96054,4.8130727,182.09244,228.65349,253.19368,1.8889647,2.229934,0.58212006,1.2945861,1.7332733,1.6064316,0.4896463,0.0,0.0,0.0,1.0,0.0,0.0,3.2782555e-07
971.42285,1.1634319,3.060037,68.70637,29.147465,3.6055753,1.2093972,0.16971482,26.151007,299.64703,5.627653,75.2601,327.43982,252.84149,1.8829486,2.2275763,0.58026063,1.2870597,1.7236392,1.6047537,0.48086402,0.0,0.0,0.0,1.0,0.0,0.0,0.0007252395
4.2255616,0.0040376126,10.497784,50.288284,47.901814,1.6311767,2.3672342,1.1246669,21.473272,298.1908,5.0321555,7.6664014,22.24004,278.33,2.1299999,2.536726,0.5905893,1.53,2.0042999,2.654211,0.76000005,0.0,0.0,1.0,0.0,0.0,0.0,0.0
2.011213,0.006139443,7.594234,47.939995,48.524757,2.0548053,2.5156405,1.0011989,27.367672,298.42856,5.1088834,8.702573,21.4015,278.32996,2.1299999,2.5368593,0.5908643,1.53,2.0042996,2.6438475,0.76000005,0.0,0.0,1.0,0.0,0.0,0.0,0.0
1167.0621,0.63594073,2.055687,62.985107,23.368332,2.004709,0.49145004,0.047878623,26.45226,298.31216,4.605924,173.39078,235.43613,250.40034,2.078304,2.5477815,0.6499253,1.3699569,1.7267113,6.3550124,-0.34534234,0.9999312,0.0,1.9937754e-05,4.2051077e-05,1.3411045e-06,5.2124262e-05,2.771616e-06
8.572557,0.032372873,16.142473,48.43056,44.14933,1.1653478,1.6698239,0.97656816,13.213268,297.3545,5.1693206,1.3602347,1.7171749,253.18176,1.8918977,2.2329657,0.5807559,1.2930956,1.7263113,1.6080686,0.4719054,0.0,0.0,0.0,1.0,0.0,0.0,1.937151e-06
50.609447,0.052782644,11.5991745,61.50041,17.705812,2.14518,1.6202046,1.2617673,69.36235,297.7427,4.876788,109.1949,73.320145,253.10132,1.8869712,2.2293117,0.58069444,1.2901105,1.7219244,1.6042608,0.47750142,0.0,0.0,0.0,1.0,0.0,0.0,6.1273575e-05
808.7429,0.4498,2.1809509,56.218933,17.907583,4.204998,2.4576964,0.28637105,87.386475,299.78128,4.7390523,81.200356,76.083,247.96124,2.0678935,2.539076,0.6453335,1.3639476,1.715248,6.5155973,-0.3245163,1.0,0.0,0.0,0.0,0.0,0.0,0.0
252.46184,0.08532813,4.127997,37.254856,2.2340484,1.2166803,0.24522299,1.1405125,49.053814,298.7693,4.9486303,8.311255,12.450667,249.18047,2.0750804,2.5452843,0.64787024,1.3672618,1.7176771,6.433916,-0.32627007,1.0,0.0,0.0,0.0,0.0,0.0,0.0
508.03506,0.63651717,6.0856156,90.27228,5.5351977,1.6393883,1.2094486,0.31293157,77.81757,297.63614,6.01406,116.02527,130.58041,249.05511,2.074257,2.5458362,0.6479411,1.366507,1.719153,6.4444966,-0.33801934,1.0,0.0,0.0,0.0,0.0,0.0,0.0
1639.2415,1.0763798,2.1195407,83.3932,10.117559,0.8019333,0.9147408,0.08001889,149.15706,298.12106,5.7623463,492.16245,481.8502,253.31917,1.8869512,2.2310112,0.580128,1.2879349,1.7201282,1.6064339,0.4782014,0.0,0.0,0.0,1.0,0.0,0.0,5.7280064e-05
1314.2738,0.72523105,1.700096,63.7948,19.858765,1.4238119,0.13923861,0.020602532,34.211967,298.4031,4.8838215,225.14238,282.19922,249.98868,2.0767403,2.5503201,0.6508696,1.3691624,1.7230071,6.3980045,-0.3493336,0.9997614,0.0,0.00012302399,6.3568354e-05,2.2053719e-06,0.00033906102,7.301569e-06
0.5240536,0.0013015306,10.644072,48.93377,48.76035,2.4405022,2.405417,0.9894942,4.0274334,298.1758,4.845812,0.029137257,0.6013202,278.33,2.1299999,2.5326464,0.5884359,1.53,2.0042999,2.8323588,0.76000005,0.0,0.0,1.0,0.0,0.0,0.0,0.0
1188.3827,0.63519925,1.6817368,47.141945,5.425039,3.6185412,0.8529337,0.52539194,9.741123,297.82745,5.8402543,66.434006,98.741394,249.18161,2.076078,2.54591,0.6490767,1.3676065,1.717813,6.4210176,-0.33963758,1.0,0.0,0.0,0.0,0.0,0.0,0.0
852.4594,0.5427956,2.2778313,66.90852,27.974628,1.2219429,1.7139529,0.14649558,90.982925,297.91754,6.0810637,366.05707,376.8401,253.03853,1.8885522,2.230704,0.58107245,1.2901756,1.7255565,1.6145935,0.47526446,0.0,0.0,0.0,1.0,0.0,0.0,0.000113636255
677.7319,0.5541413,6.1197844,79.51057,11.229609,4.271152,1.6484019,0.8559927,155.81198,297.2116,5.3826876,75.18036,77.60507,247.79375,2.0679834,2.5388865,0.64559245,1.3650819,1.717084,6.5248,-0.32911187,1.0,0.0,0.0,0.0,0.0,0.0,0.0
42.473255,0.029993959,1.365163,74.94248,13.107252,3.274549,3.9202428,3.5981503,2.7059848,297.93097,8.568973,0.12077693,0.6536433,251.6169,2.086434,2.6105514,0.6534911,1.3734826,1.735338,5.700939,-0.30964065,0.9999769,0.0,0.0,0.0,0.0,0.0,1.1920929e-07
1462.5961,0.7621425,1.7373244,58.9266,21.420914,1.1824622,0.057528365,0.014797574,94.985535,297.72687,4.7256966,305.25043,360.51248,250.1041,2.0591395,2.5145655,0.64283806,1.3699094,1.7230569,6.7300215,-0.27095005,0.9952164,2.0861626e-07,0.0012756288,0.0034731925,0.000112235546,0.0034450889,9.775162e-06
116.713806,0.57998365,3.8628395,84.23122,11.4325285,2.3732364,0.5352767,19.969635,40.0731,297.5785,5.521751,1.408752,5.6957407,252.54222,1.8853818,2.229056,0.57932264,1.2870959,1.7200658,1.6061653,0.47873133,0.0,0.0,0.0,1.0,0.0,0.0,0.0016288459
262.53946,0.3412146,11.888072,53.404724,11.700655,1.1001914,0.8968253,2.3217616,109.00559,297.883,4.9489207,0.95719874,3.2736363,253.0617,1.8862696,2.2315354,0.58037066,1.288163,1.723824,1.6013466,0.47555602,0.0,0.0,0.0,1.0,0.0,0.0,2.7358532e-05
206.86157,0.17126302,10.913979,88.17895,5.720762,2.5760624,0.39929166,0.31650165,41.510826,298.02383,6.8671155,5.1258388,5.199887,247.906,2.068522,2.5443745,0.64515567,1.3648998,1.7164476,6.418279,-0.3295341,1.0,0.0,0.0,0.0,0.0,0.0,0.0
113.16697,0.49902213,4.7544465,62.598198,7.76513,2.5765707,2.2271461,19.99484,17.181417,296.8415,7.616647,0.08063768,1.8216017,252.95259,1.8866974,2.2271402,0.57898885,1.2878269,1.7217193,1.6024579,0.48296493,0.0,0.0,0.0,1.0,0.0,0.0,0.0010511577
1337.4681,0.6764548,1.9307578,61.18174,14.580743,2.4098804,0.5285264,0.15997872,3.2554352,298.26035,6.3887377,45.046757,110.01357,249.83775,2.075099,2.538834,0.64831,1.3692275,1.7203311,6.5682654,-0.33775643,0.99995977,0.0,7.843971e-05,5.096197e-05,1.6093254e-06,0.0008107722,5.6028366e-05
99.22199,0.5777927,5.48401,65.98517,11.560321,4.0601535,1.9697696,20.0,90.92951,296.59326,4.787334,6.613992,121.53922,247.74313,2.0396154,2.228987,0.5880215,1.4772509,1.7633158,8.341196,0.5263996,0.0,0.0,0.0,0.0,0.99998724,0.0,0.00019228458
769.6196,0.6634131,5.226053,86.13042,7.629998,1.8267267,1.4649119,0.102806166,18.308554,297.89786,4.4397793,74.49914,88.00774,249.21843,2.0758052,2.5471673,0.64822376,1.3681071,1.7170018,6.4278803,-0.33816347,0.9999993,0.0,0.0,0.0,0.0,0.0,3.784895e-06
42.752056,0.7684394,3.6639104,83.00471,10.873234,1.450944,0.8821389,20.0,113.59876,295.81845,4.7161927,0.0253502,0.23801911,252.35176,1.8866833,2.2217746,0.57832444,1.2883388,1.7228543,1.6023024,0.48716706,0.0,0.0,0.0,1.0,0.0,0.0,5.7011843e-05
14.983388,0.052562684,9.418635,45.577175,46.415638,0.8632332,1.3423841,0.7655717,18.29598,297.36783,6.231613,12.812568,14.336857,253.12283,1.887576,2.2287095,0.57975173,1.2912616,1.7256466,1.6052718,0.4878995,0.0,0.0,0.0,1.0,0.0,0.0,4.887581e-06
6.648374,0.28301927,3.3102605,64.11883,7.0885687,2.268658,1.9589086,20.0,14.568604,296.7985,7.574119,0.02510011,0.24006598,252.78584,1.8865435,2.2234356,0.57897705,1.2901717,1.7224898,1.6044858,0.48290604,0.0,0.0,0.0,1.0,0.0,0.0,0.0009804964
86.25012,0.60678834,1.02,77.95534,18.530176,2.2235177,0.36163965,10.374502,16.003157,297.79727,6.649655,0.029244438,0.39136982,265.9593,2.1067631,2.6480818,0.65565014,1.423837,1.8766499,2.0857112,0.21279666,2.682209e-07,1.0,0.0,0.0,0.0,6.556511e-07,0.0014927089
262.64777,0.10796154,2.7577653,84.087585,14.161949,2.334245,1.0102624,0.055720646,48.68181,297.29163,4.416036,93.52354,225.6301,253.2323,1.8886608,2.2326665,0.5797241,1.289248,1.7188797,1.60317,0.46925482,0.0,0.0,0.0,1.0,0.0,0.0,6.631017e-05
0.7960516,0.035697192,18.120096,55.97282,42.20018,7.104673,5.3187014e-05,7.281633,8.124061,297.63086,6.413154,0.07422469,0.35812646,252.86652,1.891941,2.2332428,0.5810285,1.2943298,1.7290721,1.6044027,0.47472912,0.0,0.0,0.0,1.0,0.0,0.0,2.0861626e-06
586.7413,0.5211331,8.086469,52.89395,10.948307,0.69086766,0.94659835,0.07993369,31.00775,294.58005,4.6336427,158.60284,232.14192,253.2687,1.8828253,2.2266927,0.57988375,1.2868413,1.7214106,1.6006405,0.4874383,0.0,0.0,0.0,1.0,0.0,0.0,0.00021159649
21.069344,0.2828864,11.351166,65.53098,23.818237,4.9965787,0.5248865,15.436024,17.513456,297.5912,6.6148553,0.7184533,5.1636643,253.23431,1.887439,2.2296677,0.579857,1.2912894,1.7250082,1.6119757,0.48278317,0.0,0.0,0.0,1.0,0.0,0.0,0.0017469227
223.41011,0.023502674,1.1477606,82.0379,10.767463,2.9710639,0.76912415,0.5343541,42.788063,300.68152,4.7039633,0.28472796,0.90977615,172.26857,1.500117,1.8206257,0.41024002,1.1902043,1.1982608,10.41982,-0.5494972,0.0,0.0,0.0,0.0,0.0,0.0,1.0
40.692074,0.5896136,2.3374758,69.49877,4.6004443,1.8521029,1.7511127,20.0,2.1838536,297.23575,8.294145,0.025689606,0.4243208,252.39182,1.898714,2.2124236,0.5770832,1.2959319,1.7281533,1.6781422,0.52048856,3.3676624e-06,0.0,0.0,0.9998271,7.2687864e-05,0.0,0.0012407303
1002.07104,0.40188262,3.3373883,73.53739,14.036935,1.3194363,2.3270762,0.05284647,79.05225,295.52014,3.731145,262.61636,235.3149,253.11868,1.8873218,2.2323604,0.5799005,1.2863207,1.7184056,1.6019869,0.46581405,0.0,0.0,0.0,1.0,0.0,0.0,3.4600496e-05
460.843,0.19483082,5.102951,91.614494,4.256829,1.2685086,1.121822,0.1498172,37.44147,297.83505,6.088518,36.573822,70.290596,248.58882,2.072351,2.5439973,0.64674616,1.3652498,1.717922,6.4447455,-0.32812536,1.0,0.0,0.0,0.0,0.0,0.0,0.0
250.87563,0.13607413,10.29626,91.54533,3.7915626,1.6970359,0.54241174,0.09345615,25.338305,298.00162,6.7355413,6.0788198,8.22156,247.49332,2.0648189,2.5413456,0.6433788,1.3640947,1.7126204,6.512304,-0.32916167,1.0,0.0,0.0,0.0,0.0,0.0,0.0
13.055146,0.030843528,5.2656336,68.790245,21.165392,5.041242,5.1073966,1.2260014,13.073359,298.0766,5.0044928,7.287731,7.9168687,277.9526,2.1270177,2.524418,0.58871305,1.528709,1.9983189,2.7377431,0.75572485,3.9339066e-06,0.0,1.0,8.940697e-08,4.798174e-06,0.00062027574,0.015655816
510.49402,0.10018921,2.354579,93.16314,2.866999,0.98549634,1.3819467,0.10656035,32.608326,297.93298,5.8628345,71.00454,192.66153,248.26324,2.0708027,2.5425143,0.64628386,1.3656127,1.7194399,6.4460764,-0.32859108,1.0,0.0,0.0,0.0,0.0,0.0,0.0
64.35276,0.2361918,33.403397,37.711555,32.36679,3.0174959,6.0868893,0.7720475,166.50731,298.17062,6.910923,26.864197,44.665905,249.36969,2.0367637,2.2334743,0.5927357,1.4773347,1.7646129,8.478064,0.5236208,0.00013178587,4.7922134e-05,2.3335218e-05,0.0006709993,0.9991949,0.00012409687,0.001342684
91.2489,0.27436596,17.6119,44.858032,33.471367,1.7549969,4.930019,0.8839254,65.586464,298.23,4.6404247,61.377766,116.50985,249.94566,2.0347733,2.2415066,0.58874696,1.4719399,1.7562652,8.287251,0.5106566,0.0007914305,0.00011700392,4.2825937e-05,0.003389895,0.9965292,0.0039037764,0.0031811595
370.84372,0.20816207,2.5477765,37.211132,57.50033,2.2004104,3.2071586,0.01360715,46.748608,287.4166,5.513125,192.4683,216.19002,252.74303,1.890116,2.2323618,0.5813929,1.2921325,1.7285,1.6066134,0.48361173,0.0,0.0,0.0,1.0,0.0,0.0,8.34465e-07
115.303474,0.14070383,4.5385437,66.327736,29.58954,2.2641876,4.214059,0.42637104,25.147486,297.28632,6.9326735,0.09994811,0.7897419,253.01091,1.8801819,2.224214,0.5788044,1.2844981,1.7237222,1.6001621,0.47776085,0.0,0.0,0.0,1.0,0.0,0.0,0.00027692318
628.0339,0.6179968,6.776155,86.77249,4.6800313,1.5262731,0.8533742,0.08564034,10.732058,297.96045,4.731449,57.30602,68.20917,249.7939,2.0770526,2.548339,0.64920497,1.36848,1.7188061,6.4308825,-0.34278914,0.99999976,0.0,0.0,0.0,0.0,0.0,1.4603138e-06
147.5733,0.039347373,1.0207382,69.7927,31.602247,3.928897,1.5665174,0.5825127,26.04937,302.96664,5.973499,2.3937624,4.215891,172.20001,1.5,1.82,0.41000003,1.19,1.1969,10.43,-0.55,0.0,0.0,0.0,0.0,0.0,0.0,1.0
127.232216,0.59790105,1.02,77.55954,18.18325,2.3758638,0.39338937,10.527716,14.4448805,297.95288,7.9990025,0.031941824,0.37930793,266.6503,2.1124616,2.6498516,0.6570412,1.4212371,1.8818196,1.9115455,0.20362385,0.0,1.0,0.0,0.0,0.0,0.0,0.0014784634
4.8159394,0.07380297,3.8056383,78.90797,8.138786,1.4866906,1.2347059,20.0,51.002518,296.60217,6.1370683,0.02499293,0.22190002,252.56982,1.8866554,2.2197406,0.57783204,1.2891364,1.7241365,1.6161062,0.47660133,0.0,0.0,0.0,1.0,0.0,0.0,0.000256598
25.791758,0.07633341,20.12961,54.633373,40.60179,7.002453,0.4886238,6.500213,4.562223,297.35632,6.3982882,0.60166186,1.6112127,252.85689,1.890107,2.2316644,0.58043414,1.293951,1.728572,1.6103333,0.4764959,0.0,0.0,0.0,1.0,0.0,0.0,5.671382e-05
1029.518,0.4476933,1.773997,77.385155,12.751954,0.9715275,1.0217493,0.0386293,136.2867,301.1362,5.5703135,516.8476,511.19376,252.96716,1.8841213,2.2289443,0.58073777,1.28807,1.7204285,1.6017103,0.48028237,0.0,0.0,0.0,1.0,0.0,0.0,3.5196543e-05
1206.8995,0.6057326,2.4828267,62.825947,18.191868,2.4016023,0.8829679,0.2498641,7.8318915,298.21344,5.619524,43.82443,112.16259,250.64366,2.0820584,2.5533986,0.65138763,1.3713433,1.7229156,6.444347,-0.34481794,0.9999826,0.0,6.2286854e-06,2.6524067e-06,0.0,5.7160854e-05,1.424551e-05
10.642483,0.10781095,22.270569,63.240078,35.119392,6.9802127,0.012889182,7.392396,16.672636,297.68185,6.385758,0.22543907,0.79626626,253.09386,1.8876737,2.231259,0.5794604,1.291042,1.7256123,1.6108394,0.47754988,0.0,0.0,0.0,1.0,0.0,0.0,0.0004067719
425.99557,0.0930929,3.7663474,54.329315,2.4018388,1.2103406,0.45391294,1.0682118,37.69876,288.05557,4.577989,13.064193,18.252373,249.51884,2.0753427,2.5509243,0.650032,1.3675205,1.7180762,6.465516,-0.34369075,1.0,0.0,0.0,0.0,0.0,0.0,0.0
144.26538,0.5357048,4.7615786,85.35272,15.118452,1.6289055,0.34188172,20.0,55.878292,297.72565,5.740099,5.7636366,22.653727,248.89955,2.0347998,2.226034,0.5866369,1.4783082,1.7541299,8.206192,0.5321013,1.937151e-06,0.0,0.0,1.4513731e-05,0.9999095,0.0,4.6163797e-05
98.867485,0.14867286,2.4479885,30.074879,24.319853,3.9188554,0.9034819,0.37762558,5.742688,297.46146,8.896171,25.873007,252.51427,249.33633,2.0753422,2.5418308,0.64938354,1.3653303,1.7203234,6.28618,-0.30291393,1.0,0.0,0.0,0.0,0.0,0.0,0.0
233.96211,0.2261077,14.939599,46.081356,17.41377,1.7768902,3.70726,0.20403098,35.646675,299.5426,4.40814,8.899643,20.013338,253.1309,1.8843622,2.2296925,0.580057,1.2860416,1.7212873,1.601515,0.47368672,0.0,0.0,0.0,1.0,0.0,0.0,6.017089e-05
621.79724,0.08687594,6.1537623,88.72341,5.4386377,0.93518585,2.6025748,0.15605651,9.709978,297.82697,6.991436,63.852287,216.58676,247.70126,2.0685954,2.543764,0.6442525,1.3647802,1.717271,6.436633,-0.33164448,1.0,0.0,0.0,0.0,0.0,0.0,0.0
496.96606,0.26216406,3.5881295,81.59958,14.101546,2.1230066,1.8021659,0.8388769,21.43512,297.47452,4.8169355,4.3979917,9.067283,255.1758,1.9337261,2.2725756,0.59778416,1.3054239,1.7506098,1.8755968,0.45972154,0.0006388128,0.002905041,3.182888e-05,0.9986132,2.3752451e-05,0.0005261004,0.00065496564
65.70361,0.016474158,1.2312673,71.35227,27.715433,0.9471793,4.328346,0.24311836,3.0438292,298.37537,4.407856,4.63763,35.01181,246.58626,1.8792877,1.9329475,0.4196053,1.406051,1.7730695,6.8951354,0.31213278,0.0,0.0,0.99767536,0.0,0.0,0.0,0.9996842
537.2727,0.13823406,3.9254448,91.19132,3.4689393,1.3887234,1.32908,0.23180337,25.336027,297.94662,5.670751,81.288925,139.87918,249.22197,2.07479,2.5454082,0.6477515,1.3678175,1.7207534,6.43457,-0.33134764,1.0,0.0,0.0,0.0,0.0,0.0,0.0
507.28748,0.2428589,3.0805197,47.989044,9.271966,1.2579838,1.4014437,0.13106176,11.614943,303.5506,6.802265,19.48156,39.249084,248.74727,2.0733335,2.5412729,0.647056,1.3651823,1.7189724,6.3922825,-0.316602,1.0,0.0,0.0,0.0,0.0,0.0,0.0
466.84137,0.31450126,4.207713,93.965645,1.5893356,1.2658843,1.5649682,0.105994925,14.70501,298.2571,4.9777374,17.038996,28.547926,247.98694,2.0679078,2.542453,0.6454834,1.3638457,1.7136449,6.414634,-0.3346036,1.0,0.0,0.0,0.0,0.0,0.0,0.0
1237.92,0.71435183,1.5810506,61.50162,21.967653,0.9705703,0.24670458,0.01104875,89.89071,298.17636,4.9619164,339.32343,316.6374,250.10657,2.0767593,2.5464234,0.6501544,1.3694739,1.7200239,6.4205275,-0.34007964,0.9993856,0.0,0.00043347478,0.00014686584,2.3841858e-06,0.0005926788,7.1823597e-06
1274.9166,0.59700465,1.565523,85.639694,9.454193,0.74395114,1.0678036,0.08679204,218.50143,298.85074,6.368917,504.1797,488.2374,253.17326,1.8882906,2.2292743,0.5818042,1.2879485,1.7186502,1.6005806,0.47648475,0.0,0.0,0.0,1.0,0.0,0.0,2.8312206e-06
468.02182,0.41119334,7.306721,89.09675,6.3581204,1.7772955,0.85736877,0.22720195,40.59231,297.83142,6.1641526,67.63256,83.14094,249.39725,2.0758908,2.5455983,0.64890647,1.3679576,1.7185494,6.417716,-0.3373965,1.0,0.0,0.0,0.0,0.0,0.0,0.0
552.2321,0.35686263,3.646084,83.77918,8.488983,3.0526483,1.4897956,0.8993973,123.6491,296.82477,5.3298006,56.854053,49.87775,247.49635,2.068028,2.537747,0.64343333,1.3669913,1.7168319,6.5279145,-0.31385878,1.0,0.0,0.0,0.0,0.0,0.0,0.0
34.715424,0.16521487,5.121744,12.830979,8.805864,0.575337,0.7131218,1.1478356,7.7512565,296.1404,6.536922,1.9416733,131.81755,253.05902,1.877257,2.2460716,0.57902956,1.2844948,1.7194934,1.6312349,0.46762607,2.0861626e-06,0.0,0.0,0.9999953,0.0,1.4901161e-07,7.0631504e-05
6.5905237,0.5247788,7.6330605,65.50095,18.713287,4.043243,2.0425012,9.529047,101.77073,297.58447,5.239404,2.0804367,12.528649,249.00952,2.0389237,2.2332165,0.5902258,1.4796945,1.760051,8.529283,0.52728516,3.6478043e-05,8.633733e-05,5.066395e-06,0.0007044971,0.9989665,0.0001399219,0.00069594383
1.4534141,0.7986443,249.54692,71.078606,26.883709,5.857373,0.26689124,8.115926,24.525341,298.19614,6.5380874,0.04026621,0.37779105,256.42142,1.957493,2.3823538,0.599637,1.3243251,1.7711859,1.7484192,0.41527525,2.0861626e-07,0.028719246,7.250905e-05,0.99242485,7.3611736e-06,0.0031445026,3.272295e-05
93.44122,0.13860896,4.770652,13.69007,10.032044,0.6294528,0.66579795,0.8795247,22.299553,310.6094,6.946968,12.199421,122.17397,253.39024,1.8804636,2.2279174,0.5798796,1.289675,1.7239004,1.6032927,0.4836288,0.0,0.0,0.0,1.0,0.0,0.0,1.0192394e-05
491.9412,0.4125088,21.160563,60.045403,13.944452,1.3432664,2.588567,0.15383236,53.37886,296.28583,3.948773,14.531732,24.7614,253.11243,1.8835549,2.2274082,0.5796678,1.2866168,1.7209529,1.600885,0.47450244,0.0,0.0,0.0,1.0,0.0,0.0,0.00013425946
6.492584,0.0059406157,3.7127008,85.49473,12.03446,2.6673453,1.8804642,0.1404362,27.203016,297.74487,4.0479493,126.344,90.82085,252.91397,1.8850102,2.2289855,0.57945,1.2874227,1.7219901,1.6038666,0.47304025,0.0,0.0,0.0,1.0,0.0,0.0,3.2305717e-05
4.446915,0.007362869,6.033575,69.59804,22.029448,4.8561153,5.244413,0.81517214,38.430664,298.01498,5.0582886,4.4444723,19.896978,278.33,2.1299999,2.5361128,0.5900068,1.53,2.0042996,2.6217124,0.76000005,0.0,0.0,1.0,0.0,0.0,0.0,0.0
18.263704,0.16831408,22.57979,67.46883,32.673378,6.928377,0.06199901,7.4235506,3.6207542,297.3365,6.4024267,0.2996261,1.629397,253.07274,1.8878365,2.2281046,0.5797185,1.2900692,1.7236753,1.6056789,0.4783156,0.0,0.0,0.0,1.0,0.0,0.0,0.00031924248
13.566968,0.70755476,2.7638316,83.43234,8.5510025,1.330805,0.8341622,20.0,18.009544,297.16388,6.357225,0.02499293,0.22266759,252.66353,1.8828341,2.223443,0.577819,1.2823584,1.7217385,1.6012416,0.48062244,0.0,0.0,0.0,1.0,0.0,0.0,0.00016516447
39.57333,0.7549361,4.4336863,86.189354,14.482962,2.580362,0.41683868,19.99997,13.671142,297.72458,6.0491066,0.05300287,0.8832399,253.0344,1.890759,2.2305925,0.5800955,1.2883714,1.7231866,1.6104176,0.47666678,0.0,0.0,0.0,1.0,0.0,0.0,0.0016134679
13.234989,0.053574346,1.02,42.681347,31.508245,2.5000224,2.5787923,7.3846545,17.487257,297.562,7.9843025,0.02499293,0.22190002,265.906,2.1110313,2.6499953,0.6597218,1.4075905,1.884325,1.861036,0.18092373,0.0,1.0,0.0,0.0,0.0,0.0,1.7881393e-07
19.393614,0.11082407,22.397127,66.17288,33.122726,6.975238,0.0452166,7.3702407,20.165865,297.4837,6.450742,0.12836891,0.8280658,253.1474,1.8882756,2.2304456,0.5803909,1.2900805,1.7251961,1.6043795,0.47822797,0.0,0.0,0.0,1.0,0.0,0.0,7.31051e-05
399.31378,0.20203249,4.6641045,39.46205,55.87458,2.1265016,3.0290744,0.09387917,2.8414967,296.95944,4.748618,166.45914,217.27094,253.10487,1.8840827,2.2300644,0.5806419,1.2876769,1.7279711,1.6180063,0.48171973,0.0,0.0,0.0,1.0,0.0,0.0,0.00028529763
25.48373,0.14351752,5.234396,40.864563,34.683674,1.8067353,3.333581,0.17581291,64.05702,297.84842,5.7725787,38.01233,51.124805,249.34937,2.0213902,2.2463415,0.5935382,1.4689524,1.7583226,8.43932,0.5002732,0.004609853,1.7017126e-05,2.7418137e-06,0.0015285909,0.99952805,2.682209e-06,5.8054924e-05
2.9064722,0.0068325484,13.96839,60.136204,38.472084,1.3871794,1.7509929,1.1788467,25.545511,297.58163,4.8932505,5.4871993,5.643308,253.12465,1.8907768,2.2307997,0.580712,1.2931898,1.7257133,1.6081884,0.47981855,0.0,0.0,0.0,1.0,0.0,0.0,1.5199184e-06
0.88130474,0.044953983,19.006191,56.748253,42.146725,7.348635,0.0002753383,7.5866876,98.776215,297.4484,6.422569,0.025796786,0.22681615,253.06165,1.889845,2.2314885,0.57977384,1.2930442,1.7275908,1.60796,0.4809563,0.0,0.0,0.0,1.0,0.0,0.0,1.3291836e-05
34.41988,0.06326691,2.561721,8.867465,2.8017633,0.6850706,0.14613587,0.86730355,27.276299,286.18472,6.047214,0.28640714,0.76207256,247.52353,2.0723326,2.5542662,0.6483432,1.3639745,1.7178458,6.4372535,-0.333589,1.0,0.0,0.0,0.0,0.0,0.0,0.0
303.03317,0.27443466,1.6523865,38.425426,57.047222,1.9303615,3.3751926,0.011857858,9.623503,293.98505,6.677248,123.20567,223.85793,253.46236,1.8932292,2.2376046,0.58442277,1.2950547,1.7332076,1.611092,0.5020525,2.682209e-07,0.0,0.0,1.0,0.0,0.0,0.0
480.396,0.11792803,3.130391,81.80815,10.276913,2.0335925,3.5639818,0.84940964,32.678463,297.54456,4.9891987,28.222948,45.892056,278.31738,2.1299205,2.5294204,0.5899135,1.5299851,2.00409,2.6846323,0.75993186,0.0,0.0,1.0,0.0,0.0,1.7881393e-07,9.0658665e-05
595.5738,0.46188512,26.095724,54.467804,14.737231,1.4386585,2.6009524,0.11502976,35.99122,296.71625,3.8889387,49.1908,69.397064,253.239,1.8837363,2.228739,0.580253,1.2872614,1.7227508,1.6018882,0.47747546,0.0,0.0,0.0,1.0,0.0,0.0,0.00010544062
162.27632,0.119394176,8.771443,40.463413,20.11809,2.1223497,4.3057647,0.33980608,29.531635,300.58926,4.926758,2.0007477,7.3480945,253.22969,1.8848108,2.23124,0.5797825,1.286942,1.7248253,1.6005993,0.4749413,0.0,0.0,0.0,1.0,0.0,0.0,4.8577785e-06
790.49347,0.78275365,6.3257766,44.878162,50.370953,1.9929857,1.1428232,0.23848239,34.41764,299.7452,4.42278,359.59384,346.93668,252.82693,1.8910376,2.2338772,0.58119255,1.2947177,1.7262341,1.6101729,0.47295797,3.874302e-07,0.0,0.0,1.0,0.0,0.0,1.4901161e-05
7.129141,0.048755743,20.469027,56.12697,41.433056,7.140433,0.05497245,7.219643,20.771421,297.33328,6.4036155,0.07320647,0.3754152,252.9085,1.8896428,2.2307086,0.58034366,1.2938181,1.728032,1.609471,0.47685564,0.0,0.0,0.0,1.0,0.0,0.0,4.261732e-05
33.209187,0.01728181,4.1964025,85.19496,9.9010725,2.4309402,1.213455,0.09264525,29.302805,298.07642,4.2592835,73.24037,172.68196,253.12048,1.8871595,2.232758,0.5802737,1.2888119,1.7221402,1.6050794,0.47257847,0.0,0.0,0.0,1.0,0.0,0.0,3.388524e-05
563.8173,0.13019231,6.880152,90.17409,5.129072,1.1649567,1.3674872,0.21589114,21.11184,297.86023,6.789266,83.31634,170.98859,248.71216,2.0712464,2.545462,0.6463758,1.3656502,1.7181956,6.3691487,-0.32838342,1.0,0.0,0.0,0.0,0.0,0.0,0.0
43.385464,0.03209816,1.0478736,49.49811,18.072128,1.5451049,0.6344717,0.1927571,9.657926,298.34702,8.083615,0.16938347,1.4539328,172.20174,1.5000008,1.820029,0.4100073,1.1900033,1.1969575,10.42919,-0.5499923,0.0,0.0,0.0,0.0,0.0,0.0,1.0
185.01404,0.19633326,4.2393622,20.558084,8.888405,0.90897727,0.7933604,1.2896057,79.02004,309.25293,6.587765,38.053936,98.36372,253.55243,1.8839974,2.2346818,0.57967126,1.2877026,1.7206676,1.6180214,0.46480036,1.7881393e-07,0.0,0.0,1.0,0.0,0.0,0.0053629577
8.988471,0.002768763,7.4262385,63.050644,31.704403,2.5512104,3.9934108,0.9822772,28.421185,297.98956,5.010096,1.7513914,6.2832108,278.33,2.1299999,2.5354636,0.58990496,1.53,2.0042999,2.666064,0.76000005,0.0,0.0,1.0,0.0,0.0,0.0,0.0
13.251228,0.012210755,2.1406095,81.86523,9.913089,2.5648046,2.3181002,0.109993994,24.426767,297.1961,3.8999293,145.92307,81.24107,252.7308,1.8786224,2.2237835,0.5787117,1.2839575,1.7227279,1.607855,0.47073922,0.0,0.0,0.0,1.0,0.0,0.0,3.5345554e-05
1.7671252,0.0016186567,8.116511,46.06537,45.044205,3.287887,2.4700508,0.8714938,13.652416,297.94562,4.809677,0.5966422,1.3457959,278.33,2.1299999,2.5297248,0.5880915,1.53,2.0042999,2.6318674,0.76000005,0.0,0.0,1.0,0.0,0.0,0.0,0.0
548.3404,0.380802,2.225258,91.2901,2.1029222,1.2864227,1.1899313,0.34576237,27.092869,297.89648,4.971303,105.33076,111.33635,249.68236,2.0783498,2.5495844,0.64955604,1.3685522,1.7198516,6.4318614,-0.34194535,0.9999972,0.0,1.7881393e-07,0.0,0.0,0.0,1.3113022e-06
119.32702,0.16762993,2.918819,60.089634,26.714811,1.9973277,3.2106266,0.5629618,29.081758,297.17456,6.760046,45.86349,59.71239,252.57967,1.8801899,2.2080836,0.5759427,1.2858212,1.7262021,1.6268936,0.5180184,1.052022e-05,0.0,0.0,0.999974,2.2649765e-06,0.0,0.0035645962
526.41614,0.11717731,1.2159148,72.312485,10.095646,2.6089807,1.3688307,0.4608129,233.27815,301.4913,6.0815735,398.8021,400.18994,252.57182,1.8814121,2.227164,0.5788789,1.2867566,1.7194355,1.6042737,0.48721227,0.0,0.0,0.0,1.0,0.0,0.0,4.9442053e-05
0.5609966,0.013203755,17.17138,56.822525,41.284706,7.119589,0.00036349357,7.2125807,11.509265,296.93225,6.4098425,0.02499293,0.22224724,252.72276,1.8907268,2.2314708,0.58068913,1.294529,1.7293428,1.6013932,0.47860375,0.0,0.0,0.0,1.0,0.0,0.0,8.940697e-08
10.62939,0.061751638,20.03337,56.21128,40.074257,6.96174,0.2745593,7.236689,3.8386772,297.39874,6.405974,0.2490546,0.96685094,253.03111,1.8904413,2.2325683,0.5806803,1.2947186,1.729532,1.6086574,0.4766984,0.0,0.0,0.0,1.0,0.0,0.0,1.6957521e-05
89.33212,0.16970345,3.437671,51.212597,43.470016,2.1204543,4.192217,0.10985159,0.97885805,297.11572,6.9522133,1.773953,5.459419,253.04073,1.8851485,2.2311966,0.57940304,1.2882267,1.7265261,1.6015924,0.48189443,0.0,0.0,0.0,1.0,0.0,0.0,5.9992075e-05
289.41702,0.35584873,6.3810596,65.69071,12.539141,1.7964851,1.5620006,1.9151363,78.49017,297.45572,4.736578,1.093247,3.246223,253.10464,1.8808793,2.2260048,0.5780284,1.2859957,1.7215099,1.6006472,0.4723254,0.0,0.0,0.0,1.0,0.0,0.0,6.368756e-05
415.8806,0.15147047,2.8584666,84.002335,15.320959,2.3437214,0.7227313,0.0653209,46.120655,297.26965,4.499522,104.161095,272.91257,253.27014,1.8866919,2.2315822,0.5796788,1.2889674,1.72077,1.6077286,0.4751534,0.0,0.0,0.0,1.0,0.0,0.0,0.00015684962
81.21715,0.17605832,2.6588297,60.369564,36.916866,2.0065324,4.489592,0.19793884,3.5517168,297.28897,6.954289,4.788451,12.033617,253.10236,1.8780514,2.2320392,0.57818687,1.2839458,1.721432,1.600199,0.47584158,0.0,0.0,0.0,1.0,0.0,0.0,0.00026223063
78.13281,0.06345359,9.5195875,40.24257,14.933458,3.5854733,2.1429546,0.97220385,1.1188042,298.28122,9.023695,0.8836012,1.3739221,249.03523,2.0712268,2.5411456,0.6467533,1.3677871,1.721496,6.3250995,-0.3117307,1.0,0.0,0.0,0.0,0.0,0.0,0.0
9.188612,0.032699578,7.2235417,6.5490723,2.4474874,0.59558886,0.18055287,1.2923214,49.761677,311.3534,7.22058,0.04755451,0.25322443,246.77287,2.069051,2.5361545,0.6452841,1.3610493,1.7210141,6.3243585,-0.30726776,1.0,0.0,0.0,0.0,0.0,0.0,0.0
21.307749,0.7791924,3.3705368,85.805336,12.806187,1.5441111,0.45989457,20.0,10.996896,297.35287,6.140503,0.02499293,0.22440377,252.28134,1.8864594,2.2255588,0.5778581,1.2833029,1.7180657,1.6037018,0.47711575,0.0,0.0,0.0,1.0,0.0,0.0,0.00046798587
93.74438,0.13004968,2.019037,17.18319,11.485581,0.7747032,0.8114246,0.917156,34.588516,298.98926,6.822881,15.188625,120.44161,253.10712,1.8831512,2.2270472,0.5803325,1.2870709,1.7207427,1.6015342,0.484254,0.0,0.0,0.0,1.0,0.0,0.0,0.00054961443
429.0047,0.29655796,4.710634,92.67947,2.4594266,1.3819946,0.89040905,0.2347854,14.592002,297.9968,4.91366,21.113781,35.87146,249.10825,2.0762057,2.5461433,0.64844626,1.3666053,1.7188616,6.486571,-0.3333437,1.0,0.0,0.0,0.0,0.0,0.0,0.0
22.664593,0.020000957,13.934542,48.271885,47.63039,1.9052179,2.4638877,0.97521925,29.356848,298.23337,5.0066185,15.845644,23.394712,278.32446,2.129976,2.5282009,0.58882767,1.5299966,2.00422,2.6959043,0.75998044,0.0,0.0,1.0,0.0,0.0,0.0,0.0
1.6360993,0.59561473,4.6640058,85.270065,13.146264,2.9100957,0.31969774,19.999912,17.443907,297.4605,6.230689,0.0251537,0.22878991,253.02866,1.8863151,2.2279062,0.5788419,1.2875289,1.7205094,1.6052384,0.4727913,0.0,0.0,0.0,1.0,0.0,0.0,0.002900213
70.81921,0.14845088,6.1813316,64.62101,11.316871,2.7827039,1.9414368,8.424653,98.36716,297.5008,5.738791,14.44161,46.245705,248.73131,2.0386302,2.2316084,0.5897318,1.4783573,1.759722,8.431037,0.5155595,0.0,0.0,0.0,6.2584877e-07,0.9997536,0.0,0.0010730326
466.07013,0.2260339,5.2553735,35.278744,50.542374,1.8122365,2.2124512,0.047118966,14.22766,299.91275,6.2463384,210.23491,284.19012,252.84038,1.8843986,2.229073,0.5799299,1.290068,1.7217371,1.6133796,0.4820346,0.0,0.0,0.0,1.0,0.0,0.0,0.0014382303
0.50507456,0.71083456,247.95319,70.99841,24.355362,5.8925295,2.7621985e-05,7.5686083,12.153117,297.6436,6.497933,0.02499293,0.22279552,255.59512,1.9580301,2.4115179,0.5986475,1.344565,1.7719746,1.9107919,0.40276846,2.3841858e-07,0.021560282,8.761883e-06,0.98563606,1.7553568e-05,0.0015991926,4.4107437e-06
135.2049,0.28723013,25.901201,74.99968,24.152689,7.012187,0.8682166,7.346285,17.50696,298.05972,6.2410955,16.359095,29.653584,252.87495,1.885773,2.2308285,0.57913077,1.2876918,1.7199123,1.608132,0.47418985,0.0,0.0,0.0,1.0,0.0,0.0,0.003008306
1707.2347,1.1029418,2.4325902,86.00209,9.776333,0.7617117,0.8582024,0.061672173,165.4246,297.6655,5.718137,521.7044,509.99146,253.20929,1.885927,2.2294767,0.5799446,1.2865224,1.7181972,1.6045594,0.47700116,0.0,0.0,0.0,1.0,0.0,0.0,4.991889e-05
395.2328,0.12830673,4.960797,52.843437,2.60068,1.3749996,0.1631998,1.2642475,51.90738,310.17505,5.427211,17.40809,17.825691,255.10487,2.108925,2.499153,0.6799947,1.4000704,1.6779867,2.216134,0.7161175,0.0,0.0,0.0,0.0,0.0,1.0,6.28829e-06
55.664856,0.053850986,1.02,71.494156,20.20053,2.4285164,1.0552815,7.019889,9.552212,297.74713,9.196741,0.028654944,0.25943813,264.41672,2.1070974,2.649394,0.65348,1.4182173,1.865108,2.1726658,0.2263651,2.0861626e-06,1.0,0.0,0.0,0.0,0.0,0.00017648935
383.7289,0.18764041,1.0217811,42.12016,57.699997,2.4200444,3.134145,0.008,1.2582854,278.0044,9.499785,55.006542,190.58575,240.75816,1.7757909,2.1836739,0.57965505,1.2338841,1.6232498,1.6005963,0.36183476,0.0,0.0,0.0,1.0,0.0,0.0,0.0
145.54204,0.657758,7.6360598,92.33358,4.0572286,2.6098268,0.17701548,0.10915152,83.62948,297.4313,6.859802,2.986937,2.7810354,247.60268,2.0692084,2.5396855,0.6456058,1.3640515,1.7139717,6.540811,-0.33169845,1.0,0.0,0.0,0.0,0.0,0.0,0.0
66.28547,0.02456445,4.210225,67.75565,22.51566,5.1091094,5.1258206,1.0942527,6.3963976,298.02005,5.037566,4.6764116,8.960315,278.30133,2.1298149,2.5351074,0.59111714,1.5299567,2.0038257,2.6455421,0.75983506,0.0,0.0,1.0,0.0,0.0,2.682209e-07,0.00061136484
1215.9849,0.6736474,1.2478911,58.29178,18.511595,1.1550301,0.07538598,0.10441663,74.807365,297.67838,4.89055,348.51224,397.1031,277.82703,2.1278532,2.525252,0.5874157,1.5284692,1.9969355,2.783161,0.7508177,2.7120113e-06,0.0,0.99999964,2.5331974e-06,0.0,4.976988e-06,4.351139e-06
20.321552,1.0011505,90.85882,28.01898,47.21854,3.1066878,6.492285,0.49355313,40.878105,297.4575,4.362222,18.721075,63.60314,247.59502,2.038295,2.234295,0.58954126,1.4776018,1.763075,8.295118,0.5149093,0.0,0.0,0.0,0.0,0.99995524,0.0,2.798438e-05
712.80493,0.42917892,2.9756548,49.682728,22.2019,2.9163306,1.1836623,0.18337491,8.342246,300.8987,4.7353134,46.87846,58.97625,249.47932,2.0810616,2.549256,0.64929706,1.3695219,1.7218705,6.4346676,-0.33819672,0.99999976,0.0,0.0,0.0,0.0,0.0,2.9802322e-07
29.270288,0.012566985,1.02,41.231266,53.36886,2.0798874,1.9161806,6.2756014,13.812494,298.6126,8.095116,0.16250603,1.4076954,263.43155,2.1082165,2.6495714,0.6572299,1.4198945,1.8744177,2.0484533,0.21006864,0.0,1.0,0.0,0.0,0.0,0.0,0.00016230345
356.88818,0.16485296,3.9737253,43.581047,25.063448,2.3014405,2.0064056,1.1228706,31.602852,299.09824,5.2237377,11.482256,22.650236,183.75945,1.5779513,1.8750855,0.4390194,1.2409084,1.3005681,10.133776,-0.4074574,0.0,0.0,0.0,0.0,0.0042124093,0.0,0.9700786
603.67444,0.003900848,1.0602806,76.866745,5.9855947,2.9703665,0.65343183,0.17656781,212.60493,311.65054,5.8196793,365.94446,475.6799,253.90053,1.8908181,2.22634,0.5830145,1.2828146,1.7245188,1.6006172,0.48157507,0.0,0.0,0.0,1.0,0.0,0.0,2.9802322e-07
11.203936,0.5943587,1.02,78.998665,16.196926,2.1963606,0.3428664,10.594613,27.06443,297.56137,6.556991,0.02499293,0.22391033,266.59,2.1106443,2.6499104,0.6568368,1.4229863,1.8854066,1.9629006,0.2092331,0.0,1.0,0.0,0.0,0.0,0.0,2.3335218e-05
3.557644,0.0013766277,8.931044,49.02104,45.6936,1.017623,2.2826064,0.88375616,10.958873,298.67523,5.049804,0.19503543,6.72241,278.33,2.1299999,2.533688,0.592103,1.53,2.0042999,2.7618723,0.76000005,0.0,0.0,1.0,0.0,0.0,0.0,0.0
54.937263,0.56635505,3.3981974,67.39908,8.481237,2.3650532,1.8192909,19.999996,9.121658,297.0505,7.9077034,0.07831543,3.477976,252.27246,1.8921361,2.208997,0.5754033,1.2949096,1.722768,1.701614,0.51893765,1.4305115e-06,0.0,0.0,0.99987763,3.4809113e-05,0.0,0.0043747723
17.504343,0.006963487,2.159821,91.65705,5.8687305,2.3248281,0.7095362,0.016418768,12.973795,297.0063,3.7006693,23.978924,385.73956,253.66116,1.8866968,2.2319186,0.5794202,1.2885731,1.7179329,1.602254,0.47589883,0.0,0.0,0.0,1.0,0.0,0.0,2.8908253e-06
523.39545,0.22033639,2.0538526,93.0757,2.032223,1.0559117,1.1639857,0.15067397,22.327085,298.1751,5.0247726,148.25143,205.84125,249.29524,2.0725498,2.5480328,0.64760715,1.3665955,1.7226758,6.49317,-0.32804805,1.0,0.0,0.0,0.0,0.0,0.0,0.0
27.415627,0.14126743,5.3149796,40.516876,34.119633,1.9029005,3.3541036,0.17117931,155.928,297.96982,5.9191294,107.97859,97.85017,249.09424,2.0338147,2.2319863,0.5911493,1.4781239,1.7610329,8.436539,0.5268893,0.0005386174,1.0997057e-05,1.1026859e-06,0.00022009015,0.9998144,8.404255e-06,0.00018304586
1268.7905,0.63644063,2.461073,58.462845,9.399399,3.5673728,0.4906305,0.13907121,49.3062,298.31186,4.6734576,103.336876,92.848564,249.49377,2.0778544,2.5466356,0.649162,1.3688864,1.7181336,6.421214,-0.33709443,1.0,0.0,0.0,0.0,0.0,0.0,0.0
303.48746,0.6149924,8.184209,89.03762,6.756832,2.065712,0.52737653,0.3126122,66.04972,298.08,6.9209995,33.386765,34.82584,248.3182,2.0699663,2.541503,0.64665145,1.3655128,1.7131119,6.444874,-0.32812724,1.0,0.0,0.0,0.0,0.0,0.0,0.0
660.51495,0.4332433,2.5773172,47.190804,25.959734,2.5254033,1.4900084,0.48215237,10.373724,300.08682,4.6517925,38.92764,78.7067,250.50356,2.0833523,2.5525596,0.6513286,1.3688557,1.7207813,6.4011154,-0.34531677,0.9999994,0.0,0.0,1.4901161e-07,0.0,2.3841858e-07,2.413988e-06
413.08023,0.64031774,2.6164408,46.486618,14.085678,1.9955343,0.15313864,2.0732696,169.66031,297.66992,4.9365654,11.584667,26.22365,251.20122,2.007566,2.3994763,0.6192919,1.3586144,1.7289788,5.278811,0.04242108,0.8584051,0.00072672963,0.01399678,0.37046427,0.0012225807,0.002396077,0.00074642897
130.0684,0.07706364,1.02,78.148056,21.589632,1.5776885,0.30477127,10.765076,28.701172,298.2944,6.069692,0.027583135,0.30783197,267.0756,2.1136096,2.6493497,0.6609253,1.4271638,1.8770955,1.8829607,0.16522968,0.0,1.0,0.0,0.0,0.0,2.0861626e-07,8.562207e-05
1357.8357,0.79856426,1.6793468,82.51819,10.576798,0.76590604,1.0758878,0.042551503,158.53725,297.8814,5.4528346,496.64752,481.8063,253.09447,1.8856089,2.2302382,0.58074456,1.2865683,1.7192236,1.6007274,0.47661835,0.0,0.0,0.0,1.0,0.0,0.0,1.5616417e-05
427.59833,0.20604286,4.4571834,16.594456,27.440966,0.80256903,0.022408776,0.113968626,7.694973,300.50513,5.418705,29.27107,39.50926,172.21202,1.5000134,1.8202012,0.4100595,1.190025,1.1971827,10.4265175,-0.54993874,0.0,0.0,0.0,0.0,0.0,0.0,1.0
143.09244,0.51055306,6.9151196,60.06293,37.217335,3.3043215,0.7073658,0.16377163,6.0849433,298.81656,3.7463279,144.269,425.62213,255.08128,2.1102476,2.5026212,0.67924714,1.4017417,1.6850649,2.14599,0.7230957,0.0,0.0,0.0,0.0,0.0,1.0,0.000116199255
293.38617,0.05174842,1.333651,72.280045,18.267944,3.1179512,1.5043926,0.75962013,36.48883,300.55167,5.4599156,1.5362079,2.977096,172.37283,1.5003699,1.8214091,0.41056553,1.1905142,1.1997123,10.411877,-0.54868454,0.0,0.0,0.0,0.0,0.0,0.0,1.0
394.92426,0.120336175,3.5571122,56.37822,2.4331782,1.4392495,0.16989283,1.101841,59.099926,288.25085,4.972782,16.303093,16.21104,255.17744,2.1070688,2.503835,0.67999935,1.3959074,1.673929,2.2044647,0.71675104,0.0,0.0,0.0,0.0,0.0,1.0,3.5762787e-07
612.3564,0.46230856,2.6613796,44.395355,4.0764685,3.1552904,0.19608054,1.7242221,21.340145,298.30017,4.406221,25.973757,44.876953,250.11494,2.0792487,2.5512755,0.6507547,1.3703148,1.7223976,6.3808527,-0.34327236,0.9999995,0.0,6.556511e-07,2.3841858e-07,0.0,0.0,1.66893e-06
16.46943,0.034616996,20.288305,50.898712,41.03231,1.2660903,1.6711268,1.0960336,21.20393,297.57355,5.3413587,2.282705,2.0297427,252.87868,1.890443,2.2296054,0.58024204,1.2929547,1.7273277,1.6061882,0.47774646,0.0,0.0,0.0,1.0,0.0,0.0,1.3113022e-06
459.74323,0.07046853,2.1202028,80.75719,13.10225,2.0960386,4.4454856,0.7989,29.351257,297.874,5.067344,32.705593,29.727306,277.83002,2.126522,2.523746,0.5898055,1.5283175,1.99635,2.66915,0.75476426,6.8843365e-06,0.0,1.0,3.5762787e-07,6.556511e-07,0.0008625984,0.0031537116
238.17667,0.022395916,2.0968199,81.843254,12.2430105,2.5136507,4.133527,0.9250081,12.888345,298.1134,5.0060344,2.5798283,16.236736,278.32986,2.1299992,2.5339537,0.59165907,1.53,2.0042975,2.6717558,0.7599997,0.0,0.0,1.0,0.0,0.0,0.0,0.0
798.1634,0.63246715,2.2274425,86.08894,10.935025,4.478182,0.15187626,20.0,10.372055,299.5487,7.1145897,21.572962,147.02078,248.37541,2.0861826,2.5066652,0.64417684,1.402306,1.7252865,6.878487,-0.19288248,0.9971101,0.0,0.0,2.3841858e-07,0.0029129982,0.0,0.0
1398.7073,0.8131682,2.44878,83.294914,10.573226,0.99163556,0.63026494,0.11653358,92.40144,296.15305,5.523769,468.69107,489.06204,253.53128,1.8903788,2.2261932,0.5827542,1.2894901,1.7289326,1.6204798,0.4918253,0.0,0.0,0.0,1.0,0.0,0.0,0.00074616075
361.45227,0.16728988,4.63499,36.358982,55.58011,1.7486174,3.0478127,0.078042,10.251121,297.2694,7.5863914,156.24599,232.16855,253.07933,1.8880544,2.2309632,0.57981414,1.2897134,1.7222719,1.6078368,0.47927555,0.0,0.0,0.0,1.0,0.0,0.0,0.00048094988
1.1202165,0.10031057,21.250128,67.98627,30.396065,6.838171,1.645565e-05,7.394702,13.208024,297.8996,6.426512,0.027904678,0.23756221,253.22482,1.8891577,2.2303078,0.57987446,1.2904757,1.722973,1.610481,0.47659907,0.0,0.0,0.0,1.0,0.0,0.0,7.766485e-05
2.4832513,0.35031626,1.02,77.927666,21.151524,2.1401243,0.13704824,11.552831,38.138958,298.0704,6.235993,0.025385926,0.24280731,266.58273,2.1092138,2.6496887,0.66021293,1.428637,1.884278,1.9036496,0.19849801,0.0,1.0,0.0,0.0,0.0,0.0,1.5199184e-06
0.6984165,0.025123902,19.353342,55.852596,40.269703,7.096131,0.00011460185,7.2407827,8.213397,297.56494,6.432332,0.028422719,0.23887806,252.85962,1.8916197,2.2308128,0.58059716,1.2944293,1.7300425,1.6075605,0.47260046,0.0,0.0,0.0,1.0,0.0,0.0,5.841255e-06
305.42017,0.6461983,3.6367753,92.22411,4.413245,1.741911,0.78121847,0.5196114,55.48457,297.75607,5.841132,28.39215,39.96021,248.88144,2.0720193,2.5427814,0.6481245,1.3664378,1.7178406,6.4637017,-0.33420447,0.999998,0.0,0.0,0.0,0.0,0.0,4.1395426e-05
52.07367,0.52523386,42.455364,31.475386,44.000835,3.5061133,6.6774,0.6096654,63.02979,298.04242,4.8941474,33.426132,73.68323,248.3174,2.0402615,2.2327,0.58989936,1.4783686,1.7645686,8.349677,0.5209285,0.0,0.0,0.0,0.0,0.9996362,0.0,0.00036787987
328.96332,0.050981797,1.9569645,45.989765,3.3954518,0.68774277,0.34212354,0.8351996,26.277544,284.71597,4.384358,9.804607,5.3890758,254.39311,2.1036098,2.5033288,0.6799093,1.397242,1.6828194,2.4047458,0.6837636,0.0,0.0,0.0,0.0,0.0,1.0,2.0861626e-07
0.7282551,0.001902653,3.3069875,43.225956,44.75874,6.3212895,3.0160284,0.78493786,19.283075,298.04526,4.993626,0.18494256,0.7700042,278.33,2.1299999,2.5365717,0.5899119,1.53,2.0042999,2.6541631,0.76000005,0.0,0.0,1.0,0.0,0.0,0.0,0.0
100.75148,0.5920594,54.190853,30.842419,41.08741,2.8252919,6.5063143,1.3763947,181.06102,297.86243,5.853411,55.960594,73.27496,249.24493,2.0395308,2.2202125,0.5895281,1.4799328,1.7625139,8.477662,0.5418631,1.1712313e-05,2.1278858e-05,5.632639e-06,0.0004530549,0.9992838,0.00013485551,0.001363188
8.215103,0.051421467,20.572254,56.67255,40.65014,7.1753674,0.052614003,7.357314,11.170431,297.5047,6.4442716,0.41154084,1.0183333,253.04047,1.8886093,2.2315812,0.5802355,1.2917935,1.727937,1.6105909,0.47795677,0.0,0.0,0.0,1.0,0.0,0.0,6.175041e-05
79.08227,0.1197388,2.297241,15.157229,18.223745,0.87165993,0.780225,0.40324473,33.031933,303.65634,6.0423017,9.383244,79.86211,253.18391,1.8779566,2.223984,0.5782675,1.2850529,1.7221273,1.6048719,0.4822361,0.0,0.0,0.0,1.0,0.0,0.0,0.00018802285
2.2925484,0.9656421,1.9720963,91.92276,8.212967,1.0572894,0.12590042,20.0,11.867885,296.77832,6.234848,0.02499293,0.2297768,244.99944,2.0435765,2.2225428,0.58661515,1.4749874,1.7609829,8.234279,0.5078185,0.0,0.0,0.0,0.0,1.0,0.0,0.0
972.754,0.5973754,2.6211677,60.12448,27.203114,1.8125825,0.46125776,0.06559378,48.55021,299.09308,5.139596,209.0824,232.89522,249.85898,2.0731244,2.5348995,0.6474611,1.3690487,1.7241272,6.389527,-0.3245748,0.99923176,1.1920929e-07,7.6562166e-05,0.00035983324,5.555153e-05,0.00028672814,6.67572e-06
373.1498,0.19760285,1.3464156,36.175385,57.692535,1.9830424,3.057089,0.0080375355,8.698769,279.8785,9.242198,115.13399,210.96669,253.13652,1.884559,2.2322695,0.5814493,1.2870522,1.7275093,1.6050532,0.47749138,0.0,0.0,0.0,1.0,0.0,0.0,1.1324883e-06
332.8266,0.23005374,6.489906,36.56091,54.531895,1.9314717,1.9213426,0.09819461,2.664672,297.84393,5.0205784,146.31897,193.28629,253.04608,1.890941,2.2344131,0.581787,1.291865,1.7291152,1.6173401,0.47639123,8.046627e-07,0.0,0.0,1.0,0.0,0.0,1.49309635e-05
389.5722,0.10042121,1.8506305,48.60615,2.071917,1.4266382,0.20541206,1.2180015,32.97964,301.63806,4.4518147,14.7549715,18.352505,249.4709,2.0777757,2.5512261,0.6497399,1.3684802,1.7234288,6.3916516,-0.3385523,1.0,0.0,0.0,0.0,0.0,0.0,2.682209e-07
391.02933,0.25283802,1.2175514,23.26932,37.57887,1.400646,5.976814,0.31057754,19.32626,300.2959,5.230331,22.531141,43.776047,172.20016,1.5,1.8200054,0.41000083,1.1900003,1.1969082,10.429877,-0.54999954,0.0,0.0,0.0,0.0,0.0,0.0,1.0
715.8726,0.3384334,2.0169058,93.05383,1.8107784,1.0622045,1.103022,0.18221904,32.468666,298.30673,4.9740686,261.9899,287.12454,249.1925,2.0734754,2.5429246,0.6478201,1.3682426,1.7184067,6.4888906,-0.32884032,0.99999046,0.0,1.3709068e-06,1.7881393e-07,0.0,4.4703484e-07,0.0
21.409544,0.553773,2.8104832,63.034557,4.0066442,1.4882874,2.1501622,20.0,16.99508,296.8024,7.597595,0.02499293,0.22559169,252.42726,1.8821932,2.2219887,0.5782795,1.2863175,1.7160653,1.6010371,0.4774486,0.0,0.0,0.0,1.0,0.0,0.0,0.0010534823
76.99123,0.081573375,15.623858,70.02877,6.2748675,2.3669953,0.370856,0.9191204,69.03647,297.4359,6.7019567,1.4868869,0.9863327,247.01915,2.0650198,2.5353434,0.6422834,1.3624505,1.7159789,6.4322386,-0.30937076,1.0,0.0,0.0,0.0,0.0,0.0,0.0
600.95264,0.004497033,1.0490762,73.446526,6.291434,2.4103444,0.7303338,0.11979324,223.34303,311.12732,5.9435315,385.57684,471.62543,254.08011,1.8903227,2.2229486,0.58345616,1.2799314,1.7284209,1.6010319,0.48509905,0.0,0.0,0.0,1.0,0.0,0.0,1.7881393e-07
417.5812,0.16174415,2.126376,53.168243,8.692515,1.5835329,0.855896,0.89698726,40.9098,308.11636,5.3819165,42.41307,56.384106,249.77684,2.0773416,2.5461273,0.64929336,1.3669801,1.7226725,6.335924,-0.33584931,1.0,0.0,0.0,0.0,0.0,0.0,0.0
483.99966,0.7820453,1.9804387,91.38689,5.0429153,1.6959578,0.33135274,0.107277706,42.55491,297.89166,6.610713,25.456806,40.707317,219.45015,1.95352,2.4102962,0.60197645,1.2661743,1.5095931,8.011855,-0.4868218,0.99953014,0.0,0.0,0.0,0.0,0.0,0.0034827292
40.533443,0.54771996,3.7594817,62.735847,4.905885,1.9555027,2.049382,20.0,14.000166,296.86966,7.6921244,0.02499293,0.22729132,252.46274,1.8865501,2.2261264,0.57921815,1.2873237,1.7166172,1.6018751,0.4739941,0.0,0.0,0.0,1.0,0.0,0.0,0.00089553
422.8275,0.15104012,2.821817,88.09762,8.916164,2.317623,0.6493344,0.31817347,45.875748,297.61166,4.9960356,0.112291776,0.48026246,252.8993,1.8881171,2.2355452,0.5804336,1.2903876,1.7229129,1.6031524,0.47062412,0.0,0.0,0.0,1.0,0.0,0.0,8.827448e-05
80.813614,0.09419665,7.0314174,47.271904,53.63354,3.8517144,3.3041923,1.590664,64.36102,296.8593,4.7979326,1.0447835,3.633922,253.22289,1.8897221,2.234915,0.5808012,1.2913026,1.7256702,1.6277037,0.47749186,1.4901161e-07,0.0,0.0,1.0,0.0,0.0,0.00057959557
40.459965,0.29578578,5.040148,85.46559,11.62946,2.0041173,0.58549,20.0,39.932774,297.56192,6.003032,0.62402695,5.762867,248.05959,2.039237,2.2257636,0.5882405,1.4790851,1.7629428,8.381535,0.5304233,0.0,0.0,0.0,0.0,0.99997973,0.0,3.120303e-05
52.37368,0.13440146,4.7095914,15.255282,9.716417,0.5530002,0.6476195,0.71996677,10.583017,312.08865,7.130449,2.957766,94.676765,253.33057,1.8767418,2.234997,0.5790821,1.2869109,1.72081,1.620684,0.45924544,3.993511e-06,0.0,0.0,0.9999997,0.0,0.0,4.3213367e-06
114.950584,0.13322611,4.0284524,15.07916,10.445548,0.7887217,0.6355398,1.3027111,29.186853,300.7012,6.372362,17.585655,125.15164,252.5574,1.8784992,2.221087,0.57717454,1.2897449,1.7166486,1.6571488,0.4752013,8.255243e-06,8.940697e-07,6.556511e-07,0.9999343,0.0,4.5001507e-06,0.007970661
121.68974,0.24671438,28.548841,75.434944,23.482216,6.548765,0.39213285,7.6305323,20.482506,297.68173,6.404775,18.49964,27.138218,252.83147,1.8869481,2.2298806,0.5794005,1.2887372,1.7206988,1.6085238,0.47599873,0.0,0.0,0.0,1.0,0.0,0.0,0.0015715957
364.38895,0.20501347,1.02051,9.886363,28.75414,0.8564855,0.03738224,0.85949725,55.63379,302.75464,5.003107,34.560947,26.572641,172.20001,1.5,1.82,0.41000003,1.19,1.1969,10.43,-0.55,0.0,0.0,0.0,0.0,0.0,0.0,1.0
387.53748,0.20458485,2.0380356,36.974968,57.54257,2.14819,3.050866,0.0105875945,8.164134,284.75848,7.9388256,150.90367,219.30756,252.7815,1.885968,2.2299097,0.58050746,1.2893077,1.7258397,1.6148783,0.48361528,0.0,0.0,0.0,1.0,0.0,0.0,1.9878149e-05
526.0678,0.045667086,1.137934,77.00827,8.078683,2.2342603,1.0802835,0.18784407,290.40677,307.49564,6.1061983,406.30304,418.70883,252.71777,1.8889424,2.231586,0.58094704,1.2876775,1.7185907,1.6003337,0.47719982,0.0,0.0,0.0,1.0,0.0,0.0,3.0994415e-06
1347.2386,0.5967057,2.1254623,64.61003,11.206296,2.4856024,0.596512,0.10892571,7.9320507,297.8638,6.188622,52.418106,143.98291,250.66534,2.0829382,2.5528276,0.6506699,1.3720875,1.730989,6.364732,-0.33530706,0.99999964,0.0,0.0,0.0,0.0,0.0,9.834766e-07
127.31665,0.59183514,1.4591509,75.92423,18.34901,2.9204378,0.7160735,10.051911,27.577908,298.1483,5.8605366,0.28908667,2.3317475,261.52905,2.074879,2.5919085,0.6423296,1.4195614,1.8267103,2.5592892,0.17847833,0.001994282,0.9995897,3.4809113e-05,0.0003914535,0.00013589859,0.00176543,0.0017886758
0.58616656,0.029760916,19.518543,55.177242,42.040024,7.3419223,2.4389625e-05,7.435804,30.917162,297.5768,6.427191,0.025082247,0.22270414,253.03726,1.889539,2.230465,0.5795188,1.2919699,1.727423,1.6089242,0.4772231,0.0,0.0,0.0,1.0,0.0,0.0,1.2010336e-05
66.19544,0.15677322,2.517962,14.781136,9.811823,0.6665795,0.64511293,0.875394,12.950194,295.36813,7.049049,4.7072797,130.13023,252.60683,1.8852533,2.2311277,0.5817058,1.2861015,1.7222611,1.6005008,0.4710843,0.0,0.0,0.0,1.0,0.0,0.0,3.0100346e-05
28.74933,0.11604127,3.474199,11.955214,3.7005572,0.5768177,0.21972848,0.7207145,21.06794,295.38544,6.5422406,1.476258,2.965491,255.30406,2.1095653,2.5034606,0.67999375,1.3964825,1.6841754,2.253513,0.72059757,0.0,0.0,0.0,0.0,0.0,1.0,0.0
101.91427,0.14019667,4.057719,16.570608,10.19117,0.6549608,0.8147001,1.0158528,47.91701,312.4713,7.044774,17.250553,109.25042,253.34113,1.8817278,2.2282455,0.5793707,1.2890927,1.7211732,1.6171706,0.48018128,2.9802322e-07,0.0,0.0,1.0,0.0,0.0,0.00028154254
201.26288,0.08542717,3.4528866,29.195225,1.8679107,0.89947677,0.11736023,0.8140985,38.068195,308.97992,5.450243,3.5478325,5.428533,248.58493,2.0735168,2.5477002,0.6485094,1.3667369,1.7206514,6.3710327,-0.33003244,1.0,0.0,0.0,0.0,0.0,0.0,0.0
224.63258,0.05850839,4.0012183,42.025814,2.1692057,0.6466839,0.114599794,0.56834733,14.887055,312.26578,5.5994635,1.7497659,3.8399065,247.73064,2.0735486,2.5440133,0.6474529,1.3674943,1.72319,6.4223056,-0.33395743,1.0,0.0,0.0,0.0,0.0,0.0,0.0
418.97223,0.12103955,2.4221168,57.35334,2.5727196,1.063883,0.13454463,1.080315,37.396988,287.01773,4.745789,10.529293,13.023973,255.21535,2.1076086,2.4988153,0.6799872,1.396425,1.67546,2.227625,0.7112649,0.0,0.0,0.0,0.0,0.0,1.0,1.4305115e-06
93.75027,0.11048651,8.596932,62.155716,32.065315,2.5457022,1.6899163,2.752496,98.2698,297.77734,6.0844016,2.9606063,4.6673536,253.01883,1.8884727,2.2306824,0.58010745,1.290274,1.7231483,1.6052579,0.47565627,0.0,0.0,0.0,1.0,0.0,0.0,0.0002028048
1572.6831,1.0443257,2.4113312,83.77363,11.343768,0.8093985,0.9544262,0.06404111,133.93979,297.97632,5.7871733,485.79974,484.42084,253.16693,1.8855517,2.229016,0.58008647,1.2868825,1.7189627,1.6073524,0.47888434,0.0,0.0,0.0,1.0,0.0,0.0,4.9471855e-05
24.298409,0.016034683,2.4511244,85.407104,13.018455,2.8876863,1.93558,0.13136742,29.90476,297.81705,4.2027593,198.3649,81.156006,253.05699,1.8834355,2.2294605,0.5790578,1.2879604,1.7195209,1.6011577,0.47279757,0.0,0.0,0.0,1.0,0.0,0.0,6.5505505e-05
367.91516,0.09295801,2.575224,47.28694,1.7902482,0.96867335,0.18655007,0.80392444,40.64036,303.39877,4.9793363,15.2721195,16.25726,249.34157,2.0753815,2.5491405,0.64940375,1.3677437,1.7209125,6.4294477,-0.33487204,1.0,0.0,0.0,0.0,0.0,0.0,0.0
970.6426,0.48330942,1.4214051,83.12797,7.6631913,1.2043109,1.1986945,0.2949024,188.38248,298.21826,6.2033734,405.6586,417.91397,253.43822,1.8880091,2.2303545,0.5808262,1.2867668,1.7205292,1.6023713,0.48172683,0.0,0.0,0.0,1.0,0.0,0.0,2.8252602e-05
351.7466,0.17082167,3.1180525,48.328888,1.5065199,1.0886996,0.034436386,1.148874,56.33203,285.8033,5.506802,3.2598732,3.1729012,254.61725,2.1140542,2.5095956,0.68,1.3910941,1.6665847,2.314657,0.7375973,0.0,0.0,0.0,0.0,0.0,1.0,0.0
8.745194,0.055219818,22.63646,56.55443,41.17863,7.2154083,0.09307228,7.3156238,10.795779,297.33456,6.3545623,0.26665014,0.79409146,252.90977,1.8909191,2.2336776,0.5808507,1.2940526,1.728403,1.6076784,0.4742861,0.0,0.0,0.0,1.0,0.0,0.0,3.156066e-05
5.877036,0.73241675,2.4255877,82.87071,13.857208,1.9598104,0.6085852,20.0,5.4607935,297.54358,6.7734838,0.02499293,0.22383723,252.4741,1.8873094,2.2212462,0.5782951,1.2840693,1.7169259,1.6018542,0.47554848,0.0,0.0,0.0,1.0,0.0,0.0,0.00034371018
46.557186,0.062262356,1.067953,57.209938,16.773342,2.6938283,0.8706382,0.06174665,8.072938,299.30017,7.6094317,0.5608796,10.541669,172.34015,1.5003011,1.8212701,0.41052115,1.1904337,1.199389,10.412304,-0.5487724,0.0,0.0,0.0,0.0,0.0,0.0,1.0
179.44234,0.5133438,7.895052,58.09455,17.372395,2.7507145,1.3211281,4.314622,85.74641,297.85272,5.2656155,3.1489232,12.847631,252.89705,1.886279,2.2271345,0.5796729,1.2881683,1.7223005,1.6030421,0.47559184,0.0,0.0,0.0,1.0,0.0,0.0,0.0014600158
327.3156,0.49753752,4.374902,93.48106,2.1420782,1.5046631,0.99660414,0.11197028,24.648754,297.96716,5.2305655,12.297975,18.751078,248.32056,2.0712035,2.543785,0.6464724,1.3651218,1.7150999,6.4532075,-0.33676693,1.0,0.0,0.0,0.0,0.0,0.0,0.0
457.1148,0.2287081,3.5539763,77.19776,12.80426,2.3600688,0.71782047,0.35106626,60.99991,297.78983,5.0505943,98.110176,86.51966,252.87755,1.8849182,2.229719,0.57995594,1.2880414,1.7216016,1.6068995,0.47440648,0.0,0.0,0.0,1.0,0.0,0.0,0.0004310012
4.307364,0.0026482916,11.58835,49.059647,47.058414,2.2424157,2.341604,0.91778934,14.323981,298.48114,4.7562895,3.7881322,13.329359,278.33,2.1299999,2.534737,0.5904492,1.53,2.0042999,2.6278841,0.76000005,0.0,0.0,1.0,0.0,0.0,0.0,0.0
112.90786,0.075074285,2.7964246,23.213804,3.6666422,0.8029542,0.3894409,1.028646,29.909946,288.05078,5.385231,2.2852058,4.775509,248.44893,2.0765142,2.5521824,0.64898014,1.3670411,1.7212243,6.4454875,-0.32812256,1.0,0.0,0.0,0.0,0.0,0.0,0.0
436.794,0.21296576,1.5598067,35.91874,57.639206,2.076773,3.2136495,0.00802562,7.434855,287.61963,8.045867,140.63292,221.63774,253.29196,1.886465,2.2323334,0.58011365,1.290046,1.7292496,1.6113478,0.48128685,0.0,0.0,0.0,1.0,0.0,0.0,0.0
534.58905,0.23729564,3.4569664,77.20593,21.520931,2.557919,0.9344162,0.13949543,71.29503,297.7892,5.101721,170.241,152.32571,252.87407,1.8851418,2.22969,0.5801497,1.287632,1.7217978,1.6093531,0.47313765,0.0,0.0,0.0,1.0,0.0,0.0,0.0003426075
18.482319,0.14111294,12.48167,58.121147,31.871632,1.4067857,3.3703623,0.2595984,28.277971,299.13876,4.23165,45.753704,159.28381,250.19637,2.0393333,2.234381,0.58832014,1.4803447,1.7671167,8.3581505,0.5377248,8.1181526e-05,8.940697e-07,0.0,0.0001552403,0.9964471,4.3720007e-05,0.002082616
1281.017,0.64418715,4.6415973,69.47885,10.177524,2.392167,1.0769104,0.06939623,14.860356,297.94135,5.01461,72.5925,122.72906,249.22035,2.0765393,2.5482564,0.6494062,1.3684529,1.7197908,6.433692,-0.33686915,1.0,0.0,0.0,0.0,0.0,0.0,0.0
44.310867,0.23069333,29.52477,73.88714,25.017668,6.6969385,0.06534274,7.345352,25.17707,297.78848,6.384898,1.0862267,3.5054991,253.10464,1.8886245,2.2305062,0.57971346,1.2887162,1.7253182,1.6080326,0.4797546,0.0,0.0,0.0,1.0,0.0,0.0,0.0010542274
13.575899,0.025564512,9.4591055,48.973965,47.493416,2.118826,2.5726573,0.75604945,26.24454,298.67526,5.0764837,15.357614,28.711437,278.32333,2.1299727,2.5276742,0.5898604,1.5299966,2.004208,2.6564019,0.75997794,0.0,0.0,1.0,0.0,0.0,0.0,0.0
38.504623,0.6636844,3.5648913,64.44997,7.846279,2.3060064,2.0393174,20.0,28.037771,297.2069,6.865795,0.025082247,0.24288042,252.86269,1.885436,2.2279932,0.5795188,1.2859323,1.7171782,1.6015042,0.46927777,0.0,0.0,0.0,1.0,0.0,0.0,0.004155636
0.81797385,0.0017760594,1.813996,65.220505,12.822842,3.8972056,1.0024012,0.94981045,123.26948,297.74783,6.1592174,84.17114,211.70369,253.63991,2.110546,2.4985197,0.67990816,1.3741436,1.6711009,2.1122925,0.7256408,0.0,0.0,0.0,0.0,0.0,1.0,0.0
750.19684,0.54400384,2.0848775,57.595158,21.884,1.8989719,0.8192187,1.5335141,47.27849,298.06625,5.273802,223.71526,369.47418,269.371,2.099661,2.5068915,0.61789334,1.4713228,1.8909367,4.151029,0.40392154,0.23556381,0.00031992793,0.8684216,0.007539779,9.1165304e-05,0.006465256,0.0037035346
29.520668,0.014889318,3.2463307,84.382545,15.122697,2.6809502,1.5283661,0.091475084,12.520225,297.9066,4.36865,42.933453,110.06318,253.34596,1.8887944,2.2334754,0.58061993,1.2916532,1.7238228,1.6066302,0.4780214,0.0,0.0,0.0,1.0,0.0,0.0,4.053116e-06
132.7828,0.45154098,12.580362,59.993782,13.030386,2.9351509,2.1286273,18.357075,72.85111,297.02664,4.6214046,0.52820724,2.981336,252.93607,1.8840214,2.226408,0.5792423,1.28764,1.7201692,1.6021314,0.479239,0.0,0.0,0.0,1.0,0.0,0.0,0.0013449192
27.801601,0.024080887,1.0200913,68.27383,19.587868,2.49578,0.99598265,5.266032,15.222254,297.61783,9.257636,0.03521084,0.24275249,261.71262,2.093757,2.6429608,0.64880186,1.4064977,1.8226993,2.9041145,0.16288279,0.0073821843,0.99992645,0.0,0.0,0.0,0.0,8.34465e-06
14.304611,0.08135391,21.895075,57.09355,40.518013,7.0710807,0.17702872,7.141966,2.8469918,297.27887,6.2728467,3.121342,6.6564355,252.98042,1.8903092,2.2335453,0.58101743,1.2940893,1.7279412,1.6072118,0.4781839,0.0,0.0,0.0,1.0,0.0,0.0,2.5331974e-05
1.6150905,0.1536228,21.473902,70.58625,22.798735,6.076454,0.040205266,5.9776306,12.533896,297.84726,6.0953813,0.042195465,0.375799,253.53635,1.879567,2.2487464,0.57367396,1.2916874,1.7320932,1.665949,0.46279404,3.120303e-05,2.2947788e-05,0.00051292777,0.99897945,9.506941e-06,9.188056e-05,0.002434969
127.49711,0.6544809,13.020107,73.694984,19.535791,5.182447,1.5126442,13.224904,23.860773,297.43137,6.4973717,5.5795536,20.449797,253.09666,1.8850311,2.2274606,0.57931465,1.2882853,1.721482,1.6026845,0.4789958,0.0,0.0,0.0,1.0,0.0,0.0,0.0039350092
27.164028,0.064832695,23.21937,58.402466,38.99086,6.5081534,1.401184,6.9616423,54.013317,297.49466,6.3761106,0.18210226,0.5597431,252.88066,1.8900179,2.229151,0.5803714,1.2933482,1.7276896,1.6122873,0.47453618,0.0,0.0,0.0,1.0,0.0,0.0,0.00013923645
1366.2211,0.653695,2.2616186,63.1967,14.91061,2.810331,0.18637346,0.0569212,15.271768,298.4869,4.4311953,100.37035,166.40538,249.56065,2.0800912,2.550157,0.64997834,1.368585,1.7203689,6.3740106,-0.34063357,0.9999995,0.0,0.0,0.0,0.0,0.0,2.9802322e-07
406.23798,0.1482797,2.7543628,57.152157,3.018112,1.5974135,0.66811794,1.5061076,51.008358,303.95166,4.800186,26.24914,32.116425,249.65184,2.07495,2.544444,0.649076,1.3677406,1.7182128,6.4109983,-0.3370938,1.0,0.0,0.0,0.0,0.0,0.0,0.0
132.99878,0.4003854,1.02,78.84471,17.339281,2.1256618,0.22742532,11.134522,25.641165,297.95984,6.708941,0.025689606,0.23372434,266.57462,2.1116312,2.6496685,0.6583664,1.420469,1.885647,1.866388,0.19576688,0.0,1.0,0.0,0.0,0.0,0.0,1.9520521e-05
0.5,0.3186302,1.02,78.44839,17.176254,1.5565219,0.0868206,14.014738,66.408966,297.58792,6.7828326,0.02499293,0.22190002,275.77945,2.1279182,2.65,0.6756035,1.4945095,1.9736985,1.6582403,0.5554662,0.0,1.0,0.0,0.0,0.0,0.0,0.0
523.67554,0.07419124,1.3077943,76.14672,6.1901073,2.852986,0.9809357,0.3953491,247.59721,301.96484,5.813757,363.57877,413.1574,252.77719,1.8857366,2.2279882,0.58040464,1.2842637,1.7241403,1.6172843,0.4827111,0.0,0.0,1.4901161e-07,1.0,0.0,0.0,5.570054e-05
317.80978,0.11820862,2.671343,46.832653,2.1310701,1.2792593,0.056984153,0.7994535,57.5722,292.09128,5.2440896,4.2509212,7.3880997,255.46628,2.1114285,2.508119,0.68,1.390597,1.6694721,2.2446434,0.7261209,0.0,0.0,0.0,0.0,0.0,1.0,0.0
3.2527623,0.4584392,2.7021549,69.04137,12.208157,4.367416,1.1761009,20.0,63.732845,297.02298,5.594085,2.132741,66.87662,248.9351,2.0371196,2.2276642,0.5888631,1.4772258,1.7611504,8.373083,0.5193649,0.0,0.0,0.0,0.0,0.9999621,0.0,0.00011447072
354.88788,0.06490522,2.2159643,54.65863,3.1425378,0.881629,0.46857494,0.84848136,38.222588,287.20404,4.833097,11.305158,4.164317,255.62314,2.1069407,2.5045516,0.6799981,1.3919656,1.6821026,2.245013,0.7127331,0.0,0.0,0.0,0.0,0.0,1.0,0.0
26.21437,0.01810763,6.9476748,69.16168,20.261648,4.9169993,5.1553097,0.98920584,8.349159,297.99963,5.038269,2.3915293,9.400264,278.32922,2.129995,2.5362198,0.59063804,1.5299995,2.0042863,2.6919289,0.75999737,0.0,0.0,1.0,0.0,0.0,0.0,2.1547079e-05
448.38022,0.24501376,3.0592835,49.689205,6.620187,1.5381049,0.17724058,1.2042562,62.445274,296.26196,5.0585723,54.469154,79.75715,249.59671,2.0673876,2.5327466,0.6479356,1.3740578,1.7169999,6.709574,-0.3195573,0.9985857,9.149313e-06,0.005277604,0.0020288825,2.1576881e-05,0.00030633807,0.00021225214
27.905325,0.006740516,5.571445,68.75746,23.659338,4.3364425,5.324735,0.99498814,25.332941,297.93167,5.116677,3.9448485,22.593307,278.33,2.1299999,2.5352395,0.590949,1.53,2.0042999,2.6403916,0.76000005,0.0,0.0,1.0,0.0,0.0,0.0,0.0
27.77501,0.12949787,6.5775075,60.945534,25.30314,3.3463874,2.6987472,6.59019,21.489853,297.72934,6.927051,3.4573183,14.470598,252.92711,1.8871312,2.226915,0.5795766,1.2885139,1.7227998,1.6037292,0.48108324,0.0,0.0,0.0,1.0,0.0,0.0,0.0014735758
418.06277,0.013643475,2.5438719,83.44813,11.309856,1.8171178,4.219181,1.0754044,11.906874,298.4456,5.1247916,1.2885844,15.419359,278.33,2.1299999,2.5368323,0.59081256,1.53,2.0042999,2.6987555,0.76000005,0.0,0.0,1.0,0.0,0.0,0.0,0.0
42.358368,0.09456345,3.2853782,14.8806715,4.612933,0.6309259,0.27111977,0.86436856,15.638004,307.87714,6.3003726,2.0354922,16.452808,255.12651,2.101431,2.4847815,0.67149335,1.4020524,1.6896336,2.2720342,0.7007404,5.811453e-06,5.3077936e-05,0.0,1.8626451e-05,0.0,0.9999919,4.297495e-05
516.31885,0.22855435,4.1106577,77.02705,13.686199,2.4087934,1.1802651,0.14246434,55.631847,297.6165,4.8698616,47.268723,52.358593,253.04887,1.8879381,2.2307365,0.58068776,1.2893292,1.725331,1.6037232,0.47390482,0.0,0.0,0.0,1.0,0.0,0.0,0.00013458729
61.128162,0.05647218,3.5604994,14.282041,25.613407,1.3022891,2.0371163,0.31296432,57.560352,304.01056,5.0944004,9.479795,31.500206,253.29178,1.8838392,2.230053,0.5795619,1.2878689,1.7237674,1.6076736,0.47574618,0.0,0.0,0.0,1.0,0.0,0.0,7.620454e-05
1734.5881,1.0851469,2.0300357,86.63781,9.031883,0.7337614,0.78932995,0.05098159,188.20747,297.7163,5.8469734,534.1965,509.2668,253.1251,1.884799,2.230338,0.58009917,1.2866825,1.7180579,1.6032687,0.47705406,0.0,0.0,0.0,1.0,0.0,0.0,2.5898218e-05
28.14657,0.0063078557,1.5194805,58.101288,39.607243,0.6439207,3.310663,0.07805034,6.809132,300.15286,5.1226473,12.3438835,48.194855,278.3135,2.1299481,2.5524452,0.6020348,1.5299845,2.0040867,2.1896389,0.7599438,0.0,0.0,1.0,0.0,0.0,0.0,2.9802322e-07
357.3591,0.13943686,2.2005203,47.50178,1.6523464,1.4540285,0.22871386,0.86166,41.898304,305.29587,4.6997385,19.390598,16.762873,249.56915,2.075866,2.5474596,0.6497265,1.3683711,1.7194262,6.4415665,-0.3413833,1.0,0.0,0.0,0.0,0.0,0.0,0.0
1312.2883,0.7283081,1.9308872,60.669678,20.419617,1.4364406,0.20857301,0.024662368,173.80113,297.7002,4.710124,361.11035,351.91187,251.49254,2.0236561,2.4419124,0.629787,1.3467078,1.7263964,5.2791758,-0.033187788,0.9069097,1.6391277e-06,0.0023824573,0.198288,0.0002501309,0.0010072589,2.0474195e-05
3.0358744,0.041003462,20.431547,57.756786,39.937904,7.0960836,0.08805859,7.1713915,15.59687,297.26605,6.3997693,0.040909294,0.30170962,252.98158,1.8910217,2.2332542,0.58108133,1.2946345,1.7296442,1.6071889,0.4775135,0.0,0.0,0.0,1.0,0.0,0.0,1.052022e-05
401.12836,0.15086693,1.7543591,52.77976,3.1284177,1.5559826,0.6102108,1.3641545,30.994102,303.71872,4.458079,12.418803,24.557335,250.25255,2.078964,2.5504076,0.650794,1.3699758,1.7211162,6.3741407,-0.3401324,1.0,0.0,0.0,0.0,0.0,0.0,1.3411045e-06
108.500786,0.44503734,1.2982113,74.21838,23.194445,2.976441,0.4332338,9.588222,33.250523,297.78738,5.904986,0.028958622,0.34516907,261.12314,2.0649838,2.6013944,0.63956743,1.392561,1.817297,1.9721484,0.22809762,0.00011458993,0.9989446,1.6450882e-05,0.001961112,7.927418e-06,0.00069731474,0.002170384
187.60167,0.1841389,5.1307335,65.675766,26.538624,2.8796895,2.6982336,1.3408262,11.945874,298.30954,4.394986,34.74294,89.95835,253.52328,1.996879,2.4306204,0.59265167,1.373958,1.7090087,3.3449743,0.40409648,0.047567487,0.002973169,0.5622198,0.15233243,0.020137519,0.56642646,0.042141587
4.85816,0.5561259,1.02,78.47,17.466503,2.2546287,0.31921965,10.435309,27.176794,298.1826,6.573546,0.02510011,0.23666671,266.48834,2.1093283,2.649606,0.65678006,1.4227879,1.8817385,1.9957236,0.20200267,0.0,1.0,0.0,0.0,0.0,0.0,0.00030758977
880.7376,0.53009254,1.7657536,79.39442,6.933151,1.4580381,0.60125095,0.052241128,24.70152,298.23212,4.9675484,132.19193,188.35182,249.2513,2.0768266,2.5495465,0.64959913,1.3682598,1.7213483,6.4264336,-0.3333749,1.0,0.0,0.0,0.0,0.0,0.0,0.0
1.4706676,0.0017364124,5.795827,44.395466,33.722706,3.098931,1.6870074,0.9287498,4.573928,298.21924,7.835213,0.14131993,0.6654128,278.33,2.1299999,2.5390759,0.5909009,1.53,2.0042999,2.6217804,0.76000005,0.0,0.0,1.0,0.0,0.0,0.0,0.0
1002.21466,0.5702202,2.8599129,54.71415,11.889016,1.9925913,0.23386477,0.1230261,35.457478,297.9308,4.847541,118.0626,135.19402,250.6248,2.0750682,2.5448582,0.6503014,1.3742967,1.7274426,6.5698247,-0.3439329,0.9998372,0.0,0.00015586615,0.00013747811,2.2351742e-06,6.592274e-05,6.556511e-06
0.50801784,0.0013051842,4.1688104,42.011333,47.651005,5.031397,2.8694284,0.80550927,11.547741,298.25595,5.0231876,0.030173339,0.3359947,278.33,2.1299999,2.5348768,0.5883163,1.53,2.0042999,2.7139585,0.76000005,0.0,0.0,1.0,0.0,0.0,0.0,0.0
498.99426,0.06763662,3.550201,81.536354,12.268094,1.9934684,3.7570975,1.1993629,32.333717,298.0967,4.893819,31.86156,52.485115,278.32996,2.1299999,2.5394752,0.5915008,1.53,2.0042994,2.6528287,0.76000005,0.0,0.0,1.0,0.0,0.0,0.0,0.0
26.46952,0.02492231,6.548644,67.2013,25.384514,5.1787443,5.036709,1.0700594,49.562622,298.09537,5.0999303,16.595945,19.45774,278.26718,2.1296418,2.5282235,0.58921933,1.5298982,2.0033684,2.6979065,0.75949734,0.0,0.0,1.0,0.0,0.0,1.7285347e-06,1.1950731e-05
399.49536,0.13836314,4.4809465,55.17386,1.893417,1.4533453,0.19564182,1.2017955,66.58737,298.40555,5.140061,13.799668,12.975049,254.90445,2.1093426,2.5067263,0.68,1.3964597,1.6720823,2.2015057,0.72455776,0.0,0.0,0.0,0.0,0.0,1.0,0.0
1155.0906,0.65700316,1.7316537,55.686184,8.428379,3.5927544,0.6557762,0.5237785,9.234631,298.1454,4.8432603,54.76558,92.8335,250.04768,2.0797172,2.551451,0.65030354,1.3699965,1.7207891,6.364609,-0.34467623,1.0,0.0,0.0,0.0,0.0,0.0,3.2782555e-07
7.4889293,0.032902256,13.788231,45.096725,46.398582,1.0423791,1.5876784,0.7453577,7.145618,297.20404,4.67959,2.3462098,2.5772805,253.11415,1.892676,2.2341647,0.58140886,1.295797,1.7282563,1.6061208,0.47458464,0.0,0.0,0.0,1.0,0.0,0.0,2.3841858e-07
27.614855,0.16689968,26.333632,70.11767,28.726665,6.680807,0.090875156,7.3911057,20.592688,297.93878,6.4102926,1.5738462,3.8143754,253.1991,1.8894424,2.2336178,0.58019626,1.2910122,1.7242198,1.607367,0.47620913,0.0,0.0,0.0,1.0,0.0,0.0,0.0008826554
150.50804,0.079657726,7.16188,37.489513,2.7994237,1.2379155,0.15186508,1.3029215,56.96858,297.287,4.963214,1.9184686,1.8150225,249.04489,2.0735216,2.545646,0.64626116,1.3655219,1.7186779,6.3971934,-0.32208297,1.0,0.0,0.0,0.0,0.0,0.0,0.0
345.13736,0.13729075,2.9640698,50.819103,1.753604,1.5138352,0.08919315,1.1782111,66.21657,304.53546,5.5109267,6.8504868,7.110603,255.12572,2.1127143,2.507908,0.68,1.3954282,1.6728137,2.2392287,0.7280674,0.0,0.0,0.0,0.0,0.0,1.0,0.0
24.824642,0.36443827,1.02,79.09537,11.968348,1.7819698,0.1943662,19.942984,15.966468,297.04282,6.370501,0.0251537,0.26294705,263.09058,2.0948312,2.6464257,0.64959526,1.4146577,1.8396473,2.499114,0.16731085,2.3841858e-07,0.99999976,0.0,5.9604645e-07,2.861023e-06,1.1920929e-06,0.0058273077
243.50772,0.11732148,5.7598777,40.615322,55.87139,2.2618165,3.2302148,0.19423589,21.93458,297.04596,4.6351767,75.33843,100.944954,253.04854,1.8910635,2.2348902,0.582253,1.2935647,1.7308125,1.6079674,0.4806466,1.7881393e-07,0.0,0.0,1.0,0.0,0.0,7.3611736e-06
186.20413,0.5895005,15.3117,61.474876,23.92925,2.7240298,3.397517,11.973644,79.159,297.32565,4.8060594,28.201029,121.834465,248.0892,2.0395575,2.22793,0.5887265,1.4786348,1.762837,8.425846,0.528361,0.0,0.0,0.0,0.0,0.9998995,0.0,0.00029987097
1256.3762,0.70558167,2.1512809,56.78808,21.28331,2.788638,0.7571339,0.056098986,2.2628915,297.42535,8.164293,30.429302,92.341194,249.09848,2.0764852,2.5445364,0.6483362,1.3679295,1.7191546,6.396467,-0.32273522,1.0,0.0,0.0,0.0,0.0,0.0,0.0
1280.3601,0.644063,4.068817,69.15095,10.472232,2.447671,1.0300086,0.10143342,13.310436,297.90158,5.0363903,91.01059,158.81288,249.81621,2.0787547,2.5485165,0.6495557,1.3690821,1.7205492,6.436829,-0.33566383,1.0,0.0,0.0,0.0,0.0,0.0,1.4901161e-07
485.52246,0.07684551,1.2120329,73.57534,7.023431,2.853616,0.9232739,0.2610647,228.66623,304.7356,5.9573565,368.23947,424.3396,253.1554,1.8843209,2.229851,0.5815088,1.2873503,1.7206639,1.6047803,0.481652,0.0,0.0,0.0,1.0,0.0,0.0,3.6925077e-05
462.59506,0.08135801,3.1220791,79.977455,12.110784,2.0305192,4.10055,1.0214736,24.883818,297.88245,5.0468035,28.78588,23.115826,277.60864,2.1257098,2.5220482,0.591348,1.5277306,1.99316,2.5067303,0.7528819,3.606081e-06,0.0,1.0,8.046627e-07,9.23872e-07,0.0007789135,0.0009898841
40.64813,0.4002684,3.2955472,65.26603,12.92062,3.1906927,1.8086752,19.999966,27.867228,297.48428,7.0843515,9.352946,123.01606,249.06104,2.0391483,2.2237513,0.58997387,1.4801408,1.7634771,8.373738,0.5371318,1.5199184e-06,0.0,0.0,2.0861626e-06,0.9999319,0.0,0.00012430549
1691.2736,1.1193839,2.1402214,85.44676,9.857669,0.7850825,0.9006286,0.06600191,160.14383,297.76028,5.7466745,514.55725,508.49173,253.1645,1.8857869,2.2301161,0.58011675,1.2863692,1.718825,1.6045332,0.47847345,0.0,0.0,0.0,1.0,0.0,0.0,4.798174e-05
2919.8015,1.3865695,1.0307095,87.50483,5.0432577,0.7337963,1.9565257,0.046859194,70.99221,296.0802,4.7777314,44.260227,93.63487,172.20001,1.5,1.82,0.41000003,1.19,1.1969,10.43,-0.55,0.0,0.0,0.0,0.0,0.0,0.0,1.0
1351.377,0.605385,1.763767,50.63776,6.967233,3.4625173,0.5790752,0.13110586,16.404102,297.877,5.689152,61.54656,88.660416,248.89767,2.0732374,2.5443857,0.64832467,1.367371,1.71772,6.4519105,-0.33601752,1.0,0.0,0.0,0.0,0.0,0.0,0.0
